Study ID	Patient ID	Sample ID	Cancer Type	Cancer Type Detailed	Ethnicity Category	Gene Panel	Histology	Molecular Subtype	Mutation Count	Oncotree Code	Race Category	Number of Samples Per Patient	Sample Type	Somatic Status	TMB (nonsynonymous)	Histologic Subtype	LVSI	Stage	Grade	MMR-D Mechanism	MSI Status	Age	BMI	CIBERSORT Absolute Score	CIBERSORT B Cells Memory	CIBERSORT B Cells Naive	CIBERSORT Dendritic Cells Activated	CIBERSORT Dendritic Cells Resting	CIBERSORT Eosinophils	CIBERSORT Macrophages M0	CIBERSORT Macrophages M1	CIBERSORT Macrophages M2	CIBERSORT Mast Cells Activated	CIBERSORT Mast Cells Resting	CIBERSORT Monocytes	CIBERSORT Neutrophils	CIBERSORT NK Cells Activated	CIBERSORT NK Cells Resting	CIBERSORT Plasma Cells	CIBERSORT T Cells CD4 Memory Activated	CIBERSORT T Cells CD4 Memory Resting	CIBERSORT T Cells CD4 Naive	CIBERSORT T Cells CD8	CIBERSORT T Cells Follicular Helper	CIBERSORT T Cells Gamma Delta	CIBERSORT T Cells Regulatory (Tregs)	Clin Stage Dist Mets-Cm	CNV 1q AMP	CNV 1q DEL	CNV 3q AMP	CNV 3q DEL	CNV 4q AMP	CNV 4q DEL	CNV AMP	CNV class	CNV DEL	CNV idx	Country	Diabetes	EPIC Bcells	EPIC CAFS	EPIC CD4 Tcells	EPIC CD8 Tcells	EPIC Endothelial	EPIC Macrophages	EPIC NKcells	EPIC Other Cells	ER ESR1	ESTIMATE ESTIMATE Score	ESTIMATE Immune Score	ESTIMATE Stromal Score	Estrogen Receptor	Estrogen Receptor %	FIGO Stage	Genomics Subtype	Histologic FIGO Grade	Histologic Type	HRD BRCA1	HRD BRCA1 or BRCA2	HRD BRCA2	JAK1 MS INDEL	JAK1 Mutation	LOG2 INDEL PER MBP	Log2 INDEL Total	LOG2 SNP PER MBP	Log2 SNP Total	LOG2 VARIANT PER MBP	Log2 Variant Total	Methylation Available	Methylation Quality	miRNAseq Sample Type	MLH1	MLH1 Promoter Hypermethylation	MLH2	MSH6	Mutation Signature C>A	Mutation Signature C>G	Mutation Signature C>T	Mutation Signature T>A	Mutation Signature T>C	Mutation Signature T>G	Myometrial Invasion Specify	Num Full Term Pregnancies	Other IHC Specify	p53	Path Stage Dist Mets-Pm	Path Stage Primary Tumor-Pt	Path Stage Reg Lymph Nodes-Pn	Pathway Activity EGFR	Pathway Activity Hypoxia	Pathway Activity JAK.STAT	Pathway Activity MAPK	Pathway Activity NFkB	Pathway Activity p53	Pathway Activity PI3K	Pathway Activity TGFb	Pathway Activity TNFa	Pathway Activity Trail	Pathway Activity VEGF	PI3K AKT1	PI3K AKT2	PI3K AKT3	PI3K DEPDC5	PI3K DEPTOR	PI3K INPP4B	PI3K MAPKAP1	PI3K MLST8	PI3K MTOR	PI3K NPRL2	PI3K NPRL3	PI3K Pathway	PI3K PDK1	PI3K PIK3CA	PI3K PIK3CB	PI3K PIK3R1	PI3K PIK3R2	PI3K PPP2R1A	PI3K PTEN	PI3K RHEB	PI3K RICTOR	PI3K RPS6	PI3K RPS6KB1	PI3K RPTOR	PI3K STK11	PI3K TSC1	PI3K TSC2	PMS2	POLE Subtype	PR PGR	Progesterone Receptor	Progesterone Receptor %	Proteomics Oct	Proteomics Tmt Batch	Proteomics Tmt Channel	Proteomics Tmt Plex	Proteomics Tumor Normal	Purity Cancer	Purity Immune	Purity Stroma	RNASEQ R1 SAMPLE TYPE	RNASEQ R2 SAMPLE TYPE	Sex	Stemness Score	TP53 ATM	TP53 CHEK2	TP53 MDM4	TP53 Pathway	TP53 RPS6KA3	TP53 TP53	Treatment Naive	Tumor Focality	Tumor Purity	Tumor Site	Tumor Site Other	Tumor Size cm	Tumor Stage-Pathological	WGS Normal Sample Type	WGS Tumor Sample Type	WXS Normal Sample Type	WXS Tumor Sample Type	Fraction Genome Altered	Grade	IHC Detail	MMR-D by IHC	First-Line Therapy PFS	POLE ultra-mutated	Progression Status	SCNA Cluster	Metastatic Site	MSI Score	MSI Type	Overall Survival (Months)	Overall Survival Status	Patient Display Name (Manuscript Id's)	Primary Tumor Site	Sample Class	Sample Display Name (Manuscript Id's)	Molecular subtype	Specimen Preservation Type	Neoplasm Disease Stage American Joint Committee on Cancer Code	American Joint Committee on Cancer Publication Version Type	Neoplasm American Joint Committee on Cancer Clinical Distant Metastasis M Stage	Neoplasm American Joint Committee on Cancer Clinical Regional Lymph Node N Stage	Neoplasm American Joint Committee on Cancer Clinical Primary Tumor T Stage	Neoplasm American Joint Committee on Cancer Clinical Group Stage	Days to Sample Collection.	Last Alive Less Initial Pathologic Diagnosis Date Calculated Day Value	Days to Sample Procurement	Disease Free (Months)	Disease Free Status	Participant Personal Medical History Diabetes Mellitus Ind-3	Disease code	Lymphomatous Extranodal Site Involvement Indicator	Form completion date	Patient Height	Neoplasm Histologic Type Name	History colorectal cancer	History hormonal contraceptives use	History menopausal hormone therapy	Neoadjuvant Therapy Type Administered Prior To Resection Text	Prior Cancer Diagnosis Occurence	History tamoxifen use	Hypertension diagnosis	ICD-10 Classification	International Classification of Diseases for Oncology, Third Edition ICD-O-3 Histology Code	International Classification of Diseases for Oncology, Third Edition ICD-O-3 Site Code	Informed consent verified	Year Cancer Initial Diagnosis	Is FFPE	Longest Dimension	Lymph nodes aortic examined count	Lymph nodes aortic pos by he	Lymph nodes aortic pos by ihc	Lymph nodes aortic pos total	Lymph nodes pelvic examined count	Lymph nodes pelvic pos by he	Lymph nodes pelvic pos by ihc	Lymph nodes pelvic pos total	Menopause Status	First Pathologic Diagnosis Biospecimen Acquisition Method Type	First Pathologic Diagnosis Biospecimen Acquisition Other Method Type	First Pathologic Diagnosis Biospecimen Acquisition Method Type	New Neoplasm Event Post Initial Therapy Indicator	Oct embedded	Specimen Collection Method	Other Patient ID	Other Sample ID	American Joint Committee on Cancer Metastasis Stage Code	Neoplasm Disease Lymph Node Stage American Joint Committee on Cancer Code	American Joint Committee on Cancer Tumor Stage Code	Pathology Report File Name	Pathology report uuid	Peritoneal washing	Adjuvant Postoperative Pharmaceutical Therapy Administered Indicator	Pregnancies full term count	Primary Other Site of Disease Name	Project code	Tissue Prospective Collection Indicator	Did patient start adjuvant postoperative radiotherapy?	Surgical Margin Resection Status	Tissue Retrospective Collection Indicator	Sample Initial Weight	Sample type id	Shortest Dimension	Tumor Tissue Site	Specimen Current Weight	Specimen Freezing Means	Specimen Second Longest Dimension	Stage Other	Surgical approach at diagnosis	Time between clamping and freezing	Time between excision and freezing	Tissue Source Site	Primary Therapy Outcome Success Type	Tumor invasion percent	Person Neoplasm Status	Vial number	Patient Weight	Biopsy Site	Last Communication Contact from Initial Pathologic Diagnosis Date	Birth from Initial Pathologic Diagnosis Date	Death from Initial Pathologic Diagnosis Date	Disease Type	FIGO Stage	Morphology	Primary Diagnosis	Patient Primary Tumor Site	Prior Malignancy	Prior Treatment	Project Identifier	Project Name	Project State	Patient's Vital Status	Year of Diagnosis	Aneuploidy Score	Buffa Hypoxia Score	TCGA PanCanAtlas Cancer Type Acronym	Months of disease-specific survival	Disease-specific Survival status	Genetic Ancestry Label	In PanCan Pathway Analysis	MSI MANTIS Score	MSIsensor Score	Person Neoplasm Cancer Status	Progress Free Survival (Months)	Progression Free Status	Primary Lymph Node Presentation Assessment	Prior Diagnosis	Radiation Therapy	Ragnum Hypoxia Score	Subtype	Tumor Break Load	Tissue Prospective Collection Indicator	Tissue Retrospective Collection Indicator	Tissue Source Site Code	Tumor Disease Anatomic Site	Tumor Type	Winter Hypoxia Score	CNA Cluster K4	CNA Data	Data Core Sample	Tumor Other Histologic Subtype	MAF Data	Methylation Cluster	MicroRNA Cluster	MicroRNA Score	MLH1 Silencing	MRNA Expression Cluster	MSI Status 5 Marker Call	MSI Status 7 Marker Call	Mutation Rate Cluster	RNA-SEQ Data	Tumor Stage 2009
ucec_tcga_pan_can_atlas_2018	TCGA-2E-A9G8	TCGA-2E-A9G8-01	Endometrial Cancer	Uterine Endometrioid Carcinoma	Not Hispanic Or Latino	NA	NA	NA	65	UEC	Black or African American	1	Primary	Matched	2.166666667	NA	NA	NA	NA	NA	NA	59	NA	NA	NA	NA	NA	NA	NA	NA	NA	NA	NA	NA	NA	NA	NA	NA	NA	NA	NA	NA	NA	NA	NA	NA	NA	NA	NA	NA	NA	NA	NA	NA	NA	NA	NA	NA	NA	NA	NA	NA	NA	NA	NA	NA	NA	NA	NA	NA	NA	NA	NA	NA	NA	NA	NA	NA	NA	NA	NA	NA	NA	NA	NA	NA	NA	NA	NA	NA	NA	NA	NA	NA	NA	NA	NA	NA	NA	NA	NA	NA	NA	NA	NA	NA	NA	NA	NA	NA	NA	NA	NA	NA	NA	NA	NA	NA	NA	NA	NA	NA	NA	NA	NA	NA	NA	NA	NA	NA	NA	NA	NA	NA	NA	NA	NA	NA	NA	NA	NA	NA	NA	NA	NA	NA	NA	NA	NA	NA	NA	NA	NA	NA	NA	NA	NA	NA	NA	NA	NA	Female	NA	NA	NA	NA	NA	NA	NA	NA	NA	NA	NA	NA	NA	NA	NA	NA	NA	NA	0.3311	G2	NA	NA	NA	NA	NA	NA	NA	NA	NA	41.0625637	0:LIVING	NA	NA	NA	NA	NA	NA	NA	2009	NA	NA	NA	NA	NA	0	NA	NA	NA	NA	NA	NA	5/21/14	NA	NA	NA	NA	NA	No	NA	NA	NA	C54.3	8380/3	C54.3	Yes	NA	NA	NA	NA	NA	NA	NA	NA	NA	NA	NA	NA	NA	NA	NA	Yes	NA	NA	9583C10B-B21A-4863-98FA-61E735E64EA5	NA	NA	NA	NA	NA	NA	NA	NA	NA	NA	NA	NA	NA	NA	NA	NA	NA	NA	NA	NA	NA	NA	NA	NA	NA	NA	University of Kansas Medical Center	NA	NA	NA	NA	71	NA	1249	NA	NA	NA	NA	NA	NA	NA	NA	NA	NA	NA	NA	NA	NA	9	37	UCEC	41.0625637	0:ALIVE OR DEAD TUMOR FREE	AFR	Yes	0.3234	0.85	Tumor Free	11.01357793	1:PROGRESSION	NA	Yes	Yes	12	UCEC_CN_HIGH	236	No	Yes	2E	Uterus	Endometrioid Endometrial Adenocarcinoma	22	NA	NA	NA	NA	NA	NA	NA	NA	NA	NA	NA	NA	NA	NA	NA
ucec_tcga_pan_can_atlas_2018	TCGA-4E-A92E	TCGA-4E-A92E-01	Endometrial Cancer	Uterine Endometrioid Carcinoma	Not Hispanic Or Latino	NA	NA	NA	147	UEC	Black or African American	1	Primary	Matched	4.9	NA	NA	NA	NA	NA	NA	54	NA	NA	NA	NA	NA	NA	NA	NA	NA	NA	NA	NA	NA	NA	NA	NA	NA	NA	NA	NA	NA	NA	NA	NA	NA	NA	NA	NA	NA	NA	NA	NA	NA	NA	NA	NA	NA	NA	NA	NA	NA	NA	NA	NA	NA	NA	NA	NA	NA	NA	NA	NA	NA	NA	NA	NA	NA	NA	NA	NA	NA	NA	NA	NA	NA	NA	NA	NA	NA	NA	NA	NA	NA	NA	NA	NA	NA	NA	NA	NA	NA	NA	NA	NA	NA	NA	NA	NA	NA	NA	NA	NA	NA	NA	NA	NA	NA	NA	NA	NA	NA	NA	NA	NA	NA	NA	NA	NA	NA	NA	NA	NA	NA	NA	NA	NA	NA	NA	NA	NA	NA	NA	NA	NA	NA	NA	NA	NA	NA	NA	NA	NA	NA	NA	NA	NA	NA	NA	NA	Female	NA	NA	NA	NA	NA	NA	NA	NA	NA	NA	NA	NA	NA	NA	NA	NA	NA	NA	0.0341	G1	NA	NA	NA	NA	NA	NA	NA	NA	NA	0.427392577	0:LIVING	NA	NA	NA	NA	NA	NA	NA	2009	NA	NA	NA	NA	NA	0	NA	0.427392577	0:DiseaseFree	NA	NA	NA	8/20/14	NA	NA	NA	NA	NA	No	NA	NA	NA	C54.1	8380/3	C54.1	Yes	NA	NA	NA	NA	NA	NA	NA	NA	NA	NA	NA	NA	NA	NA	NA	No	NA	NA	B43DE98D-4BB1-41A1-91F2-CE4E7EA4D0CA	NA	NA	NA	NA	NA	NA	NA	NA	NA	NA	NA	NA	NA	NA	NA	NA	NA	NA	NA	NA	NA	NA	NA	NA	NA	NA	Molecular Response	NA	NA	NA	NA	76	NA	13	-19818	NA	NA	NA	NA	NA	NA	NA	NA	NA	NA	NA	NA	NA	1	-9	UCEC	0.427392577	0:ALIVE OR DEAD TUMOR FREE	AFR_ADMIX	Yes	0.3396	0.01	Tumor Free	0.427392577	0:CENSORED	NA	No	No	4	UCEC_CN_LOW	0	Yes	No	4E	Uterus	Endometrioid Endometrial Adenocarcinoma	-10	NA	NA	NA	NA	NA	NA	NA	NA	NA	NA	NA	NA	NA	NA	NA
ucec_tcga_pan_can_atlas_2018	TCGA-5B-A90C	TCGA-5B-A90C-01	Endometrial Cancer	Uterine Endometrioid Carcinoma	Not Hispanic Or Latino	NA	NA	NA	45	UEC	Black or African American	1	Primary	Matched	1.566666667	NA	NA	NA	NA	NA	NA	69	NA	NA	NA	NA	NA	NA	NA	NA	NA	NA	NA	NA	NA	NA	NA	NA	NA	NA	NA	NA	NA	NA	NA	NA	NA	NA	NA	NA	NA	NA	NA	NA	NA	NA	NA	NA	NA	NA	NA	NA	NA	NA	NA	NA	NA	NA	NA	NA	NA	NA	NA	NA	NA	NA	NA	NA	NA	NA	NA	NA	NA	NA	NA	NA	NA	NA	NA	NA	NA	NA	NA	NA	NA	NA	NA	NA	NA	NA	NA	NA	NA	NA	NA	NA	NA	NA	NA	NA	NA	NA	NA	NA	NA	NA	NA	NA	NA	NA	NA	NA	NA	NA	NA	NA	NA	NA	NA	NA	NA	NA	NA	NA	NA	NA	NA	NA	NA	NA	NA	NA	NA	NA	NA	NA	NA	NA	NA	NA	NA	NA	NA	NA	NA	NA	NA	NA	NA	NA	NA	Female	NA	NA	NA	NA	NA	NA	NA	NA	NA	NA	NA	NA	NA	NA	NA	NA	NA	NA	0.6903	G2	NA	NA	NA	NA	NA	NA	NA	NA	NA	39.51737515	0:LIVING	NA	NA	NA	NA	NA	NA	NA	2009	NA	NA	NA	NA	NA	0	NA	NA	NA	NA	NA	NA	4/17/14	NA	NA	NA	NA	NA	No	NA	NA	NA	C54.1	8380/3	C54.1	Yes	NA	NA	NA	NA	NA	NA	NA	NA	NA	NA	NA	NA	NA	NA	NA	Yes	NA	NA	16AC4341-CF8F-45E2-B90B-2D12D5F74A59	NA	NA	NA	NA	NA	NA	NA	NA	NA	NA	NA	NA	NA	NA	NA	NA	NA	NA	NA	NA	NA	NA	NA	NA	NA	NA	Medical College of Wisconsin	NA	NA	NA	NA	98	NA	1202	-25518	NA	NA	NA	NA	NA	NA	NA	NA	NA	NA	NA	NA	NA	20	19	UCEC	39.51737515	0:ALIVE OR DEAD TUMOR FREE	AFR	Yes	0.3344	0.55	Tumor Free	16.99707401	1:PROGRESSION	NA	No	Yes	14	UCEC_CN_HIGH	469	No	Yes	5B	Uterus	Endometrioid Endometrial Adenocarcinoma	20	NA	NA	NA	NA	NA	NA	NA	NA	NA	NA	NA	NA	NA	NA	NA
ucec_tcga_pan_can_atlas_2018	TCGA-5S-A9Q8	TCGA-5S-A9Q8-01	Endometrial Cancer	Uterine Endometrioid Carcinoma	Not Hispanic Or Latino	NA	NA	NA	50	UEC	Black or African American	1	Primary	Matched	1.7	NA	NA	NA	NA	NA	NA	51	NA	NA	NA	NA	NA	NA	NA	NA	NA	NA	NA	NA	NA	NA	NA	NA	NA	NA	NA	NA	NA	NA	NA	NA	NA	NA	NA	NA	NA	NA	NA	NA	NA	NA	NA	NA	NA	NA	NA	NA	NA	NA	NA	NA	NA	NA	NA	NA	NA	NA	NA	NA	NA	NA	NA	NA	NA	NA	NA	NA	NA	NA	NA	NA	NA	NA	NA	NA	NA	NA	NA	NA	NA	NA	NA	NA	NA	NA	NA	NA	NA	NA	NA	NA	NA	NA	NA	NA	NA	NA	NA	NA	NA	NA	NA	NA	NA	NA	NA	NA	NA	NA	NA	NA	NA	NA	NA	NA	NA	NA	NA	NA	NA	NA	NA	NA	NA	NA	NA	NA	NA	NA	NA	NA	NA	NA	NA	NA	NA	NA	NA	NA	NA	NA	NA	NA	NA	NA	NA	Female	NA	NA	NA	NA	NA	NA	NA	NA	NA	NA	NA	NA	NA	NA	NA	NA	NA	NA	0.0581	G2	NA	NA	NA	NA	NA	NA	NA	NA	NA	10.29029819	0:LIVING	NA	NA	NA	NA	NA	NA	NA	2009	NA	NA	NA	NA	NA	0	NA	10.29029819	0:DiseaseFree	NA	NA	NA	12/23/13	NA	NA	NA	NA	NA	No	NA	NA	NA	C54.1	8380/3	C54.1	Yes	NA	NA	NA	NA	NA	NA	NA	NA	NA	NA	NA	NA	NA	NA	NA	No	NA	NA	8751429B-4A11-451E-B978-DC9E9DB0EB36	NA	NA	NA	NA	NA	NA	NA	NA	NA	NA	NA	NA	NA	NA	NA	NA	NA	NA	NA	NA	NA	NA	NA	NA	NA	NA	Holy Cross	NA	NA	NA	NA	86	NA	313	-18785	NA	NA	NA	NA	NA	NA	NA	NA	NA	NA	NA	NA	NA	1	-17	UCEC	10.29029819	0:ALIVE OR DEAD TUMOR FREE	AFR_ADMIX	Yes	0.3199	0.09	NA	10.29029819	0:CENSORED	NA	No	Yes	0	UCEC_CN_LOW	1	Yes	No	5S	Uterus	Endometrioid Endometrial Adenocarcinoma	-10	NA	NA	NA	NA	NA	NA	NA	NA	NA	NA	NA	NA	NA	NA	NA
ucec_tcga_pan_can_atlas_2018	TCGA-A5-A0G5	TCGA-A5-A0G5-01	Endometrial Cancer	Uterine Serous Carcinoma/Uterine Papillary Serous Carcinoma	NA	NA	NA	NA	123	USC	Black or African American	1	Primary	Matched	4.133333333	NA	NA	NA	NA	NA	NA	73	NA	NA	NA	NA	NA	NA	NA	NA	NA	NA	NA	NA	NA	NA	NA	NA	NA	NA	NA	NA	NA	NA	NA	NA	NA	NA	NA	NA	NA	NA	NA	NA	NA	NA	NA	NA	NA	NA	NA	NA	NA	NA	NA	NA	NA	NA	NA	NA	NA	NA	NA	NA	NA	NA	NA	NA	NA	NA	NA	NA	NA	NA	NA	NA	NA	NA	NA	NA	NA	NA	NA	NA	NA	NA	NA	NA	NA	NA	NA	NA	NA	NA	NA	NA	NA	NA	NA	NA	NA	NA	NA	NA	NA	NA	NA	NA	NA	NA	NA	NA	NA	NA	NA	NA	NA	NA	NA	NA	NA	NA	NA	NA	NA	NA	NA	NA	NA	NA	NA	NA	NA	NA	NA	NA	NA	NA	NA	NA	NA	NA	NA	NA	NA	NA	NA	NA	NA	NA	NA	Female	NA	NA	NA	NA	NA	NA	NA	NA	NA	NA	NA	NA	NA	NA	NA	NA	NA	NA	0.2308	G3	NA	NA	NA	NA	NA	NA	NA	NA	NA	37.0187724	0:LIVING	NA	NA	NA	NA	NA	NA	NA	NA	NA	NA	NA	NA	NA	0	NA	37.0187724	0:DiseaseFree	NA	NA	NA	9/13/10	NA	NA	NA	NA	NA	No	NA	NA	NA	C54.1	8310/3	C54.1	Yes	NA	NA	NA	NA	NA	NA	NA	NA	NA	NA	NA	NA	NA	NA	NA	No	NA	NA	4806d9a6-e65d-4a82-b422-1b287980a0c6	NA	NA	NA	NA	NA	NA	NA	NA	NA	NA	NA	NA	NA	NA	NA	NA	NA	NA	NA	NA	NA	NA	NA	NA	NA	NA	Cedars Sinai	NA	NA	NA	NA	48	NA	1126	-26827	NA	NA	NA	NA	NA	NA	NA	NA	NA	NA	NA	NA	NA	14	NA	UCEC	37.0187724	0:ALIVE OR DEAD TUMOR FREE	AFR	Yes	0.2625	0.66	Tumor Free	37.0187724	0:CENSORED	NA	No	Yes	NA	UCEC_CN_HIGH	770	No	Yes	A5	Uterus	Serous Endometrial Adenocarcinoma	NA	NA	NA	NA	NA	NA	NA	NA	NA	NA	NA	NA	NA	NA	NA	NA
ucec_tcga_pan_can_atlas_2018	TCGA-A5-A0G9	TCGA-A5-A0G9-01	Endometrial Cancer	Uterine Endometrioid Carcinoma	NA	NA	NA	NA	439	UEC	White	1	Primary	Matched	14.76666667	NA	NA	NA	NA	NA	NA	79	NA	NA	NA	NA	NA	NA	NA	NA	NA	NA	NA	NA	NA	NA	NA	NA	NA	NA	NA	NA	NA	NA	NA	NA	NA	NA	NA	NA	NA	NA	NA	NA	NA	NA	NA	NA	NA	NA	NA	NA	NA	NA	NA	NA	NA	NA	NA	NA	NA	NA	NA	NA	NA	NA	NA	NA	NA	NA	NA	NA	NA	NA	NA	NA	NA	NA	NA	NA	NA	NA	NA	NA	NA	NA	NA	NA	NA	NA	NA	NA	NA	NA	NA	NA	NA	NA	NA	NA	NA	NA	NA	NA	NA	NA	NA	NA	NA	NA	NA	NA	NA	NA	NA	NA	NA	NA	NA	NA	NA	NA	NA	NA	NA	NA	NA	NA	NA	NA	NA	NA	NA	NA	NA	NA	NA	NA	NA	NA	NA	NA	NA	NA	NA	NA	NA	NA	NA	NA	NA	Female	NA	NA	NA	NA	NA	NA	NA	NA	NA	NA	NA	NA	NA	NA	NA	NA	NA	NA	0.0341	G3	NA	NA	NA	NA	NA	NA	NA	NA	NA	83.50593418	0:LIVING	NA	NA	NA	NA	NA	NA	NA	NA	NA	NA	NA	NA	NA	0	NA	83.50593418	0:DiseaseFree	NA	NA	NA	9/10/10	NA	NA	NA	NA	NA	No	NA	NA	NA	C54.1	8380/3	C54.1	Yes	NA	NA	NA	NA	NA	NA	NA	NA	NA	NA	NA	NA	NA	NA	NA	No	NA	NA	45d58088-d3f4-4eb0-b75c-bcb98c0981dc	NA	NA	NA	NA	NA	NA	NA	NA	NA	NA	NA	NA	NA	NA	NA	NA	NA	NA	NA	NA	NA	NA	NA	NA	NA	NA	Cedars Sinai	NA	NA	NA	NA	82	NA	2540	-29122	NA	NA	NA	NA	NA	NA	NA	NA	NA	NA	NA	NA	NA	1	NA	UCEC	83.50593418	0:ALIVE OR DEAD TUMOR FREE	EUR	Yes	0.6507	20.59	Tumor Free	83.50593418	0:CENSORED	NA	No	No	NA	UCEC_MSI	0	No	Yes	A5	Uterus	Endometrioid Endometrial Adenocarcinoma	NA	NA	NA	NA	NA	NA	NA	NA	NA	NA	NA	NA	NA	NA	NA	NA
ucec_tcga_pan_can_atlas_2018	TCGA-A5-A0GA	TCGA-A5-A0GA-01	Endometrial Cancer	Uterine Endometrioid Carcinoma	Not Hispanic Or Latino	NA	NA	NA	301	UEC	White	1	Primary	Matched	10.06666667	NA	NA	NA	NA	NA	NA	67	NA	NA	NA	NA	NA	NA	NA	NA	NA	NA	NA	NA	NA	NA	NA	NA	NA	NA	NA	NA	NA	NA	NA	NA	NA	NA	NA	NA	NA	NA	NA	NA	NA	NA	NA	NA	NA	NA	NA	NA	NA	NA	NA	NA	NA	NA	NA	NA	NA	NA	NA	NA	NA	NA	NA	NA	NA	NA	NA	NA	NA	NA	NA	NA	NA	NA	NA	NA	NA	NA	NA	NA	NA	NA	NA	NA	NA	NA	NA	NA	NA	NA	NA	NA	NA	NA	NA	NA	NA	NA	NA	NA	NA	NA	NA	NA	NA	NA	NA	NA	NA	NA	NA	NA	NA	NA	NA	NA	NA	NA	NA	NA	NA	NA	NA	NA	NA	NA	NA	NA	NA	NA	NA	NA	NA	NA	NA	NA	NA	NA	NA	NA	NA	NA	NA	NA	NA	NA	NA	Female	NA	NA	NA	NA	NA	NA	NA	NA	NA	NA	NA	NA	NA	NA	NA	NA	NA	NA	0.0391	G3	NA	NA	NA	NA	NA	NA	NA	NA	NA	17.85185916	1:DECEASED	NA	NA	NA	NA	NA	NA	NA	NA	NA	NA	NA	NA	NA	0	NA	NA	NA	NA	NA	NA	9/13/10	NA	NA	NA	NA	NA	No	NA	NA	NA	C54.1	8380/3	C54.1	Yes	NA	NA	NA	NA	NA	NA	NA	NA	NA	NA	NA	NA	NA	NA	NA	NA	NA	NA	71fed998-8fac-4e6b-b38a-22c83e05e958	NA	NA	NA	NA	NA	NA	NA	NA	NA	NA	NA	NA	NA	NA	NA	NA	NA	NA	NA	NA	NA	NA	NA	NA	NA	NA	Cedars Sinai	NA	NA	NA	NA	90	NA	NA	-24659	NA	NA	NA	NA	NA	NA	NA	NA	NA	NA	NA	NA	NA	1	NA	UCEC	17.85185916	1:DEAD WITH TUMOR	EUR	Yes	0.5237	15.97	With Tumor	17.85185916	1:PROGRESSION	NA	No	No	NA	UCEC_MSI	10	No	Yes	A5	Uterus	Endometrioid Endometrial Adenocarcinoma	NA	NA	NA	NA	NA	NA	NA	NA	NA	NA	NA	NA	NA	NA	NA	NA
ucec_tcga_pan_can_atlas_2018	TCGA-A5-A0GB	TCGA-A5-A0GB-01	Endometrial Cancer	Uterine Endometrioid Carcinoma	NA	NA	NA	NA	670	UEC	White	1	Primary	Matched	22.56666667	NA	NA	NA	NA	NA	NA	65	NA	NA	NA	NA	NA	NA	NA	NA	NA	NA	NA	NA	NA	NA	NA	NA	NA	NA	NA	NA	NA	NA	NA	NA	NA	NA	NA	NA	NA	NA	NA	NA	NA	NA	NA	NA	NA	NA	NA	NA	NA	NA	NA	NA	NA	NA	NA	NA	NA	NA	NA	NA	NA	NA	NA	NA	NA	NA	NA	NA	NA	NA	NA	NA	NA	NA	NA	NA	NA	NA	NA	NA	NA	NA	NA	NA	NA	NA	NA	NA	NA	NA	NA	NA	NA	NA	NA	NA	NA	NA	NA	NA	NA	NA	NA	NA	NA	NA	NA	NA	NA	NA	NA	NA	NA	NA	NA	NA	NA	NA	NA	NA	NA	NA	NA	NA	NA	NA	NA	NA	NA	NA	NA	NA	NA	NA	NA	NA	NA	NA	NA	NA	NA	NA	NA	NA	NA	NA	NA	Female	NA	NA	NA	NA	NA	NA	NA	NA	NA	NA	NA	NA	NA	NA	NA	NA	NA	NA	0.0346	G3	NA	NA	NA	NA	NA	NA	NA	NA	NA	32.77772298	0:LIVING	NA	NA	NA	NA	NA	NA	NA	1995	NA	NA	NA	NA	NA	0	NA	32.77772298	0:DiseaseFree	NA	NA	NA	9/10/10	NA	NA	NA	NA	NA	No	NA	NA	NA	C54.1	8380/3	C54.1	Yes	NA	NA	NA	NA	NA	NA	NA	NA	NA	NA	NA	NA	NA	NA	NA	No	NA	NA	2f4458b6-3caf-4e33-890e-a04722badd1b	NA	NA	NA	NA	NA	NA	NA	NA	NA	NA	NA	NA	NA	NA	NA	NA	NA	NA	NA	NA	NA	NA	NA	NA	NA	NA	Cedars Sinai	NA	NA	NA	NA	122	NA	997	-23883	NA	NA	NA	NA	NA	NA	NA	NA	NA	NA	NA	NA	NA	1	NA	UCEC	32.77772298	0:ALIVE OR DEAD TUMOR FREE	EUR	Yes	1.0919	36.5	Tumor Free	32.77772298	0:CENSORED	NA	No	Yes	NA	UCEC_MSI	8	No	Yes	A5	Uterus	Endometrioid Endometrial Adenocarcinoma	NA	NA	NA	NA	NA	NA	NA	NA	NA	NA	NA	NA	NA	NA	NA	NA
ucec_tcga_pan_can_atlas_2018	TCGA-A5-A0GE	TCGA-A5-A0GE-01	Endometrial Cancer	Uterine Endometrioid Carcinoma	Not Hispanic Or Latino	NA	NA	NA	31	UEC	Asian	1	Primary	Matched	1.1	NA	NA	NA	NA	NA	NA	38	NA	NA	NA	NA	NA	NA	NA	NA	NA	NA	NA	NA	NA	NA	NA	NA	NA	NA	NA	NA	NA	NA	NA	NA	NA	NA	NA	NA	NA	NA	NA	NA	NA	NA	NA	NA	NA	NA	NA	NA	NA	NA	NA	NA	NA	NA	NA	NA	NA	NA	NA	NA	NA	NA	NA	NA	NA	NA	NA	NA	NA	NA	NA	NA	NA	NA	NA	NA	NA	NA	NA	NA	NA	NA	NA	NA	NA	NA	NA	NA	NA	NA	NA	NA	NA	NA	NA	NA	NA	NA	NA	NA	NA	NA	NA	NA	NA	NA	NA	NA	NA	NA	NA	NA	NA	NA	NA	NA	NA	NA	NA	NA	NA	NA	NA	NA	NA	NA	NA	NA	NA	NA	NA	NA	NA	NA	NA	NA	NA	NA	NA	NA	NA	NA	NA	NA	NA	NA	NA	Female	NA	NA	NA	NA	NA	NA	NA	NA	NA	NA	NA	NA	NA	NA	NA	NA	NA	NA	0.1421	G2	NA	NA	NA	NA	NA	NA	NA	NA	NA	105.3687083	0:LIVING	NA	NA	NA	NA	NA	NA	NA	NA	NA	NA	NA	NA	NA	0	NA	105.3687083	0:DiseaseFree	NA	NA	NA	9/10/10	NA	NA	NA	NA	NA	No	NA	NA	NA	C54.1	8380/3	C54.1	Yes	NA	NA	NA	NA	NA	NA	NA	NA	NA	NA	NA	NA	NA	NA	NA	No	NA	NA	a587e62e-430e-4f1b-82b7-6fbe856fdaf1	NA	NA	NA	NA	NA	NA	NA	NA	NA	NA	NA	NA	NA	NA	NA	NA	NA	NA	NA	NA	NA	NA	NA	NA	NA	NA	Cedars Sinai	NA	NA	NA	NA	57	NA	3205	-14170	NA	NA	NA	NA	NA	NA	NA	NA	NA	NA	NA	NA	NA	6	NA	UCEC	105.3687083	0:ALIVE OR DEAD TUMOR FREE	EAS	Yes	0.2535	0.06	Tumor Free	105.3687083	0:CENSORED	NA	No	Yes	NA	UCEC_CN_LOW	16	No	Yes	A5	Uterus	Endometrioid Endometrial Adenocarcinoma	NA	NA	NA	NA	NA	NA	NA	NA	NA	NA	NA	NA	NA	NA	NA	NA
ucec_tcga_pub	TCGA-A5-A0GE	TCGA-A5-A0GE-01	Endometrial Cancer	Uterine Endometrioid Carcinoma	NA	NA	NA	NA	25	UEC	NA	1	Primary	Matched	0.833333333333	NA	NA	NA	NA	NA	NA	38	NA	NA	NA	NA	NA	NA	NA	NA	NA	NA	NA	NA	NA	NA	NA	NA	NA	NA	NA	NA	NA	NA	NA	NA	NA	NA	NA	NA	NA	NA	NA	NA	NA	NA	NA	NA	NA	NA	NA	NA	NA	NA	NA	NA	NA	NA	NA	NA	NA	NA	NA	NA	NA	NA	NA	NA	NA	NA	NA	NA	NA	NA	NA	NA	NA	NA	NA	NA	NA	NA	NA	NA	NA	NA	NA	NA	NA	NA	NA	NA	NA	NA	NA	NA	NA	NA	NA	NA	NA	NA	NA	NA	NA	NA	NA	NA	NA	NA	NA	NA	NA	NA	NA	NA	NA	NA	NA	NA	NA	NA	NA	NA	NA	NA	NA	NA	NA	NA	NA	NA	NA	NA	NA	NA	NA	NA	NA	NA	NA	NA	NA	NA	NA	NA	NA	NA	NA	NA	NA	Female	NA	NA	NA	NA	NA	NA	NA	NA	NA	NA	NA	NA	NA	NA	NA	NA	NA	NA	0.1421	Grade 2	NA	NA	NA	NA	NA	NA	NA	NA	NA	105.3	0:LIVING	NA	NA	NA	NA	NA	NA	NA	NA	NA	NA	NA	NA	NA	NA	NA	105.2999904	0:DiseaseFree	NA	NA	NA	NA	NA	NA	NA	NA	NA	NA	NA	NA	NA	NA	NA	NA	NA	NA	NA	NA	NA	NA	NA	NA	NA	NA	NA	NA	NA	NA	NA	NA	NA	NA	NA	NA	NA	NA	NA	NA	NA	NA	NA	NA	NA	NA	NA	NA	NA	NA	NA	NA	NA	NA	NA	NA	NA	NA	NA	NA	NA	NA	NA	NA	NA	NA	NA	NA	NA	NA	NA	NA	NA	NA	NA	NA	NA	NA	NA	NA	NA	NA	NA	NA	NA	NA	NA	NA	NA	NA	NA	NA	NA	NA	NA	NA	NA	NA	NA	NA	Copy-number low (Endometriod)	NA	NA	NA	NA	NA	NA	NA	2	Y	Y	Endometrioid	Y	2	4	0.8681518	0	2	MSS	MSS	1_LOW	Y	Stage I
ucec_tcga_pan_can_atlas_2018	TCGA-A5-A0GH	TCGA-A5-A0GH-01	Endometrial Cancer	Uterine Endometrioid Carcinoma	Not Hispanic Or Latino	NA	NA	NA	431	UEC	White	1	Primary	Matched	14.36666667	NA	NA	NA	NA	NA	NA	57	NA	NA	NA	NA	NA	NA	NA	NA	NA	NA	NA	NA	NA	NA	NA	NA	NA	NA	NA	NA	NA	NA	NA	NA	NA	NA	NA	NA	NA	NA	NA	NA	NA	NA	NA	NA	NA	NA	NA	NA	NA	NA	NA	NA	NA	NA	NA	NA	NA	NA	NA	NA	NA	NA	NA	NA	NA	NA	NA	NA	NA	NA	NA	NA	NA	NA	NA	NA	NA	NA	NA	NA	NA	NA	NA	NA	NA	NA	NA	NA	NA	NA	NA	NA	NA	NA	NA	NA	NA	NA	NA	NA	NA	NA	NA	NA	NA	NA	NA	NA	NA	NA	NA	NA	NA	NA	NA	NA	NA	NA	NA	NA	NA	NA	NA	NA	NA	NA	NA	NA	NA	NA	NA	NA	NA	NA	NA	NA	NA	NA	NA	NA	NA	NA	NA	NA	NA	NA	NA	Female	NA	NA	NA	NA	NA	NA	NA	NA	NA	NA	NA	NA	NA	NA	NA	NA	NA	NA	0.0038	G3	NA	NA	NA	NA	NA	NA	NA	NA	NA	74.1032975	0:LIVING	NA	NA	NA	NA	NA	NA	NA	NA	NA	NA	NA	NA	NA	0	NA	74.1032975	0:DiseaseFree	NA	NA	NA	9/13/10	NA	NA	NA	NA	NA	No	NA	NA	NA	C54.1	8380/3	C54.1	Yes	NA	NA	NA	NA	NA	NA	NA	NA	NA	NA	NA	NA	NA	NA	NA	No	NA	NA	32e33897-29c8-48f2-b833-98f37204e0e7	NA	NA	NA	NA	NA	NA	NA	NA	NA	NA	NA	NA	NA	NA	NA	NA	NA	NA	NA	NA	NA	NA	NA	NA	NA	NA	Cedars Sinai	NA	NA	NA	NA	55	NA	2254	-21090	NA	NA	NA	NA	NA	NA	NA	NA	NA	NA	NA	NA	NA	0	NA	UCEC	74.1032975	0:ALIVE OR DEAD TUMOR FREE	EUR	Yes	0.9762	30.24	Tumor Free	74.1032975	0:CENSORED	NA	No	No	NA	UCEC_MSI	2	No	Yes	A5	Uterus	Endometrioid Endometrial Adenocarcinoma	NA	NA	NA	NA	NA	NA	NA	NA	NA	NA	NA	NA	NA	NA	NA	NA
ucec_tcga_pan_can_atlas_2018	TCGA-A5-A0GI	TCGA-A5-A0GI-01	Endometrial Cancer	Uterine Endometrioid Carcinoma	Not Hispanic Or Latino	NA	NA	NA	340	UEC	White	1	Primary	Matched	11.36666667	NA	NA	NA	NA	NA	NA	63	NA	NA	NA	NA	NA	NA	NA	NA	NA	NA	NA	NA	NA	NA	NA	NA	NA	NA	NA	NA	NA	NA	NA	NA	NA	NA	NA	NA	NA	NA	NA	NA	NA	NA	NA	NA	NA	NA	NA	NA	NA	NA	NA	NA	NA	NA	NA	NA	NA	NA	NA	NA	NA	NA	NA	NA	NA	NA	NA	NA	NA	NA	NA	NA	NA	NA	NA	NA	NA	NA	NA	NA	NA	NA	NA	NA	NA	NA	NA	NA	NA	NA	NA	NA	NA	NA	NA	NA	NA	NA	NA	NA	NA	NA	NA	NA	NA	NA	NA	NA	NA	NA	NA	NA	NA	NA	NA	NA	NA	NA	NA	NA	NA	NA	NA	NA	NA	NA	NA	NA	NA	NA	NA	NA	NA	NA	NA	NA	NA	NA	NA	NA	NA	NA	NA	NA	NA	NA	NA	Female	NA	NA	NA	NA	NA	NA	NA	NA	NA	NA	NA	NA	NA	NA	NA	NA	NA	NA	0.0439	G2	NA	NA	NA	NA	NA	NA	NA	NA	NA	88.17437617	0:LIVING	NA	NA	NA	NA	NA	NA	NA	1988	NA	NA	NA	NA	NA	0	NA	88.17437617	0:DiseaseFree	NA	NA	NA	12/15/10	NA	NA	NA	NA	NA	No	NA	NA	NA	C54.1	8380/3	C54.1	Yes	NA	NA	NA	NA	NA	NA	NA	NA	NA	NA	NA	NA	NA	NA	NA	No	NA	NA	3b21b47e-a15c-4b10-9702-62a14afdfb8c	NA	NA	NA	NA	NA	NA	NA	NA	NA	NA	NA	NA	NA	NA	NA	NA	NA	NA	NA	NA	NA	NA	NA	NA	NA	NA	Cedars Sinai	NA	NA	NA	NA	66	NA	2682	-23195	NA	NA	NA	NA	NA	NA	NA	NA	NA	NA	NA	NA	NA	1	NA	UCEC	88.17437617	0:ALIVE OR DEAD TUMOR FREE	EUR	Yes	0.5646	14.54	Tumor Free	88.17437617	0:CENSORED	NA	Yes	Yes	NA	UCEC_MSI	3	No	Yes	A5	Uterus	Endometrioid Endometrial Adenocarcinoma	NA	NA	NA	NA	NA	NA	NA	NA	NA	NA	NA	NA	NA	NA	NA	NA
ucec_tcga_pan_can_atlas_2018	TCGA-A5-A0GJ	TCGA-A5-A0GJ-01	Endometrial Cancer	Uterine Endometrioid Carcinoma	Not Hispanic Or Latino	NA	NA	NA	61	UEC	White	1	Primary	Matched	2.033333333	NA	NA	NA	NA	NA	NA	44	NA	NA	NA	NA	NA	NA	NA	NA	NA	NA	NA	NA	NA	NA	NA	NA	NA	NA	NA	NA	NA	NA	NA	NA	NA	NA	NA	NA	NA	NA	NA	NA	NA	NA	NA	NA	NA	NA	NA	NA	NA	NA	NA	NA	NA	NA	NA	NA	NA	NA	NA	NA	NA	NA	NA	NA	NA	NA	NA	NA	NA	NA	NA	NA	NA	NA	NA	NA	NA	NA	NA	NA	NA	NA	NA	NA	NA	NA	NA	NA	NA	NA	NA	NA	NA	NA	NA	NA	NA	NA	NA	NA	NA	NA	NA	NA	NA	NA	NA	NA	NA	NA	NA	NA	NA	NA	NA	NA	NA	NA	NA	NA	NA	NA	NA	NA	NA	NA	NA	NA	NA	NA	NA	NA	NA	NA	NA	NA	NA	NA	NA	NA	NA	NA	NA	NA	NA	NA	NA	Female	NA	NA	NA	NA	NA	NA	NA	NA	NA	NA	NA	NA	NA	NA	NA	NA	NA	NA	0.4758	G2	NA	NA	NA	NA	NA	NA	NA	NA	NA	65.75270408	0:LIVING	NA	NA	NA	NA	NA	NA	NA	NA	NA	NA	NA	NA	NA	0	NA	0.394516225	1:Recurred/Progressed	NA	NA	NA	12/17/10	NA	NA	NA	NA	NA	No	NA	NA	NA	C54.1	8380/3	C54.1	Yes	NA	NA	NA	NA	NA	NA	NA	NA	NA	NA	NA	NA	NA	NA	NA	No	NA	NA	94817e78-78f5-4556-9394-610df65605e2	NA	NA	NA	NA	NA	NA	NA	NA	NA	NA	NA	NA	NA	NA	NA	NA	NA	NA	NA	NA	NA	NA	NA	NA	NA	NA	Cedars Sinai	NA	NA	NA	NA	115	NA	2000	-16421	NA	NA	NA	NA	NA	NA	NA	NA	NA	NA	NA	NA	NA	9	NA	UCEC	65.75270408	0:ALIVE OR DEAD TUMOR FREE	EUR	Yes	0.2959	0.31	Tumor Free	0.394516225	1:PROGRESSION	NA	No	No	NA	UCEC_CN_HIGH	152	No	Yes	A5	Uterus	Endometrioid Endometrial Adenocarcinoma	NA	NA	NA	NA	NA	NA	NA	NA	NA	NA	NA	NA	NA	NA	NA	NA
ucec_tcga_pub	TCGA-A5-A0GM	TCGA-A5-A0GM-01	Endometrial Cancer	Uterine Endometrioid Carcinoma	NA	NA	NA	NA	33	UEC	NA	1	Primary	Matched	1.1	NA	NA	NA	NA	NA	NA	53	NA	NA	NA	NA	NA	NA	NA	NA	NA	NA	NA	NA	NA	NA	NA	NA	NA	NA	NA	NA	NA	NA	NA	NA	NA	NA	NA	NA	NA	NA	NA	NA	NA	NA	NA	NA	NA	NA	NA	NA	NA	NA	NA	NA	NA	NA	NA	NA	NA	NA	NA	NA	NA	NA	NA	NA	NA	NA	NA	NA	NA	NA	NA	NA	NA	NA	NA	NA	NA	NA	NA	NA	NA	NA	NA	NA	NA	NA	NA	NA	NA	NA	NA	NA	NA	NA	NA	NA	NA	NA	NA	NA	NA	NA	NA	NA	NA	NA	NA	NA	NA	NA	NA	NA	NA	NA	NA	NA	NA	NA	NA	NA	NA	NA	NA	NA	NA	NA	NA	NA	NA	NA	NA	NA	NA	NA	NA	NA	NA	NA	NA	NA	NA	NA	NA	NA	NA	NA	NA	Female	NA	NA	NA	NA	NA	NA	NA	NA	NA	NA	NA	NA	NA	NA	NA	NA	NA	NA	0.0002	Grade 1	NA	NA	NA	NA	NA	NA	NA	NA	NA	60.45	0:LIVING	NA	NA	NA	NA	NA	NA	NA	NA	NA	NA	NA	NA	NA	NA	NA	60.45303661	0:DiseaseFree	NA	NA	NA	NA	NA	NA	NA	NA	NA	NA	NA	NA	NA	NA	NA	NA	NA	NA	NA	NA	NA	NA	NA	NA	NA	NA	NA	NA	NA	NA	NA	NA	NA	NA	NA	NA	NA	NA	NA	NA	NA	NA	NA	NA	NA	NA	NA	NA	NA	NA	NA	NA	NA	NA	NA	NA	NA	NA	NA	NA	NA	NA	NA	NA	NA	NA	NA	NA	NA	NA	NA	NA	NA	NA	NA	NA	NA	NA	NA	NA	NA	NA	NA	NA	NA	NA	NA	NA	NA	NA	NA	NA	NA	NA	NA	NA	NA	NA	NA	NA	Copy-number low (Endometriod)	NA	NA	NA	NA	NA	NA	NA	1	Y	Y	Endometrioid	Y	2	6	0.769037046	0	3	MSS	MSS	1_LOW	Y	Stage I
ucec_tcga_pan_can_atlas_2018	TCGA-A5-A0GM	TCGA-A5-A0GM-01	Endometrial Cancer	Uterine Endometrioid Carcinoma	Not Hispanic Or Latino	NA	NA	NA	42	UEC	White	1	Primary	Matched	1.4	NA	NA	NA	NA	NA	NA	53	NA	NA	NA	NA	NA	NA	NA	NA	NA	NA	NA	NA	NA	NA	NA	NA	NA	NA	NA	NA	NA	NA	NA	NA	NA	NA	NA	NA	NA	NA	NA	NA	NA	NA	NA	NA	NA	NA	NA	NA	NA	NA	NA	NA	NA	NA	NA	NA	NA	NA	NA	NA	NA	NA	NA	NA	NA	NA	NA	NA	NA	NA	NA	NA	NA	NA	NA	NA	NA	NA	NA	NA	NA	NA	NA	NA	NA	NA	NA	NA	NA	NA	NA	NA	NA	NA	NA	NA	NA	NA	NA	NA	NA	NA	NA	NA	NA	NA	NA	NA	NA	NA	NA	NA	NA	NA	NA	NA	NA	NA	NA	NA	NA	NA	NA	NA	NA	NA	NA	NA	NA	NA	NA	NA	NA	NA	NA	NA	NA	NA	NA	NA	NA	NA	NA	NA	NA	NA	NA	Female	NA	NA	NA	NA	NA	NA	NA	NA	NA	NA	NA	NA	NA	NA	NA	NA	NA	NA	0.0002	G1	NA	NA	NA	NA	NA	NA	NA	NA	NA	60.52536411	0:LIVING	NA	NA	NA	NA	NA	NA	NA	NA	NA	NA	NA	NA	NA	0	NA	60.52536411	0:DiseaseFree	NA	NA	NA	12/15/10	NA	NA	NA	NA	NA	No	NA	NA	NA	C54.1	8380/3	C54.1	Yes	NA	NA	NA	NA	NA	NA	NA	NA	NA	NA	NA	NA	NA	NA	NA	No	NA	NA	976bb47a-d999-4e24-ad08-452fea73c846	NA	NA	NA	NA	NA	NA	NA	NA	NA	NA	NA	NA	NA	NA	NA	NA	NA	NA	NA	NA	NA	NA	NA	NA	NA	NA	Cedars Sinai	NA	NA	NA	NA	97	NA	1841	-19452	NA	NA	NA	NA	NA	NA	NA	NA	NA	NA	NA	NA	NA	0	NA	UCEC	60.52536411	0:ALIVE OR DEAD TUMOR FREE	EUR	Yes	0.2497	0.05	Tumor Free	60.52536411	0:CENSORED	NA	Yes	No	NA	UCEC_CN_LOW	2	No	Yes	A5	Uterus	Endometrioid Endometrial Adenocarcinoma	NA	NA	NA	NA	NA	NA	NA	NA	NA	NA	NA	NA	NA	NA	NA	NA
ucec_tcga_pan_can_atlas_2018	TCGA-A5-A0GN	TCGA-A5-A0GN-01	Endometrial Cancer	Uterine Endometrioid Carcinoma	Not Hispanic Or Latino	NA	NA	NA	56	UEC	White	1	Primary	Matched	1.866666667	NA	NA	NA	NA	NA	NA	65	NA	NA	NA	NA	NA	NA	NA	NA	NA	NA	NA	NA	NA	NA	NA	NA	NA	NA	NA	NA	NA	NA	NA	NA	NA	NA	NA	NA	NA	NA	NA	NA	NA	NA	NA	NA	NA	NA	NA	NA	NA	NA	NA	NA	NA	NA	NA	NA	NA	NA	NA	NA	NA	NA	NA	NA	NA	NA	NA	NA	NA	NA	NA	NA	NA	NA	NA	NA	NA	NA	NA	NA	NA	NA	NA	NA	NA	NA	NA	NA	NA	NA	NA	NA	NA	NA	NA	NA	NA	NA	NA	NA	NA	NA	NA	NA	NA	NA	NA	NA	NA	NA	NA	NA	NA	NA	NA	NA	NA	NA	NA	NA	NA	NA	NA	NA	NA	NA	NA	NA	NA	NA	NA	NA	NA	NA	NA	NA	NA	NA	NA	NA	NA	NA	NA	NA	NA	NA	NA	Female	NA	NA	NA	NA	NA	NA	NA	NA	NA	NA	NA	NA	NA	NA	NA	NA	NA	NA	0.5570	G1	NA	NA	NA	NA	NA	NA	NA	NA	NA	60.52536411	0:LIVING	NA	NA	NA	NA	NA	NA	NA	NA	NA	NA	NA	NA	NA	0	NA	60.52536411	0:DiseaseFree	NA	NA	NA	9/13/10	NA	NA	NA	NA	NA	No	NA	NA	NA	C54.1	8380/3	C54.1	Yes	NA	NA	NA	NA	NA	NA	NA	NA	NA	NA	NA	NA	NA	NA	NA	No	NA	NA	a2a2dbda-d10c-49c4-86a8-61baf6160cda	NA	NA	NA	NA	NA	NA	NA	NA	NA	NA	NA	NA	NA	NA	NA	NA	NA	NA	NA	NA	NA	NA	NA	NA	NA	NA	Cedars Sinai	NA	NA	NA	NA	68	NA	1841	-24020	NA	NA	NA	NA	NA	NA	NA	NA	NA	NA	NA	NA	NA	25	NA	UCEC	60.52536411	0:ALIVE OR DEAD TUMOR FREE	EUR	Yes	0.2642	0.65	Tumor Free	60.52536411	0:CENSORED	NA	No	Yes	NA	UCEC_CN_HIGH	5	No	Yes	A5	Uterus	Endometrioid Endometrial Adenocarcinoma	NA	NA	NA	NA	NA	NA	NA	NA	NA	NA	NA	NA	NA	NA	NA	NA
ucec_tcga_pub	TCGA-A5-A0GQ	TCGA-A5-A0GQ-01	Endometrial Cancer	Uterine Endometrioid Carcinoma	NA	NA	NA	NA	51	UEC	NA	1	Primary	Matched	1.73333333333	NA	NA	NA	NA	NA	NA	76	NA	NA	NA	NA	NA	NA	NA	NA	NA	NA	NA	NA	NA	NA	NA	NA	NA	NA	NA	NA	NA	NA	NA	NA	NA	NA	NA	NA	NA	NA	NA	NA	NA	NA	NA	NA	NA	NA	NA	NA	NA	NA	NA	NA	NA	NA	NA	NA	NA	NA	NA	NA	NA	NA	NA	NA	NA	NA	NA	NA	NA	NA	NA	NA	NA	NA	NA	NA	NA	NA	NA	NA	NA	NA	NA	NA	NA	NA	NA	NA	NA	NA	NA	NA	NA	NA	NA	NA	NA	NA	NA	NA	NA	NA	NA	NA	NA	NA	NA	NA	NA	NA	NA	NA	NA	NA	NA	NA	NA	NA	NA	NA	NA	NA	NA	NA	NA	NA	NA	NA	NA	NA	NA	NA	NA	NA	NA	NA	NA	NA	NA	NA	NA	NA	NA	NA	NA	NA	NA	Female	NA	NA	NA	NA	NA	NA	NA	NA	NA	NA	NA	NA	NA	NA	NA	NA	NA	NA	0.0000	Grade 1	NA	NA	NA	NA	NA	NA	NA	NA	NA	38.34	0:LIVING	NA	NA	NA	NA	NA	NA	NA	NA	NA	NA	NA	NA	NA	NA	NA	38.34168137	0:DiseaseFree	NA	NA	NA	NA	NA	NA	NA	NA	NA	NA	NA	NA	NA	NA	NA	NA	NA	NA	NA	NA	NA	NA	NA	NA	NA	NA	NA	NA	NA	NA	NA	NA	NA	NA	NA	NA	NA	NA	NA	NA	NA	NA	NA	NA	NA	NA	NA	NA	NA	NA	NA	NA	NA	NA	NA	NA	NA	NA	NA	NA	NA	NA	NA	NA	NA	NA	NA	NA	NA	NA	NA	NA	NA	NA	NA	NA	NA	NA	NA	NA	NA	NA	NA	NA	NA	NA	NA	NA	NA	NA	NA	NA	NA	NA	NA	NA	NA	NA	NA	NA	Copy-number low (Endometriod)	NA	NA	NA	NA	NA	NA	NA	1	Y	Y	Endometrioid	Y	4	6	0.936182815	0	3	MSS	MSS	1_LOW	Y	Stage I
ucec_tcga_pan_can_atlas_2018	TCGA-A5-A0GQ	TCGA-A5-A0GQ-01	Endometrial Cancer	Uterine Endometrioid Carcinoma	Not Hispanic Or Latino	NA	NA	NA	57	UEC	White	1	Primary	Matched	1.9	NA	NA	NA	NA	NA	NA	76	NA	NA	NA	NA	NA	NA	NA	NA	NA	NA	NA	NA	NA	NA	NA	NA	NA	NA	NA	NA	NA	NA	NA	NA	NA	NA	NA	NA	NA	NA	NA	NA	NA	NA	NA	NA	NA	NA	NA	NA	NA	NA	NA	NA	NA	NA	NA	NA	NA	NA	NA	NA	NA	NA	NA	NA	NA	NA	NA	NA	NA	NA	NA	NA	NA	NA	NA	NA	NA	NA	NA	NA	NA	NA	NA	NA	NA	NA	NA	NA	NA	NA	NA	NA	NA	NA	NA	NA	NA	NA	NA	NA	NA	NA	NA	NA	NA	NA	NA	NA	NA	NA	NA	NA	NA	NA	NA	NA	NA	NA	NA	NA	NA	NA	NA	NA	NA	NA	NA	NA	NA	NA	NA	NA	NA	NA	NA	NA	NA	NA	NA	NA	NA	NA	NA	NA	NA	NA	NA	Female	NA	NA	NA	NA	NA	NA	NA	NA	NA	NA	NA	NA	NA	NA	NA	NA	NA	NA	0.0000	G1	NA	NA	NA	NA	NA	NA	NA	NA	NA	73.87316303	0:LIVING	NA	NA	NA	NA	NA	NA	NA	1988	NA	NA	NA	NA	NA	0	NA	73.87316303	0:DiseaseFree	NA	NA	NA	1/7/11	NA	NA	NA	NA	NA	No	NA	NA	NA	C54.1	8380/3	C54.1	Yes	NA	NA	NA	NA	NA	NA	NA	NA	NA	NA	NA	NA	NA	NA	NA	No	NA	NA	c8d672ed-9910-4f80-b222-38c833f55850	NA	NA	NA	NA	NA	NA	NA	NA	NA	NA	NA	NA	NA	NA	NA	NA	NA	NA	NA	NA	NA	NA	NA	NA	NA	NA	Cedars Sinai	NA	NA	NA	NA	57	NA	2247	-28078	NA	NA	NA	NA	NA	NA	NA	NA	NA	NA	NA	NA	NA	0	NA	UCEC	73.87316303	0:ALIVE OR DEAD TUMOR FREE	EUR	Yes	0.261	0	Tumor Free	73.87316303	0:CENSORED	NA	No	No	NA	UCEC_CN_LOW	2	No	Yes	A5	Uterus	Endometrioid Endometrial Adenocarcinoma	NA	NA	NA	NA	NA	NA	NA	NA	NA	NA	NA	NA	NA	NA	NA	NA
ucec_tcga_pan_can_atlas_2018	TCGA-A5-A0GU	TCGA-A5-A0GU-01	Endometrial Cancer	Uterine Endometrioid Carcinoma	NA	NA	NA	NA	42	UEC	White	1	Primary	Matched	1.4	NA	NA	NA	NA	NA	NA	58	NA	NA	NA	NA	NA	NA	NA	NA	NA	NA	NA	NA	NA	NA	NA	NA	NA	NA	NA	NA	NA	NA	NA	NA	NA	NA	NA	NA	NA	NA	NA	NA	NA	NA	NA	NA	NA	NA	NA	NA	NA	NA	NA	NA	NA	NA	NA	NA	NA	NA	NA	NA	NA	NA	NA	NA	NA	NA	NA	NA	NA	NA	NA	NA	NA	NA	NA	NA	NA	NA	NA	NA	NA	NA	NA	NA	NA	NA	NA	NA	NA	NA	NA	NA	NA	NA	NA	NA	NA	NA	NA	NA	NA	NA	NA	NA	NA	NA	NA	NA	NA	NA	NA	NA	NA	NA	NA	NA	NA	NA	NA	NA	NA	NA	NA	NA	NA	NA	NA	NA	NA	NA	NA	NA	NA	NA	NA	NA	NA	NA	NA	NA	NA	NA	NA	NA	NA	NA	NA	Female	NA	NA	NA	NA	NA	NA	NA	NA	NA	NA	NA	NA	NA	NA	NA	NA	NA	NA	0.1123	G1	NA	NA	NA	NA	NA	NA	NA	NA	NA	28.27366275	0:LIVING	NA	NA	NA	NA	NA	NA	NA	NA	NA	NA	NA	NA	NA	0	NA	28.27366275	0:DiseaseFree	NA	NA	NA	9/10/10	NA	NA	NA	NA	NA	No	NA	NA	NA	C54.1	8380/3	C54.1	Yes	NA	NA	NA	NA	NA	NA	NA	NA	NA	NA	NA	NA	NA	NA	NA	No	NA	NA	adc22472-e31d-419f-aeae-cb01b9423343	NA	NA	NA	NA	NA	NA	NA	NA	NA	NA	NA	NA	NA	NA	NA	NA	NA	NA	NA	NA	NA	NA	NA	NA	NA	NA	Cedars Sinai	NA	NA	NA	NA	95	NA	860	-21192	NA	NA	NA	NA	NA	NA	NA	NA	NA	NA	NA	NA	NA	4	NA	UCEC	28.27366275	0:ALIVE OR DEAD TUMOR FREE	NA	Yes	0.286	0.02	Tumor Free	28.27366275	0:CENSORED	NA	No	No	NA	UCEC_CN_LOW	29	No	Yes	A5	Uterus	Endometrioid Endometrial Adenocarcinoma	NA	NA	NA	NA	NA	NA	NA	NA	NA	NA	NA	NA	NA	NA	NA	NA
ucec_tcga_pub	TCGA-A5-A0GU	TCGA-A5-A0GU-01	Endometrial Cancer	Uterine Endometrioid Carcinoma	NA	NA	NA	NA	41	UEC	NA	1	Primary	Matched	1.36666666667	NA	NA	NA	NA	NA	NA	58	NA	NA	NA	NA	NA	NA	NA	NA	NA	NA	NA	NA	NA	NA	NA	NA	NA	NA	NA	NA	NA	NA	NA	NA	NA	NA	NA	NA	NA	NA	NA	NA	NA	NA	NA	NA	NA	NA	NA	NA	NA	NA	NA	NA	NA	NA	NA	NA	NA	NA	NA	NA	NA	NA	NA	NA	NA	NA	NA	NA	NA	NA	NA	NA	NA	NA	NA	NA	NA	NA	NA	NA	NA	NA	NA	NA	NA	NA	NA	NA	NA	NA	NA	NA	NA	NA	NA	NA	NA	NA	NA	NA	NA	NA	NA	NA	NA	NA	NA	NA	NA	NA	NA	NA	NA	NA	NA	NA	NA	NA	NA	NA	NA	NA	NA	NA	NA	NA	NA	NA	NA	NA	NA	NA	NA	NA	NA	NA	NA	NA	NA	NA	NA	NA	NA	NA	NA	NA	NA	Female	NA	NA	NA	NA	NA	NA	NA	NA	NA	NA	NA	NA	NA	NA	NA	NA	NA	NA	0.1123	Grade 1	NA	NA	NA	NA	NA	NA	NA	NA	NA	28.22	0:LIVING	NA	NA	NA	NA	NA	NA	NA	NA	NA	NA	NA	NA	NA	NA	NA	28.22236872	0:DiseaseFree	NA	NA	NA	NA	NA	NA	NA	NA	NA	NA	NA	NA	NA	NA	NA	NA	NA	NA	NA	NA	NA	NA	NA	NA	NA	NA	NA	NA	NA	NA	NA	NA	NA	NA	NA	NA	NA	NA	NA	NA	NA	NA	NA	NA	NA	NA	NA	NA	NA	NA	NA	NA	NA	NA	NA	NA	NA	NA	NA	NA	NA	NA	NA	NA	NA	NA	NA	NA	NA	NA	NA	NA	NA	NA	NA	NA	NA	NA	NA	NA	NA	NA	NA	NA	NA	NA	NA	NA	NA	NA	NA	NA	NA	NA	NA	NA	NA	NA	NA	NA	Copy-number low (Endometriod)	NA	NA	NA	NA	NA	NA	NA	3	Y	Y	Endometrioid	Y	2	6	0.936182815	0	2	MSS	MSS	1_LOW	Y	Stage I
ucec_tcga_pan_can_atlas_2018	TCGA-A5-A0GV	TCGA-A5-A0GV-01	Endometrial Cancer	Uterine Endometrioid Carcinoma	Not Hispanic Or Latino	NA	NA	NA	46	UEC	White	1	Primary	Matched	1.533333333	NA	NA	NA	NA	NA	NA	67	NA	NA	NA	NA	NA	NA	NA	NA	NA	NA	NA	NA	NA	NA	NA	NA	NA	NA	NA	NA	NA	NA	NA	NA	NA	NA	NA	NA	NA	NA	NA	NA	NA	NA	NA	NA	NA	NA	NA	NA	NA	NA	NA	NA	NA	NA	NA	NA	NA	NA	NA	NA	NA	NA	NA	NA	NA	NA	NA	NA	NA	NA	NA	NA	NA	NA	NA	NA	NA	NA	NA	NA	NA	NA	NA	NA	NA	NA	NA	NA	NA	NA	NA	NA	NA	NA	NA	NA	NA	NA	NA	NA	NA	NA	NA	NA	NA	NA	NA	NA	NA	NA	NA	NA	NA	NA	NA	NA	NA	NA	NA	NA	NA	NA	NA	NA	NA	NA	NA	NA	NA	NA	NA	NA	NA	NA	NA	NA	NA	NA	NA	NA	NA	NA	NA	NA	NA	NA	NA	Female	NA	NA	NA	NA	NA	NA	NA	NA	NA	NA	NA	NA	NA	NA	NA	NA	NA	NA	0.2282	G1	NA	NA	NA	NA	NA	NA	NA	NA	NA	54.0158464	0:LIVING	NA	NA	NA	NA	NA	NA	NA	1988	NA	NA	NA	NA	NA	0	NA	9.99441102	1:Recurred/Progressed	NA	NA	NA	9/10/10	NA	NA	NA	NA	NA	No	NA	NA	NA	C54.1	8380/3	C54.1	Yes	NA	NA	NA	NA	NA	NA	NA	NA	NA	NA	NA	NA	NA	NA	NA	No	NA	NA	5e3b981e-73fe-4cc9-8c89-b420e8e2f426	NA	NA	NA	NA	NA	NA	NA	NA	NA	NA	NA	NA	NA	NA	NA	NA	NA	NA	NA	NA	NA	NA	NA	NA	NA	NA	Cedars Sinai	NA	NA	NA	NA	63	NA	1643	-24540	NA	NA	NA	NA	NA	NA	NA	NA	NA	NA	NA	NA	NA	7	NA	UCEC	54.0158464	0:ALIVE OR DEAD TUMOR FREE	EUR	Yes	0.263	0.14	Tumor Free	9.99441102	1:PROGRESSION	NA	No	No	NA	UCEC_CN_LOW	6	No	Yes	A5	Uterus	Endometrioid Endometrial Adenocarcinoma	NA	NA	NA	NA	NA	NA	NA	NA	NA	NA	NA	NA	NA	NA	NA	NA
ucec_tcga_pub	TCGA-A5-A0GV	TCGA-A5-A0GV-01	Endometrial Cancer	Uterine Endometrioid Carcinoma	NA	NA	NA	NA	42	UEC	NA	1	Primary	Matched	1.4	NA	NA	NA	NA	NA	NA	67	NA	NA	NA	NA	NA	NA	NA	NA	NA	NA	NA	NA	NA	NA	NA	NA	NA	NA	NA	NA	NA	NA	NA	NA	NA	NA	NA	NA	NA	NA	NA	NA	NA	NA	NA	NA	NA	NA	NA	NA	NA	NA	NA	NA	NA	NA	NA	NA	NA	NA	NA	NA	NA	NA	NA	NA	NA	NA	NA	NA	NA	NA	NA	NA	NA	NA	NA	NA	NA	NA	NA	NA	NA	NA	NA	NA	NA	NA	NA	NA	NA	NA	NA	NA	NA	NA	NA	NA	NA	NA	NA	NA	NA	NA	NA	NA	NA	NA	NA	NA	NA	NA	NA	NA	NA	NA	NA	NA	NA	NA	NA	NA	NA	NA	NA	NA	NA	NA	NA	NA	NA	NA	NA	NA	NA	NA	NA	NA	NA	NA	NA	NA	NA	NA	NA	NA	NA	NA	NA	Female	NA	NA	NA	NA	NA	NA	NA	NA	NA	NA	NA	NA	NA	NA	NA	NA	NA	NA	0.2282	Grade 1	NA	NA	NA	NA	NA	NA	NA	NA	NA	20.8	0:LIVING	NA	NA	NA	NA	NA	NA	NA	NA	NA	NA	NA	NA	NA	NA	NA	9.987893005	1:Recurred	NA	NA	NA	NA	NA	NA	NA	NA	NA	NA	NA	NA	NA	NA	NA	NA	NA	NA	NA	NA	NA	NA	NA	NA	NA	NA	NA	NA	NA	NA	NA	NA	NA	NA	NA	NA	NA	NA	NA	NA	NA	NA	NA	NA	NA	NA	NA	NA	NA	NA	NA	NA	NA	NA	NA	NA	NA	NA	NA	NA	NA	NA	NA	NA	NA	NA	NA	NA	NA	NA	NA	NA	NA	NA	NA	NA	NA	NA	NA	NA	NA	NA	NA	NA	NA	NA	NA	NA	NA	NA	NA	NA	NA	NA	NA	NA	NA	NA	NA	NA	Copy-number low (Endometriod)	NA	NA	NA	NA	NA	NA	NA	3	Y	Y	Endometrioid	Y	2	5	0.932869329	0	2	MSS	MSS	1_LOW	Y	Stage I
ucec_tcga_pan_can_atlas_2018	TCGA-A5-A0GW	TCGA-A5-A0GW-01	Endometrial Cancer	Uterine Endometrioid Carcinoma	Not Hispanic Or Latino	NA	NA	NA	307	UEC	Asian	1	Primary	Matched	10.26666667	NA	NA	NA	NA	NA	NA	46	NA	NA	NA	NA	NA	NA	NA	NA	NA	NA	NA	NA	NA	NA	NA	NA	NA	NA	NA	NA	NA	NA	NA	NA	NA	NA	NA	NA	NA	NA	NA	NA	NA	NA	NA	NA	NA	NA	NA	NA	NA	NA	NA	NA	NA	NA	NA	NA	NA	NA	NA	NA	NA	NA	NA	NA	NA	NA	NA	NA	NA	NA	NA	NA	NA	NA	NA	NA	NA	NA	NA	NA	NA	NA	NA	NA	NA	NA	NA	NA	NA	NA	NA	NA	NA	NA	NA	NA	NA	NA	NA	NA	NA	NA	NA	NA	NA	NA	NA	NA	NA	NA	NA	NA	NA	NA	NA	NA	NA	NA	NA	NA	NA	NA	NA	NA	NA	NA	NA	NA	NA	NA	NA	NA	NA	NA	NA	NA	NA	NA	NA	NA	NA	NA	NA	NA	NA	NA	NA	Female	NA	NA	NA	NA	NA	NA	NA	NA	NA	NA	NA	NA	NA	NA	NA	NA	NA	NA	0.0502	G3	NA	NA	NA	NA	NA	NA	NA	NA	NA	23.21070454	0:LIVING	NA	NA	NA	NA	NA	NA	NA	NA	NA	NA	NA	NA	NA	0	NA	23.21070454	0:DiseaseFree	NA	NA	NA	9/27/10	NA	NA	NA	NA	NA	No	NA	NA	NA	C54.1	8380/3	C54.1	Yes	NA	NA	NA	NA	NA	NA	NA	NA	NA	NA	NA	NA	NA	NA	NA	No	NA	NA	5b6b9d0f-787c-4ae9-afd4-de7ce6c57a42	NA	NA	NA	NA	NA	NA	NA	NA	NA	NA	NA	NA	NA	NA	NA	NA	NA	NA	NA	NA	NA	NA	NA	NA	NA	NA	Cedars Sinai	NA	NA	NA	NA	49	NA	706	-17092	NA	NA	NA	NA	NA	NA	NA	NA	NA	NA	NA	NA	NA	2	NA	UCEC	23.21070454	0:ALIVE OR DEAD TUMOR FREE	EAS	Yes	0.6829	24.38	Tumor Free	23.21070454	0:CENSORED	NA	No	Yes	NA	UCEC_MSI	7	No	Yes	A5	Uterus	Endometrioid Endometrial Adenocarcinoma	NA	NA	NA	NA	NA	NA	NA	NA	NA	NA	NA	NA	NA	NA	NA	NA
ucec_tcga_pan_can_atlas_2018	TCGA-A5-A0GX	TCGA-A5-A0GX-01	Endometrial Cancer	Uterine Endometrioid Carcinoma	NA	NA	NA	NA	32	UEC	White	1	Primary	Matched	1.066666667	NA	NA	NA	NA	NA	NA	53	NA	NA	NA	NA	NA	NA	NA	NA	NA	NA	NA	NA	NA	NA	NA	NA	NA	NA	NA	NA	NA	NA	NA	NA	NA	NA	NA	NA	NA	NA	NA	NA	NA	NA	NA	NA	NA	NA	NA	NA	NA	NA	NA	NA	NA	NA	NA	NA	NA	NA	NA	NA	NA	NA	NA	NA	NA	NA	NA	NA	NA	NA	NA	NA	NA	NA	NA	NA	NA	NA	NA	NA	NA	NA	NA	NA	NA	NA	NA	NA	NA	NA	NA	NA	NA	NA	NA	NA	NA	NA	NA	NA	NA	NA	NA	NA	NA	NA	NA	NA	NA	NA	NA	NA	NA	NA	NA	NA	NA	NA	NA	NA	NA	NA	NA	NA	NA	NA	NA	NA	NA	NA	NA	NA	NA	NA	NA	NA	NA	NA	NA	NA	NA	NA	NA	NA	NA	NA	NA	Female	NA	NA	NA	NA	NA	NA	NA	NA	NA	NA	NA	NA	NA	NA	NA	NA	NA	NA	0.0299	G2	NA	NA	NA	NA	NA	NA	NA	NA	NA	68.64582306	0:LIVING	NA	NA	NA	NA	NA	NA	NA	NA	NA	NA	NA	NA	NA	0	NA	68.64582306	0:DiseaseFree	NA	NA	NA	9/13/10	NA	NA	NA	NA	NA	No	NA	NA	NA	C54.1	8380/3	C54.1	Yes	NA	NA	NA	NA	NA	NA	NA	NA	NA	NA	NA	NA	NA	NA	NA	No	NA	NA	553f0ccd-4e6f-4ae2-9b39-97529eb3d826	NA	NA	NA	NA	NA	NA	NA	NA	NA	NA	NA	NA	NA	NA	NA	NA	NA	NA	NA	NA	NA	NA	NA	NA	NA	NA	Cedars Sinai	NA	NA	NA	NA	108	NA	2088	-19625	NA	NA	NA	NA	NA	NA	NA	NA	NA	NA	NA	NA	NA	0	NA	UCEC	68.64582306	0:ALIVE OR DEAD TUMOR FREE	EUR	Yes	0.2715	0.01	Tumor Free	68.64582306	0:CENSORED	NA	No	Yes	NA	UCEC_CN_LOW	3	No	Yes	A5	Uterus	Endometrioid Endometrial Adenocarcinoma	NA	NA	NA	NA	NA	NA	NA	NA	NA	NA	NA	NA	NA	NA	NA	NA
ucec_tcga_pub	TCGA-A5-A0GX	TCGA-A5-A0GX-01	Endometrial Cancer	Uterine Endometrioid Carcinoma	NA	NA	NA	NA	32	UEC	NA	1	Primary	Matched	1.06666666667	NA	NA	NA	NA	NA	NA	53	NA	NA	NA	NA	NA	NA	NA	NA	NA	NA	NA	NA	NA	NA	NA	NA	NA	NA	NA	NA	NA	NA	NA	NA	NA	NA	NA	NA	NA	NA	NA	NA	NA	NA	NA	NA	NA	NA	NA	NA	NA	NA	NA	NA	NA	NA	NA	NA	NA	NA	NA	NA	NA	NA	NA	NA	NA	NA	NA	NA	NA	NA	NA	NA	NA	NA	NA	NA	NA	NA	NA	NA	NA	NA	NA	NA	NA	NA	NA	NA	NA	NA	NA	NA	NA	NA	NA	NA	NA	NA	NA	NA	NA	NA	NA	NA	NA	NA	NA	NA	NA	NA	NA	NA	NA	NA	NA	NA	NA	NA	NA	NA	NA	NA	NA	NA	NA	NA	NA	NA	NA	NA	NA	NA	NA	NA	NA	NA	NA	NA	NA	NA	NA	NA	NA	NA	NA	NA	NA	Female	NA	NA	NA	NA	NA	NA	NA	NA	NA	NA	NA	NA	NA	NA	NA	NA	NA	NA	0.0299	Grade 2	NA	NA	NA	NA	NA	NA	NA	NA	NA	68.57	0:LIVING	NA	NA	NA	NA	NA	NA	NA	NA	NA	NA	NA	NA	NA	NA	NA	68.56819967	0:DiseaseFree	NA	NA	NA	NA	NA	NA	NA	NA	NA	NA	NA	NA	NA	NA	NA	NA	NA	NA	NA	NA	NA	NA	NA	NA	NA	NA	NA	NA	NA	NA	NA	NA	NA	NA	NA	NA	NA	NA	NA	NA	NA	NA	NA	NA	NA	NA	NA	NA	NA	NA	NA	NA	NA	NA	NA	NA	NA	NA	NA	NA	NA	NA	NA	NA	NA	NA	NA	NA	NA	NA	NA	NA	NA	NA	NA	NA	NA	NA	NA	NA	NA	NA	NA	NA	NA	NA	NA	NA	NA	NA	NA	NA	NA	NA	NA	NA	NA	NA	NA	NA	Copy-number low (Endometriod)	NA	NA	NA	NA	NA	NA	NA	2	Y	Y	Endometrioid	Y	4	2	0.953263868	0	3	MSS	MSS	1_LOW	Y	Stage I
ucec_tcga_pan_can_atlas_2018	TCGA-A5-A0R6	TCGA-A5-A0R6-01	Endometrial Cancer	Uterine Serous Carcinoma/Uterine Papillary Serous Carcinoma	Hispanic Or Latino	NA	NA	NA	49	USC	White	1	Primary	Matched	1.6	NA	NA	NA	NA	NA	NA	64	NA	NA	NA	NA	NA	NA	NA	NA	NA	NA	NA	NA	NA	NA	NA	NA	NA	NA	NA	NA	NA	NA	NA	NA	NA	NA	NA	NA	NA	NA	NA	NA	NA	NA	NA	NA	NA	NA	NA	NA	NA	NA	NA	NA	NA	NA	NA	NA	NA	NA	NA	NA	NA	NA	NA	NA	NA	NA	NA	NA	NA	NA	NA	NA	NA	NA	NA	NA	NA	NA	NA	NA	NA	NA	NA	NA	NA	NA	NA	NA	NA	NA	NA	NA	NA	NA	NA	NA	NA	NA	NA	NA	NA	NA	NA	NA	NA	NA	NA	NA	NA	NA	NA	NA	NA	NA	NA	NA	NA	NA	NA	NA	NA	NA	NA	NA	NA	NA	NA	NA	NA	NA	NA	NA	NA	NA	NA	NA	NA	NA	NA	NA	NA	NA	NA	NA	NA	NA	NA	Female	NA	NA	NA	NA	NA	NA	NA	NA	NA	NA	NA	NA	NA	NA	NA	NA	NA	NA	0.1466	G3	NA	NA	NA	NA	NA	NA	NA	NA	NA	37.9064339	0:LIVING	NA	NA	NA	NA	NA	NA	NA	2009	NA	NA	NA	NA	NA	0	NA	37.9064339	0:DiseaseFree	NA	NA	NA	1/27/11	NA	NA	NA	NA	NA	No	NA	NA	NA	C54.1	8441/3	C54.1	Yes	NA	NA	NA	NA	NA	NA	NA	NA	NA	NA	NA	NA	NA	NA	NA	Yes	NA	NA	39609d3c-f5d3-4bc4-b356-1403c6dd1cb5	NA	NA	NA	NA	NA	NA	NA	NA	NA	NA	NA	NA	NA	NA	NA	NA	NA	NA	NA	NA	NA	NA	NA	NA	NA	NA	Cedars Sinai	NA	NA	NA	NA	68	NA	1153	-23449	NA	NA	NA	NA	NA	NA	NA	NA	NA	NA	NA	NA	NA	17	NA	UCEC	37.9064339	0:ALIVE OR DEAD TUMOR FREE	NA	Yes	0.2949	0.03	Tumor Free	31.59417431	1:PROGRESSION	NA	No	Yes	NA	UCEC_CN_HIGH	197	No	Yes	A5	Uterus	Serous Endometrial Adenocarcinoma	NA	NA	NA	NA	NA	NA	NA	NA	NA	NA	NA	NA	NA	NA	NA	NA
ucec_tcga_pan_can_atlas_2018	TCGA-A5-A0R7	TCGA-A5-A0R7-01	Endometrial Cancer	Uterine Endometrioid Carcinoma	Not Hispanic Or Latino	NA	NA	NA	69	UEC	White	1	Primary	Matched	2.3	NA	NA	NA	NA	NA	NA	55	NA	NA	NA	NA	NA	NA	NA	NA	NA	NA	NA	NA	NA	NA	NA	NA	NA	NA	NA	NA	NA	NA	NA	NA	NA	NA	NA	NA	NA	NA	NA	NA	NA	NA	NA	NA	NA	NA	NA	NA	NA	NA	NA	NA	NA	NA	NA	NA	NA	NA	NA	NA	NA	NA	NA	NA	NA	NA	NA	NA	NA	NA	NA	NA	NA	NA	NA	NA	NA	NA	NA	NA	NA	NA	NA	NA	NA	NA	NA	NA	NA	NA	NA	NA	NA	NA	NA	NA	NA	NA	NA	NA	NA	NA	NA	NA	NA	NA	NA	NA	NA	NA	NA	NA	NA	NA	NA	NA	NA	NA	NA	NA	NA	NA	NA	NA	NA	NA	NA	NA	NA	NA	NA	NA	NA	NA	NA	NA	NA	NA	NA	NA	NA	NA	NA	NA	NA	NA	NA	Female	NA	NA	NA	NA	NA	NA	NA	NA	NA	NA	NA	NA	NA	NA	NA	NA	NA	NA	0.3529	G2	NA	NA	NA	NA	NA	NA	NA	NA	NA	17.58884834	0:LIVING	NA	NA	NA	NA	NA	NA	NA	NA	NA	NA	NA	NA	NA	0	NA	17.58884834	0:DiseaseFree	NA	NA	NA	11/15/10	NA	NA	NA	NA	NA	No	NA	NA	NA	C54.1	8380/3	C54.1	Yes	NA	NA	NA	NA	NA	NA	NA	NA	NA	NA	NA	NA	NA	NA	NA	No	NA	NA	02b25675-094d-4098-96da-51d121380fec	NA	NA	NA	NA	NA	NA	NA	NA	NA	NA	NA	NA	NA	NA	NA	NA	NA	NA	NA	NA	NA	NA	NA	NA	NA	NA	Cedars Sinai	NA	NA	NA	NA	136	NA	535	-20250	NA	NA	NA	NA	NA	NA	NA	NA	NA	NA	NA	NA	NA	10	NA	UCEC	17.58884834	0:ALIVE OR DEAD TUMOR FREE	EUR	Yes	0.2748	0.37	Tumor Free	17.58884834	0:CENSORED	NA	No	No	NA	UCEC_CN_LOW	37	No	Yes	A5	Uterus	Endometrioid Endometrial Adenocarcinoma	NA	NA	NA	NA	NA	NA	NA	NA	NA	NA	NA	NA	NA	NA	NA	NA
ucec_tcga_pan_can_atlas_2018	TCGA-A5-A0R8	TCGA-A5-A0R8-01	Endometrial Cancer	Uterine Endometrioid Carcinoma	Not Hispanic Or Latino	NA	NA	NA	77	UEC	White	1	Primary	Matched	2.566666667	NA	NA	NA	NA	NA	NA	81	NA	NA	NA	NA	NA	NA	NA	NA	NA	NA	NA	NA	NA	NA	NA	NA	NA	NA	NA	NA	NA	NA	NA	NA	NA	NA	NA	NA	NA	NA	NA	NA	NA	NA	NA	NA	NA	NA	NA	NA	NA	NA	NA	NA	NA	NA	NA	NA	NA	NA	NA	NA	NA	NA	NA	NA	NA	NA	NA	NA	NA	NA	NA	NA	NA	NA	NA	NA	NA	NA	NA	NA	NA	NA	NA	NA	NA	NA	NA	NA	NA	NA	NA	NA	NA	NA	NA	NA	NA	NA	NA	NA	NA	NA	NA	NA	NA	NA	NA	NA	NA	NA	NA	NA	NA	NA	NA	NA	NA	NA	NA	NA	NA	NA	NA	NA	NA	NA	NA	NA	NA	NA	NA	NA	NA	NA	NA	NA	NA	NA	NA	NA	NA	NA	NA	NA	NA	NA	NA	Female	NA	NA	NA	NA	NA	NA	NA	NA	NA	NA	NA	NA	NA	NA	NA	NA	NA	NA	0.0000	G2	NA	NA	NA	NA	NA	NA	NA	NA	NA	19.59430582	0:LIVING	NA	NA	NA	NA	NA	NA	NA	NA	NA	NA	NA	NA	NA	0	NA	1.380806786	1:Recurred/Progressed	NA	NA	NA	12/17/10	NA	NA	NA	NA	NA	No	NA	NA	NA	C54.1	8380/3	C54.1	Yes	NA	NA	NA	NA	NA	NA	NA	NA	NA	NA	NA	NA	NA	NA	NA	No	NA	NA	06d16b6b-9ca6-4cec-a785-f27aa4323cec	NA	NA	NA	NA	NA	NA	NA	NA	NA	NA	NA	NA	NA	NA	NA	NA	NA	NA	NA	NA	NA	NA	NA	NA	NA	NA	Cedars Sinai	NA	NA	NA	NA	62	NA	596	-29777	NA	NA	NA	NA	NA	NA	NA	NA	NA	NA	NA	NA	NA	0	NA	UCEC	19.59430582	0:ALIVE OR DEAD TUMOR FREE	EUR	Yes	0.2859	0.07	Tumor Free	1.380806786	1:PROGRESSION	NA	No	Yes	NA	UCEC_CN_LOW	2	No	Yes	A5	Uterus	Endometrioid Endometrial Adenocarcinoma	NA	NA	NA	NA	NA	NA	NA	NA	NA	NA	NA	NA	NA	NA	NA	NA
ucec_tcga_pub	TCGA-A5-A0R8	TCGA-A5-A0R8-01	Endometrial Cancer	Uterine Endometrioid Carcinoma	NA	NA	NA	NA	74	UEC	NA	1	Primary	Matched	2.4	NA	NA	NA	NA	NA	NA	81	NA	NA	NA	NA	NA	NA	NA	NA	NA	NA	NA	NA	NA	NA	NA	NA	NA	NA	NA	NA	NA	NA	NA	NA	NA	NA	NA	NA	NA	NA	NA	NA	NA	NA	NA	NA	NA	NA	NA	NA	NA	NA	NA	NA	NA	NA	NA	NA	NA	NA	NA	NA	NA	NA	NA	NA	NA	NA	NA	NA	NA	NA	NA	NA	NA	NA	NA	NA	NA	NA	NA	NA	NA	NA	NA	NA	NA	NA	NA	NA	NA	NA	NA	NA	NA	NA	NA	NA	NA	NA	NA	NA	NA	NA	NA	NA	NA	NA	NA	NA	NA	NA	NA	NA	NA	NA	NA	NA	NA	NA	NA	NA	NA	NA	NA	NA	NA	NA	NA	NA	NA	NA	NA	NA	NA	NA	NA	NA	NA	NA	NA	NA	NA	NA	NA	NA	NA	NA	NA	Female	NA	NA	NA	NA	NA	NA	NA	NA	NA	NA	NA	NA	NA	NA	NA	NA	NA	NA	0.0000	Grade 2	NA	NA	NA	NA	NA	NA	NA	NA	NA	19.55	0:LIVING	NA	NA	NA	NA	NA	NA	NA	NA	NA	NA	NA	NA	NA	NA	NA	1.37990627	1:Recurred	NA	NA	NA	NA	NA	NA	NA	NA	NA	NA	NA	NA	NA	NA	NA	NA	NA	NA	NA	NA	NA	NA	NA	NA	NA	NA	NA	NA	NA	NA	NA	NA	NA	NA	NA	NA	NA	NA	NA	NA	NA	NA	NA	NA	NA	NA	NA	NA	NA	NA	NA	NA	NA	NA	NA	NA	NA	NA	NA	NA	NA	NA	NA	NA	NA	NA	NA	NA	NA	NA	NA	NA	NA	NA	NA	NA	NA	NA	NA	NA	NA	NA	NA	NA	NA	NA	NA	NA	NA	NA	NA	NA	NA	NA	NA	NA	NA	NA	NA	NA	Copy-number low (Endometriod)	NA	NA	NA	NA	NA	NA	NA	1	Y	Y	Endometrioid	Y	4	1	0.71082576	0	3	MSS	MSS	1_LOW	Y	Stage I
ucec_tcga_pub	TCGA-A5-A0R9	TCGA-A5-A0R9-01	Endometrial Cancer	Uterine Endometrioid Carcinoma	NA	NA	NA	NA	35	UEC	NA	1	Primary	Matched	1.16666666667	NA	NA	NA	NA	NA	NA	51	NA	NA	NA	NA	NA	NA	NA	NA	NA	NA	NA	NA	NA	NA	NA	NA	NA	NA	NA	NA	NA	NA	NA	NA	NA	NA	NA	NA	NA	NA	NA	NA	NA	NA	NA	NA	NA	NA	NA	NA	NA	NA	NA	NA	NA	NA	NA	NA	NA	NA	NA	NA	NA	NA	NA	NA	NA	NA	NA	NA	NA	NA	NA	NA	NA	NA	NA	NA	NA	NA	NA	NA	NA	NA	NA	NA	NA	NA	NA	NA	NA	NA	NA	NA	NA	NA	NA	NA	NA	NA	NA	NA	NA	NA	NA	NA	NA	NA	NA	NA	NA	NA	NA	NA	NA	NA	NA	NA	NA	NA	NA	NA	NA	NA	NA	NA	NA	NA	NA	NA	NA	NA	NA	NA	NA	NA	NA	NA	NA	NA	NA	NA	NA	NA	NA	NA	NA	NA	NA	Female	NA	NA	NA	NA	NA	NA	NA	NA	NA	NA	NA	NA	NA	NA	NA	NA	NA	NA	0.0465	Grade 2	NA	NA	NA	NA	NA	NA	NA	NA	NA	24.61	0:LIVING	NA	NA	NA	NA	NA	NA	NA	NA	NA	NA	NA	NA	NA	NA	NA	24.60832849	0:DiseaseFree	NA	NA	NA	NA	NA	NA	NA	NA	NA	NA	NA	NA	NA	NA	NA	NA	NA	NA	NA	NA	NA	NA	NA	NA	NA	NA	NA	NA	NA	NA	NA	NA	NA	NA	NA	NA	NA	NA	NA	NA	NA	NA	NA	NA	NA	NA	NA	NA	NA	NA	NA	NA	NA	NA	NA	NA	NA	NA	NA	NA	NA	NA	NA	NA	NA	NA	NA	NA	NA	NA	NA	NA	NA	NA	NA	NA	NA	NA	NA	NA	NA	NA	NA	NA	NA	NA	NA	NA	NA	NA	NA	NA	NA	NA	NA	NA	NA	NA	NA	NA	Copy-number low (Endometriod)	NA	NA	NA	NA	NA	NA	NA	2	Y	Y	Endometrioid	Y	4	6	0.936182815	0	3	MSS	MSS	1_LOW	Y	Stage I
ucec_tcga_pan_can_atlas_2018	TCGA-A5-A0R9	TCGA-A5-A0R9-01	Endometrial Cancer	Uterine Endometrioid Carcinoma	Not Hispanic Or Latino	NA	NA	NA	43	UEC	White	1	Primary	Matched	1.466666667	NA	NA	NA	NA	NA	NA	51	NA	NA	NA	NA	NA	NA	NA	NA	NA	NA	NA	NA	NA	NA	NA	NA	NA	NA	NA	NA	NA	NA	NA	NA	NA	NA	NA	NA	NA	NA	NA	NA	NA	NA	NA	NA	NA	NA	NA	NA	NA	NA	NA	NA	NA	NA	NA	NA	NA	NA	NA	NA	NA	NA	NA	NA	NA	NA	NA	NA	NA	NA	NA	NA	NA	NA	NA	NA	NA	NA	NA	NA	NA	NA	NA	NA	NA	NA	NA	NA	NA	NA	NA	NA	NA	NA	NA	NA	NA	NA	NA	NA	NA	NA	NA	NA	NA	NA	NA	NA	NA	NA	NA	NA	NA	NA	NA	NA	NA	NA	NA	NA	NA	NA	NA	NA	NA	NA	NA	NA	NA	NA	NA	NA	NA	NA	NA	NA	NA	NA	NA	NA	NA	NA	NA	NA	NA	NA	NA	Female	NA	NA	NA	NA	NA	NA	NA	NA	NA	NA	NA	NA	NA	NA	NA	NA	NA	NA	0.0465	G2	NA	NA	NA	NA	NA	NA	NA	NA	NA	24.62438768	0:LIVING	NA	NA	NA	NA	NA	NA	NA	1995	NA	NA	NA	NA	NA	0	NA	24.62438768	0:DiseaseFree	NA	NA	NA	1/7/11	NA	NA	NA	NA	NA	No	NA	NA	NA	C54.1	8380/3	C54.1	Yes	NA	NA	NA	NA	NA	NA	NA	NA	NA	NA	NA	NA	NA	NA	NA	No	NA	NA	284174fd-1320-4617-9e99-75bd75df9bf3	NA	NA	NA	NA	NA	NA	NA	NA	NA	NA	NA	NA	NA	NA	NA	NA	NA	NA	NA	NA	NA	NA	NA	NA	NA	NA	Cedars Sinai	NA	NA	NA	NA	145	NA	749	-18982	NA	NA	NA	NA	NA	NA	NA	NA	NA	NA	NA	NA	NA	2	NA	UCEC	24.62438768	0:ALIVE OR DEAD TUMOR FREE	EUR	Yes	0.2815	0.33	Tumor Free	24.62438768	0:CENSORED	NA	No	Yes	NA	UCEC_CN_LOW	4	No	Yes	A5	Uterus	Endometrioid Endometrial Adenocarcinoma	NA	NA	NA	NA	NA	NA	NA	NA	NA	NA	NA	NA	NA	NA	NA	NA
ucec_tcga_pan_can_atlas_2018	TCGA-A5-A0RA	TCGA-A5-A0RA-01	Endometrial Cancer	Uterine Endometrioid Carcinoma	Not Hispanic Or Latino	NA	NA	NA	76	UEC	White	1	Primary	Matched	2.533333333	NA	NA	NA	NA	NA	NA	68	NA	NA	NA	NA	NA	NA	NA	NA	NA	NA	NA	NA	NA	NA	NA	NA	NA	NA	NA	NA	NA	NA	NA	NA	NA	NA	NA	NA	NA	NA	NA	NA	NA	NA	NA	NA	NA	NA	NA	NA	NA	NA	NA	NA	NA	NA	NA	NA	NA	NA	NA	NA	NA	NA	NA	NA	NA	NA	NA	NA	NA	NA	NA	NA	NA	NA	NA	NA	NA	NA	NA	NA	NA	NA	NA	NA	NA	NA	NA	NA	NA	NA	NA	NA	NA	NA	NA	NA	NA	NA	NA	NA	NA	NA	NA	NA	NA	NA	NA	NA	NA	NA	NA	NA	NA	NA	NA	NA	NA	NA	NA	NA	NA	NA	NA	NA	NA	NA	NA	NA	NA	NA	NA	NA	NA	NA	NA	NA	NA	NA	NA	NA	NA	NA	NA	NA	NA	NA	NA	Female	NA	NA	NA	NA	NA	NA	NA	NA	NA	NA	NA	NA	NA	NA	NA	NA	NA	NA	0.0018	G2	NA	NA	NA	NA	NA	NA	NA	NA	NA	29.0626952	0:LIVING	NA	NA	NA	NA	NA	NA	NA	NA	NA	NA	NA	NA	NA	0	NA	29.0626952	0:DiseaseFree	NA	NA	NA	11/15/10	NA	NA	NA	NA	NA	No	NA	NA	NA	C54.1	8380/3	C54.1	Yes	NA	NA	NA	NA	NA	NA	NA	NA	NA	NA	NA	NA	NA	NA	NA	No	NA	NA	afd710b8-d172-4ac4-9973-e969db1ed231	NA	NA	NA	NA	NA	NA	NA	NA	NA	NA	NA	NA	NA	NA	NA	NA	NA	NA	NA	NA	NA	NA	NA	NA	NA	NA	Cedars Sinai	NA	NA	NA	NA	113	NA	884	-25060	NA	NA	NA	NA	NA	NA	NA	NA	NA	NA	NA	NA	NA	0	NA	UCEC	29.0626952	0:ALIVE OR DEAD TUMOR FREE	EUR	Yes	0.2688	0.03	Tumor Free	29.0626952	0:CENSORED	NA	No	Yes	NA	UCEC_CN_LOW	2	No	Yes	A5	Uterus	Endometrioid Endometrial Adenocarcinoma	NA	NA	NA	NA	NA	NA	NA	NA	NA	NA	NA	NA	NA	NA	NA	NA
ucec_tcga_pub	TCGA-A5-A0RA	TCGA-A5-A0RA-01	Endometrial Cancer	Uterine Endometrioid Carcinoma	NA	NA	NA	NA	71	UEC	NA	1	Primary	Matched	2.36666666667	NA	NA	NA	NA	NA	NA	68	NA	NA	NA	NA	NA	NA	NA	NA	NA	NA	NA	NA	NA	NA	NA	NA	NA	NA	NA	NA	NA	NA	NA	NA	NA	NA	NA	NA	NA	NA	NA	NA	NA	NA	NA	NA	NA	NA	NA	NA	NA	NA	NA	NA	NA	NA	NA	NA	NA	NA	NA	NA	NA	NA	NA	NA	NA	NA	NA	NA	NA	NA	NA	NA	NA	NA	NA	NA	NA	NA	NA	NA	NA	NA	NA	NA	NA	NA	NA	NA	NA	NA	NA	NA	NA	NA	NA	NA	NA	NA	NA	NA	NA	NA	NA	NA	NA	NA	NA	NA	NA	NA	NA	NA	NA	NA	NA	NA	NA	NA	NA	NA	NA	NA	NA	NA	NA	NA	NA	NA	NA	NA	NA	NA	NA	NA	NA	NA	NA	NA	NA	NA	NA	NA	NA	NA	NA	NA	NA	Female	NA	NA	NA	NA	NA	NA	NA	NA	NA	NA	NA	NA	NA	NA	NA	NA	NA	NA	0.0018	Grade 2	NA	NA	NA	NA	NA	NA	NA	NA	NA	29.01	0:LIVING	NA	NA	NA	NA	NA	NA	NA	NA	NA	NA	NA	NA	NA	NA	NA	29.01088659	0:DiseaseFree	NA	NA	NA	NA	NA	NA	NA	NA	NA	NA	NA	NA	NA	NA	NA	NA	NA	NA	NA	NA	NA	NA	NA	NA	NA	NA	NA	NA	NA	NA	NA	NA	NA	NA	NA	NA	NA	NA	NA	NA	NA	NA	NA	NA	NA	NA	NA	NA	NA	NA	NA	NA	NA	NA	NA	NA	NA	NA	NA	NA	NA	NA	NA	NA	NA	NA	NA	NA	NA	NA	NA	NA	NA	NA	NA	NA	NA	NA	NA	NA	NA	NA	NA	NA	NA	NA	NA	NA	NA	NA	NA	NA	NA	NA	NA	NA	NA	NA	NA	NA	Copy-number low (Endometriod)	NA	NA	NA	NA	NA	NA	NA	1	Y	Y	Endometrioid	Y	2	4	0.923555802	0	2	MSS	MSS	1_LOW	Y	Stage I
ucec_tcga_pan_can_atlas_2018	TCGA-A5-A0VP	TCGA-A5-A0VP-01	Endometrial Cancer	Uterine Endometrioid Carcinoma	Not Hispanic Or Latino	NA	NA	NA	1472	UEC	White	1	Primary	Matched	49.2	NA	NA	NA	NA	NA	NA	74	NA	NA	NA	NA	NA	NA	NA	NA	NA	NA	NA	NA	NA	NA	NA	NA	NA	NA	NA	NA	NA	NA	NA	NA	NA	NA	NA	NA	NA	NA	NA	NA	NA	NA	NA	NA	NA	NA	NA	NA	NA	NA	NA	NA	NA	NA	NA	NA	NA	NA	NA	NA	NA	NA	NA	NA	NA	NA	NA	NA	NA	NA	NA	NA	NA	NA	NA	NA	NA	NA	NA	NA	NA	NA	NA	NA	NA	NA	NA	NA	NA	NA	NA	NA	NA	NA	NA	NA	NA	NA	NA	NA	NA	NA	NA	NA	NA	NA	NA	NA	NA	NA	NA	NA	NA	NA	NA	NA	NA	NA	NA	NA	NA	NA	NA	NA	NA	NA	NA	NA	NA	NA	NA	NA	NA	NA	NA	NA	NA	NA	NA	NA	NA	NA	NA	NA	NA	NA	NA	Female	NA	NA	NA	NA	NA	NA	NA	NA	NA	NA	NA	NA	NA	NA	NA	NA	NA	NA	0.0813	G3	NA	NA	NA	NA	NA	NA	NA	NA	NA	42.34474143	0:LIVING	NA	NA	NA	NA	NA	NA	NA	NA	NA	NA	NA	NA	NA	0	NA	42.34474143	0:DiseaseFree	NA	NA	NA	11/15/10	NA	NA	NA	NA	NA	No	NA	NA	NA	C54.1	8380/3	C54.1	Yes	NA	NA	NA	NA	NA	NA	NA	NA	NA	NA	NA	NA	NA	NA	NA	No	NA	NA	2db0fb62-64ce-457c-9e22-dd05ef59f684	NA	NA	NA	NA	NA	NA	NA	NA	NA	NA	NA	NA	NA	NA	NA	NA	NA	NA	NA	NA	NA	NA	NA	NA	NA	NA	Cedars Sinai	NA	NA	NA	NA	58	NA	1288	-27335	NA	NA	NA	NA	NA	NA	NA	NA	NA	NA	NA	NA	NA	3	NA	UCEC	42.34474143	0:ALIVE OR DEAD TUMOR FREE	EUR	Yes	0.5739	13.09	Tumor Free	42.34474143	0:CENSORED	NA	No	Yes	NA	UCEC_MSI	2	No	Yes	A5	Uterus	Endometrioid Endometrial Adenocarcinoma	NA	NA	NA	NA	NA	NA	NA	NA	NA	NA	NA	NA	NA	NA	NA	NA
ucec_tcga_pan_can_atlas_2018	TCGA-A5-A0VQ	TCGA-A5-A0VQ-01	Endometrial Cancer	Uterine Endometrioid Carcinoma	Hispanic Or Latino	NA	NA	NA	366	UEC	NA	1	Primary	Matched	12.23333333	NA	NA	NA	NA	NA	NA	62	NA	NA	NA	NA	NA	NA	NA	NA	NA	NA	NA	NA	NA	NA	NA	NA	NA	NA	NA	NA	NA	NA	NA	NA	NA	NA	NA	NA	NA	NA	NA	NA	NA	NA	NA	NA	NA	NA	NA	NA	NA	NA	NA	NA	NA	NA	NA	NA	NA	NA	NA	NA	NA	NA	NA	NA	NA	NA	NA	NA	NA	NA	NA	NA	NA	NA	NA	NA	NA	NA	NA	NA	NA	NA	NA	NA	NA	NA	NA	NA	NA	NA	NA	NA	NA	NA	NA	NA	NA	NA	NA	NA	NA	NA	NA	NA	NA	NA	NA	NA	NA	NA	NA	NA	NA	NA	NA	NA	NA	NA	NA	NA	NA	NA	NA	NA	NA	NA	NA	NA	NA	NA	NA	NA	NA	NA	NA	NA	NA	NA	NA	NA	NA	NA	NA	NA	NA	NA	NA	Female	NA	NA	NA	NA	NA	NA	NA	NA	NA	NA	NA	NA	NA	NA	NA	NA	NA	NA	0.0001	G3	NA	NA	NA	NA	NA	NA	NA	NA	NA	15.94503074	0:LIVING	NA	NA	NA	NA	NA	NA	NA	NA	NA	NA	NA	NA	NA	0	NA	15.94503074	0:DiseaseFree	NA	NA	NA	11/15/10	NA	NA	NA	NA	NA	No	NA	NA	NA	C54.1	8380/3	C54.1	Yes	NA	NA	NA	NA	NA	NA	NA	NA	NA	NA	NA	NA	NA	NA	NA	No	NA	NA	23489245-48d7-4f19-8a42-e23b1181412b	NA	NA	NA	NA	NA	NA	NA	NA	NA	NA	NA	NA	NA	NA	NA	NA	NA	NA	NA	NA	NA	NA	NA	NA	NA	NA	Cedars Sinai	NA	NA	NA	NA	89	NA	485	-22995	NA	NA	NA	NA	NA	NA	NA	NA	NA	NA	NA	NA	NA	0	NA	UCEC	15.94503074	0:ALIVE OR DEAD TUMOR FREE	AMR	Yes	0.6689	15.57	Tumor Free	15.94503074	0:CENSORED	NA	No	Yes	NA	UCEC_MSI	0	No	Yes	A5	Uterus	Endometrioid Endometrial Adenocarcinoma	NA	NA	NA	NA	NA	NA	NA	NA	NA	NA	NA	NA	NA	NA	NA	NA
ucec_tcga_pan_can_atlas_2018	TCGA-A5-A1OG	TCGA-A5-A1OG-01	Endometrial Cancer	Uterine Serous Carcinoma/Uterine Papillary Serous Carcinoma	Not Hispanic Or Latino	NA	NA	NA	37	USC	Asian	1	Primary	Matched	1.233333333	NA	NA	NA	NA	NA	NA	65	NA	NA	NA	NA	NA	NA	NA	NA	NA	NA	NA	NA	NA	NA	NA	NA	NA	NA	NA	NA	NA	NA	NA	NA	NA	NA	NA	NA	NA	NA	NA	NA	NA	NA	NA	NA	NA	NA	NA	NA	NA	NA	NA	NA	NA	NA	NA	NA	NA	NA	NA	NA	NA	NA	NA	NA	NA	NA	NA	NA	NA	NA	NA	NA	NA	NA	NA	NA	NA	NA	NA	NA	NA	NA	NA	NA	NA	NA	NA	NA	NA	NA	NA	NA	NA	NA	NA	NA	NA	NA	NA	NA	NA	NA	NA	NA	NA	NA	NA	NA	NA	NA	NA	NA	NA	NA	NA	NA	NA	NA	NA	NA	NA	NA	NA	NA	NA	NA	NA	NA	NA	NA	NA	NA	NA	NA	NA	NA	NA	NA	NA	NA	NA	NA	NA	NA	NA	NA	NA	Female	NA	NA	NA	NA	NA	NA	NA	NA	NA	NA	NA	NA	NA	NA	NA	NA	NA	NA	0.3103	G3	NA	NA	NA	NA	NA	NA	NA	NA	NA	31.98869054	1:DECEASED	NA	NA	NA	NA	NA	NA	NA	2009	NA	NA	NA	NA	NA	0	NA	11.07933064	1:Recurred/Progressed	NA	NA	NA	8/1/11	NA	NA	NA	NA	NA	No	NA	NA	NA	C54.1	8441/3	C54.1	Yes	NA	NA	NA	NA	NA	NA	NA	NA	NA	NA	NA	NA	NA	NA	NA	No	NA	NA	5c3f826c-b447-457d-a90e-715bad3c7118	NA	NA	NA	NA	NA	NA	NA	NA	NA	NA	NA	NA	NA	NA	NA	NA	NA	NA	NA	NA	NA	NA	NA	NA	NA	NA	Cedars Sinai	NA	NA	NA	NA	64	NA	348	-23956	NA	NA	NA	NA	NA	NA	NA	NA	NA	NA	NA	NA	NA	18	NA	UCEC	31.98869054	1:DEAD WITH TUMOR	EAS	Yes	0.329	0.24	With Tumor	11.07933064	1:PROGRESSION	NA	No	Yes	NA	UCEC_CN_HIGH	272	Yes	No	A5	Uterus	Serous Endometrial Adenocarcinoma	NA	NA	NA	NA	NA	NA	NA	NA	NA	NA	NA	NA	NA	NA	NA	NA
ucec_tcga_pan_can_atlas_2018	TCGA-A5-A1OH	TCGA-A5-A1OH-01	Endometrial Cancer	Uterine Serous Carcinoma/Uterine Papillary Serous Carcinoma	NA	NA	NA	NA	112	USC	White	1	Primary	Matched	3.8	NA	NA	NA	NA	NA	NA	86	NA	NA	NA	NA	NA	NA	NA	NA	NA	NA	NA	NA	NA	NA	NA	NA	NA	NA	NA	NA	NA	NA	NA	NA	NA	NA	NA	NA	NA	NA	NA	NA	NA	NA	NA	NA	NA	NA	NA	NA	NA	NA	NA	NA	NA	NA	NA	NA	NA	NA	NA	NA	NA	NA	NA	NA	NA	NA	NA	NA	NA	NA	NA	NA	NA	NA	NA	NA	NA	NA	NA	NA	NA	NA	NA	NA	NA	NA	NA	NA	NA	NA	NA	NA	NA	NA	NA	NA	NA	NA	NA	NA	NA	NA	NA	NA	NA	NA	NA	NA	NA	NA	NA	NA	NA	NA	NA	NA	NA	NA	NA	NA	NA	NA	NA	NA	NA	NA	NA	NA	NA	NA	NA	NA	NA	NA	NA	NA	NA	NA	NA	NA	NA	NA	NA	NA	NA	NA	NA	Female	NA	NA	NA	NA	NA	NA	NA	NA	NA	NA	NA	NA	NA	NA	NA	NA	NA	NA	0.5541	G3	NA	NA	NA	NA	NA	NA	NA	NA	NA	36.328369	0:LIVING	NA	NA	NA	NA	NA	NA	NA	2009	NA	NA	NA	NA	NA	0	NA	36.328369	0:DiseaseFree	NA	NA	NA	8/3/12	NA	NA	NA	NA	NA	No	NA	NA	NA	C54.1	8441/3	C54.1	Yes	NA	NA	NA	NA	NA	NA	NA	NA	NA	NA	NA	NA	NA	NA	NA	No	NA	NA	9BCE44A2-DCEE-4D1A-A522-C2BCB9A8E025	NA	NA	NA	NA	NA	NA	NA	NA	NA	NA	NA	NA	NA	NA	NA	NA	NA	NA	NA	NA	NA	NA	NA	NA	NA	NA	Cedars Sinai	NA	NA	NA	NA	59	NA	1105	-31451	NA	NA	NA	NA	NA	NA	NA	NA	NA	NA	NA	NA	NA	NA	21	UCEC	36.328369	0:ALIVE OR DEAD TUMOR FREE	EUR	Yes	0.3161	0.4	Tumor Free	36.328369	0:CENSORED	NA	No	Yes	16	UCEC_CN_HIGH	598	No	Yes	A5	Uterus	Serous Endometrial Adenocarcinoma	26	NA	NA	NA	NA	NA	NA	NA	NA	NA	NA	NA	NA	NA	NA	NA
ucec_tcga_pan_can_atlas_2018	TCGA-A5-A1OJ	TCGA-A5-A1OJ-01	Endometrial Cancer	Uterine Endometrioid Carcinoma	Not Hispanic Or Latino	NA	NA	NA	63	UEC	Asian	1	Primary	Matched	2.066666667	NA	NA	NA	NA	NA	NA	31	NA	NA	NA	NA	NA	NA	NA	NA	NA	NA	NA	NA	NA	NA	NA	NA	NA	NA	NA	NA	NA	NA	NA	NA	NA	NA	NA	NA	NA	NA	NA	NA	NA	NA	NA	NA	NA	NA	NA	NA	NA	NA	NA	NA	NA	NA	NA	NA	NA	NA	NA	NA	NA	NA	NA	NA	NA	NA	NA	NA	NA	NA	NA	NA	NA	NA	NA	NA	NA	NA	NA	NA	NA	NA	NA	NA	NA	NA	NA	NA	NA	NA	NA	NA	NA	NA	NA	NA	NA	NA	NA	NA	NA	NA	NA	NA	NA	NA	NA	NA	NA	NA	NA	NA	NA	NA	NA	NA	NA	NA	NA	NA	NA	NA	NA	NA	NA	NA	NA	NA	NA	NA	NA	NA	NA	NA	NA	NA	NA	NA	NA	NA	NA	NA	NA	NA	NA	NA	NA	Female	NA	NA	NA	NA	NA	NA	NA	NA	NA	NA	NA	NA	NA	NA	NA	NA	NA	NA	0.0810	G2	NA	NA	NA	NA	NA	NA	NA	NA	NA	33.07361015	0:LIVING	NA	NA	NA	NA	NA	NA	NA	2009	NA	NA	NA	NA	NA	0	NA	33.07361015	0:DiseaseFree	NA	NA	NA	8/1/11	NA	NA	NA	NA	NA	No	NA	NA	NA	C54.1	8380/3	C54.1	Yes	NA	NA	NA	NA	NA	NA	NA	NA	NA	NA	NA	NA	NA	NA	NA	No	NA	NA	0f361166-2b7d-4ef5-9f8f-ee2488548a0b	NA	NA	NA	NA	NA	NA	NA	NA	NA	NA	NA	NA	NA	NA	NA	NA	NA	NA	NA	NA	NA	NA	NA	NA	NA	NA	Cedars Sinai	NA	NA	NA	NA	94	NA	1006	-11635	NA	NA	NA	NA	NA	NA	NA	NA	NA	NA	NA	NA	NA	3	NA	UCEC	33.07361015	0:ALIVE OR DEAD TUMOR FREE	EAS	Yes	0.2921	0	Tumor Free	33.07361015	0:CENSORED	NA	No	No	NA	UCEC_CN_LOW	0	Yes	No	A5	Uterus	Endometrioid Endometrial Adenocarcinoma	NA	NA	NA	NA	NA	NA	NA	NA	NA	NA	NA	NA	NA	NA	NA	NA
ucec_tcga_pan_can_atlas_2018	TCGA-A5-A1OK	TCGA-A5-A1OK-01	Endometrial Cancer	Uterine Endometrioid Carcinoma	Not Hispanic Or Latino	NA	NA	NA	65	UEC	White	1	Primary	Matched	2.166666667	NA	NA	NA	NA	NA	NA	63	NA	NA	NA	NA	NA	NA	NA	NA	NA	NA	NA	NA	NA	NA	NA	NA	NA	NA	NA	NA	NA	NA	NA	NA	NA	NA	NA	NA	NA	NA	NA	NA	NA	NA	NA	NA	NA	NA	NA	NA	NA	NA	NA	NA	NA	NA	NA	NA	NA	NA	NA	NA	NA	NA	NA	NA	NA	NA	NA	NA	NA	NA	NA	NA	NA	NA	NA	NA	NA	NA	NA	NA	NA	NA	NA	NA	NA	NA	NA	NA	NA	NA	NA	NA	NA	NA	NA	NA	NA	NA	NA	NA	NA	NA	NA	NA	NA	NA	NA	NA	NA	NA	NA	NA	NA	NA	NA	NA	NA	NA	NA	NA	NA	NA	NA	NA	NA	NA	NA	NA	NA	NA	NA	NA	NA	NA	NA	NA	NA	NA	NA	NA	NA	NA	NA	NA	NA	NA	NA	Female	NA	NA	NA	NA	NA	NA	NA	NA	NA	NA	NA	NA	NA	NA	NA	NA	NA	NA	0.0342	G3	NA	NA	NA	NA	NA	NA	NA	NA	NA	30.14761482	0:LIVING	NA	NA	NA	NA	NA	NA	NA	2009	NA	NA	NA	NA	NA	0	NA	30.14761482	0:DiseaseFree	NA	NA	NA	8/1/11	NA	NA	NA	NA	NA	No	NA	NA	NA	C54.1	8380/3	C54.1	Yes	NA	NA	NA	NA	NA	NA	NA	NA	NA	NA	NA	NA	NA	NA	NA	No	NA	NA	2fe46394-cfc5-44bb-81a9-e438a0126f5b	NA	NA	NA	NA	NA	NA	NA	NA	NA	NA	NA	NA	NA	NA	NA	NA	NA	NA	NA	NA	NA	NA	NA	NA	NA	NA	Cedars Sinai	NA	NA	NA	NA	87	NA	917	-23179	NA	NA	NA	NA	NA	NA	NA	NA	NA	NA	NA	NA	NA	2	NA	UCEC	30.14761482	0:ALIVE OR DEAD TUMOR FREE	EUR	Yes	0.2684	0.01	Tumor Free	30.14761482	0:CENSORED	NA	Yes	Yes	NA	UCEC_CN_LOW	4	Yes	No	A5	Uterus	Endometrioid Endometrial Adenocarcinoma	NA	NA	NA	NA	NA	NA	NA	NA	NA	NA	NA	NA	NA	NA	NA	NA
ucec_tcga_pan_can_atlas_2018	TCGA-A5-A2K2	TCGA-A5-A2K2-01	Endometrial Cancer	Uterine Serous Carcinoma/Uterine Papillary Serous Carcinoma	Not Hispanic Or Latino	NA	NA	NA	124	USC	White	1	Primary	Matched	4.166666667	NA	NA	NA	NA	NA	NA	77	NA	NA	NA	NA	NA	NA	NA	NA	NA	NA	NA	NA	NA	NA	NA	NA	NA	NA	NA	NA	NA	NA	NA	NA	NA	NA	NA	NA	NA	NA	NA	NA	NA	NA	NA	NA	NA	NA	NA	NA	NA	NA	NA	NA	NA	NA	NA	NA	NA	NA	NA	NA	NA	NA	NA	NA	NA	NA	NA	NA	NA	NA	NA	NA	NA	NA	NA	NA	NA	NA	NA	NA	NA	NA	NA	NA	NA	NA	NA	NA	NA	NA	NA	NA	NA	NA	NA	NA	NA	NA	NA	NA	NA	NA	NA	NA	NA	NA	NA	NA	NA	NA	NA	NA	NA	NA	NA	NA	NA	NA	NA	NA	NA	NA	NA	NA	NA	NA	NA	NA	NA	NA	NA	NA	NA	NA	NA	NA	NA	NA	NA	NA	NA	NA	NA	NA	NA	NA	NA	Female	NA	NA	NA	NA	NA	NA	NA	NA	NA	NA	NA	NA	NA	NA	NA	NA	NA	NA	0.2488	G3	NA	NA	NA	NA	NA	NA	NA	NA	NA	118.1904856	0:LIVING	NA	NA	NA	NA	NA	NA	NA	2009	NA	NA	NA	NA	NA	0	NA	118.1904856	0:DiseaseFree	NA	NA	NA	10/4/11	NA	NA	NA	NA	NA	No	NA	NA	NA	C54.1	8441/3	C54.1	Yes	NA	NA	NA	NA	NA	NA	NA	NA	NA	NA	NA	NA	NA	NA	NA	No	NA	NA	840FF11F-F991-4E1B-861B-98D236D573D3	NA	NA	NA	NA	NA	NA	NA	NA	NA	NA	NA	NA	NA	NA	NA	NA	NA	NA	NA	NA	NA	NA	NA	NA	NA	NA	Cedars Sinai	NA	NA	NA	NA	50	NA	3595	-28456	NA	NA	NA	NA	NA	NA	NA	NA	NA	NA	NA	NA	NA	14	5	UCEC	118.1904856	0:ALIVE OR DEAD TUMOR FREE	EUR	Yes	0.2927	0.29	Tumor Free	118.1904856	0:CENSORED	NA	No	No	8	UCEC_CN_HIGH	299	No	Yes	A5	Uterus	Serous Endometrial Adenocarcinoma	24	NA	NA	NA	NA	NA	NA	NA	NA	NA	NA	NA	NA	NA	NA	NA
ucec_tcga_pan_can_atlas_2018	TCGA-A5-A2K3	TCGA-A5-A2K3-01	Endometrial Cancer	Uterine Serous Carcinoma/Uterine Papillary Serous Carcinoma	Not Hispanic Or Latino	NA	NA	NA	1232	USC	White	1	Primary	Matched	41.1	NA	NA	NA	NA	NA	NA	68	NA	NA	NA	NA	NA	NA	NA	NA	NA	NA	NA	NA	NA	NA	NA	NA	NA	NA	NA	NA	NA	NA	NA	NA	NA	NA	NA	NA	NA	NA	NA	NA	NA	NA	NA	NA	NA	NA	NA	NA	NA	NA	NA	NA	NA	NA	NA	NA	NA	NA	NA	NA	NA	NA	NA	NA	NA	NA	NA	NA	NA	NA	NA	NA	NA	NA	NA	NA	NA	NA	NA	NA	NA	NA	NA	NA	NA	NA	NA	NA	NA	NA	NA	NA	NA	NA	NA	NA	NA	NA	NA	NA	NA	NA	NA	NA	NA	NA	NA	NA	NA	NA	NA	NA	NA	NA	NA	NA	NA	NA	NA	NA	NA	NA	NA	NA	NA	NA	NA	NA	NA	NA	NA	NA	NA	NA	NA	NA	NA	NA	NA	NA	NA	NA	NA	NA	NA	NA	NA	Female	NA	NA	NA	NA	NA	NA	NA	NA	NA	NA	NA	NA	NA	NA	NA	NA	NA	NA	0.0559	G3	NA	NA	NA	NA	NA	NA	NA	NA	NA	66.1472203	0:LIVING	NA	NA	NA	NA	NA	NA	NA	2009	NA	NA	NA	NA	NA	0	NA	66.1472203	0:DiseaseFree	NA	NA	NA	10/4/11	NA	NA	NA	NA	NA	No	NA	NA	NA	C54.1	8441/3	C54.1	Yes	NA	NA	NA	NA	NA	NA	NA	NA	NA	NA	NA	NA	NA	NA	NA	No	NA	NA	C3096984-BD11-44A0-8EE0-47F07AD04D81	NA	NA	NA	NA	NA	NA	NA	NA	NA	NA	NA	NA	NA	NA	NA	NA	NA	NA	NA	NA	NA	NA	NA	NA	NA	NA	Cedars Sinai	NA	NA	NA	NA	80	NA	2012	-24907	NA	NA	NA	NA	NA	NA	NA	NA	NA	NA	NA	NA	NA	18	21	UCEC	66.1472203	0:ALIVE OR DEAD TUMOR FREE	EUR	Yes	0.4541	1.65	Tumor Free	66.1472203	0:CENSORED	NA	No	No	8	UCEC_MSI	13	No	Yes	A5	Uterus	Serous Endometrial Adenocarcinoma	14	NA	NA	NA	NA	NA	NA	NA	NA	NA	NA	NA	NA	NA	NA	NA
ucec_tcga_pan_can_atlas_2018	TCGA-A5-A2K4	TCGA-A5-A2K4-01	Endometrial Cancer	Uterine Serous Carcinoma/Uterine Papillary Serous Carcinoma	NA	NA	NA	NA	30	USC	White	1	Primary	Matched	1	NA	NA	NA	NA	NA	NA	69	NA	NA	NA	NA	NA	NA	NA	NA	NA	NA	NA	NA	NA	NA	NA	NA	NA	NA	NA	NA	NA	NA	NA	NA	NA	NA	NA	NA	NA	NA	NA	NA	NA	NA	NA	NA	NA	NA	NA	NA	NA	NA	NA	NA	NA	NA	NA	NA	NA	NA	NA	NA	NA	NA	NA	NA	NA	NA	NA	NA	NA	NA	NA	NA	NA	NA	NA	NA	NA	NA	NA	NA	NA	NA	NA	NA	NA	NA	NA	NA	NA	NA	NA	NA	NA	NA	NA	NA	NA	NA	NA	NA	NA	NA	NA	NA	NA	NA	NA	NA	NA	NA	NA	NA	NA	NA	NA	NA	NA	NA	NA	NA	NA	NA	NA	NA	NA	NA	NA	NA	NA	NA	NA	NA	NA	NA	NA	NA	NA	NA	NA	NA	NA	NA	NA	NA	NA	NA	NA	Female	NA	NA	NA	NA	NA	NA	NA	NA	NA	NA	NA	NA	NA	NA	NA	NA	NA	NA	0.2796	G3	NA	NA	NA	NA	NA	NA	NA	NA	NA	28.63530263	1:DECEASED	NA	NA	NA	NA	NA	NA	NA	2009	NA	NA	NA	NA	NA	0	NA	17.35871388	1:Recurred/Progressed	NA	NA	NA	10/6/11	NA	NA	NA	NA	NA	No	NA	NA	NA	C54.1	8441/3	C54.1	Yes	NA	NA	NA	NA	NA	NA	NA	NA	NA	NA	NA	NA	NA	NA	NA	Yes	NA	NA	C4F8F33F-A07C-4DFB-BE24-C52D577BD640	NA	NA	NA	NA	NA	NA	NA	NA	NA	NA	NA	NA	NA	NA	NA	NA	NA	NA	NA	NA	NA	NA	NA	NA	NA	NA	Cedars Sinai	NA	NA	NA	NA	51	NA	NA	-25270	NA	NA	NA	NA	NA	NA	NA	NA	NA	NA	NA	NA	NA	30	21	UCEC	28.63530263	1:DEAD WITH TUMOR	EUR	Yes	0.2858	0.04	With Tumor	17.35871388	1:PROGRESSION	NA	No	No	12	UCEC_CN_HIGH	326	No	Yes	A5	Uterus	Serous Endometrial Adenocarcinoma	12	NA	NA	NA	NA	NA	NA	NA	NA	NA	NA	NA	NA	NA	NA	NA
ucec_tcga_pan_can_atlas_2018	TCGA-A5-A2K7	TCGA-A5-A2K7-01	Endometrial Cancer	Uterine Endometrioid Carcinoma	Hispanic Or Latino	NA	NA	NA	610	UEC	NA	1	Primary	Matched	20.5	NA	NA	NA	NA	NA	NA	41	NA	NA	NA	NA	NA	NA	NA	NA	NA	NA	NA	NA	NA	NA	NA	NA	NA	NA	NA	NA	NA	NA	NA	NA	NA	NA	NA	NA	NA	NA	NA	NA	NA	NA	NA	NA	NA	NA	NA	NA	NA	NA	NA	NA	NA	NA	NA	NA	NA	NA	NA	NA	NA	NA	NA	NA	NA	NA	NA	NA	NA	NA	NA	NA	NA	NA	NA	NA	NA	NA	NA	NA	NA	NA	NA	NA	NA	NA	NA	NA	NA	NA	NA	NA	NA	NA	NA	NA	NA	NA	NA	NA	NA	NA	NA	NA	NA	NA	NA	NA	NA	NA	NA	NA	NA	NA	NA	NA	NA	NA	NA	NA	NA	NA	NA	NA	NA	NA	NA	NA	NA	NA	NA	NA	NA	NA	NA	NA	NA	NA	NA	NA	NA	NA	NA	NA	NA	NA	NA	Female	NA	NA	NA	NA	NA	NA	NA	NA	NA	NA	NA	NA	NA	NA	NA	NA	NA	NA	0.0004	G3	NA	NA	NA	NA	NA	NA	NA	NA	NA	34.94756222	0:LIVING	NA	NA	NA	NA	NA	NA	NA	2009	NA	NA	NA	NA	NA	0	NA	34.94756222	0:DiseaseFree	NA	NA	NA	12/19/11	NA	NA	NA	NA	NA	No	NA	NA	NA	C54.1	8380/3	C54.1	Yes	NA	NA	NA	NA	NA	NA	NA	NA	NA	NA	NA	NA	NA	NA	NA	No	NA	NA	F42868C0-FF59-438B-90A7-489AEA678DE9	NA	NA	NA	NA	NA	NA	NA	NA	NA	NA	NA	NA	NA	NA	NA	NA	NA	NA	NA	NA	NA	NA	NA	NA	NA	NA	Cedars Sinai	NA	NA	NA	NA	72	NA	1063	-14980	NA	NA	NA	NA	NA	NA	NA	NA	NA	NA	NA	NA	NA	0	31	UCEC	34.94756222	0:ALIVE OR DEAD TUMOR FREE	AMR	Yes	0.9748	20.29	Tumor Free	34.94756222	0:CENSORED	NA	No	Yes	14	UCEC_MSI	2	Yes	No	A5	Uterus	Endometrioid Endometrial Adenocarcinoma	28	NA	NA	NA	NA	NA	NA	NA	NA	NA	NA	NA	NA	NA	NA	NA
ucec_tcga_pan_can_atlas_2018	TCGA-A5-A3LO	TCGA-A5-A3LO-01	Endometrial Cancer	Uterine Endometrioid Carcinoma	Not Hispanic Or Latino	NA	NA	NA	30	UEC	White	1	Primary	Matched	1	NA	NA	NA	NA	NA	NA	64	NA	NA	NA	NA	NA	NA	NA	NA	NA	NA	NA	NA	NA	NA	NA	NA	NA	NA	NA	NA	NA	NA	NA	NA	NA	NA	NA	NA	NA	NA	NA	NA	NA	NA	NA	NA	NA	NA	NA	NA	NA	NA	NA	NA	NA	NA	NA	NA	NA	NA	NA	NA	NA	NA	NA	NA	NA	NA	NA	NA	NA	NA	NA	NA	NA	NA	NA	NA	NA	NA	NA	NA	NA	NA	NA	NA	NA	NA	NA	NA	NA	NA	NA	NA	NA	NA	NA	NA	NA	NA	NA	NA	NA	NA	NA	NA	NA	NA	NA	NA	NA	NA	NA	NA	NA	NA	NA	NA	NA	NA	NA	NA	NA	NA	NA	NA	NA	NA	NA	NA	NA	NA	NA	NA	NA	NA	NA	NA	NA	NA	NA	NA	NA	NA	NA	NA	NA	NA	NA	Female	NA	NA	NA	NA	NA	NA	NA	NA	NA	NA	NA	NA	NA	NA	NA	NA	NA	NA	0.3955	G3	NA	NA	NA	NA	NA	NA	NA	NA	NA	25.51204918	0:LIVING	NA	NA	NA	NA	NA	NA	NA	2009	NA	NA	NA	NA	NA	0	NA	25.51204918	0:DiseaseFree	NA	NA	NA	3/15/12	NA	NA	NA	NA	NA	No	NA	NA	NA	C54.1	8380/3	C54.1	Yes	NA	NA	NA	NA	NA	NA	NA	NA	NA	NA	NA	NA	NA	NA	NA	No	NA	NA	2A2BC155-CA7C-48B2-BB77-CCFD6313710A	NA	NA	NA	NA	NA	NA	NA	NA	NA	NA	NA	NA	NA	NA	NA	NA	NA	NA	NA	NA	NA	NA	NA	NA	NA	NA	Cedars Sinai	NA	NA	NA	NA	103	NA	776	-23401	NA	NA	NA	NA	NA	NA	NA	NA	NA	NA	NA	NA	NA	25	37	UCEC	25.51204918	0:ALIVE OR DEAD TUMOR FREE	EUR	Yes	0.3011	0.18	Tumor Free	25.51204918	0:CENSORED	NA	No	No	28	UCEC_CN_HIGH	8	Yes	No	A5	Uterus	Endometrioid Endometrial Adenocarcinoma	26	NA	NA	NA	NA	NA	NA	NA	NA	NA	NA	NA	NA	NA	NA	NA
ucec_tcga_pan_can_atlas_2018	TCGA-A5-A3LP	TCGA-A5-A3LP-01	Endometrial Cancer	Uterine Serous Carcinoma/Uterine Papillary Serous Carcinoma	Not Hispanic Or Latino	NA	NA	NA	49	USC	White	1	Primary	Matched	1.633333333	NA	NA	NA	NA	NA	NA	74	NA	NA	NA	NA	NA	NA	NA	NA	NA	NA	NA	NA	NA	NA	NA	NA	NA	NA	NA	NA	NA	NA	NA	NA	NA	NA	NA	NA	NA	NA	NA	NA	NA	NA	NA	NA	NA	NA	NA	NA	NA	NA	NA	NA	NA	NA	NA	NA	NA	NA	NA	NA	NA	NA	NA	NA	NA	NA	NA	NA	NA	NA	NA	NA	NA	NA	NA	NA	NA	NA	NA	NA	NA	NA	NA	NA	NA	NA	NA	NA	NA	NA	NA	NA	NA	NA	NA	NA	NA	NA	NA	NA	NA	NA	NA	NA	NA	NA	NA	NA	NA	NA	NA	NA	NA	NA	NA	NA	NA	NA	NA	NA	NA	NA	NA	NA	NA	NA	NA	NA	NA	NA	NA	NA	NA	NA	NA	NA	NA	NA	NA	NA	NA	NA	NA	NA	NA	NA	NA	Female	NA	NA	NA	NA	NA	NA	NA	NA	NA	NA	NA	NA	NA	NA	NA	NA	NA	NA	0.5228	G3	NA	NA	NA	NA	NA	NA	NA	NA	NA	14.95874018	0:LIVING	NA	NA	NA	NA	NA	NA	NA	2009	NA	NA	NA	NA	NA	0	NA	14.95874018	0:DiseaseFree	NA	NA	NA	3/15/12	NA	NA	NA	NA	NA	No	NA	NA	NA	C54.1	8441/3	C54.1	Yes	NA	NA	NA	NA	NA	NA	NA	NA	NA	NA	NA	NA	NA	NA	NA	No	NA	NA	9BECF65D-01F2-4E84-A256-106002E22526	NA	NA	NA	NA	NA	NA	NA	NA	NA	NA	NA	NA	NA	NA	NA	NA	NA	NA	NA	NA	NA	NA	NA	NA	NA	NA	Cedars Sinai	NA	NA	NA	NA	46	NA	455	-27131	NA	NA	NA	NA	NA	NA	NA	NA	NA	NA	NA	NA	NA	16	31	UCEC	14.95874018	0:ALIVE OR DEAD TUMOR FREE	EUR	Yes	0.3022	0.08	Tumor Free	14.95874018	0:CENSORED	NA	No	No	16	UCEC_CN_HIGH	245	Yes	No	A5	Uterus	Serous Endometrial Adenocarcinoma	26	NA	NA	NA	NA	NA	NA	NA	NA	NA	NA	NA	NA	NA	NA	NA
ucec_tcga_pan_can_atlas_2018	TCGA-A5-A7WK	TCGA-A5-A7WK-01	Endometrial Cancer	Uterine Mixed Endometrial Carcinoma	Not Hispanic Or Latino	NA	NA	NA	61	UMEC	Black or African American	1	Primary	Matched	2.133333333	NA	NA	NA	NA	NA	NA	71	NA	NA	NA	NA	NA	NA	NA	NA	NA	NA	NA	NA	NA	NA	NA	NA	NA	NA	NA	NA	NA	NA	NA	NA	NA	NA	NA	NA	NA	NA	NA	NA	NA	NA	NA	NA	NA	NA	NA	NA	NA	NA	NA	NA	NA	NA	NA	NA	NA	NA	NA	NA	NA	NA	NA	NA	NA	NA	NA	NA	NA	NA	NA	NA	NA	NA	NA	NA	NA	NA	NA	NA	NA	NA	NA	NA	NA	NA	NA	NA	NA	NA	NA	NA	NA	NA	NA	NA	NA	NA	NA	NA	NA	NA	NA	NA	NA	NA	NA	NA	NA	NA	NA	NA	NA	NA	NA	NA	NA	NA	NA	NA	NA	NA	NA	NA	NA	NA	NA	NA	NA	NA	NA	NA	NA	NA	NA	NA	NA	NA	NA	NA	NA	NA	NA	NA	NA	NA	NA	Female	NA	NA	NA	NA	NA	NA	NA	NA	NA	NA	NA	NA	NA	NA	NA	NA	NA	NA	0.2537	G3	NA	NA	NA	NA	NA	NA	NA	NA	NA	18.41075714	0:LIVING	NA	NA	NA	NA	NA	NA	NA	2009	NA	NA	NA	NA	NA	0	NA	11.50672321	1:Recurred/Progressed	NA	NA	NA	4/22/14	NA	NA	NA	NA	NA	No	NA	NA	NA	C54.1	8441/3	C54.1	Yes	NA	NA	NA	NA	NA	NA	NA	NA	NA	NA	NA	NA	NA	NA	NA	Yes	NA	NA	DED408EE-053A-43ED-9BCF-1D15CD203051	NA	NA	NA	NA	NA	NA	NA	NA	NA	NA	NA	NA	NA	NA	NA	NA	NA	NA	NA	NA	NA	NA	NA	NA	NA	NA	Cedars Sinai	NA	NA	NA	NA	97	NA	560	-26044	NA	NA	NA	NA	NA	NA	NA	NA	NA	NA	NA	NA	NA	5	35	UCEC	18.41075714	0:ALIVE OR DEAD TUMOR FREE	AFR	Yes	0.3449	0.36	Tumor Free	11.50672321	1:PROGRESSION	NA	No	No	12	UCEC_CN_HIGH	449	Yes	No	A5	Uterus	Mixed Serous and Endometrioid Carcinoma	12	NA	NA	NA	NA	NA	NA	NA	NA	NA	NA	NA	NA	NA	NA	NA
ucec_tcga_pan_can_atlas_2018	TCGA-A5-AB3J	TCGA-A5-AB3J-01	Endometrial Cancer	Uterine Endometrioid Carcinoma	Not Hispanic Or Latino	NA	NA	NA	43	UEC	Black or African American	1	Primary	Matched	1.433333333	NA	NA	NA	NA	NA	NA	52	NA	NA	NA	NA	NA	NA	NA	NA	NA	NA	NA	NA	NA	NA	NA	NA	NA	NA	NA	NA	NA	NA	NA	NA	NA	NA	NA	NA	NA	NA	NA	NA	NA	NA	NA	NA	NA	NA	NA	NA	NA	NA	NA	NA	NA	NA	NA	NA	NA	NA	NA	NA	NA	NA	NA	NA	NA	NA	NA	NA	NA	NA	NA	NA	NA	NA	NA	NA	NA	NA	NA	NA	NA	NA	NA	NA	NA	NA	NA	NA	NA	NA	NA	NA	NA	NA	NA	NA	NA	NA	NA	NA	NA	NA	NA	NA	NA	NA	NA	NA	NA	NA	NA	NA	NA	NA	NA	NA	NA	NA	NA	NA	NA	NA	NA	NA	NA	NA	NA	NA	NA	NA	NA	NA	NA	NA	NA	NA	NA	NA	NA	NA	NA	NA	NA	NA	NA	NA	NA	Female	NA	NA	NA	NA	NA	NA	NA	NA	NA	NA	NA	NA	NA	NA	NA	NA	NA	NA	0.1192	G2	NA	NA	NA	NA	NA	NA	NA	NA	NA	16.83269224	0:LIVING	NA	NA	NA	NA	NA	NA	NA	2009	NA	NA	NA	NA	NA	0	NA	16.83269224	0:DiseaseFree	NA	NA	NA	10/8/14	NA	NA	NA	NA	NA	No	NA	NA	NA	C54.1	8380/3	C54.1	Yes	NA	NA	NA	NA	NA	NA	NA	NA	NA	NA	NA	NA	NA	NA	NA	No	NA	NA	8A67ED86-156F-4B45-B460-000FE33DA26B	NA	NA	NA	NA	NA	NA	NA	NA	NA	NA	NA	NA	NA	NA	NA	NA	NA	NA	NA	NA	NA	NA	NA	NA	NA	NA	Cedars Sinai	NA	NA	NA	NA	59	NA	512	-19020	NA	NA	NA	NA	NA	NA	NA	NA	NA	NA	NA	NA	NA	4	-23	UCEC	16.83269224	0:ALIVE OR DEAD TUMOR FREE	AFR	Yes	0.328	0.01	Tumor Free	16.83269224	0:CENSORED	NA	Yes	Yes	-18	UCEC_CN_LOW	4	Yes	No	A5	Uterus	Endometrioid Endometrial Adenocarcinoma	-24	NA	NA	NA	NA	NA	NA	NA	NA	NA	NA	NA	NA	NA	NA	NA
ucec_tcga_pan_can_atlas_2018	TCGA-AJ-A23M	TCGA-AJ-A23M-01	Endometrial Cancer	Uterine Serous Carcinoma/Uterine Papillary Serous Carcinoma	NA	NA	NA	NA	105	USC	White	1	Primary	Matched	3.6	NA	NA	NA	NA	NA	NA	61	NA	NA	NA	NA	NA	NA	NA	NA	NA	NA	NA	NA	NA	NA	NA	NA	NA	NA	NA	NA	NA	NA	NA	NA	NA	NA	NA	NA	NA	NA	NA	NA	NA	NA	NA	NA	NA	NA	NA	NA	NA	NA	NA	NA	NA	NA	NA	NA	NA	NA	NA	NA	NA	NA	NA	NA	NA	NA	NA	NA	NA	NA	NA	NA	NA	NA	NA	NA	NA	NA	NA	NA	NA	NA	NA	NA	NA	NA	NA	NA	NA	NA	NA	NA	NA	NA	NA	NA	NA	NA	NA	NA	NA	NA	NA	NA	NA	NA	NA	NA	NA	NA	NA	NA	NA	NA	NA	NA	NA	NA	NA	NA	NA	NA	NA	NA	NA	NA	NA	NA	NA	NA	NA	NA	NA	NA	NA	NA	NA	NA	NA	NA	NA	NA	NA	NA	NA	NA	NA	Female	NA	NA	NA	NA	NA	NA	NA	NA	NA	NA	NA	NA	NA	NA	NA	NA	NA	NA	0.5519	G3	NA	NA	NA	NA	NA	NA	NA	NA	NA	20.25183286	1:DECEASED	NA	NA	NA	NA	NA	NA	NA	2009	NA	NA	NA	NA	NA	0	NA	NA	NA	NA	NA	NA	7/14/11	NA	NA	NA	NA	NA	No	NA	NA	NA	C54.1	8441/3	C54.1	Yes	NA	NA	NA	NA	NA	NA	NA	NA	NA	NA	NA	NA	NA	NA	NA	Yes	NA	NA	d39df936-4bc6-404d-9e1d-f6416cc5a34c	NA	NA	NA	NA	NA	NA	NA	NA	NA	NA	NA	NA	NA	NA	NA	NA	NA	NA	NA	NA	NA	NA	NA	NA	NA	NA	International Genomics Conosrtium	NA	NA	NA	NA	141	NA	36	-22430	NA	NA	NA	NA	NA	NA	NA	NA	NA	NA	NA	NA	NA	20	NA	UCEC	20.25183286	1:DEAD WITH TUMOR	EUR	Yes	0.3253	0.51	With Tumor	16.96419765	1:PROGRESSION	NA	No	Yes	NA	UCEC_CN_HIGH	399	No	Yes	AJ	Uterus	Serous Endometrial Adenocarcinoma	NA	NA	NA	NA	NA	NA	NA	NA	NA	NA	NA	NA	NA	NA	NA	NA
ucec_tcga_pan_can_atlas_2018	TCGA-AJ-A23N	TCGA-AJ-A23N-01	Endometrial Cancer	Uterine Serous Carcinoma/Uterine Papillary Serous Carcinoma	NA	NA	NA	NA	46	USC	White	1	Primary	Matched	1.5	NA	NA	NA	NA	NA	NA	70	NA	NA	NA	NA	NA	NA	NA	NA	NA	NA	NA	NA	NA	NA	NA	NA	NA	NA	NA	NA	NA	NA	NA	NA	NA	NA	NA	NA	NA	NA	NA	NA	NA	NA	NA	NA	NA	NA	NA	NA	NA	NA	NA	NA	NA	NA	NA	NA	NA	NA	NA	NA	NA	NA	NA	NA	NA	NA	NA	NA	NA	NA	NA	NA	NA	NA	NA	NA	NA	NA	NA	NA	NA	NA	NA	NA	NA	NA	NA	NA	NA	NA	NA	NA	NA	NA	NA	NA	NA	NA	NA	NA	NA	NA	NA	NA	NA	NA	NA	NA	NA	NA	NA	NA	NA	NA	NA	NA	NA	NA	NA	NA	NA	NA	NA	NA	NA	NA	NA	NA	NA	NA	NA	NA	NA	NA	NA	NA	NA	NA	NA	NA	NA	NA	NA	NA	NA	NA	NA	Female	NA	NA	NA	NA	NA	NA	NA	NA	NA	NA	NA	NA	NA	NA	NA	NA	NA	NA	0.4072	G3	NA	NA	NA	NA	NA	NA	NA	NA	NA	14.43271855	1:DECEASED	NA	NA	NA	NA	NA	NA	NA	2009	NA	NA	NA	NA	NA	0	NA	NA	NA	NA	NA	NA	10/4/12	NA	NA	NA	NA	NA	No	NA	NA	NA	C54.1	8441/3	C54.1	Yes	NA	NA	NA	NA	NA	NA	NA	NA	NA	NA	NA	NA	NA	NA	NA	No	NA	NA	5D39E9A2-1073-4DB2-B02E-DB05D59563A7	NA	NA	NA	NA	NA	NA	NA	NA	NA	NA	NA	NA	NA	NA	NA	NA	NA	NA	NA	NA	NA	NA	NA	NA	NA	NA	International Genomics Conosrtium	NA	NA	NA	NA	NA	NA	33	-25772	NA	NA	NA	NA	NA	NA	NA	NA	NA	NA	NA	NA	NA	17	21	UCEC	14.43271855	1:DEAD WITH TUMOR	EUR	Yes	0.328	0.11	With Tumor	14.43271855	1:PROGRESSION	NA	No	Yes	14	UCEC_CN_HIGH	230	Yes	No	AJ	Uterus	Serous Endometrial Adenocarcinoma	22	NA	NA	NA	NA	NA	NA	NA	NA	NA	NA	NA	NA	NA	NA	NA
ucec_tcga_pan_can_atlas_2018	TCGA-AJ-A23O	TCGA-AJ-A23O-01	Endometrial Cancer	Uterine Endometrioid Carcinoma	Not Hispanic Or Latino	NA	NA	NA	860	UEC	White	1	Primary	Matched	28.76666667	NA	NA	NA	NA	NA	NA	69	NA	NA	NA	NA	NA	NA	NA	NA	NA	NA	NA	NA	NA	NA	NA	NA	NA	NA	NA	NA	NA	NA	NA	NA	NA	NA	NA	NA	NA	NA	NA	NA	NA	NA	NA	NA	NA	NA	NA	NA	NA	NA	NA	NA	NA	NA	NA	NA	NA	NA	NA	NA	NA	NA	NA	NA	NA	NA	NA	NA	NA	NA	NA	NA	NA	NA	NA	NA	NA	NA	NA	NA	NA	NA	NA	NA	NA	NA	NA	NA	NA	NA	NA	NA	NA	NA	NA	NA	NA	NA	NA	NA	NA	NA	NA	NA	NA	NA	NA	NA	NA	NA	NA	NA	NA	NA	NA	NA	NA	NA	NA	NA	NA	NA	NA	NA	NA	NA	NA	NA	NA	NA	NA	NA	NA	NA	NA	NA	NA	NA	NA	NA	NA	NA	NA	NA	NA	NA	NA	Female	NA	NA	NA	NA	NA	NA	NA	NA	NA	NA	NA	NA	NA	NA	NA	NA	NA	NA	0.1019	G3	NA	NA	NA	NA	NA	NA	NA	NA	NA	10.25742184	1:DECEASED	NA	NA	NA	NA	NA	NA	NA	2009	NA	NA	NA	NA	NA	0	NA	NA	NA	NA	NA	NA	7/14/11	NA	NA	NA	NA	NA	No	NA	NA	NA	C54.1	8380/3	C54.1	Yes	NA	NA	NA	NA	NA	NA	NA	NA	NA	NA	NA	NA	NA	NA	NA	No	NA	NA	70b4b353-10d4-49d0-bcc1-855616d8c8cc	NA	NA	NA	NA	NA	NA	NA	NA	NA	NA	NA	NA	NA	NA	NA	NA	NA	NA	NA	NA	NA	NA	NA	NA	NA	NA	International Genomics Conosrtium	NA	NA	NA	NA	60	NA	60	-25433	NA	NA	NA	NA	NA	NA	NA	NA	NA	NA	NA	NA	NA	3	NA	UCEC	10.25742184	0:ALIVE OR DEAD TUMOR FREE	EUR	Yes	0.8244	15.75	Tumor Free	10.25742184	0:CENSORED	NA	No	No	NA	UCEC_MSI	2	No	Yes	AJ	Uterus	Endometrioid Endometrial Adenocarcinoma	NA	NA	NA	NA	NA	NA	NA	NA	NA	NA	NA	NA	NA	NA	NA	NA
ucec_tcga_pan_can_atlas_2018	TCGA-AJ-A2QK	TCGA-AJ-A2QK-01	Endometrial Cancer	Uterine Endometrioid Carcinoma	Hispanic Or Latino	NA	NA	NA	70	UEC	White	1	Primary	Matched	2.333333333	NA	NA	NA	NA	NA	NA	65	NA	NA	NA	NA	NA	NA	NA	NA	NA	NA	NA	NA	NA	NA	NA	NA	NA	NA	NA	NA	NA	NA	NA	NA	NA	NA	NA	NA	NA	NA	NA	NA	NA	NA	NA	NA	NA	NA	NA	NA	NA	NA	NA	NA	NA	NA	NA	NA	NA	NA	NA	NA	NA	NA	NA	NA	NA	NA	NA	NA	NA	NA	NA	NA	NA	NA	NA	NA	NA	NA	NA	NA	NA	NA	NA	NA	NA	NA	NA	NA	NA	NA	NA	NA	NA	NA	NA	NA	NA	NA	NA	NA	NA	NA	NA	NA	NA	NA	NA	NA	NA	NA	NA	NA	NA	NA	NA	NA	NA	NA	NA	NA	NA	NA	NA	NA	NA	NA	NA	NA	NA	NA	NA	NA	NA	NA	NA	NA	NA	NA	NA	NA	NA	NA	NA	NA	NA	NA	NA	Female	NA	NA	NA	NA	NA	NA	NA	NA	NA	NA	NA	NA	NA	NA	NA	NA	NA	NA	0.2657	G3	NA	NA	NA	NA	NA	NA	NA	NA	NA	21.13949436	0:LIVING	NA	NA	NA	NA	NA	NA	NA	2009	NA	NA	NA	NA	NA	0	NA	19.92306934	1:Recurred/Progressed	NA	NA	NA	10/18/11	NA	NA	NA	NA	NA	No	NA	NA	NA	C54.1	8380/3	C54.1	Yes	NA	NA	NA	NA	NA	NA	NA	NA	NA	NA	NA	NA	NA	NA	NA	Yes	NA	NA	DE5ABE44-6D9D-4797-A57A-5ADFD71383F0	NA	NA	NA	NA	NA	NA	NA	NA	NA	NA	NA	NA	NA	NA	NA	NA	NA	NA	NA	NA	NA	NA	NA	NA	NA	NA	International Genomics Conosrtium	NA	NA	NA	NA	119	NA	643	-23945	NA	NA	NA	NA	NA	NA	NA	NA	NA	NA	NA	NA	NA	6	NA	UCEC	21.13949436	0:ALIVE OR DEAD TUMOR FREE	EUR	Yes	0.2833	0.03	Tumor Free	19.92306934	1:PROGRESSION	NA	No	Yes	NA	UCEC_CN_HIGH	44	Yes	No	AJ	Uterus	Endometrioid Endometrial Adenocarcinoma	NA	NA	NA	NA	NA	NA	NA	NA	NA	NA	NA	NA	NA	NA	NA	NA
ucec_tcga_pan_can_atlas_2018	TCGA-AJ-A2QL	TCGA-AJ-A2QL-01	Endometrial Cancer	Uterine Endometrioid Carcinoma	Not Hispanic Or Latino	NA	NA	NA	44	UEC	White	1	Primary	Matched	2.8	NA	NA	NA	NA	NA	NA	60	NA	NA	NA	NA	NA	NA	NA	NA	NA	NA	NA	NA	NA	NA	NA	NA	NA	NA	NA	NA	NA	NA	NA	NA	NA	NA	NA	NA	NA	NA	NA	NA	NA	NA	NA	NA	NA	NA	NA	NA	NA	NA	NA	NA	NA	NA	NA	NA	NA	NA	NA	NA	NA	NA	NA	NA	NA	NA	NA	NA	NA	NA	NA	NA	NA	NA	NA	NA	NA	NA	NA	NA	NA	NA	NA	NA	NA	NA	NA	NA	NA	NA	NA	NA	NA	NA	NA	NA	NA	NA	NA	NA	NA	NA	NA	NA	NA	NA	NA	NA	NA	NA	NA	NA	NA	NA	NA	NA	NA	NA	NA	NA	NA	NA	NA	NA	NA	NA	NA	NA	NA	NA	NA	NA	NA	NA	NA	NA	NA	NA	NA	NA	NA	NA	NA	NA	NA	NA	NA	Female	NA	NA	NA	NA	NA	NA	NA	NA	NA	NA	NA	NA	NA	NA	NA	NA	NA	NA	0.0110	G3	NA	NA	NA	NA	NA	NA	NA	NA	NA	19.79156393	0:LIVING	NA	NA	NA	NA	NA	NA	NA	2009	NA	NA	NA	NA	NA	0	NA	19.79156393	0:DiseaseFree	NA	NA	NA	10/18/11	NA	NA	NA	NA	NA	No	NA	NA	NA	C54.1	8380/3	C54.1	Yes	NA	NA	NA	NA	NA	NA	NA	NA	NA	NA	NA	NA	NA	NA	NA	No	NA	NA	9002FC6C-26DE-4B8F-8985-A4814CD3DAF7	NA	NA	NA	NA	NA	NA	NA	NA	NA	NA	NA	NA	NA	NA	NA	NA	NA	NA	NA	NA	NA	NA	NA	NA	NA	NA	International Genomics Conosrtium	NA	NA	NA	NA	112	NA	602	-22057	NA	NA	NA	NA	NA	NA	NA	NA	NA	NA	NA	NA	NA	1	NA	UCEC	19.79156393	0:ALIVE OR DEAD TUMOR FREE	EUR	Yes	0.3116	0.01	With Tumor	19.79156393	0:CENSORED	NA	No	No	NA	UCEC_CN_LOW	2	Yes	No	AJ	Uterus	Endometrioid Endometrial Adenocarcinoma	NA	NA	NA	NA	NA	NA	NA	NA	NA	NA	NA	NA	NA	NA	NA	NA
ucec_tcga_pan_can_atlas_2018	TCGA-AJ-A2QM	TCGA-AJ-A2QM-01	Endometrial Cancer	Uterine Serous Carcinoma/Uterine Papillary Serous Carcinoma	Not Hispanic Or Latino	NA	NA	NA	180	USC	White	1	Primary	Matched	6.066666667	NA	NA	NA	NA	NA	NA	67	NA	NA	NA	NA	NA	NA	NA	NA	NA	NA	NA	NA	NA	NA	NA	NA	NA	NA	NA	NA	NA	NA	NA	NA	NA	NA	NA	NA	NA	NA	NA	NA	NA	NA	NA	NA	NA	NA	NA	NA	NA	NA	NA	NA	NA	NA	NA	NA	NA	NA	NA	NA	NA	NA	NA	NA	NA	NA	NA	NA	NA	NA	NA	NA	NA	NA	NA	NA	NA	NA	NA	NA	NA	NA	NA	NA	NA	NA	NA	NA	NA	NA	NA	NA	NA	NA	NA	NA	NA	NA	NA	NA	NA	NA	NA	NA	NA	NA	NA	NA	NA	NA	NA	NA	NA	NA	NA	NA	NA	NA	NA	NA	NA	NA	NA	NA	NA	NA	NA	NA	NA	NA	NA	NA	NA	NA	NA	NA	NA	NA	NA	NA	NA	NA	NA	NA	NA	NA	NA	Female	NA	NA	NA	NA	NA	NA	NA	NA	NA	NA	NA	NA	NA	NA	NA	NA	NA	NA	0.3679	G3	NA	NA	NA	NA	NA	NA	NA	NA	NA	29.39145872	0:LIVING	NA	NA	NA	NA	NA	NA	NA	2009	NA	NA	NA	NA	NA	0	NA	29.39145872	0:DiseaseFree	NA	NA	NA	10/18/11	NA	NA	NA	NA	NA	No	NA	NA	NA	C54.1	8441/3	C54.1	Yes	NA	NA	NA	NA	NA	NA	NA	NA	NA	NA	NA	NA	NA	NA	NA	No	NA	NA	D9F4A2C1-AC6D-48C6-95FE-FFBC2FA08268	NA	NA	NA	NA	NA	NA	NA	NA	NA	NA	NA	NA	NA	NA	NA	NA	NA	NA	NA	NA	NA	NA	NA	NA	NA	NA	International Genomics Conosrtium	NA	NA	NA	NA	74	NA	894	-24776	NA	NA	NA	NA	NA	NA	NA	NA	NA	NA	NA	NA	NA	11	23	UCEC	29.39145872	0:ALIVE OR DEAD TUMOR FREE	EUR	Yes	0.3159	0.37	Tumor Free	29.39145872	0:CENSORED	NA	Yes	Yes	12	UCEC_CN_HIGH	229	Yes	No	AJ	Uterus	Serous Endometrial Adenocarcinoma	22	NA	NA	NA	NA	NA	NA	NA	NA	NA	NA	NA	NA	NA	NA	NA
ucec_tcga_pan_can_atlas_2018	TCGA-AJ-A2QN	TCGA-AJ-A2QN-01	Endometrial Cancer	Uterine Endometrioid Carcinoma	NA	NA	NA	NA	53	UEC	White	1	Primary	Matched	1.766666667	NA	NA	NA	NA	NA	NA	60	NA	NA	NA	NA	NA	NA	NA	NA	NA	NA	NA	NA	NA	NA	NA	NA	NA	NA	NA	NA	NA	NA	NA	NA	NA	NA	NA	NA	NA	NA	NA	NA	NA	NA	NA	NA	NA	NA	NA	NA	NA	NA	NA	NA	NA	NA	NA	NA	NA	NA	NA	NA	NA	NA	NA	NA	NA	NA	NA	NA	NA	NA	NA	NA	NA	NA	NA	NA	NA	NA	NA	NA	NA	NA	NA	NA	NA	NA	NA	NA	NA	NA	NA	NA	NA	NA	NA	NA	NA	NA	NA	NA	NA	NA	NA	NA	NA	NA	NA	NA	NA	NA	NA	NA	NA	NA	NA	NA	NA	NA	NA	NA	NA	NA	NA	NA	NA	NA	NA	NA	NA	NA	NA	NA	NA	NA	NA	NA	NA	NA	NA	NA	NA	NA	NA	NA	NA	NA	NA	Female	NA	NA	NA	NA	NA	NA	NA	NA	NA	NA	NA	NA	NA	NA	NA	NA	NA	NA	0.1558	G3	NA	NA	NA	NA	NA	NA	NA	NA	NA	35.14482033	0:LIVING	NA	NA	NA	NA	NA	NA	NA	2009	NA	NA	NA	NA	NA	0	NA	35.14482033	0:DiseaseFree	NA	NA	NA	10/18/11	NA	NA	NA	NA	NA	No	NA	NA	NA	C54.1	8380/3	C54.1	Yes	NA	NA	NA	NA	NA	NA	NA	NA	NA	NA	NA	NA	NA	NA	NA	No	NA	NA	E00F6DC5-BC8B-472D-BAC3-C7823364F01E	NA	NA	NA	NA	NA	NA	NA	NA	NA	NA	NA	NA	NA	NA	NA	NA	NA	NA	NA	NA	NA	NA	NA	NA	NA	NA	International Genomics Conosrtium	NA	NA	NA	NA	132	NA	1069	-21915	NA	NA	NA	NA	NA	NA	NA	NA	NA	NA	NA	NA	NA	6	NA	UCEC	35.14482033	0:ALIVE OR DEAD TUMOR FREE	EUR	Yes	0.2877	0.01	Tumor Free	35.14482033	0:CENSORED	NA	No	No	NA	UCEC_CN_LOW	23	Yes	No	AJ	Uterus	Endometrioid Endometrial Adenocarcinoma	NA	NA	NA	NA	NA	NA	NA	NA	NA	NA	NA	NA	NA	NA	NA	NA
ucec_tcga_pan_can_atlas_2018	TCGA-AJ-A2QO	TCGA-AJ-A2QO-01	Endometrial Cancer	Uterine Endometrioid Carcinoma	NA	NA	NA	NA	1126	UEC	White	1	Primary	Matched	37.96666667	NA	NA	NA	NA	NA	NA	85	NA	NA	NA	NA	NA	NA	NA	NA	NA	NA	NA	NA	NA	NA	NA	NA	NA	NA	NA	NA	NA	NA	NA	NA	NA	NA	NA	NA	NA	NA	NA	NA	NA	NA	NA	NA	NA	NA	NA	NA	NA	NA	NA	NA	NA	NA	NA	NA	NA	NA	NA	NA	NA	NA	NA	NA	NA	NA	NA	NA	NA	NA	NA	NA	NA	NA	NA	NA	NA	NA	NA	NA	NA	NA	NA	NA	NA	NA	NA	NA	NA	NA	NA	NA	NA	NA	NA	NA	NA	NA	NA	NA	NA	NA	NA	NA	NA	NA	NA	NA	NA	NA	NA	NA	NA	NA	NA	NA	NA	NA	NA	NA	NA	NA	NA	NA	NA	NA	NA	NA	NA	NA	NA	NA	NA	NA	NA	NA	NA	NA	NA	NA	NA	NA	NA	NA	NA	NA	NA	Female	NA	NA	NA	NA	NA	NA	NA	NA	NA	NA	NA	NA	NA	NA	NA	NA	NA	NA	0.0000	G3	NA	NA	NA	NA	NA	NA	NA	NA	NA	34.35578788	1:DECEASED	NA	NA	NA	NA	NA	NA	NA	2009	NA	NA	NA	NA	NA	0	NA	34.35578788	0:DiseaseFree	NA	NA	NA	10/18/11	NA	NA	NA	NA	NA	No	NA	NA	NA	C54.1	8380/3	C54.1	Yes	NA	NA	NA	NA	NA	NA	NA	NA	NA	NA	NA	NA	NA	NA	NA	No	NA	NA	DCF1BEB9-BCE4-4F4C-98DD-1226D8E0C125	NA	NA	NA	NA	NA	NA	NA	NA	NA	NA	NA	NA	NA	NA	NA	NA	NA	NA	NA	NA	NA	NA	NA	NA	NA	NA	International Genomics Conosrtium	NA	NA	NA	NA	67	NA	92	-31222	NA	NA	NA	NA	NA	NA	NA	NA	NA	NA	NA	NA	NA	0	25	UCEC	34.35578788	0:ALIVE OR DEAD TUMOR FREE	EUR	Yes	1.104	29.06	Tumor Free	34.35578788	0:CENSORED	NA	No	No	18	UCEC_MSI	4	Yes	No	AJ	Uterus	Endometrioid Endometrial Adenocarcinoma	28	NA	NA	NA	NA	NA	NA	NA	NA	NA	NA	NA	NA	NA	NA	NA
ucec_tcga_pan_can_atlas_2018	TCGA-AJ-A3BD	TCGA-AJ-A3BD-01	Endometrial Cancer	Uterine Serous Carcinoma/Uterine Papillary Serous Carcinoma	Not Hispanic Or Latino	NA	NA	NA	77	USC	White	1	Primary	Matched	2.6	NA	NA	NA	NA	NA	NA	57	NA	NA	NA	NA	NA	NA	NA	NA	NA	NA	NA	NA	NA	NA	NA	NA	NA	NA	NA	NA	NA	NA	NA	NA	NA	NA	NA	NA	NA	NA	NA	NA	NA	NA	NA	NA	NA	NA	NA	NA	NA	NA	NA	NA	NA	NA	NA	NA	NA	NA	NA	NA	NA	NA	NA	NA	NA	NA	NA	NA	NA	NA	NA	NA	NA	NA	NA	NA	NA	NA	NA	NA	NA	NA	NA	NA	NA	NA	NA	NA	NA	NA	NA	NA	NA	NA	NA	NA	NA	NA	NA	NA	NA	NA	NA	NA	NA	NA	NA	NA	NA	NA	NA	NA	NA	NA	NA	NA	NA	NA	NA	NA	NA	NA	NA	NA	NA	NA	NA	NA	NA	NA	NA	NA	NA	NA	NA	NA	NA	NA	NA	NA	NA	NA	NA	NA	NA	NA	NA	Female	NA	NA	NA	NA	NA	NA	NA	NA	NA	NA	NA	NA	NA	NA	NA	NA	NA	NA	0.4820	G3	NA	NA	NA	NA	NA	NA	NA	NA	NA	34.15852977	0:LIVING	NA	NA	NA	NA	NA	NA	NA	2009	NA	NA	NA	NA	NA	0	NA	34.15852977	0:DiseaseFree	NA	NA	NA	2/3/12	NA	NA	NA	NA	NA	No	NA	NA	NA	C54.1	8460/3	C54.1	Yes	NA	NA	NA	NA	NA	NA	NA	NA	NA	NA	NA	NA	NA	NA	NA	No	NA	NA	AB68CD1B-5075-4B30-A829-D6D0F95871CB	NA	NA	NA	NA	NA	NA	NA	NA	NA	NA	NA	NA	NA	NA	NA	NA	NA	NA	NA	NA	NA	NA	NA	NA	NA	NA	International Genomics Conosrtium	NA	NA	NA	NA	85	NA	1039	-20998	NA	NA	NA	NA	NA	NA	NA	NA	NA	NA	NA	NA	NA	17	25	UCEC	34.15852977	0:ALIVE OR DEAD TUMOR FREE	EUR	Yes	0.2845	0.05	Tumor Free	34.15852977	0:CENSORED	NA	No	Yes	10	UCEC_CN_HIGH	355	Yes	No	AJ	Uterus	Serous Endometrial Adenocarcinoma	22	NA	NA	NA	NA	NA	NA	NA	NA	NA	NA	NA	NA	NA	NA	NA
ucec_tcga_pan_can_atlas_2018	TCGA-AJ-A3BF	TCGA-AJ-A3BF-01	Endometrial Cancer	Uterine Serous Carcinoma/Uterine Papillary Serous Carcinoma	Not Hispanic Or Latino	NA	NA	NA	26	USC	White	1	Primary	Matched	0.866666667	NA	NA	NA	NA	NA	NA	65	NA	NA	NA	NA	NA	NA	NA	NA	NA	NA	NA	NA	NA	NA	NA	NA	NA	NA	NA	NA	NA	NA	NA	NA	NA	NA	NA	NA	NA	NA	NA	NA	NA	NA	NA	NA	NA	NA	NA	NA	NA	NA	NA	NA	NA	NA	NA	NA	NA	NA	NA	NA	NA	NA	NA	NA	NA	NA	NA	NA	NA	NA	NA	NA	NA	NA	NA	NA	NA	NA	NA	NA	NA	NA	NA	NA	NA	NA	NA	NA	NA	NA	NA	NA	NA	NA	NA	NA	NA	NA	NA	NA	NA	NA	NA	NA	NA	NA	NA	NA	NA	NA	NA	NA	NA	NA	NA	NA	NA	NA	NA	NA	NA	NA	NA	NA	NA	NA	NA	NA	NA	NA	NA	NA	NA	NA	NA	NA	NA	NA	NA	NA	NA	NA	NA	NA	NA	NA	NA	Female	NA	NA	NA	NA	NA	NA	NA	NA	NA	NA	NA	NA	NA	NA	NA	NA	NA	NA	0.2474	G3	NA	NA	NA	NA	NA	NA	NA	NA	NA	18.11486997	0:LIVING	NA	NA	NA	NA	NA	NA	NA	2009	NA	NA	NA	NA	NA	0	NA	12.62451918	1:Recurred/Progressed	NA	NA	NA	2/3/12	NA	NA	NA	NA	NA	No	NA	NA	NA	C54.1	8460/3	C54.1	Yes	NA	NA	NA	NA	NA	NA	NA	NA	NA	NA	NA	NA	NA	NA	NA	Yes	NA	NA	40287CDC-19DD-4370-A6A0-F324960E1148	NA	NA	NA	NA	NA	NA	NA	NA	NA	NA	NA	NA	NA	NA	NA	NA	NA	NA	NA	NA	NA	NA	NA	NA	NA	NA	International Genomics Conosrtium	NA	NA	NA	NA	113	NA	551	-23906	NA	NA	NA	NA	NA	NA	NA	NA	NA	NA	NA	NA	NA	11	23	UCEC	18.11486997	0:ALIVE OR DEAD TUMOR FREE	EUR	Yes	0.3014	0.22	Tumor Free	12.62451918	1:PROGRESSION	NA	No	Yes	10	UCEC_CN_HIGH	281	Yes	No	AJ	Uterus	Serous Endometrial Adenocarcinoma	18	NA	NA	NA	NA	NA	NA	NA	NA	NA	NA	NA	NA	NA	NA	NA
ucec_tcga_pan_can_atlas_2018	TCGA-AJ-A3BG	TCGA-AJ-A3BG-01	Endometrial Cancer	Uterine Mixed Endometrial Carcinoma	Not Hispanic Or Latino	NA	NA	NA	1279	UMEC	White	1	Primary	Matched	42.96666667	NA	NA	NA	NA	NA	NA	65	NA	NA	NA	NA	NA	NA	NA	NA	NA	NA	NA	NA	NA	NA	NA	NA	NA	NA	NA	NA	NA	NA	NA	NA	NA	NA	NA	NA	NA	NA	NA	NA	NA	NA	NA	NA	NA	NA	NA	NA	NA	NA	NA	NA	NA	NA	NA	NA	NA	NA	NA	NA	NA	NA	NA	NA	NA	NA	NA	NA	NA	NA	NA	NA	NA	NA	NA	NA	NA	NA	NA	NA	NA	NA	NA	NA	NA	NA	NA	NA	NA	NA	NA	NA	NA	NA	NA	NA	NA	NA	NA	NA	NA	NA	NA	NA	NA	NA	NA	NA	NA	NA	NA	NA	NA	NA	NA	NA	NA	NA	NA	NA	NA	NA	NA	NA	NA	NA	NA	NA	NA	NA	NA	NA	NA	NA	NA	NA	NA	NA	NA	NA	NA	NA	NA	NA	NA	NA	NA	Female	NA	NA	NA	NA	NA	NA	NA	NA	NA	NA	NA	NA	NA	NA	NA	NA	NA	NA	0.0339	G3	NA	NA	NA	NA	NA	NA	NA	NA	NA	18.08199362	0:LIVING	NA	NA	NA	NA	NA	NA	NA	2009	NA	NA	NA	NA	NA	0	NA	15.78064898	1:Recurred/Progressed	NA	NA	NA	2/3/12	NA	NA	NA	NA	NA	No	NA	NA	NA	C54.1	8380/3	C54.1	Yes	NA	NA	NA	NA	NA	NA	NA	NA	NA	NA	NA	NA	NA	NA	NA	Yes	NA	NA	77ED36AD-222F-4693-8668-0ECF9073D6E8	NA	NA	NA	NA	NA	NA	NA	NA	NA	NA	NA	NA	NA	NA	NA	NA	NA	NA	NA	NA	NA	NA	NA	NA	NA	NA	International Genomics Conosrtium	NA	NA	NA	NA	66	NA	550	-23861	NA	NA	NA	NA	NA	NA	NA	NA	NA	NA	NA	NA	NA	1	37	UCEC	18.08199362	0:ALIVE OR DEAD TUMOR FREE	EUR	Yes	1.1057	25.85	Tumor Free	15.78064898	1:PROGRESSION	NA	Yes	Yes	12	UCEC_MSI	14	Yes	No	AJ	Uterus	Mixed Serous and Endometrioid Carcinoma	8	NA	NA	NA	NA	NA	NA	NA	NA	NA	NA	NA	NA	NA	NA	NA
ucec_tcga_pan_can_atlas_2018	TCGA-AJ-A3BH	TCGA-AJ-A3BH-01	Endometrial Cancer	Uterine Endometrioid Carcinoma	Not Hispanic Or Latino	NA	NA	NA	2671	UEC	White	1	Primary	Matched	90	NA	NA	NA	NA	NA	NA	NA	NA	NA	NA	NA	NA	NA	NA	NA	NA	NA	NA	NA	NA	NA	NA	NA	NA	NA	NA	NA	NA	NA	NA	NA	NA	NA	NA	NA	NA	NA	NA	NA	NA	NA	NA	NA	NA	NA	NA	NA	NA	NA	NA	NA	NA	NA	NA	NA	NA	NA	NA	NA	NA	NA	NA	NA	NA	NA	NA	NA	NA	NA	NA	NA	NA	NA	NA	NA	NA	NA	NA	NA	NA	NA	NA	NA	NA	NA	NA	NA	NA	NA	NA	NA	NA	NA	NA	NA	NA	NA	NA	NA	NA	NA	NA	NA	NA	NA	NA	NA	NA	NA	NA	NA	NA	NA	NA	NA	NA	NA	NA	NA	NA	NA	NA	NA	NA	NA	NA	NA	NA	NA	NA	NA	NA	NA	NA	NA	NA	NA	NA	NA	NA	NA	NA	NA	NA	NA	NA	Female	NA	NA	NA	NA	NA	NA	NA	NA	NA	NA	NA	NA	NA	NA	NA	NA	NA	NA	0.1476	G3	NA	NA	NA	NA	NA	NA	NA	NA	NA	NA	0:LIVING	NA	NA	NA	NA	NA	NA	NA	2009	NA	NA	NA	NA	NA	NA	NA	NA	NA	NA	NA	NA	2/3/12	NA	NA	NA	NA	NA	No	NA	NA	NA	C54.1	8380/3	C54.1	Yes	NA	NA	NA	NA	NA	NA	NA	NA	NA	NA	NA	NA	NA	NA	NA	NA	NA	NA	A7D07151-5FC8-4C2A-A1CD-E7C7A2A9A7A7	NA	NA	NA	NA	NA	NA	NA	NA	NA	NA	NA	NA	NA	NA	NA	NA	NA	NA	NA	NA	NA	NA	NA	NA	NA	NA	International Genomics Conosrtium	NA	NA	NA	NA	71	NA	NA	NA	NA	NA	NA	NA	NA	NA	NA	NA	NA	NA	NA	NA	NA	4	17	UCEC	NA	0:ALIVE OR DEAD TUMOR FREE	EUR	Yes	1.0149	28.1	Tumor Free	NA	0:CENSORED	NA	No	NA	4	UCEC_MSI	5	Yes	No	AJ	Uterus	Endometrioid Endometrial Adenocarcinoma	20	NA	NA	NA	NA	NA	NA	NA	NA	NA	NA	NA	NA	NA	NA	NA
ucec_tcga_pan_can_atlas_2018	TCGA-AJ-A3BI	TCGA-AJ-A3BI-01	Endometrial Cancer	Uterine Endometrioid Carcinoma	Not Hispanic Or Latino	NA	NA	NA	40	UEC	White	1	Primary	Matched	1.366666667	NA	NA	NA	NA	NA	NA	67	NA	NA	NA	NA	NA	NA	NA	NA	NA	NA	NA	NA	NA	NA	NA	NA	NA	NA	NA	NA	NA	NA	NA	NA	NA	NA	NA	NA	NA	NA	NA	NA	NA	NA	NA	NA	NA	NA	NA	NA	NA	NA	NA	NA	NA	NA	NA	NA	NA	NA	NA	NA	NA	NA	NA	NA	NA	NA	NA	NA	NA	NA	NA	NA	NA	NA	NA	NA	NA	NA	NA	NA	NA	NA	NA	NA	NA	NA	NA	NA	NA	NA	NA	NA	NA	NA	NA	NA	NA	NA	NA	NA	NA	NA	NA	NA	NA	NA	NA	NA	NA	NA	NA	NA	NA	NA	NA	NA	NA	NA	NA	NA	NA	NA	NA	NA	NA	NA	NA	NA	NA	NA	NA	NA	NA	NA	NA	NA	NA	NA	NA	NA	NA	NA	NA	NA	NA	NA	NA	Female	NA	NA	NA	NA	NA	NA	NA	NA	NA	NA	NA	NA	NA	NA	NA	NA	NA	NA	0.4537	G3	NA	NA	NA	NA	NA	NA	NA	NA	NA	18.90390242	0:LIVING	NA	NA	NA	NA	NA	NA	NA	2009	NA	NA	NA	NA	NA	0	NA	NA	NA	NA	NA	NA	2/3/12	NA	NA	NA	NA	NA	No	NA	NA	NA	C54.1	8380/3	C54.1	Yes	NA	NA	NA	NA	NA	NA	NA	NA	NA	NA	NA	NA	NA	NA	NA	Yes	NA	NA	525FB4FC-2167-4506-B4FA-FB896BF64CD0	NA	NA	NA	NA	NA	NA	NA	NA	NA	NA	NA	NA	NA	NA	NA	NA	NA	NA	NA	NA	NA	NA	NA	NA	NA	NA	International Genomics Conosrtium	NA	NA	NA	NA	100	NA	575	-24623	NA	NA	NA	NA	NA	NA	NA	NA	NA	NA	NA	NA	NA	19	21	UCEC	18.90390242	0:ALIVE OR DEAD TUMOR FREE	EUR	Yes	0.2936	0.45	Tumor Free	12.26287931	1:PROGRESSION	NA	No	No	-2	UCEC_CN_HIGH	80	Yes	No	AJ	Uterus	Endometrioid Endometrial Adenocarcinoma	8	NA	NA	NA	NA	NA	NA	NA	NA	NA	NA	NA	NA	NA	NA	NA
ucec_tcga_pan_can_atlas_2018	TCGA-AJ-A3BK	TCGA-AJ-A3BK-01	Endometrial Cancer	Uterine Endometrioid Carcinoma	Not Hispanic Or Latino	NA	NA	NA	58	UEC	White	1	Primary	Matched	1.966666667	NA	NA	NA	NA	NA	NA	68	NA	NA	NA	NA	NA	NA	NA	NA	NA	NA	NA	NA	NA	NA	NA	NA	NA	NA	NA	NA	NA	NA	NA	NA	NA	NA	NA	NA	NA	NA	NA	NA	NA	NA	NA	NA	NA	NA	NA	NA	NA	NA	NA	NA	NA	NA	NA	NA	NA	NA	NA	NA	NA	NA	NA	NA	NA	NA	NA	NA	NA	NA	NA	NA	NA	NA	NA	NA	NA	NA	NA	NA	NA	NA	NA	NA	NA	NA	NA	NA	NA	NA	NA	NA	NA	NA	NA	NA	NA	NA	NA	NA	NA	NA	NA	NA	NA	NA	NA	NA	NA	NA	NA	NA	NA	NA	NA	NA	NA	NA	NA	NA	NA	NA	NA	NA	NA	NA	NA	NA	NA	NA	NA	NA	NA	NA	NA	NA	NA	NA	NA	NA	NA	NA	NA	NA	NA	NA	NA	Female	NA	NA	NA	NA	NA	NA	NA	NA	NA	NA	NA	NA	NA	NA	NA	NA	NA	NA	0.1333	G3	NA	NA	NA	NA	NA	NA	NA	NA	NA	33.89551895	0:LIVING	NA	NA	NA	NA	NA	NA	NA	2009	NA	NA	NA	NA	NA	0	NA	33.89551895	0:DiseaseFree	NA	NA	NA	2/3/12	NA	NA	NA	NA	NA	No	NA	NA	NA	C54.1	8380/3	C54.1	Yes	NA	NA	NA	NA	NA	NA	NA	NA	NA	NA	NA	NA	NA	NA	NA	No	NA	NA	503E6C30-1B62-4F85-BCB4-E34C009894AB	NA	NA	NA	NA	NA	NA	NA	NA	NA	NA	NA	NA	NA	NA	NA	NA	NA	NA	NA	NA	NA	NA	NA	NA	NA	NA	International Genomics Conosrtium	NA	NA	NA	NA	92	NA	1031	-24943	NA	NA	NA	NA	NA	NA	NA	NA	NA	NA	NA	NA	NA	4	15	UCEC	33.89551895	0:ALIVE OR DEAD TUMOR FREE	EUR	Yes	0.2952	0.03	Tumor Free	33.89551895	0:CENSORED	NA	No	Yes	6	UCEC_CN_LOW	1	No	Yes	AJ	Uterus	Endometrioid Endometrial Adenocarcinoma	2	NA	NA	NA	NA	NA	NA	NA	NA	NA	NA	NA	NA	NA	NA	NA
ucec_tcga_pan_can_atlas_2018	TCGA-AJ-A3EJ	TCGA-AJ-A3EJ-01	Endometrial Cancer	Uterine Mixed Endometrial Carcinoma	Not Hispanic Or Latino	NA	NA	NA	55	UMEC	White	1	Primary	Matched	1.866666667	NA	NA	NA	NA	NA	NA	74	NA	NA	NA	NA	NA	NA	NA	NA	NA	NA	NA	NA	NA	NA	NA	NA	NA	NA	NA	NA	NA	NA	NA	NA	NA	NA	NA	NA	NA	NA	NA	NA	NA	NA	NA	NA	NA	NA	NA	NA	NA	NA	NA	NA	NA	NA	NA	NA	NA	NA	NA	NA	NA	NA	NA	NA	NA	NA	NA	NA	NA	NA	NA	NA	NA	NA	NA	NA	NA	NA	NA	NA	NA	NA	NA	NA	NA	NA	NA	NA	NA	NA	NA	NA	NA	NA	NA	NA	NA	NA	NA	NA	NA	NA	NA	NA	NA	NA	NA	NA	NA	NA	NA	NA	NA	NA	NA	NA	NA	NA	NA	NA	NA	NA	NA	NA	NA	NA	NA	NA	NA	NA	NA	NA	NA	NA	NA	NA	NA	NA	NA	NA	NA	NA	NA	NA	NA	NA	NA	Female	NA	NA	NA	NA	NA	NA	NA	NA	NA	NA	NA	NA	NA	NA	NA	NA	NA	NA	0.4940	G3	NA	NA	NA	NA	NA	NA	NA	NA	NA	1.643817602	1:DECEASED	NA	NA	NA	NA	NA	NA	NA	2009	NA	NA	NA	NA	NA	0	NA	NA	NA	NA	NA	NA	2/15/12	NA	NA	NA	NA	NA	No	NA	NA	NA	C54.1	8441/3	C54.1	Yes	NA	NA	NA	NA	NA	NA	NA	NA	NA	NA	NA	NA	NA	NA	NA	No	NA	NA	672DE064-3378-4004-A3EA-F79885E10D78	NA	NA	NA	NA	NA	NA	NA	NA	NA	NA	NA	NA	NA	NA	NA	NA	NA	NA	NA	NA	NA	NA	NA	NA	NA	NA	International Genomics Conosrtium	NA	NA	NA	NA	73	NA	NA	-27317	NA	NA	NA	NA	NA	NA	NA	NA	NA	NA	NA	NA	NA	18	31	UCEC	1.643817602	1:DEAD WITH TUMOR	EUR	Yes	0.2933	0.29	With Tumor	1.643817602	1:PROGRESSION	NA	No	No	10	UCEC_CN_HIGH	262	Yes	No	AJ	Uterus	Mixed Serous and Endometrioid Carcinoma	20	NA	NA	NA	NA	NA	NA	NA	NA	NA	NA	NA	NA	NA	NA	NA
ucec_tcga_pan_can_atlas_2018	TCGA-AJ-A3EM	TCGA-AJ-A3EM-01	Endometrial Cancer	Uterine Endometrioid Carcinoma	NA	NA	NA	NA	50	UEC	White	1	Primary	Matched	1.7	NA	NA	NA	NA	NA	NA	69	NA	NA	NA	NA	NA	NA	NA	NA	NA	NA	NA	NA	NA	NA	NA	NA	NA	NA	NA	NA	NA	NA	NA	NA	NA	NA	NA	NA	NA	NA	NA	NA	NA	NA	NA	NA	NA	NA	NA	NA	NA	NA	NA	NA	NA	NA	NA	NA	NA	NA	NA	NA	NA	NA	NA	NA	NA	NA	NA	NA	NA	NA	NA	NA	NA	NA	NA	NA	NA	NA	NA	NA	NA	NA	NA	NA	NA	NA	NA	NA	NA	NA	NA	NA	NA	NA	NA	NA	NA	NA	NA	NA	NA	NA	NA	NA	NA	NA	NA	NA	NA	NA	NA	NA	NA	NA	NA	NA	NA	NA	NA	NA	NA	NA	NA	NA	NA	NA	NA	NA	NA	NA	NA	NA	NA	NA	NA	NA	NA	NA	NA	NA	NA	NA	NA	NA	NA	NA	NA	Female	NA	NA	NA	NA	NA	NA	NA	NA	NA	NA	NA	NA	NA	NA	NA	NA	NA	NA	0.6265	G3	NA	NA	NA	NA	NA	NA	NA	NA	NA	22.25729033	0:LIVING	NA	NA	NA	NA	NA	NA	NA	2009	NA	NA	NA	NA	NA	0	NA	22.25729033	0:DiseaseFree	NA	NA	NA	2/15/12	NA	NA	NA	NA	NA	No	NA	NA	NA	C54.1	8380/3	C54.1	Yes	NA	NA	NA	NA	NA	NA	NA	NA	NA	NA	NA	NA	NA	NA	NA	No	NA	NA	C856E031-BBD0-431F-B44F-B3AD9B39AF7B	NA	NA	NA	NA	NA	NA	NA	NA	NA	NA	NA	NA	NA	NA	NA	NA	NA	NA	NA	NA	NA	NA	NA	NA	NA	NA	International Genomics Conosrtium	NA	NA	NA	NA	82	NA	677	-25557	NA	NA	NA	NA	NA	NA	NA	NA	NA	NA	NA	NA	NA	19	31	UCEC	22.25729033	0:ALIVE OR DEAD TUMOR FREE	EUR	Yes	0.3264	0.43	Tumor Free	22.25729033	0:CENSORED	NA	No	No	24	UCEC_CN_HIGH	461	Yes	No	AJ	Uterus	Endometrioid Endometrial Adenocarcinoma	32	NA	NA	NA	NA	NA	NA	NA	NA	NA	NA	NA	NA	NA	NA	NA
ucec_tcga_pan_can_atlas_2018	TCGA-AJ-A3I9	TCGA-AJ-A3I9-01	Endometrial Cancer	Uterine Endometrioid Carcinoma	Not Hispanic Or Latino	NA	NA	NA	26	UEC	White	1	Primary	Matched	0.933333333	NA	NA	NA	NA	NA	NA	52	NA	NA	NA	NA	NA	NA	NA	NA	NA	NA	NA	NA	NA	NA	NA	NA	NA	NA	NA	NA	NA	NA	NA	NA	NA	NA	NA	NA	NA	NA	NA	NA	NA	NA	NA	NA	NA	NA	NA	NA	NA	NA	NA	NA	NA	NA	NA	NA	NA	NA	NA	NA	NA	NA	NA	NA	NA	NA	NA	NA	NA	NA	NA	NA	NA	NA	NA	NA	NA	NA	NA	NA	NA	NA	NA	NA	NA	NA	NA	NA	NA	NA	NA	NA	NA	NA	NA	NA	NA	NA	NA	NA	NA	NA	NA	NA	NA	NA	NA	NA	NA	NA	NA	NA	NA	NA	NA	NA	NA	NA	NA	NA	NA	NA	NA	NA	NA	NA	NA	NA	NA	NA	NA	NA	NA	NA	NA	NA	NA	NA	NA	NA	NA	NA	NA	NA	NA	NA	NA	Female	NA	NA	NA	NA	NA	NA	NA	NA	NA	NA	NA	NA	NA	NA	NA	NA	NA	NA	0.1598	G3	NA	NA	NA	NA	NA	NA	NA	NA	NA	17.06282671	1:DECEASED	NA	NA	NA	NA	NA	NA	NA	2009	NA	NA	NA	NA	NA	0	NA	12.16425026	1:Recurred/Progressed	NA	NA	NA	4/13/12	NA	NA	NA	NA	NA	No	NA	NA	NA	C54.1	8380/3	C54.1	Yes	NA	NA	NA	NA	NA	NA	NA	NA	NA	NA	NA	NA	NA	NA	NA	Yes	NA	NA	E5D64754-15E8-494E-B7F7-25CF2819FE4C	NA	NA	NA	NA	NA	NA	NA	NA	NA	NA	NA	NA	NA	NA	NA	NA	NA	NA	NA	NA	NA	NA	NA	NA	NA	NA	International Genomics Conosrtium	NA	NA	NA	NA	72	NA	39	-19139	NA	NA	NA	NA	NA	NA	NA	NA	NA	NA	NA	NA	NA	7	23	UCEC	17.06282671	1:DEAD WITH TUMOR	EUR	Yes	0.2895	0.18	Tumor Free	12.16425026	1:PROGRESSION	NA	No	Yes	18	UCEC_CN_LOW	116	Yes	No	AJ	Uterus	Endometrioid Endometrial Adenocarcinoma	16	NA	NA	NA	NA	NA	NA	NA	NA	NA	NA	NA	NA	NA	NA	NA
ucec_tcga_pan_can_atlas_2018	TCGA-AJ-A3IA	TCGA-AJ-A3IA-01	Endometrial Cancer	Uterine Serous Carcinoma/Uterine Papillary Serous Carcinoma	Not Hispanic Or Latino	NA	NA	NA	231	USC	White	1	Primary	Matched	7.7	NA	NA	NA	NA	NA	NA	77	NA	NA	NA	NA	NA	NA	NA	NA	NA	NA	NA	NA	NA	NA	NA	NA	NA	NA	NA	NA	NA	NA	NA	NA	NA	NA	NA	NA	NA	NA	NA	NA	NA	NA	NA	NA	NA	NA	NA	NA	NA	NA	NA	NA	NA	NA	NA	NA	NA	NA	NA	NA	NA	NA	NA	NA	NA	NA	NA	NA	NA	NA	NA	NA	NA	NA	NA	NA	NA	NA	NA	NA	NA	NA	NA	NA	NA	NA	NA	NA	NA	NA	NA	NA	NA	NA	NA	NA	NA	NA	NA	NA	NA	NA	NA	NA	NA	NA	NA	NA	NA	NA	NA	NA	NA	NA	NA	NA	NA	NA	NA	NA	NA	NA	NA	NA	NA	NA	NA	NA	NA	NA	NA	NA	NA	NA	NA	NA	NA	NA	NA	NA	NA	NA	NA	NA	NA	NA	NA	Female	NA	NA	NA	NA	NA	NA	NA	NA	NA	NA	NA	NA	NA	NA	NA	NA	NA	NA	0.4993	G3	NA	NA	NA	NA	NA	NA	NA	NA	NA	20.81073084	0:LIVING	NA	NA	NA	NA	NA	NA	NA	2009	NA	NA	NA	NA	NA	0	NA	20.81073084	0:DiseaseFree	NA	NA	NA	4/13/12	NA	NA	NA	NA	NA	No	NA	NA	NA	C54.1	8380/3	C54.1	Yes	NA	NA	NA	NA	NA	NA	NA	NA	NA	NA	NA	NA	NA	NA	NA	No	NA	NA	8A0A58A0-5C12-4366-AF43-4FD25F8FF454	NA	NA	NA	NA	NA	NA	NA	NA	NA	NA	NA	NA	NA	NA	NA	NA	NA	NA	NA	NA	NA	NA	NA	NA	NA	NA	International Genomics Conosrtium	NA	NA	NA	NA	58	NA	633	-28470	NA	NA	NA	NA	NA	NA	NA	NA	NA	NA	NA	NA	NA	18	7	UCEC	20.81073084	0:ALIVE OR DEAD TUMOR FREE	EUR	Yes	0.3185	0.23	Tumor Free	20.81073084	0:CENSORED	NA	Yes	No	-2	UCEC_CN_HIGH	501	Yes	No	AJ	Uterus	Serous Endometrial Adenocarcinoma	10	NA	NA	NA	NA	NA	NA	NA	NA	NA	NA	NA	NA	NA	NA	NA
ucec_tcga_pan_can_atlas_2018	TCGA-AJ-A3NF	TCGA-AJ-A3NF-01	Endometrial Cancer	Uterine Serous Carcinoma/Uterine Papillary Serous Carcinoma	Not Hispanic Or Latino	NA	NA	NA	55	USC	White	1	Primary	Matched	1.833333333	NA	NA	NA	NA	NA	NA	60	NA	NA	NA	NA	NA	NA	NA	NA	NA	NA	NA	NA	NA	NA	NA	NA	NA	NA	NA	NA	NA	NA	NA	NA	NA	NA	NA	NA	NA	NA	NA	NA	NA	NA	NA	NA	NA	NA	NA	NA	NA	NA	NA	NA	NA	NA	NA	NA	NA	NA	NA	NA	NA	NA	NA	NA	NA	NA	NA	NA	NA	NA	NA	NA	NA	NA	NA	NA	NA	NA	NA	NA	NA	NA	NA	NA	NA	NA	NA	NA	NA	NA	NA	NA	NA	NA	NA	NA	NA	NA	NA	NA	NA	NA	NA	NA	NA	NA	NA	NA	NA	NA	NA	NA	NA	NA	NA	NA	NA	NA	NA	NA	NA	NA	NA	NA	NA	NA	NA	NA	NA	NA	NA	NA	NA	NA	NA	NA	NA	NA	NA	NA	NA	NA	NA	NA	NA	NA	NA	Female	NA	NA	NA	NA	NA	NA	NA	NA	NA	NA	NA	NA	NA	NA	NA	NA	NA	NA	0.1269	G3	NA	NA	NA	NA	NA	NA	NA	NA	NA	21.20524707	0:LIVING	NA	NA	NA	NA	NA	NA	NA	2009	NA	NA	NA	NA	NA	0	NA	21.20524707	0:DiseaseFree	NA	NA	NA	4/17/12	NA	NA	NA	NA	NA	No	NA	NA	NA	C54.1	8441/3	C54.1	Yes	NA	NA	NA	NA	NA	NA	NA	NA	NA	NA	NA	NA	NA	NA	NA	No	NA	NA	9FCBEF9E-2CCA-4033-B574-DAAB2A42198B	NA	NA	NA	NA	NA	NA	NA	NA	NA	NA	NA	NA	NA	NA	NA	NA	NA	NA	NA	NA	NA	NA	NA	NA	NA	NA	International Genomics Conosrtium	NA	NA	NA	NA	117	NA	645	-22210	NA	NA	NA	NA	NA	NA	NA	NA	NA	NA	NA	NA	NA	12	-9	UCEC	21.20524707	0:ALIVE OR DEAD TUMOR FREE	EUR	Yes	0.2883	0.06	NA	21.20524707	0:CENSORED	NA	No	Yes	0	UCEC_CN_HIGH	246	Yes	No	AJ	Uterus	Serous Endometrial Adenocarcinoma	-8	NA	NA	NA	NA	NA	NA	NA	NA	NA	NA	NA	NA	NA	NA	NA
ucec_tcga_pan_can_atlas_2018	TCGA-AJ-A3NG	TCGA-AJ-A3NG-01	Endometrial Cancer	Uterine Mixed Endometrial Carcinoma	Not Hispanic Or Latino	NA	NA	NA	75	UMEC	White	1	Primary	Matched	2.466666667	NA	NA	NA	NA	NA	NA	83	NA	NA	NA	NA	NA	NA	NA	NA	NA	NA	NA	NA	NA	NA	NA	NA	NA	NA	NA	NA	NA	NA	NA	NA	NA	NA	NA	NA	NA	NA	NA	NA	NA	NA	NA	NA	NA	NA	NA	NA	NA	NA	NA	NA	NA	NA	NA	NA	NA	NA	NA	NA	NA	NA	NA	NA	NA	NA	NA	NA	NA	NA	NA	NA	NA	NA	NA	NA	NA	NA	NA	NA	NA	NA	NA	NA	NA	NA	NA	NA	NA	NA	NA	NA	NA	NA	NA	NA	NA	NA	NA	NA	NA	NA	NA	NA	NA	NA	NA	NA	NA	NA	NA	NA	NA	NA	NA	NA	NA	NA	NA	NA	NA	NA	NA	NA	NA	NA	NA	NA	NA	NA	NA	NA	NA	NA	NA	NA	NA	NA	NA	NA	NA	NA	NA	NA	NA	NA	NA	Female	NA	NA	NA	NA	NA	NA	NA	NA	NA	NA	NA	NA	NA	NA	NA	NA	NA	NA	0.1254	G3	NA	NA	NA	NA	NA	NA	NA	NA	NA	15.61626722	0:LIVING	NA	NA	NA	NA	NA	NA	NA	2009	NA	NA	NA	NA	NA	0	NA	15.61626722	0:DiseaseFree	NA	NA	NA	4/17/12	NA	NA	NA	NA	NA	No	NA	NA	NA	C54.1	8441/3	C54.1	Yes	NA	NA	NA	NA	NA	NA	NA	NA	NA	NA	NA	NA	NA	NA	NA	No	NA	NA	1ADDCD66-79AB-4976-9679-37F0F31BA1DF	NA	NA	NA	NA	NA	NA	NA	NA	NA	NA	NA	NA	NA	NA	NA	NA	NA	NA	NA	NA	NA	NA	NA	NA	NA	NA	International Genomics Conosrtium	NA	NA	NA	NA	93	NA	475	-30351	NA	NA	NA	NA	NA	NA	NA	NA	NA	NA	NA	NA	NA	4	31	UCEC	15.61626722	0:ALIVE OR DEAD TUMOR FREE	EUR	Yes	0.3693	0.47	Tumor Free	15.61626722	0:CENSORED	NA	No	Yes	22	UCEC_CN_LOW	10	Yes	No	AJ	Uterus	Mixed Serous and Endometrioid Carcinoma	28	NA	NA	NA	NA	NA	NA	NA	NA	NA	NA	NA	NA	NA	NA	NA
ucec_tcga_pan_can_atlas_2018	TCGA-AJ-A3OJ	TCGA-AJ-A3OJ-01	Endometrial Cancer	Uterine Endometrioid Carcinoma	Not Hispanic Or Latino	NA	NA	NA	885	UEC	White	1	Primary	Matched	29.83333333	NA	NA	NA	NA	NA	NA	54	NA	NA	NA	NA	NA	NA	NA	NA	NA	NA	NA	NA	NA	NA	NA	NA	NA	NA	NA	NA	NA	NA	NA	NA	NA	NA	NA	NA	NA	NA	NA	NA	NA	NA	NA	NA	NA	NA	NA	NA	NA	NA	NA	NA	NA	NA	NA	NA	NA	NA	NA	NA	NA	NA	NA	NA	NA	NA	NA	NA	NA	NA	NA	NA	NA	NA	NA	NA	NA	NA	NA	NA	NA	NA	NA	NA	NA	NA	NA	NA	NA	NA	NA	NA	NA	NA	NA	NA	NA	NA	NA	NA	NA	NA	NA	NA	NA	NA	NA	NA	NA	NA	NA	NA	NA	NA	NA	NA	NA	NA	NA	NA	NA	NA	NA	NA	NA	NA	NA	NA	NA	NA	NA	NA	NA	NA	NA	NA	NA	NA	NA	NA	NA	NA	NA	NA	NA	NA	NA	Female	NA	NA	NA	NA	NA	NA	NA	NA	NA	NA	NA	NA	NA	NA	NA	NA	NA	NA	0.0003	G3	NA	NA	NA	NA	NA	NA	NA	NA	NA	15.3532564	0:LIVING	NA	NA	NA	NA	NA	NA	NA	2009	NA	NA	NA	NA	NA	0	NA	15.3532564	0:DiseaseFree	NA	NA	NA	4/19/12	NA	NA	NA	NA	NA	No	NA	NA	NA	C54.1	8380/3	C54.1	Yes	NA	NA	NA	NA	NA	NA	NA	NA	NA	NA	NA	NA	NA	NA	NA	No	NA	NA	76F98002-E8DF-4DFA-926E-8BB2D5114966	NA	NA	NA	NA	NA	NA	NA	NA	NA	NA	NA	NA	NA	NA	NA	NA	NA	NA	NA	NA	NA	NA	NA	NA	NA	NA	International Genomics Conosrtium	NA	NA	NA	NA	104	NA	467	-19826	NA	NA	NA	NA	NA	NA	NA	NA	NA	NA	NA	NA	NA	0	29	UCEC	15.3532564	0:ALIVE OR DEAD TUMOR FREE	EUR	Yes	0.8896	21.1	Tumor Free	15.3532564	0:CENSORED	NA	No	Yes	18	UCEC_MSI	6	Yes	No	AJ	Uterus	Endometrioid Endometrial Adenocarcinoma	32	NA	NA	NA	NA	NA	NA	NA	NA	NA	NA	NA	NA	NA	NA	NA
ucec_tcga_pan_can_atlas_2018	TCGA-AJ-A3OK	TCGA-AJ-A3OK-01	Endometrial Cancer	Uterine Serous Carcinoma/Uterine Papillary Serous Carcinoma	NA	NA	NA	NA	656	USC	White	1	Primary	Matched	21.96666667	NA	NA	NA	NA	NA	NA	73	NA	NA	NA	NA	NA	NA	NA	NA	NA	NA	NA	NA	NA	NA	NA	NA	NA	NA	NA	NA	NA	NA	NA	NA	NA	NA	NA	NA	NA	NA	NA	NA	NA	NA	NA	NA	NA	NA	NA	NA	NA	NA	NA	NA	NA	NA	NA	NA	NA	NA	NA	NA	NA	NA	NA	NA	NA	NA	NA	NA	NA	NA	NA	NA	NA	NA	NA	NA	NA	NA	NA	NA	NA	NA	NA	NA	NA	NA	NA	NA	NA	NA	NA	NA	NA	NA	NA	NA	NA	NA	NA	NA	NA	NA	NA	NA	NA	NA	NA	NA	NA	NA	NA	NA	NA	NA	NA	NA	NA	NA	NA	NA	NA	NA	NA	NA	NA	NA	NA	NA	NA	NA	NA	NA	NA	NA	NA	NA	NA	NA	NA	NA	NA	NA	NA	NA	NA	NA	NA	Female	NA	NA	NA	NA	NA	NA	NA	NA	NA	NA	NA	NA	NA	NA	NA	NA	NA	NA	0.0000	G3	NA	NA	NA	NA	NA	NA	NA	NA	NA	15.94503074	0:LIVING	NA	NA	NA	NA	NA	NA	NA	2009	NA	NA	NA	NA	NA	0	NA	15.94503074	0:DiseaseFree	NA	NA	NA	4/19/12	NA	NA	NA	NA	NA	No	NA	NA	NA	C54.1	8441/3	C54.1	Yes	NA	NA	NA	NA	NA	NA	NA	NA	NA	NA	NA	NA	NA	NA	NA	No	NA	NA	12DF24C6-1229-4777-AD90-7DD66259B65F	NA	NA	NA	NA	NA	NA	NA	NA	NA	NA	NA	NA	NA	NA	NA	NA	NA	NA	NA	NA	NA	NA	NA	NA	NA	NA	International Genomics Conosrtium	NA	NA	NA	NA	75	NA	485	-26851	NA	NA	NA	NA	NA	NA	NA	NA	NA	NA	NA	NA	NA	0	-33	UCEC	15.94503074	0:ALIVE OR DEAD TUMOR FREE	EUR	Yes	0.4056	1.24	Tumor Free	15.94503074	0:CENSORED	NA	No	Yes	-14	UCEC_CN_LOW	2	Yes	No	AJ	Uterus	Serous Endometrial Adenocarcinoma	-32	NA	NA	NA	NA	NA	NA	NA	NA	NA	NA	NA	NA	NA	NA	NA
ucec_tcga_pan_can_atlas_2018	TCGA-AJ-A3OL	TCGA-AJ-A3OL-01	Endometrial Cancer	Uterine Endometrioid Carcinoma	Not Hispanic Or Latino	NA	NA	NA	292	UEC	White	1	Primary	Matched	9.933333333	NA	NA	NA	NA	NA	NA	55	NA	NA	NA	NA	NA	NA	NA	NA	NA	NA	NA	NA	NA	NA	NA	NA	NA	NA	NA	NA	NA	NA	NA	NA	NA	NA	NA	NA	NA	NA	NA	NA	NA	NA	NA	NA	NA	NA	NA	NA	NA	NA	NA	NA	NA	NA	NA	NA	NA	NA	NA	NA	NA	NA	NA	NA	NA	NA	NA	NA	NA	NA	NA	NA	NA	NA	NA	NA	NA	NA	NA	NA	NA	NA	NA	NA	NA	NA	NA	NA	NA	NA	NA	NA	NA	NA	NA	NA	NA	NA	NA	NA	NA	NA	NA	NA	NA	NA	NA	NA	NA	NA	NA	NA	NA	NA	NA	NA	NA	NA	NA	NA	NA	NA	NA	NA	NA	NA	NA	NA	NA	NA	NA	NA	NA	NA	NA	NA	NA	NA	NA	NA	NA	NA	NA	NA	NA	NA	NA	Female	NA	NA	NA	NA	NA	NA	NA	NA	NA	NA	NA	NA	NA	NA	NA	NA	NA	NA	0.0844	G3	NA	NA	NA	NA	NA	NA	NA	NA	NA	14.76148207	1:DECEASED	NA	NA	NA	NA	NA	NA	NA	2009	NA	NA	NA	NA	NA	0	NA	13.93957327	1:Recurred/Progressed	NA	NA	NA	4/19/12	NA	NA	NA	NA	NA	No	NA	NA	NA	C54.1	8380/3	C54.1	Yes	NA	NA	NA	NA	NA	NA	NA	NA	NA	NA	NA	NA	NA	NA	NA	Yes	NA	NA	7F91A0C5-D639-48EA-B3F7-B6F385E047ED	NA	NA	NA	NA	NA	NA	NA	NA	NA	NA	NA	NA	NA	NA	NA	NA	NA	NA	NA	NA	NA	NA	NA	NA	NA	NA	International Genomics Conosrtium	NA	NA	NA	NA	64	NA	57	-20115	NA	NA	NA	NA	NA	NA	NA	NA	NA	NA	NA	NA	NA	3	27	UCEC	14.76148207	1:DEAD WITH TUMOR	EUR	Yes	0.7708	15.72	Tumor Free	13.93957327	1:PROGRESSION	NA	No	No	24	UCEC_MSI	2	Yes	No	AJ	Uterus	Endometrioid Endometrial Adenocarcinoma	28	NA	NA	NA	NA	NA	NA	NA	NA	NA	NA	NA	NA	NA	NA	NA
ucec_tcga_pan_can_atlas_2018	TCGA-AJ-A3QS	TCGA-AJ-A3QS-01	Endometrial Cancer	Uterine Serous Carcinoma/Uterine Papillary Serous Carcinoma	Not Hispanic Or Latino	NA	NA	NA	228	USC	Black or African American	1	Primary	Matched	7.6	NA	NA	NA	NA	NA	NA	57	NA	NA	NA	NA	NA	NA	NA	NA	NA	NA	NA	NA	NA	NA	NA	NA	NA	NA	NA	NA	NA	NA	NA	NA	NA	NA	NA	NA	NA	NA	NA	NA	NA	NA	NA	NA	NA	NA	NA	NA	NA	NA	NA	NA	NA	NA	NA	NA	NA	NA	NA	NA	NA	NA	NA	NA	NA	NA	NA	NA	NA	NA	NA	NA	NA	NA	NA	NA	NA	NA	NA	NA	NA	NA	NA	NA	NA	NA	NA	NA	NA	NA	NA	NA	NA	NA	NA	NA	NA	NA	NA	NA	NA	NA	NA	NA	NA	NA	NA	NA	NA	NA	NA	NA	NA	NA	NA	NA	NA	NA	NA	NA	NA	NA	NA	NA	NA	NA	NA	NA	NA	NA	NA	NA	NA	NA	NA	NA	NA	NA	NA	NA	NA	NA	NA	NA	NA	NA	NA	Female	NA	NA	NA	NA	NA	NA	NA	NA	NA	NA	NA	NA	NA	NA	NA	NA	NA	NA	0.2386	G3	NA	NA	NA	NA	NA	NA	NA	NA	NA	16.8655686	0:LIVING	NA	NA	NA	NA	NA	NA	NA	2009	NA	NA	NA	NA	NA	0	NA	16.8655686	0:DiseaseFree	NA	NA	NA	9/28/12	NA	NA	NA	NA	NA	No	NA	NA	NA	C54.1	8441/3	C54.1	Yes	NA	NA	NA	NA	NA	NA	NA	NA	NA	NA	NA	NA	NA	NA	NA	No	NA	NA	69FC74BC-E961-40E2-9169-D7B51658EB10	NA	NA	NA	NA	NA	NA	NA	NA	NA	NA	NA	NA	NA	NA	NA	NA	NA	NA	NA	NA	NA	NA	NA	NA	NA	NA	International Genomics Conosrtium	NA	NA	NA	NA	71	NA	513	-21162	NA	NA	NA	NA	NA	NA	NA	NA	NA	NA	NA	NA	NA	16	7	UCEC	16.8655686	0:ALIVE OR DEAD TUMOR FREE	AFR	Yes	0.2803	0.22	Tumor Free	16.8655686	0:CENSORED	NA	No	Yes	14	UCEC_CN_HIGH	310	Yes	No	AJ	Uterus	Serous Endometrial Adenocarcinoma	16	NA	NA	NA	NA	NA	NA	NA	NA	NA	NA	NA	NA	NA	NA	NA
ucec_tcga_pan_can_atlas_2018	TCGA-AJ-A3TW	TCGA-AJ-A3TW-01	Endometrial Cancer	Uterine Serous Carcinoma/Uterine Papillary Serous Carcinoma	Not Hispanic Or Latino	NA	NA	NA	113	USC	White	1	Primary	Matched	3.8	NA	NA	NA	NA	NA	NA	78	NA	NA	NA	NA	NA	NA	NA	NA	NA	NA	NA	NA	NA	NA	NA	NA	NA	NA	NA	NA	NA	NA	NA	NA	NA	NA	NA	NA	NA	NA	NA	NA	NA	NA	NA	NA	NA	NA	NA	NA	NA	NA	NA	NA	NA	NA	NA	NA	NA	NA	NA	NA	NA	NA	NA	NA	NA	NA	NA	NA	NA	NA	NA	NA	NA	NA	NA	NA	NA	NA	NA	NA	NA	NA	NA	NA	NA	NA	NA	NA	NA	NA	NA	NA	NA	NA	NA	NA	NA	NA	NA	NA	NA	NA	NA	NA	NA	NA	NA	NA	NA	NA	NA	NA	NA	NA	NA	NA	NA	NA	NA	NA	NA	NA	NA	NA	NA	NA	NA	NA	NA	NA	NA	NA	NA	NA	NA	NA	NA	NA	NA	NA	NA	NA	NA	NA	NA	NA	NA	Female	NA	NA	NA	NA	NA	NA	NA	NA	NA	NA	NA	NA	NA	NA	NA	NA	NA	NA	0.5385	G3	NA	NA	NA	NA	NA	NA	NA	NA	NA	16.8655686	0:LIVING	NA	NA	NA	NA	NA	NA	NA	2009	NA	NA	NA	NA	NA	0	NA	16.8655686	0:DiseaseFree	NA	NA	NA	8/6/12	NA	NA	NA	NA	NA	No	NA	NA	NA	C54.1	8441/3	C54.1	Yes	NA	NA	NA	NA	NA	NA	NA	NA	NA	NA	NA	NA	NA	NA	NA	No	NA	NA	9EE944EF-4293-4228-B750-CC34AB388EB3	NA	NA	NA	NA	NA	NA	NA	NA	NA	NA	NA	NA	NA	NA	NA	NA	NA	NA	NA	NA	NA	NA	NA	NA	NA	NA	International Genomics Conosrtium	NA	NA	NA	NA	55	NA	513	-28559	NA	NA	NA	NA	NA	NA	NA	NA	NA	NA	NA	NA	NA	12	27	UCEC	16.8655686	0:ALIVE OR DEAD TUMOR FREE	EUR	Yes	0.4195	0.43	Tumor Free	16.8655686	0:CENSORED	NA	No	Yes	12	UCEC_CN_HIGH	456	Yes	No	AJ	Uterus	Serous Endometrial Adenocarcinoma	30	NA	NA	NA	NA	NA	NA	NA	NA	NA	NA	NA	NA	NA	NA	NA
ucec_tcga_pan_can_atlas_2018	TCGA-AJ-A5DV	TCGA-AJ-A5DV-01	Endometrial Cancer	Uterine Endometrioid Carcinoma	Not Hispanic Or Latino	NA	NA	NA	80	UEC	Black or African American	1	Primary	Matched	2.7	NA	NA	NA	NA	NA	NA	65	NA	NA	NA	NA	NA	NA	NA	NA	NA	NA	NA	NA	NA	NA	NA	NA	NA	NA	NA	NA	NA	NA	NA	NA	NA	NA	NA	NA	NA	NA	NA	NA	NA	NA	NA	NA	NA	NA	NA	NA	NA	NA	NA	NA	NA	NA	NA	NA	NA	NA	NA	NA	NA	NA	NA	NA	NA	NA	NA	NA	NA	NA	NA	NA	NA	NA	NA	NA	NA	NA	NA	NA	NA	NA	NA	NA	NA	NA	NA	NA	NA	NA	NA	NA	NA	NA	NA	NA	NA	NA	NA	NA	NA	NA	NA	NA	NA	NA	NA	NA	NA	NA	NA	NA	NA	NA	NA	NA	NA	NA	NA	NA	NA	NA	NA	NA	NA	NA	NA	NA	NA	NA	NA	NA	NA	NA	NA	NA	NA	NA	NA	NA	NA	NA	NA	NA	NA	NA	NA	Female	NA	NA	NA	NA	NA	NA	NA	NA	NA	NA	NA	NA	NA	NA	NA	NA	NA	NA	0.0000	G3	NA	NA	NA	NA	NA	NA	NA	NA	NA	22.32304304	0:LIVING	NA	NA	NA	NA	NA	NA	NA	2009	NA	NA	NA	NA	NA	0	NA	22.32304304	0:DiseaseFree	NA	NA	NA	7/12/13	NA	NA	NA	NA	NA	No	NA	NA	NA	C54.1	8380/3	C54.1	Yes	NA	NA	NA	NA	NA	NA	NA	NA	NA	NA	NA	NA	NA	NA	NA	No	NA	NA	C7B3AC87-5260-4042-895A-279CD8CDA620	NA	NA	NA	NA	NA	NA	NA	NA	NA	NA	NA	NA	NA	NA	NA	NA	NA	NA	NA	NA	NA	NA	NA	NA	NA	NA	International Genomics Conosrtium	NA	NA	NA	NA	147	NA	679	-23892	NA	NA	NA	NA	NA	NA	NA	NA	NA	NA	NA	NA	NA	0	25	UCEC	22.32304304	0:ALIVE OR DEAD TUMOR FREE	AFR_ADMIX	Yes	0.3053	0	Tumor Free	22.32304304	0:CENSORED	NA	No	No	24	UCEC_CN_LOW	0	Yes	No	AJ	Uterus	Endometrioid Endometrial Adenocarcinoma	4	NA	NA	NA	NA	NA	NA	NA	NA	NA	NA	NA	NA	NA	NA	NA
ucec_tcga_pan_can_atlas_2018	TCGA-AJ-A6NU	TCGA-AJ-A6NU-01	Endometrial Cancer	Uterine Endometrioid Carcinoma	Not Hispanic Or Latino	NA	NA	NA	42	UEC	Black or African American	1	Primary	Matched	1.433333333	NA	NA	NA	NA	NA	NA	64	NA	NA	NA	NA	NA	NA	NA	NA	NA	NA	NA	NA	NA	NA	NA	NA	NA	NA	NA	NA	NA	NA	NA	NA	NA	NA	NA	NA	NA	NA	NA	NA	NA	NA	NA	NA	NA	NA	NA	NA	NA	NA	NA	NA	NA	NA	NA	NA	NA	NA	NA	NA	NA	NA	NA	NA	NA	NA	NA	NA	NA	NA	NA	NA	NA	NA	NA	NA	NA	NA	NA	NA	NA	NA	NA	NA	NA	NA	NA	NA	NA	NA	NA	NA	NA	NA	NA	NA	NA	NA	NA	NA	NA	NA	NA	NA	NA	NA	NA	NA	NA	NA	NA	NA	NA	NA	NA	NA	NA	NA	NA	NA	NA	NA	NA	NA	NA	NA	NA	NA	NA	NA	NA	NA	NA	NA	NA	NA	NA	NA	NA	NA	NA	NA	NA	NA	NA	NA	NA	Female	NA	NA	NA	NA	NA	NA	NA	NA	NA	NA	NA	NA	NA	NA	NA	NA	NA	NA	0.2061	G1	NA	NA	NA	NA	NA	NA	NA	NA	NA	20.77785449	0:LIVING	NA	NA	NA	NA	NA	NA	NA	2009	NA	NA	NA	NA	NA	0	NA	20.77785449	0:DiseaseFree	NA	NA	NA	6/30/14	NA	NA	NA	NA	NA	No	NA	NA	NA	C54.1	8380/3	C54.1	Yes	NA	NA	NA	NA	NA	NA	NA	NA	NA	NA	NA	NA	NA	NA	NA	No	NA	NA	41E14A71-95DF-46D3-A357-A227A00029CF	NA	NA	NA	NA	NA	NA	NA	NA	NA	NA	NA	NA	NA	NA	NA	NA	NA	NA	NA	NA	NA	NA	NA	NA	NA	NA	International Genomics Conosrtium	NA	NA	NA	NA	167	NA	632	-23498	NA	NA	NA	NA	NA	NA	NA	NA	NA	NA	NA	NA	NA	5	-3	UCEC	20.77785449	0:ALIVE OR DEAD TUMOR FREE	AFR_ADMIX	Yes	0.3416	0	Tumor Free	20.77785449	0:CENSORED	NA	No	No	14	UCEC_CN_HIGH	179	Yes	No	AJ	Uterus	Endometrioid Endometrial Adenocarcinoma	0	NA	NA	NA	NA	NA	NA	NA	NA	NA	NA	NA	NA	NA	NA	NA
ucec_tcga_pan_can_atlas_2018	TCGA-AJ-A8CT	TCGA-AJ-A8CT-01	Endometrial Cancer	Uterine Endometrioid Carcinoma	NA	NA	NA	NA	630	UEC	Black or African American	1	Primary	Matched	21.2	NA	NA	NA	NA	NA	NA	58	NA	NA	NA	NA	NA	NA	NA	NA	NA	NA	NA	NA	NA	NA	NA	NA	NA	NA	NA	NA	NA	NA	NA	NA	NA	NA	NA	NA	NA	NA	NA	NA	NA	NA	NA	NA	NA	NA	NA	NA	NA	NA	NA	NA	NA	NA	NA	NA	NA	NA	NA	NA	NA	NA	NA	NA	NA	NA	NA	NA	NA	NA	NA	NA	NA	NA	NA	NA	NA	NA	NA	NA	NA	NA	NA	NA	NA	NA	NA	NA	NA	NA	NA	NA	NA	NA	NA	NA	NA	NA	NA	NA	NA	NA	NA	NA	NA	NA	NA	NA	NA	NA	NA	NA	NA	NA	NA	NA	NA	NA	NA	NA	NA	NA	NA	NA	NA	NA	NA	NA	NA	NA	NA	NA	NA	NA	NA	NA	NA	NA	NA	NA	NA	NA	NA	NA	NA	NA	NA	Female	NA	NA	NA	NA	NA	NA	NA	NA	NA	NA	NA	NA	NA	NA	NA	NA	NA	NA	0.0004	G1	NA	NA	NA	NA	NA	NA	NA	NA	NA	2.695860867	0:LIVING	NA	NA	NA	NA	NA	NA	NA	2009	NA	NA	NA	NA	NA	0	NA	2.695860867	0:DiseaseFree	NA	NA	NA	2/27/14	NA	NA	NA	NA	NA	No	NA	NA	NA	C54.1	8380/3	C54.1	Yes	NA	NA	NA	NA	NA	NA	NA	NA	NA	NA	NA	NA	NA	NA	NA	NA	NA	NA	6C2232B2-80CE-4156-A0B4-FFA411B0963E	NA	NA	NA	NA	NA	NA	NA	NA	NA	NA	NA	NA	NA	NA	NA	NA	NA	NA	NA	NA	NA	NA	NA	NA	NA	NA	International Genomics Conosrtium	NA	NA	NA	NA	115	NA	82	-21515	NA	NA	NA	NA	NA	NA	NA	NA	NA	NA	NA	NA	NA	0	-37	UCEC	2.695860867	0:ALIVE OR DEAD TUMOR FREE	AFR_ADMIX	Yes	0.503	5.44	Tumor Free	2.695860867	0:CENSORED	NA	No	NA	-12	UCEC_MSI	0	Yes	No	AJ	Uterus	Endometrioid Endometrial Adenocarcinoma	-40	NA	NA	NA	NA	NA	NA	NA	NA	NA	NA	NA	NA	NA	NA	NA
ucec_tcga_pan_can_atlas_2018	TCGA-AJ-A8CV	TCGA-AJ-A8CV-01	Endometrial Cancer	Uterine Endometrioid Carcinoma	NA	NA	NA	NA	219	UEC	Black or African American	1	Primary	Matched	7.266666667	NA	NA	NA	NA	NA	NA	58	NA	NA	NA	NA	NA	NA	NA	NA	NA	NA	NA	NA	NA	NA	NA	NA	NA	NA	NA	NA	NA	NA	NA	NA	NA	NA	NA	NA	NA	NA	NA	NA	NA	NA	NA	NA	NA	NA	NA	NA	NA	NA	NA	NA	NA	NA	NA	NA	NA	NA	NA	NA	NA	NA	NA	NA	NA	NA	NA	NA	NA	NA	NA	NA	NA	NA	NA	NA	NA	NA	NA	NA	NA	NA	NA	NA	NA	NA	NA	NA	NA	NA	NA	NA	NA	NA	NA	NA	NA	NA	NA	NA	NA	NA	NA	NA	NA	NA	NA	NA	NA	NA	NA	NA	NA	NA	NA	NA	NA	NA	NA	NA	NA	NA	NA	NA	NA	NA	NA	NA	NA	NA	NA	NA	NA	NA	NA	NA	NA	NA	NA	NA	NA	NA	NA	NA	NA	NA	NA	Female	NA	NA	NA	NA	NA	NA	NA	NA	NA	NA	NA	NA	NA	NA	NA	NA	NA	NA	0.0000	G2	NA	NA	NA	NA	NA	NA	NA	NA	NA	35.11194398	0:LIVING	NA	NA	NA	NA	NA	NA	NA	2009	NA	NA	NA	NA	NA	0	NA	35.11194398	0:DiseaseFree	NA	NA	NA	2/27/14	NA	NA	NA	NA	NA	No	NA	NA	NA	C54.1	8380/3	C54.1	Yes	NA	NA	NA	NA	NA	NA	NA	NA	NA	NA	NA	NA	NA	NA	NA	No	NA	NA	4557D1FB-9786-4780-BD33-02E9DA04B7E3	NA	NA	NA	NA	NA	NA	NA	NA	NA	NA	NA	NA	NA	NA	NA	NA	NA	NA	NA	NA	NA	NA	NA	NA	NA	NA	International Genomics Conosrtium	NA	NA	NA	NA	86	NA	1068	-21336	NA	NA	NA	NA	NA	NA	NA	NA	NA	NA	NA	NA	NA	0	19	UCEC	35.11194398	0:ALIVE OR DEAD TUMOR FREE	EUR	Yes	0.5694	7.86	Tumor Free	35.11194398	0:CENSORED	NA	No	Yes	10	UCEC_MSI	0	Yes	No	AJ	Uterus	Endometrioid Endometrial Adenocarcinoma	8	NA	NA	NA	NA	NA	NA	NA	NA	NA	NA	NA	NA	NA	NA	NA
ucec_tcga_pan_can_atlas_2018	TCGA-AJ-A8CW	TCGA-AJ-A8CW-01	Endometrial Cancer	Uterine Endometrioid Carcinoma	Not Hispanic Or Latino	NA	NA	NA	661	UEC	Black or African American	1	Primary	Matched	22.13333333	NA	NA	NA	NA	NA	NA	64	NA	NA	NA	NA	NA	NA	NA	NA	NA	NA	NA	NA	NA	NA	NA	NA	NA	NA	NA	NA	NA	NA	NA	NA	NA	NA	NA	NA	NA	NA	NA	NA	NA	NA	NA	NA	NA	NA	NA	NA	NA	NA	NA	NA	NA	NA	NA	NA	NA	NA	NA	NA	NA	NA	NA	NA	NA	NA	NA	NA	NA	NA	NA	NA	NA	NA	NA	NA	NA	NA	NA	NA	NA	NA	NA	NA	NA	NA	NA	NA	NA	NA	NA	NA	NA	NA	NA	NA	NA	NA	NA	NA	NA	NA	NA	NA	NA	NA	NA	NA	NA	NA	NA	NA	NA	NA	NA	NA	NA	NA	NA	NA	NA	NA	NA	NA	NA	NA	NA	NA	NA	NA	NA	NA	NA	NA	NA	NA	NA	NA	NA	NA	NA	NA	NA	NA	NA	NA	NA	Female	NA	NA	NA	NA	NA	NA	NA	NA	NA	NA	NA	NA	NA	NA	NA	NA	NA	NA	0.0951	G2	NA	NA	NA	NA	NA	NA	NA	NA	NA	0.131505408	0:LIVING	NA	NA	NA	NA	NA	NA	NA	2009	NA	NA	NA	NA	NA	0	NA	NA	NA	NA	NA	NA	2/27/14	NA	NA	NA	NA	NA	No	NA	NA	NA	C54.1	8380/3	C54.1	Yes	NA	NA	NA	NA	NA	NA	NA	NA	NA	NA	NA	NA	NA	NA	NA	No	NA	NA	43E08773-767E-4B81-94E4-8848565C23E9	NA	NA	NA	NA	NA	NA	NA	NA	NA	NA	NA	NA	NA	NA	NA	NA	NA	NA	NA	NA	NA	NA	NA	NA	NA	NA	International Genomics Conosrtium	NA	NA	NA	NA	134	NA	4	-23554	NA	NA	NA	NA	NA	NA	NA	NA	NA	NA	NA	NA	NA	4	-9	UCEC	0.131505408	0:ALIVE OR DEAD TUMOR FREE	AFR	Yes	0.8784	24.7	Tumor Free	0.131505408	0:CENSORED	NA	No	NA	10	UCEC_MSI	26	Yes	No	AJ	Uterus	Endometrioid Endometrial Adenocarcinoma	6	NA	NA	NA	NA	NA	NA	NA	NA	NA	NA	NA	NA	NA	NA	NA
ucec_tcga_pan_can_atlas_2018	TCGA-AP-A052	TCGA-AP-A052-01	Endometrial Cancer	Uterine Serous Carcinoma/Uterine Papillary Serous Carcinoma	NA	NA	NA	NA	42	USC	Black or African American	1	Primary	Matched	1.4	NA	NA	NA	NA	NA	NA	59	NA	NA	NA	NA	NA	NA	NA	NA	NA	NA	NA	NA	NA	NA	NA	NA	NA	NA	NA	NA	NA	NA	NA	NA	NA	NA	NA	NA	NA	NA	NA	NA	NA	NA	NA	NA	NA	NA	NA	NA	NA	NA	NA	NA	NA	NA	NA	NA	NA	NA	NA	NA	NA	NA	NA	NA	NA	NA	NA	NA	NA	NA	NA	NA	NA	NA	NA	NA	NA	NA	NA	NA	NA	NA	NA	NA	NA	NA	NA	NA	NA	NA	NA	NA	NA	NA	NA	NA	NA	NA	NA	NA	NA	NA	NA	NA	NA	NA	NA	NA	NA	NA	NA	NA	NA	NA	NA	NA	NA	NA	NA	NA	NA	NA	NA	NA	NA	NA	NA	NA	NA	NA	NA	NA	NA	NA	NA	NA	NA	NA	NA	NA	NA	NA	NA	NA	NA	NA	NA	Female	NA	NA	NA	NA	NA	NA	NA	NA	NA	NA	NA	NA	NA	NA	NA	NA	NA	NA	0.2774	G3	NA	NA	NA	NA	NA	NA	NA	NA	NA	21.99427952	1:DECEASED	NA	NA	NA	NA	NA	NA	NA	NA	NA	NA	NA	NA	NA	0	NA	NA	NA	NA	NA	NA	9/23/10	NA	NA	NA	NA	NA	No	NA	NA	NA	C54.1	8441/3	C54.1	Yes	NA	NA	NA	NA	NA	NA	NA	NA	NA	NA	NA	NA	NA	NA	NA	NA	NA	NA	bd4284a7-260d-48b3-9b48-a1c578c30d27	NA	NA	NA	NA	NA	NA	NA	NA	NA	NA	NA	NA	NA	NA	NA	NA	NA	NA	NA	NA	NA	NA	NA	NA	NA	NA	MSKCC	NA	NA	NA	NA	126	NA	NA	-21721	NA	NA	NA	NA	NA	NA	NA	NA	NA	NA	NA	NA	NA	5	NA	UCEC	21.99427952	1:DEAD WITH TUMOR	AFR	Yes	0.2738	0.34	With Tumor	12.9532827	1:PROGRESSION	NA	No	No	NA	UCEC_CN_HIGH	325	No	Yes	AP	Uterus	Serous Endometrial Adenocarcinoma	NA	NA	NA	NA	NA	NA	NA	NA	NA	NA	NA	NA	NA	NA	NA	NA
ucec_tcga_pan_can_atlas_2018	TCGA-AP-A054	TCGA-AP-A054-01	Endometrial Cancer	Uterine Endometrioid Carcinoma	Not Hispanic Or Latino	NA	NA	NA	1090	UEC	White	1	Primary	Matched	36.26666667	NA	NA	NA	NA	NA	NA	64	NA	NA	NA	NA	NA	NA	NA	NA	NA	NA	NA	NA	NA	NA	NA	NA	NA	NA	NA	NA	NA	NA	NA	NA	NA	NA	NA	NA	NA	NA	NA	NA	NA	NA	NA	NA	NA	NA	NA	NA	NA	NA	NA	NA	NA	NA	NA	NA	NA	NA	NA	NA	NA	NA	NA	NA	NA	NA	NA	NA	NA	NA	NA	NA	NA	NA	NA	NA	NA	NA	NA	NA	NA	NA	NA	NA	NA	NA	NA	NA	NA	NA	NA	NA	NA	NA	NA	NA	NA	NA	NA	NA	NA	NA	NA	NA	NA	NA	NA	NA	NA	NA	NA	NA	NA	NA	NA	NA	NA	NA	NA	NA	NA	NA	NA	NA	NA	NA	NA	NA	NA	NA	NA	NA	NA	NA	NA	NA	NA	NA	NA	NA	NA	NA	NA	NA	NA	NA	NA	Female	NA	NA	NA	NA	NA	NA	NA	NA	NA	NA	NA	NA	NA	NA	NA	NA	NA	NA	0.0545	G3	NA	NA	NA	NA	NA	NA	NA	NA	NA	23.3093336	1:DECEASED	NA	NA	NA	NA	NA	NA	NA	NA	NA	NA	NA	NA	NA	0	NA	18.60801526	1:Recurred/Progressed	NA	NA	NA	9/23/10	NA	NA	NA	NA	NA	No	NA	NA	NA	C54.1	8380/3	C54.1	Yes	NA	NA	NA	NA	NA	NA	NA	NA	NA	NA	NA	NA	NA	NA	NA	NA	NA	NA	d77e4dbc-b239-4742-8cb7-efd427010d13	NA	NA	NA	NA	NA	NA	NA	NA	NA	NA	NA	NA	NA	NA	NA	NA	NA	NA	NA	NA	NA	NA	NA	NA	NA	NA	MSKCC	NA	NA	NA	NA	75	NA	NA	-23404	NA	NA	NA	NA	NA	NA	NA	NA	NA	NA	NA	NA	NA	2	NA	UCEC	23.3093336	1:DEAD WITH TUMOR	EUR	Yes	1.04	31.98	With Tumor	18.60801526	1:PROGRESSION	NA	No	No	NA	UCEC_MSI	7	No	Yes	AP	Uterus	Endometrioid Endometrial Adenocarcinoma	NA	NA	NA	NA	NA	NA	NA	NA	NA	NA	NA	NA	NA	NA	NA	NA
ucec_tcga_pan_can_atlas_2018	TCGA-AP-A05A	TCGA-AP-A05A-01	Endometrial Cancer	Uterine Serous Carcinoma/Uterine Papillary Serous Carcinoma	NA	NA	NA	NA	67	USC	White	1	Primary	Matched	2.333333333	NA	NA	NA	NA	NA	NA	81	NA	NA	NA	NA	NA	NA	NA	NA	NA	NA	NA	NA	NA	NA	NA	NA	NA	NA	NA	NA	NA	NA	NA	NA	NA	NA	NA	NA	NA	NA	NA	NA	NA	NA	NA	NA	NA	NA	NA	NA	NA	NA	NA	NA	NA	NA	NA	NA	NA	NA	NA	NA	NA	NA	NA	NA	NA	NA	NA	NA	NA	NA	NA	NA	NA	NA	NA	NA	NA	NA	NA	NA	NA	NA	NA	NA	NA	NA	NA	NA	NA	NA	NA	NA	NA	NA	NA	NA	NA	NA	NA	NA	NA	NA	NA	NA	NA	NA	NA	NA	NA	NA	NA	NA	NA	NA	NA	NA	NA	NA	NA	NA	NA	NA	NA	NA	NA	NA	NA	NA	NA	NA	NA	NA	NA	NA	NA	NA	NA	NA	NA	NA	NA	NA	NA	NA	NA	NA	NA	Female	NA	NA	NA	NA	NA	NA	NA	NA	NA	NA	NA	NA	NA	NA	NA	NA	NA	NA	0.1828	G3	NA	NA	NA	NA	NA	NA	NA	NA	NA	63.91162837	1:DECEASED	NA	NA	NA	NA	NA	NA	NA	NA	NA	NA	NA	NA	NA	0	NA	63.91162837	0:DiseaseFree	NA	NA	NA	9/23/10	NA	NA	NA	NA	NA	No	NA	NA	NA	C54.1	8441/3	C54.1	Yes	NA	NA	NA	NA	NA	NA	NA	NA	NA	NA	NA	NA	NA	NA	NA	No	NA	NA	c350b53b-3c27-4b9e-8b57-d7b6a1205a1f	NA	NA	NA	NA	NA	NA	NA	NA	NA	NA	NA	NA	NA	NA	NA	NA	NA	NA	NA	NA	NA	NA	NA	NA	NA	NA	MSKCC	NA	NA	NA	NA	NA	NA	1199	-29914	NA	NA	NA	NA	NA	NA	NA	NA	NA	NA	NA	NA	NA	5	NA	UCEC	63.91162837	0:ALIVE OR DEAD TUMOR FREE	EUR	Yes	0.2515	0.29	Tumor Free	63.91162837	0:CENSORED	NA	No	No	NA	UCEC_CN_HIGH	295	No	Yes	AP	Uterus	Serous Endometrial Adenocarcinoma	NA	NA	NA	NA	NA	NA	NA	NA	NA	NA	NA	NA	NA	NA	NA	NA
ucec_tcga_pan_can_atlas_2018	TCGA-AP-A05D	TCGA-AP-A05D-01	Endometrial Cancer	Uterine Serous Carcinoma/Uterine Papillary Serous Carcinoma	NA	NA	NA	NA	32	USC	White	1	Primary	Matched	1.1	NA	NA	NA	NA	NA	NA	67	NA	NA	NA	NA	NA	NA	NA	NA	NA	NA	NA	NA	NA	NA	NA	NA	NA	NA	NA	NA	NA	NA	NA	NA	NA	NA	NA	NA	NA	NA	NA	NA	NA	NA	NA	NA	NA	NA	NA	NA	NA	NA	NA	NA	NA	NA	NA	NA	NA	NA	NA	NA	NA	NA	NA	NA	NA	NA	NA	NA	NA	NA	NA	NA	NA	NA	NA	NA	NA	NA	NA	NA	NA	NA	NA	NA	NA	NA	NA	NA	NA	NA	NA	NA	NA	NA	NA	NA	NA	NA	NA	NA	NA	NA	NA	NA	NA	NA	NA	NA	NA	NA	NA	NA	NA	NA	NA	NA	NA	NA	NA	NA	NA	NA	NA	NA	NA	NA	NA	NA	NA	NA	NA	NA	NA	NA	NA	NA	NA	NA	NA	NA	NA	NA	NA	NA	NA	NA	NA	Female	NA	NA	NA	NA	NA	NA	NA	NA	NA	NA	NA	NA	NA	NA	NA	NA	NA	NA	0.2183	G3	NA	NA	NA	NA	NA	NA	NA	NA	NA	57.79662689	0:LIVING	NA	NA	NA	NA	NA	NA	NA	NA	NA	NA	NA	NA	NA	0	NA	57.79662689	0:DiseaseFree	NA	NA	NA	2/1/11	NA	NA	NA	NA	NA	No	NA	NA	NA	C54.1	8441/3	C54.1	Yes	NA	NA	NA	NA	NA	NA	NA	NA	NA	NA	NA	NA	NA	NA	NA	No	NA	NA	f7e06a10-74ca-4f52-a944-b3f22c016998	NA	NA	NA	NA	NA	NA	NA	NA	NA	NA	NA	NA	NA	NA	NA	NA	NA	NA	NA	NA	NA	NA	NA	NA	NA	NA	MSKCC	NA	NA	NA	NA	98	NA	1758	-24597	NA	NA	NA	NA	NA	NA	NA	NA	NA	NA	NA	NA	NA	11	NA	UCEC	57.79662689	0:ALIVE OR DEAD TUMOR FREE	EUR	Yes	0.2783	0.34	Tumor Free	57.79662689	0:CENSORED	NA	Yes	No	NA	UCEC_CN_HIGH	281	No	Yes	AP	Uterus	Serous Endometrial Adenocarcinoma	NA	NA	NA	NA	NA	NA	NA	NA	NA	NA	NA	NA	NA	NA	NA	NA
ucec_tcga_pan_can_atlas_2018	TCGA-AP-A05H	TCGA-AP-A05H-01	Endometrial Cancer	Uterine Serous Carcinoma/Uterine Papillary Serous Carcinoma	NA	NA	NA	NA	65	USC	White	1	Primary	Matched	2.166666667	NA	NA	NA	NA	NA	NA	75	NA	NA	NA	NA	NA	NA	NA	NA	NA	NA	NA	NA	NA	NA	NA	NA	NA	NA	NA	NA	NA	NA	NA	NA	NA	NA	NA	NA	NA	NA	NA	NA	NA	NA	NA	NA	NA	NA	NA	NA	NA	NA	NA	NA	NA	NA	NA	NA	NA	NA	NA	NA	NA	NA	NA	NA	NA	NA	NA	NA	NA	NA	NA	NA	NA	NA	NA	NA	NA	NA	NA	NA	NA	NA	NA	NA	NA	NA	NA	NA	NA	NA	NA	NA	NA	NA	NA	NA	NA	NA	NA	NA	NA	NA	NA	NA	NA	NA	NA	NA	NA	NA	NA	NA	NA	NA	NA	NA	NA	NA	NA	NA	NA	NA	NA	NA	NA	NA	NA	NA	NA	NA	NA	NA	NA	NA	NA	NA	NA	NA	NA	NA	NA	NA	NA	NA	NA	NA	NA	Female	NA	NA	NA	NA	NA	NA	NA	NA	NA	NA	NA	NA	NA	NA	NA	NA	NA	NA	0.6909	G3	NA	NA	NA	NA	NA	NA	NA	NA	NA	45.53374758	0:LIVING	NA	NA	NA	NA	NA	NA	NA	NA	NA	NA	NA	NA	NA	0	NA	45.53374758	0:DiseaseFree	NA	NA	NA	9/23/10	NA	NA	NA	NA	NA	No	NA	NA	NA	C54.1	8441/3	C54.1	Yes	NA	NA	NA	NA	NA	NA	NA	NA	NA	NA	NA	NA	NA	NA	NA	No	NA	NA	fe5f4822-37a3-4f9e-8d33-8b9f36bf6895	NA	NA	NA	NA	NA	NA	NA	NA	NA	NA	NA	NA	NA	NA	NA	NA	NA	NA	NA	NA	NA	NA	NA	NA	NA	NA	MSKCC	NA	NA	NA	NA	89	NA	1385	-27744	NA	NA	NA	NA	NA	NA	NA	NA	NA	NA	NA	NA	NA	20	NA	UCEC	45.53374758	0:ALIVE OR DEAD TUMOR FREE	EUR	Yes	0.3134	2.68	Tumor Free	45.53374758	0:CENSORED	NA	No	No	NA	UCEC_CN_HIGH	374	No	Yes	AP	Uterus	Serous Endometrial Adenocarcinoma	NA	NA	NA	NA	NA	NA	NA	NA	NA	NA	NA	NA	NA	NA	NA	NA
ucec_tcga_pan_can_atlas_2018	TCGA-AP-A05J	TCGA-AP-A05J-01	Endometrial Cancer	Uterine Serous Carcinoma/Uterine Papillary Serous Carcinoma	NA	NA	NA	NA	44	USC	White	1	Primary	Matched	1.466666667	NA	NA	NA	NA	NA	NA	66	NA	NA	NA	NA	NA	NA	NA	NA	NA	NA	NA	NA	NA	NA	NA	NA	NA	NA	NA	NA	NA	NA	NA	NA	NA	NA	NA	NA	NA	NA	NA	NA	NA	NA	NA	NA	NA	NA	NA	NA	NA	NA	NA	NA	NA	NA	NA	NA	NA	NA	NA	NA	NA	NA	NA	NA	NA	NA	NA	NA	NA	NA	NA	NA	NA	NA	NA	NA	NA	NA	NA	NA	NA	NA	NA	NA	NA	NA	NA	NA	NA	NA	NA	NA	NA	NA	NA	NA	NA	NA	NA	NA	NA	NA	NA	NA	NA	NA	NA	NA	NA	NA	NA	NA	NA	NA	NA	NA	NA	NA	NA	NA	NA	NA	NA	NA	NA	NA	NA	NA	NA	NA	NA	NA	NA	NA	NA	NA	NA	NA	NA	NA	NA	NA	NA	NA	NA	NA	NA	Female	NA	NA	NA	NA	NA	NA	NA	NA	NA	NA	NA	NA	NA	NA	NA	NA	NA	NA	0.1747	G3	NA	NA	NA	NA	NA	NA	NA	NA	NA	36.88726699	0:LIVING	NA	NA	NA	NA	NA	NA	NA	NA	NA	NA	NA	NA	NA	0	NA	36.88726699	0:DiseaseFree	NA	NA	NA	9/23/10	NA	NA	NA	NA	NA	No	NA	NA	NA	C54.1	8441/3	C54.1	Yes	NA	NA	NA	NA	NA	NA	NA	NA	NA	NA	NA	NA	NA	NA	NA	No	NA	NA	38f9fe64-de79-498c-b3ca-1c83af0ed72a	NA	NA	NA	NA	NA	NA	NA	NA	NA	NA	NA	NA	NA	NA	NA	NA	NA	NA	NA	NA	NA	NA	NA	NA	NA	NA	MSKCC	NA	NA	NA	NA	79	NA	1122	-24119	NA	NA	NA	NA	NA	NA	NA	NA	NA	NA	NA	NA	NA	2	NA	UCEC	36.88726699	0:ALIVE OR DEAD TUMOR FREE	EUR	Yes	0.2622	0.33	Tumor Free	36.88726699	0:CENSORED	NA	No	No	NA	UCEC_CN_HIGH	224	No	Yes	AP	Uterus	Serous Endometrial Adenocarcinoma	NA	NA	NA	NA	NA	NA	NA	NA	NA	NA	NA	NA	NA	NA	NA	NA
ucec_tcga_pan_can_atlas_2018	TCGA-AP-A05N	TCGA-AP-A05N-01	Endometrial Cancer	Uterine Endometrioid Carcinoma	NA	NA	NA	NA	257	UEC	White	1	Primary	Matched	8.633333333	NA	NA	NA	NA	NA	NA	58	NA	NA	NA	NA	NA	NA	NA	NA	NA	NA	NA	NA	NA	NA	NA	NA	NA	NA	NA	NA	NA	NA	NA	NA	NA	NA	NA	NA	NA	NA	NA	NA	NA	NA	NA	NA	NA	NA	NA	NA	NA	NA	NA	NA	NA	NA	NA	NA	NA	NA	NA	NA	NA	NA	NA	NA	NA	NA	NA	NA	NA	NA	NA	NA	NA	NA	NA	NA	NA	NA	NA	NA	NA	NA	NA	NA	NA	NA	NA	NA	NA	NA	NA	NA	NA	NA	NA	NA	NA	NA	NA	NA	NA	NA	NA	NA	NA	NA	NA	NA	NA	NA	NA	NA	NA	NA	NA	NA	NA	NA	NA	NA	NA	NA	NA	NA	NA	NA	NA	NA	NA	NA	NA	NA	NA	NA	NA	NA	NA	NA	NA	NA	NA	NA	NA	NA	NA	NA	NA	Female	NA	NA	NA	NA	NA	NA	NA	NA	NA	NA	NA	NA	NA	NA	NA	NA	NA	NA	0.0004	G1	NA	NA	NA	NA	NA	NA	NA	NA	NA	23.86823158	1:DECEASED	NA	NA	NA	NA	NA	NA	NA	NA	NA	NA	NA	NA	NA	0	NA	23.86823158	0:DiseaseFree	NA	NA	NA	9/23/10	NA	NA	NA	NA	NA	No	NA	NA	NA	C54.1	8380/3	C54.1	Yes	NA	NA	NA	NA	NA	NA	NA	NA	NA	NA	NA	NA	NA	NA	NA	No	NA	NA	08b11e0e-5b8e-45ea-9b6b-30e3185b03d7	NA	NA	NA	NA	NA	NA	NA	NA	NA	NA	NA	NA	NA	NA	NA	NA	NA	NA	NA	NA	NA	NA	NA	NA	NA	NA	MSKCC	NA	NA	NA	NA	123	NA	239	-21254	NA	NA	NA	NA	NA	NA	NA	NA	NA	NA	NA	NA	NA	0	NA	UCEC	23.86823158	0:ALIVE OR DEAD TUMOR FREE	EUR	Yes	0.5364	12.59	Tumor Free	23.86823158	0:CENSORED	NA	No	No	NA	UCEC_MSI	3	No	Yes	AP	Uterus	Endometrioid Endometrial Adenocarcinoma	NA	NA	NA	NA	NA	NA	NA	NA	NA	NA	NA	NA	NA	NA	NA	NA
ucec_tcga_pub	TCGA-AP-A05P	TCGA-AP-A05P-01	Endometrial Cancer	Uterine Endometrioid Carcinoma	NA	NA	NA	NA	30	UEC	NA	1	Primary	Matched	1.0	NA	NA	NA	NA	NA	NA	54	NA	NA	NA	NA	NA	NA	NA	NA	NA	NA	NA	NA	NA	NA	NA	NA	NA	NA	NA	NA	NA	NA	NA	NA	NA	NA	NA	NA	NA	NA	NA	NA	NA	NA	NA	NA	NA	NA	NA	NA	NA	NA	NA	NA	NA	NA	NA	NA	NA	NA	NA	NA	NA	NA	NA	NA	NA	NA	NA	NA	NA	NA	NA	NA	NA	NA	NA	NA	NA	NA	NA	NA	NA	NA	NA	NA	NA	NA	NA	NA	NA	NA	NA	NA	NA	NA	NA	NA	NA	NA	NA	NA	NA	NA	NA	NA	NA	NA	NA	NA	NA	NA	NA	NA	NA	NA	NA	NA	NA	NA	NA	NA	NA	NA	NA	NA	NA	NA	NA	NA	NA	NA	NA	NA	NA	NA	NA	NA	NA	NA	NA	NA	NA	NA	NA	NA	NA	NA	NA	Female	NA	NA	NA	NA	NA	NA	NA	NA	NA	NA	NA	NA	NA	NA	NA	NA	NA	NA	0.1359	Grade 1	NA	NA	NA	NA	NA	NA	NA	NA	NA	20.9	0:LIVING	NA	NA	NA	NA	NA	NA	NA	NA	NA	NA	NA	NA	NA	NA	NA	20.89572352	0:DiseaseFree	NA	NA	NA	NA	NA	NA	NA	NA	NA	NA	NA	NA	NA	NA	NA	NA	NA	NA	NA	NA	NA	NA	NA	NA	NA	NA	NA	NA	NA	NA	NA	NA	NA	NA	NA	NA	NA	NA	NA	NA	NA	NA	NA	NA	NA	NA	NA	NA	NA	NA	NA	NA	NA	NA	NA	NA	NA	NA	NA	NA	NA	NA	NA	NA	NA	NA	NA	NA	NA	NA	NA	NA	NA	NA	NA	NA	NA	NA	NA	NA	NA	NA	NA	NA	NA	NA	NA	NA	NA	NA	NA	NA	NA	NA	NA	NA	NA	NA	NA	NA	Copy-number low (Endometriod)	NA	NA	NA	NA	NA	NA	NA	3	Y	Y	Endometrioid	Y	4	1	0.918650794	0	2	MSS	MSS	1_LOW	Y	Stage I
ucec_tcga_pan_can_atlas_2018	TCGA-AP-A05P	TCGA-AP-A05P-01	Endometrial Cancer	Uterine Endometrioid Carcinoma	Not Hispanic Or Latino	NA	NA	NA	50	UEC	Asian	1	Primary	Matched	1.666666667	NA	NA	NA	NA	NA	NA	54	NA	NA	NA	NA	NA	NA	NA	NA	NA	NA	NA	NA	NA	NA	NA	NA	NA	NA	NA	NA	NA	NA	NA	NA	NA	NA	NA	NA	NA	NA	NA	NA	NA	NA	NA	NA	NA	NA	NA	NA	NA	NA	NA	NA	NA	NA	NA	NA	NA	NA	NA	NA	NA	NA	NA	NA	NA	NA	NA	NA	NA	NA	NA	NA	NA	NA	NA	NA	NA	NA	NA	NA	NA	NA	NA	NA	NA	NA	NA	NA	NA	NA	NA	NA	NA	NA	NA	NA	NA	NA	NA	NA	NA	NA	NA	NA	NA	NA	NA	NA	NA	NA	NA	NA	NA	NA	NA	NA	NA	NA	NA	NA	NA	NA	NA	NA	NA	NA	NA	NA	NA	NA	NA	NA	NA	NA	NA	NA	NA	NA	NA	NA	NA	NA	NA	NA	NA	NA	NA	Female	NA	NA	NA	NA	NA	NA	NA	NA	NA	NA	NA	NA	NA	NA	NA	NA	NA	NA	0.1359	G1	NA	NA	NA	NA	NA	NA	NA	NA	NA	20.9093599	0:LIVING	NA	NA	NA	NA	NA	NA	NA	NA	NA	NA	NA	NA	NA	0	NA	20.9093599	0:DiseaseFree	NA	NA	NA	9/23/10	NA	NA	NA	NA	NA	No	NA	NA	NA	C54.1	8380/3	C54.1	Yes	NA	NA	NA	NA	NA	NA	NA	NA	NA	NA	NA	NA	NA	NA	NA	No	NA	NA	3cb83517-78a4-47b8-8b1e-57e765dbdd2e	NA	NA	NA	NA	NA	NA	NA	NA	NA	NA	NA	NA	NA	NA	NA	NA	NA	NA	NA	NA	NA	NA	NA	NA	NA	NA	MSKCC	NA	NA	NA	NA	74	NA	636	-20017	NA	NA	NA	NA	NA	NA	NA	NA	NA	NA	NA	NA	NA	5	NA	UCEC	20.9093599	0:ALIVE OR DEAD TUMOR FREE	SAS	Yes	0.2436	0.01	Tumor Free	20.9093599	0:CENSORED	NA	No	No	NA	UCEC_CN_LOW	2	No	Yes	AP	Uterus	Endometrioid Endometrial Adenocarcinoma	NA	NA	NA	NA	NA	NA	NA	NA	NA	NA	NA	NA	NA	NA	NA	NA
ucec_tcga_pan_can_atlas_2018	TCGA-AP-A0L8	TCGA-AP-A0L8-01	Endometrial Cancer	Uterine Serous Carcinoma/Uterine Papillary Serous Carcinoma	NA	NA	NA	NA	60	USC	Black or African American	1	Primary	Matched	2	NA	NA	NA	NA	NA	NA	70	NA	NA	NA	NA	NA	NA	NA	NA	NA	NA	NA	NA	NA	NA	NA	NA	NA	NA	NA	NA	NA	NA	NA	NA	NA	NA	NA	NA	NA	NA	NA	NA	NA	NA	NA	NA	NA	NA	NA	NA	NA	NA	NA	NA	NA	NA	NA	NA	NA	NA	NA	NA	NA	NA	NA	NA	NA	NA	NA	NA	NA	NA	NA	NA	NA	NA	NA	NA	NA	NA	NA	NA	NA	NA	NA	NA	NA	NA	NA	NA	NA	NA	NA	NA	NA	NA	NA	NA	NA	NA	NA	NA	NA	NA	NA	NA	NA	NA	NA	NA	NA	NA	NA	NA	NA	NA	NA	NA	NA	NA	NA	NA	NA	NA	NA	NA	NA	NA	NA	NA	NA	NA	NA	NA	NA	NA	NA	NA	NA	NA	NA	NA	NA	NA	NA	NA	NA	NA	NA	Female	NA	NA	NA	NA	NA	NA	NA	NA	NA	NA	NA	NA	NA	NA	NA	NA	NA	NA	0.7370	G3	NA	NA	NA	NA	NA	NA	NA	NA	NA	48.78850643	1:DECEASED	NA	NA	NA	NA	NA	NA	NA	NA	NA	NA	NA	NA	NA	0	NA	47.76933951	1:Recurred/Progressed	NA	NA	NA	9/23/10	NA	NA	NA	NA	NA	No	NA	NA	NA	C54.1	8441/3	C54.1	Yes	NA	NA	NA	NA	NA	NA	NA	NA	NA	NA	NA	NA	NA	NA	NA	NA	NA	NA	9aa8c2b4-db32-4899-bf0c-d578cb175e90	NA	NA	NA	NA	NA	NA	NA	NA	NA	NA	NA	NA	NA	NA	NA	NA	NA	NA	NA	NA	NA	NA	NA	NA	NA	NA	MSKCC	NA	NA	NA	NA	61	NA	NA	-25733	NA	NA	NA	NA	NA	NA	NA	NA	NA	NA	NA	NA	NA	21	NA	UCEC	48.78850643	1:DEAD WITH TUMOR	AFR_ADMIX	Yes	0.3118	1.78	With Tumor	47.76933951	1:PROGRESSION	NA	No	Yes	NA	UCEC_CN_HIGH	153	No	Yes	AP	Uterus	Serous Endometrial Adenocarcinoma	NA	NA	NA	NA	NA	NA	NA	NA	NA	NA	NA	NA	NA	NA	NA	NA
ucec_tcga_pan_can_atlas_2018	TCGA-AP-A0L9	TCGA-AP-A0L9-01	Endometrial Cancer	Uterine Serous Carcinoma/Uterine Papillary Serous Carcinoma	NA	NA	NA	NA	64	USC	White	1	Primary	Matched	2.166666667	NA	NA	NA	NA	NA	NA	71	NA	NA	NA	NA	NA	NA	NA	NA	NA	NA	NA	NA	NA	NA	NA	NA	NA	NA	NA	NA	NA	NA	NA	NA	NA	NA	NA	NA	NA	NA	NA	NA	NA	NA	NA	NA	NA	NA	NA	NA	NA	NA	NA	NA	NA	NA	NA	NA	NA	NA	NA	NA	NA	NA	NA	NA	NA	NA	NA	NA	NA	NA	NA	NA	NA	NA	NA	NA	NA	NA	NA	NA	NA	NA	NA	NA	NA	NA	NA	NA	NA	NA	NA	NA	NA	NA	NA	NA	NA	NA	NA	NA	NA	NA	NA	NA	NA	NA	NA	NA	NA	NA	NA	NA	NA	NA	NA	NA	NA	NA	NA	NA	NA	NA	NA	NA	NA	NA	NA	NA	NA	NA	NA	NA	NA	NA	NA	NA	NA	NA	NA	NA	NA	NA	NA	NA	NA	NA	NA	Female	NA	NA	NA	NA	NA	NA	NA	NA	NA	NA	NA	NA	NA	NA	NA	NA	NA	NA	0.5243	G3	NA	NA	NA	NA	NA	NA	NA	NA	NA	125.423283	0:LIVING	NA	NA	NA	NA	NA	NA	NA	NA	NA	NA	NA	NA	NA	0	NA	125.423283	0:DiseaseFree	NA	NA	NA	9/23/10	NA	NA	NA	NA	NA	No	NA	NA	NA	C54.1	8441/3	C54.1	Yes	NA	NA	NA	NA	NA	NA	NA	NA	NA	NA	NA	NA	NA	NA	NA	No	NA	NA	7b9947d5-e86b-4006-8890-ea5209584a88	NA	NA	NA	NA	NA	NA	NA	NA	NA	NA	NA	NA	NA	NA	NA	NA	NA	NA	NA	NA	NA	NA	NA	NA	NA	NA	MSKCC	NA	NA	NA	NA	60	NA	3815	-26185	NA	NA	NA	NA	NA	NA	NA	NA	NA	NA	NA	NA	NA	14	NA	UCEC	125.423283	0:ALIVE OR DEAD TUMOR FREE	EUR	Yes	0.3048	1.98	Tumor Free	125.423283	0:CENSORED	NA	No	No	NA	UCEC_CN_HIGH	371	No	Yes	AP	Uterus	Serous Endometrial Adenocarcinoma	NA	NA	NA	NA	NA	NA	NA	NA	NA	NA	NA	NA	NA	NA	NA	NA
ucec_tcga_pan_can_atlas_2018	TCGA-AP-A0LD	TCGA-AP-A0LD-01	Endometrial Cancer	Uterine Endometrioid Carcinoma	NA	NA	NA	NA	446	UEC	White	1	Primary	Matched	14.86666667	NA	NA	NA	NA	NA	NA	63	NA	NA	NA	NA	NA	NA	NA	NA	NA	NA	NA	NA	NA	NA	NA	NA	NA	NA	NA	NA	NA	NA	NA	NA	NA	NA	NA	NA	NA	NA	NA	NA	NA	NA	NA	NA	NA	NA	NA	NA	NA	NA	NA	NA	NA	NA	NA	NA	NA	NA	NA	NA	NA	NA	NA	NA	NA	NA	NA	NA	NA	NA	NA	NA	NA	NA	NA	NA	NA	NA	NA	NA	NA	NA	NA	NA	NA	NA	NA	NA	NA	NA	NA	NA	NA	NA	NA	NA	NA	NA	NA	NA	NA	NA	NA	NA	NA	NA	NA	NA	NA	NA	NA	NA	NA	NA	NA	NA	NA	NA	NA	NA	NA	NA	NA	NA	NA	NA	NA	NA	NA	NA	NA	NA	NA	NA	NA	NA	NA	NA	NA	NA	NA	NA	NA	NA	NA	NA	NA	Female	NA	NA	NA	NA	NA	NA	NA	NA	NA	NA	NA	NA	NA	NA	NA	NA	NA	NA	0.1300	G3	NA	NA	NA	NA	NA	NA	NA	NA	NA	117.9932275	0:LIVING	NA	NA	NA	NA	NA	NA	NA	NA	NA	NA	NA	NA	NA	0	NA	117.9932275	0:DiseaseFree	NA	NA	NA	9/23/10	NA	NA	NA	NA	NA	No	NA	NA	NA	C54.1	8380/3	C54.1	Yes	NA	NA	NA	NA	NA	NA	NA	NA	NA	NA	NA	NA	NA	NA	NA	No	NA	NA	1200c8b7-a058-4c01-bbe2-04ec09a65245	NA	NA	NA	NA	NA	NA	NA	NA	NA	NA	NA	NA	NA	NA	NA	NA	NA	NA	NA	NA	NA	NA	NA	NA	NA	NA	MSKCC	NA	NA	NA	NA	68	NA	3589	-23216	NA	NA	NA	NA	NA	NA	NA	NA	NA	NA	NA	NA	NA	5	NA	UCEC	117.9932275	0:ALIVE OR DEAD TUMOR FREE	EUR	Yes	1.0367	34.2	Tumor Free	117.9932275	0:CENSORED	NA	No	No	NA	UCEC_MSI	0	No	Yes	AP	Uterus	Endometrioid Endometrial Adenocarcinoma	NA	NA	NA	NA	NA	NA	NA	NA	NA	NA	NA	NA	NA	NA	NA	NA
ucec_tcga_pan_can_atlas_2018	TCGA-AP-A0LE	TCGA-AP-A0LE-01	Endometrial Cancer	Uterine Endometrioid Carcinoma	NA	NA	NA	NA	545	UEC	White	1	Primary	Matched	18.23333333	NA	NA	NA	NA	NA	NA	57	NA	NA	NA	NA	NA	NA	NA	NA	NA	NA	NA	NA	NA	NA	NA	NA	NA	NA	NA	NA	NA	NA	NA	NA	NA	NA	NA	NA	NA	NA	NA	NA	NA	NA	NA	NA	NA	NA	NA	NA	NA	NA	NA	NA	NA	NA	NA	NA	NA	NA	NA	NA	NA	NA	NA	NA	NA	NA	NA	NA	NA	NA	NA	NA	NA	NA	NA	NA	NA	NA	NA	NA	NA	NA	NA	NA	NA	NA	NA	NA	NA	NA	NA	NA	NA	NA	NA	NA	NA	NA	NA	NA	NA	NA	NA	NA	NA	NA	NA	NA	NA	NA	NA	NA	NA	NA	NA	NA	NA	NA	NA	NA	NA	NA	NA	NA	NA	NA	NA	NA	NA	NA	NA	NA	NA	NA	NA	NA	NA	NA	NA	NA	NA	NA	NA	NA	NA	NA	NA	Female	NA	NA	NA	NA	NA	NA	NA	NA	NA	NA	NA	NA	NA	NA	NA	NA	NA	NA	0.0341	G3	NA	NA	NA	NA	NA	NA	NA	NA	NA	110.3659138	0:LIVING	NA	NA	NA	NA	NA	NA	NA	NA	NA	NA	NA	NA	NA	0	NA	110.3659138	0:DiseaseFree	NA	NA	NA	9/23/10	NA	NA	NA	NA	NA	No	NA	NA	NA	C54.1	8380/3	C54.1	Yes	NA	NA	NA	NA	NA	NA	NA	NA	NA	NA	NA	NA	NA	NA	NA	No	NA	NA	dcff8659-ecca-4798-80a3-dd6e7642ba2b	NA	NA	NA	NA	NA	NA	NA	NA	NA	NA	NA	NA	NA	NA	NA	NA	NA	NA	NA	NA	NA	NA	NA	NA	NA	NA	MSKCC	NA	NA	NA	NA	75	NA	3357	-20967	NA	NA	NA	NA	NA	NA	NA	NA	NA	NA	NA	NA	NA	1	NA	UCEC	110.3659138	0:ALIVE OR DEAD TUMOR FREE	EUR	Yes	0.9987	33.29	Tumor Free	110.3659138	0:CENSORED	NA	No	No	NA	UCEC_MSI	1	No	Yes	AP	Uterus	Endometrioid Endometrial Adenocarcinoma	NA	NA	NA	NA	NA	NA	NA	NA	NA	NA	NA	NA	NA	NA	NA	NA
ucec_tcga_pan_can_atlas_2018	TCGA-AP-A0LF	TCGA-AP-A0LF-01	Endometrial Cancer	Uterine Endometrioid Carcinoma	Not Hispanic Or Latino	NA	NA	NA	240	UEC	White	1	Primary	Matched	8.1	NA	NA	NA	NA	NA	NA	82	NA	NA	NA	NA	NA	NA	NA	NA	NA	NA	NA	NA	NA	NA	NA	NA	NA	NA	NA	NA	NA	NA	NA	NA	NA	NA	NA	NA	NA	NA	NA	NA	NA	NA	NA	NA	NA	NA	NA	NA	NA	NA	NA	NA	NA	NA	NA	NA	NA	NA	NA	NA	NA	NA	NA	NA	NA	NA	NA	NA	NA	NA	NA	NA	NA	NA	NA	NA	NA	NA	NA	NA	NA	NA	NA	NA	NA	NA	NA	NA	NA	NA	NA	NA	NA	NA	NA	NA	NA	NA	NA	NA	NA	NA	NA	NA	NA	NA	NA	NA	NA	NA	NA	NA	NA	NA	NA	NA	NA	NA	NA	NA	NA	NA	NA	NA	NA	NA	NA	NA	NA	NA	NA	NA	NA	NA	NA	NA	NA	NA	NA	NA	NA	NA	NA	NA	NA	NA	NA	Female	NA	NA	NA	NA	NA	NA	NA	NA	NA	NA	NA	NA	NA	NA	NA	NA	NA	NA	0.3339	G3	NA	NA	NA	NA	NA	NA	NA	NA	NA	93.99349048	0:LIVING	NA	NA	NA	NA	NA	NA	NA	2009	NA	NA	NA	NA	NA	0	NA	NA	NA	NA	NA	NA	2/1/11	NA	NA	NA	NA	NA	No	NA	NA	NA	C54.1	8380/3	C54.1	Yes	NA	NA	NA	NA	NA	NA	NA	NA	NA	NA	NA	NA	NA	NA	NA	NA	NA	NA	748e38b1-2ead-4a0a-8881-d640617b856b	NA	NA	NA	NA	NA	NA	NA	NA	NA	NA	NA	NA	NA	NA	NA	NA	NA	NA	NA	NA	NA	NA	NA	NA	NA	NA	MSKCC	NA	NA	NA	NA	72	NA	2859	-30027	NA	NA	NA	NA	NA	NA	NA	NA	NA	NA	NA	NA	NA	13	NA	UCEC	93.99349048	0:ALIVE OR DEAD TUMOR FREE	EUR	Yes	0.2706	0.66	With Tumor	93.99349048	0:CENSORED	NA	Yes	No	NA	UCEC_CN_HIGH	406	No	Yes	AP	Uterus	Endometrioid Endometrial Adenocarcinoma	NA	NA	NA	NA	NA	NA	NA	NA	NA	NA	NA	NA	NA	NA	NA	NA
ucec_tcga_pan_can_atlas_2018	TCGA-AP-A0LG	TCGA-AP-A0LG-01	Endometrial Cancer	Uterine Endometrioid Carcinoma	NA	NA	NA	NA	411	UEC	White	1	Primary	Matched	13.83333333	NA	NA	NA	NA	NA	NA	54	NA	NA	NA	NA	NA	NA	NA	NA	NA	NA	NA	NA	NA	NA	NA	NA	NA	NA	NA	NA	NA	NA	NA	NA	NA	NA	NA	NA	NA	NA	NA	NA	NA	NA	NA	NA	NA	NA	NA	NA	NA	NA	NA	NA	NA	NA	NA	NA	NA	NA	NA	NA	NA	NA	NA	NA	NA	NA	NA	NA	NA	NA	NA	NA	NA	NA	NA	NA	NA	NA	NA	NA	NA	NA	NA	NA	NA	NA	NA	NA	NA	NA	NA	NA	NA	NA	NA	NA	NA	NA	NA	NA	NA	NA	NA	NA	NA	NA	NA	NA	NA	NA	NA	NA	NA	NA	NA	NA	NA	NA	NA	NA	NA	NA	NA	NA	NA	NA	NA	NA	NA	NA	NA	NA	NA	NA	NA	NA	NA	NA	NA	NA	NA	NA	NA	NA	NA	NA	NA	Female	NA	NA	NA	NA	NA	NA	NA	NA	NA	NA	NA	NA	NA	NA	NA	NA	NA	NA	0.0000	G3	NA	NA	NA	NA	NA	NA	NA	NA	NA	66.24584936	0:LIVING	NA	NA	NA	NA	NA	NA	NA	2009	NA	NA	NA	NA	NA	0	NA	66.24584936	0:DiseaseFree	NA	NA	NA	9/23/10	NA	NA	NA	NA	NA	No	NA	NA	NA	C54.1	8380/3	C54.1	Yes	NA	NA	NA	NA	NA	NA	NA	NA	NA	NA	NA	NA	NA	NA	NA	NA	NA	NA	cca5717d-226d-4390-a99b-c7aed6d9d70e	NA	NA	NA	NA	NA	NA	NA	NA	NA	NA	NA	NA	NA	NA	NA	NA	NA	NA	NA	NA	NA	NA	NA	NA	NA	NA	MSKCC	NA	NA	NA	NA	76	NA	2015	-20047	NA	NA	NA	NA	NA	NA	NA	NA	NA	NA	NA	NA	NA	0	NA	UCEC	66.24584936	0:ALIVE OR DEAD TUMOR FREE	AFR_ADMIX	Yes	0.7979	24.16	Tumor Free	66.24584936	0:CENSORED	NA	No	Yes	NA	UCEC_MSI	0	No	Yes	AP	Uterus	Endometrioid Endometrial Adenocarcinoma	NA	NA	NA	NA	NA	NA	NA	NA	NA	NA	NA	NA	NA	NA	NA	NA
ucec_tcga_pan_can_atlas_2018	TCGA-AP-A0LH	TCGA-AP-A0LH-01	Endometrial Cancer	Uterine Mixed Endometrial Carcinoma	Not Hispanic Or Latino	NA	NA	NA	30	UMEC	White	1	Primary	Matched	1	NA	NA	NA	NA	NA	NA	60	NA	NA	NA	NA	NA	NA	NA	NA	NA	NA	NA	NA	NA	NA	NA	NA	NA	NA	NA	NA	NA	NA	NA	NA	NA	NA	NA	NA	NA	NA	NA	NA	NA	NA	NA	NA	NA	NA	NA	NA	NA	NA	NA	NA	NA	NA	NA	NA	NA	NA	NA	NA	NA	NA	NA	NA	NA	NA	NA	NA	NA	NA	NA	NA	NA	NA	NA	NA	NA	NA	NA	NA	NA	NA	NA	NA	NA	NA	NA	NA	NA	NA	NA	NA	NA	NA	NA	NA	NA	NA	NA	NA	NA	NA	NA	NA	NA	NA	NA	NA	NA	NA	NA	NA	NA	NA	NA	NA	NA	NA	NA	NA	NA	NA	NA	NA	NA	NA	NA	NA	NA	NA	NA	NA	NA	NA	NA	NA	NA	NA	NA	NA	NA	NA	NA	NA	NA	NA	NA	Female	NA	NA	NA	NA	NA	NA	NA	NA	NA	NA	NA	NA	NA	NA	NA	NA	NA	NA	0.1132	G3	NA	NA	NA	NA	NA	NA	NA	NA	NA	36.36124536	1:DECEASED	NA	NA	NA	NA	NA	NA	NA	NA	NA	NA	NA	NA	NA	0	NA	9.928658316	1:Recurred/Progressed	NA	NA	NA	9/23/10	NA	NA	NA	NA	NA	No	NA	NA	NA	C54.1	8441/3	C54.1	Yes	NA	NA	NA	NA	NA	NA	NA	NA	NA	NA	NA	NA	NA	NA	NA	NA	NA	NA	7dce4215-01f6-43e9-9378-9e22c26c23a2	NA	NA	NA	NA	NA	NA	NA	NA	NA	NA	NA	NA	NA	NA	NA	NA	NA	NA	NA	NA	NA	NA	NA	NA	NA	NA	MSKCC	NA	NA	NA	NA	83	NA	NA	-22169	NA	NA	NA	NA	NA	NA	NA	NA	NA	NA	NA	NA	NA	5	NA	UCEC	36.36124536	1:DEAD WITH TUMOR	EUR	Yes	0.246	0.25	With Tumor	9.928658316	1:PROGRESSION	NA	No	Yes	NA	UCEC_CN_HIGH	157	No	Yes	AP	Uterus	Mixed Serous and Endometrioid Carcinoma	NA	NA	NA	NA	NA	NA	NA	NA	NA	NA	NA	NA	NA	NA	NA	NA
ucec_tcga_pan_can_atlas_2018	TCGA-AP-A0LI	TCGA-AP-A0LI-01	Endometrial Cancer	Uterine Serous Carcinoma/Uterine Papillary Serous Carcinoma	NA	NA	NA	NA	104	USC	Black or African American	1	Primary	Matched	3.566666667	NA	NA	NA	NA	NA	NA	67	NA	NA	NA	NA	NA	NA	NA	NA	NA	NA	NA	NA	NA	NA	NA	NA	NA	NA	NA	NA	NA	NA	NA	NA	NA	NA	NA	NA	NA	NA	NA	NA	NA	NA	NA	NA	NA	NA	NA	NA	NA	NA	NA	NA	NA	NA	NA	NA	NA	NA	NA	NA	NA	NA	NA	NA	NA	NA	NA	NA	NA	NA	NA	NA	NA	NA	NA	NA	NA	NA	NA	NA	NA	NA	NA	NA	NA	NA	NA	NA	NA	NA	NA	NA	NA	NA	NA	NA	NA	NA	NA	NA	NA	NA	NA	NA	NA	NA	NA	NA	NA	NA	NA	NA	NA	NA	NA	NA	NA	NA	NA	NA	NA	NA	NA	NA	NA	NA	NA	NA	NA	NA	NA	NA	NA	NA	NA	NA	NA	NA	NA	NA	NA	NA	NA	NA	NA	NA	NA	Female	NA	NA	NA	NA	NA	NA	NA	NA	NA	NA	NA	NA	NA	NA	NA	NA	NA	NA	0.3668	G3	NA	NA	NA	NA	NA	NA	NA	NA	NA	97.70851826	0:LIVING	NA	NA	NA	NA	NA	NA	NA	NA	NA	NA	NA	NA	NA	0	NA	97.70851826	0:DiseaseFree	NA	NA	NA	9/23/10	NA	NA	NA	NA	NA	No	NA	NA	NA	C54.1	8441/3	C54.1	Yes	NA	NA	NA	NA	NA	NA	NA	NA	NA	NA	NA	NA	NA	NA	NA	No	NA	NA	e1e8dc66-467c-48a5-be56-3db4f665b9f1	NA	NA	NA	NA	NA	NA	NA	NA	NA	NA	NA	NA	NA	NA	NA	NA	NA	NA	NA	NA	NA	NA	NA	NA	NA	NA	MSKCC	NA	NA	NA	NA	86	NA	2972	-24573	NA	NA	NA	NA	NA	NA	NA	NA	NA	NA	NA	NA	NA	20	NA	UCEC	97.70851826	0:ALIVE OR DEAD TUMOR FREE	AFR_ADMIX	Yes	0.27	0.27	Tumor Free	97.70851826	0:CENSORED	NA	No	No	NA	UCEC_CN_HIGH	385	No	Yes	AP	Uterus	Serous Endometrial Adenocarcinoma	NA	NA	NA	NA	NA	NA	NA	NA	NA	NA	NA	NA	NA	NA	NA	NA
ucec_tcga_pan_can_atlas_2018	TCGA-AP-A0LJ	TCGA-AP-A0LJ-01	Endometrial Cancer	Uterine Endometrioid Carcinoma	NA	NA	NA	NA	38	UEC	White	1	Primary	Matched	1.233333333	NA	NA	NA	NA	NA	NA	42	NA	NA	NA	NA	NA	NA	NA	NA	NA	NA	NA	NA	NA	NA	NA	NA	NA	NA	NA	NA	NA	NA	NA	NA	NA	NA	NA	NA	NA	NA	NA	NA	NA	NA	NA	NA	NA	NA	NA	NA	NA	NA	NA	NA	NA	NA	NA	NA	NA	NA	NA	NA	NA	NA	NA	NA	NA	NA	NA	NA	NA	NA	NA	NA	NA	NA	NA	NA	NA	NA	NA	NA	NA	NA	NA	NA	NA	NA	NA	NA	NA	NA	NA	NA	NA	NA	NA	NA	NA	NA	NA	NA	NA	NA	NA	NA	NA	NA	NA	NA	NA	NA	NA	NA	NA	NA	NA	NA	NA	NA	NA	NA	NA	NA	NA	NA	NA	NA	NA	NA	NA	NA	NA	NA	NA	NA	NA	NA	NA	NA	NA	NA	NA	NA	NA	NA	NA	NA	NA	Female	NA	NA	NA	NA	NA	NA	NA	NA	NA	NA	NA	NA	NA	NA	NA	NA	NA	NA	0.0469	G1	NA	NA	NA	NA	NA	NA	NA	NA	NA	46.71729625	0:LIVING	NA	NA	NA	NA	NA	NA	NA	2009	NA	NA	NA	NA	NA	0	NA	46.71729625	0:DiseaseFree	NA	NA	NA	9/23/10	NA	NA	NA	NA	NA	No	NA	NA	NA	C54.1	8380/3	C54.1	Yes	NA	NA	NA	NA	NA	NA	NA	NA	NA	NA	NA	NA	NA	NA	NA	NA	NA	NA	b4a520ae-f259-48c8-823e-c10b9b8a133a	NA	NA	NA	NA	NA	NA	NA	NA	NA	NA	NA	NA	NA	NA	NA	NA	NA	NA	NA	NA	NA	NA	NA	NA	NA	NA	MSKCC	NA	NA	NA	NA	80	NA	1421	-15577	NA	NA	NA	NA	NA	NA	NA	NA	NA	NA	NA	NA	NA	2	NA	UCEC	46.71729625	0:ALIVE OR DEAD TUMOR FREE	NA	Yes	0.2669	0.02	Tumor Free	46.71729625	0:CENSORED	NA	No	No	NA	UCEC_CN_LOW	3	No	Yes	AP	Uterus	Endometrioid Endometrial Adenocarcinoma	NA	NA	NA	NA	NA	NA	NA	NA	NA	NA	NA	NA	NA	NA	NA	NA
ucec_tcga_pub	TCGA-AP-A0LJ	TCGA-AP-A0LJ-01	Endometrial Cancer	Uterine Endometrioid Carcinoma	NA	NA	NA	NA	38	UEC	NA	1	Primary	Matched	1.3	NA	NA	NA	NA	NA	NA	42	NA	NA	NA	NA	NA	NA	NA	NA	NA	NA	NA	NA	NA	NA	NA	NA	NA	NA	NA	NA	NA	NA	NA	NA	NA	NA	NA	NA	NA	NA	NA	NA	NA	NA	NA	NA	NA	NA	NA	NA	NA	NA	NA	NA	NA	NA	NA	NA	NA	NA	NA	NA	NA	NA	NA	NA	NA	NA	NA	NA	NA	NA	NA	NA	NA	NA	NA	NA	NA	NA	NA	NA	NA	NA	NA	NA	NA	NA	NA	NA	NA	NA	NA	NA	NA	NA	NA	NA	NA	NA	NA	NA	NA	NA	NA	NA	NA	NA	NA	NA	NA	NA	NA	NA	NA	NA	NA	NA	NA	NA	NA	NA	NA	NA	NA	NA	NA	NA	NA	NA	NA	NA	NA	NA	NA	NA	NA	NA	NA	NA	NA	NA	NA	NA	NA	NA	NA	NA	NA	Female	NA	NA	NA	NA	NA	NA	NA	NA	NA	NA	NA	NA	NA	NA	NA	NA	NA	NA	0.0469	Grade 1	NA	NA	NA	NA	NA	NA	NA	NA	NA	31.7	0:LIVING	NA	NA	NA	NA	NA	NA	NA	NA	NA	NA	NA	NA	NA	NA	NA	31.70498931	0:DiseaseFree	NA	NA	NA	NA	NA	NA	NA	NA	NA	NA	NA	NA	NA	NA	NA	NA	NA	NA	NA	NA	NA	NA	NA	NA	NA	NA	NA	NA	NA	NA	NA	NA	NA	NA	NA	NA	NA	NA	NA	NA	NA	NA	NA	NA	NA	NA	NA	NA	NA	NA	NA	NA	NA	NA	NA	NA	NA	NA	NA	NA	NA	NA	NA	NA	NA	NA	NA	NA	NA	NA	NA	NA	NA	NA	NA	NA	NA	NA	NA	NA	NA	NA	NA	NA	NA	NA	NA	NA	NA	NA	NA	NA	NA	NA	NA	NA	NA	NA	NA	NA	Copy-number low (Endometriod)	NA	NA	NA	NA	NA	NA	NA	2	Y	Y	Endometrioid	Y	4	4	0.923555802	0	3	MSS	MSS	1_LOW	Y	Stage I
ucec_tcga_pub	TCGA-AP-A0LL	TCGA-AP-A0LL-01	Endometrial Cancer	Uterine Endometrioid Carcinoma	NA	NA	NA	NA	42	UEC	NA	1	Primary	Matched	1.4	NA	NA	NA	NA	NA	NA	56	NA	NA	NA	NA	NA	NA	NA	NA	NA	NA	NA	NA	NA	NA	NA	NA	NA	NA	NA	NA	NA	NA	NA	NA	NA	NA	NA	NA	NA	NA	NA	NA	NA	NA	NA	NA	NA	NA	NA	NA	NA	NA	NA	NA	NA	NA	NA	NA	NA	NA	NA	NA	NA	NA	NA	NA	NA	NA	NA	NA	NA	NA	NA	NA	NA	NA	NA	NA	NA	NA	NA	NA	NA	NA	NA	NA	NA	NA	NA	NA	NA	NA	NA	NA	NA	NA	NA	NA	NA	NA	NA	NA	NA	NA	NA	NA	NA	NA	NA	NA	NA	NA	NA	NA	NA	NA	NA	NA	NA	NA	NA	NA	NA	NA	NA	NA	NA	NA	NA	NA	NA	NA	NA	NA	NA	NA	NA	NA	NA	NA	NA	NA	NA	NA	NA	NA	NA	NA	NA	Female	NA	NA	NA	NA	NA	NA	NA	NA	NA	NA	NA	NA	NA	NA	NA	NA	NA	NA	0.0344	Grade 1	NA	NA	NA	NA	NA	NA	NA	NA	NA	83.91	0:LIVING	NA	NA	NA	NA	NA	NA	NA	NA	NA	NA	NA	NA	NA	NA	NA	25.95537985	1:Recurred	NA	NA	NA	NA	NA	NA	NA	NA	NA	NA	NA	NA	NA	NA	NA	NA	NA	NA	NA	NA	NA	NA	NA	NA	NA	NA	NA	NA	NA	NA	NA	NA	NA	NA	NA	NA	NA	NA	NA	NA	NA	NA	NA	NA	NA	NA	NA	NA	NA	NA	NA	NA	NA	NA	NA	NA	NA	NA	NA	NA	NA	NA	NA	NA	NA	NA	NA	NA	NA	NA	NA	NA	NA	NA	NA	NA	NA	NA	NA	NA	NA	NA	NA	NA	NA	NA	NA	NA	NA	NA	NA	NA	NA	NA	NA	NA	NA	NA	NA	NA	Copy-number low (Endometriod)	NA	NA	NA	NA	NA	NA	NA	3	Y	Y	Endometrioid	Y	2	5	0.932869329	0	3	MSS	MSS	1_LOW	Y	Stage I
ucec_tcga_pan_can_atlas_2018	TCGA-AP-A0LL	TCGA-AP-A0LL-01	Endometrial Cancer	Uterine Endometrioid Carcinoma	NA	NA	NA	NA	45	UEC	White	1	Primary	Matched	1.533333333	NA	NA	NA	NA	NA	NA	56	NA	NA	NA	NA	NA	NA	NA	NA	NA	NA	NA	NA	NA	NA	NA	NA	NA	NA	NA	NA	NA	NA	NA	NA	NA	NA	NA	NA	NA	NA	NA	NA	NA	NA	NA	NA	NA	NA	NA	NA	NA	NA	NA	NA	NA	NA	NA	NA	NA	NA	NA	NA	NA	NA	NA	NA	NA	NA	NA	NA	NA	NA	NA	NA	NA	NA	NA	NA	NA	NA	NA	NA	NA	NA	NA	NA	NA	NA	NA	NA	NA	NA	NA	NA	NA	NA	NA	NA	NA	NA	NA	NA	NA	NA	NA	NA	NA	NA	NA	NA	NA	NA	NA	NA	NA	NA	NA	NA	NA	NA	NA	NA	NA	NA	NA	NA	NA	NA	NA	NA	NA	NA	NA	NA	NA	NA	NA	NA	NA	NA	NA	NA	NA	NA	NA	NA	NA	NA	NA	Female	NA	NA	NA	NA	NA	NA	NA	NA	NA	NA	NA	NA	NA	NA	NA	NA	NA	NA	0.0344	G1	NA	NA	NA	NA	NA	NA	NA	NA	NA	83.96620311	0:LIVING	NA	NA	NA	NA	NA	NA	NA	NA	NA	NA	NA	NA	NA	0	NA	25.97231811	1:Recurred/Progressed	NA	NA	NA	9/23/10	NA	NA	NA	NA	NA	No	NA	NA	NA	C54.1	8380/3	C54.1	Yes	NA	NA	NA	NA	NA	NA	NA	NA	NA	NA	NA	NA	NA	NA	NA	No	NA	NA	d17668c4-5d66-4e16-8b70-b54616581aae	NA	NA	NA	NA	NA	NA	NA	NA	NA	NA	NA	NA	NA	NA	NA	NA	NA	NA	NA	NA	NA	NA	NA	NA	NA	NA	MSKCC	NA	NA	NA	NA	72	NA	2554	-20700	NA	NA	NA	NA	NA	NA	NA	NA	NA	NA	NA	NA	NA	1	NA	UCEC	83.96620311	0:ALIVE OR DEAD TUMOR FREE	EUR	Yes	0.2821	0.27	With Tumor	25.97231811	1:PROGRESSION	NA	No	No	NA	UCEC_CN_LOW	6	No	Yes	AP	Uterus	Endometrioid Endometrial Adenocarcinoma	NA	NA	NA	NA	NA	NA	NA	NA	NA	NA	NA	NA	NA	NA	NA	NA
ucec_tcga_pan_can_atlas_2018	TCGA-AP-A0LN	TCGA-AP-A0LN-01	Endometrial Cancer	Uterine Endometrioid Carcinoma	NA	NA	NA	NA	61	UEC	Black or African American	1	Primary	Matched	2.033333333	NA	NA	NA	NA	NA	NA	56	NA	NA	NA	NA	NA	NA	NA	NA	NA	NA	NA	NA	NA	NA	NA	NA	NA	NA	NA	NA	NA	NA	NA	NA	NA	NA	NA	NA	NA	NA	NA	NA	NA	NA	NA	NA	NA	NA	NA	NA	NA	NA	NA	NA	NA	NA	NA	NA	NA	NA	NA	NA	NA	NA	NA	NA	NA	NA	NA	NA	NA	NA	NA	NA	NA	NA	NA	NA	NA	NA	NA	NA	NA	NA	NA	NA	NA	NA	NA	NA	NA	NA	NA	NA	NA	NA	NA	NA	NA	NA	NA	NA	NA	NA	NA	NA	NA	NA	NA	NA	NA	NA	NA	NA	NA	NA	NA	NA	NA	NA	NA	NA	NA	NA	NA	NA	NA	NA	NA	NA	NA	NA	NA	NA	NA	NA	NA	NA	NA	NA	NA	NA	NA	NA	NA	NA	NA	NA	NA	Female	NA	NA	NA	NA	NA	NA	NA	NA	NA	NA	NA	NA	NA	NA	NA	NA	NA	NA	0.0465	G1	NA	NA	NA	NA	NA	NA	NA	NA	NA	82.51964362	0:LIVING	NA	NA	NA	NA	NA	NA	NA	NA	NA	NA	NA	NA	NA	0	NA	82.51964362	0:DiseaseFree	NA	NA	NA	9/23/10	NA	NA	NA	NA	NA	No	NA	NA	NA	C54.1	8380/3	C54.1	Yes	NA	NA	NA	NA	NA	NA	NA	NA	NA	NA	NA	NA	NA	NA	NA	No	NA	NA	60fcf50a-8598-475d-8dd0-6b3044661233	NA	NA	NA	NA	NA	NA	NA	NA	NA	NA	NA	NA	NA	NA	NA	NA	NA	NA	NA	NA	NA	NA	NA	NA	NA	NA	MSKCC	NA	NA	NA	NA	119	NA	2510	-20704	NA	NA	NA	NA	NA	NA	NA	NA	NA	NA	NA	NA	NA	2	NA	UCEC	82.51964362	0:ALIVE OR DEAD TUMOR FREE	AFR_ADMIX	Yes	0.2415	0.11	Tumor Free	82.51964362	0:CENSORED	NA	No	No	NA	UCEC_CN_LOW	0	No	Yes	AP	Uterus	Endometrioid Endometrial Adenocarcinoma	NA	NA	NA	NA	NA	NA	NA	NA	NA	NA	NA	NA	NA	NA	NA	NA
ucec_tcga_pub	TCGA-AP-A0LN	TCGA-AP-A0LN-01	Endometrial Cancer	Uterine Endometrioid Carcinoma	NA	NA	NA	NA	44	UEC	NA	1	Primary	Matched	1.46666666667	NA	NA	NA	NA	NA	NA	56	NA	NA	NA	NA	NA	NA	NA	NA	NA	NA	NA	NA	NA	NA	NA	NA	NA	NA	NA	NA	NA	NA	NA	NA	NA	NA	NA	NA	NA	NA	NA	NA	NA	NA	NA	NA	NA	NA	NA	NA	NA	NA	NA	NA	NA	NA	NA	NA	NA	NA	NA	NA	NA	NA	NA	NA	NA	NA	NA	NA	NA	NA	NA	NA	NA	NA	NA	NA	NA	NA	NA	NA	NA	NA	NA	NA	NA	NA	NA	NA	NA	NA	NA	NA	NA	NA	NA	NA	NA	NA	NA	NA	NA	NA	NA	NA	NA	NA	NA	NA	NA	NA	NA	NA	NA	NA	NA	NA	NA	NA	NA	NA	NA	NA	NA	NA	NA	NA	NA	NA	NA	NA	NA	NA	NA	NA	NA	NA	NA	NA	NA	NA	NA	NA	NA	NA	NA	NA	NA	Female	NA	NA	NA	NA	NA	NA	NA	NA	NA	NA	NA	NA	NA	NA	NA	NA	NA	NA	0.0465	Grade 1	NA	NA	NA	NA	NA	NA	NA	NA	NA	82.47	0:LIVING	NA	NA	NA	NA	NA	NA	NA	NA	NA	NA	NA	NA	NA	NA	NA	82.46582711	0:DiseaseFree	NA	NA	NA	NA	NA	NA	NA	NA	NA	NA	NA	NA	NA	NA	NA	NA	NA	NA	NA	NA	NA	NA	NA	NA	NA	NA	NA	NA	NA	NA	NA	NA	NA	NA	NA	NA	NA	NA	NA	NA	NA	NA	NA	NA	NA	NA	NA	NA	NA	NA	NA	NA	NA	NA	NA	NA	NA	NA	NA	NA	NA	NA	NA	NA	NA	NA	NA	NA	NA	NA	NA	NA	NA	NA	NA	NA	NA	NA	NA	NA	NA	NA	NA	NA	NA	NA	NA	NA	NA	NA	NA	NA	NA	NA	NA	NA	NA	NA	NA	NA	Copy-number low (Endometriod)	NA	NA	NA	NA	NA	NA	NA	2	Y	Y	Endometrioid	Y	2	6	0.460983716	0	3	MSS	MSS	1_LOW	Y	Stage I
ucec_tcga_pan_can_atlas_2018	TCGA-AP-A0LO	TCGA-AP-A0LO-01	Endometrial Cancer	Uterine Endometrioid Carcinoma	Not Hispanic Or Latino	NA	NA	NA	28	UEC	White	1	Primary	Matched	0.933333333	NA	NA	NA	NA	NA	NA	45	NA	NA	NA	NA	NA	NA	NA	NA	NA	NA	NA	NA	NA	NA	NA	NA	NA	NA	NA	NA	NA	NA	NA	NA	NA	NA	NA	NA	NA	NA	NA	NA	NA	NA	NA	NA	NA	NA	NA	NA	NA	NA	NA	NA	NA	NA	NA	NA	NA	NA	NA	NA	NA	NA	NA	NA	NA	NA	NA	NA	NA	NA	NA	NA	NA	NA	NA	NA	NA	NA	NA	NA	NA	NA	NA	NA	NA	NA	NA	NA	NA	NA	NA	NA	NA	NA	NA	NA	NA	NA	NA	NA	NA	NA	NA	NA	NA	NA	NA	NA	NA	NA	NA	NA	NA	NA	NA	NA	NA	NA	NA	NA	NA	NA	NA	NA	NA	NA	NA	NA	NA	NA	NA	NA	NA	NA	NA	NA	NA	NA	NA	NA	NA	NA	NA	NA	NA	NA	NA	Female	NA	NA	NA	NA	NA	NA	NA	NA	NA	NA	NA	NA	NA	NA	NA	NA	NA	NA	0.2933	G2	NA	NA	NA	NA	NA	NA	NA	NA	NA	33.40237367	1:DECEASED	NA	NA	NA	NA	NA	NA	NA	NA	NA	NA	NA	NA	NA	0	NA	16.96419765	1:Recurred/Progressed	NA	NA	NA	9/23/10	NA	NA	NA	NA	NA	No	NA	NA	NA	C54.1	8380/3	C54.1	Yes	NA	NA	NA	NA	NA	NA	NA	NA	NA	NA	NA	NA	NA	NA	NA	NA	NA	NA	a081da6f-51f3-4555-a6b8-736f8c6cda39	NA	NA	NA	NA	NA	NA	NA	NA	NA	NA	NA	NA	NA	NA	NA	NA	NA	NA	NA	NA	NA	NA	NA	NA	NA	NA	MSKCC	NA	NA	NA	NA	67	NA	NA	-16493	NA	NA	NA	NA	NA	NA	NA	NA	NA	NA	NA	NA	NA	11	NA	UCEC	33.40237367	1:DEAD WITH TUMOR	EUR	Yes	0.272	0.08	With Tumor	16.96419765	1:PROGRESSION	NA	No	No	NA	UCEC_CN_LOW	2	No	Yes	AP	Uterus	Endometrioid Endometrial Adenocarcinoma	NA	NA	NA	NA	NA	NA	NA	NA	NA	NA	NA	NA	NA	NA	NA	NA
ucec_tcga_pub	TCGA-AP-A0LO	TCGA-AP-A0LO-01	Endometrial Cancer	Uterine Endometrioid Carcinoma	NA	NA	NA	NA	27	UEC	NA	1	Primary	Matched	0.9	NA	NA	NA	NA	NA	NA	45	NA	NA	NA	NA	NA	NA	NA	NA	NA	NA	NA	NA	NA	NA	NA	NA	NA	NA	NA	NA	NA	NA	NA	NA	NA	NA	NA	NA	NA	NA	NA	NA	NA	NA	NA	NA	NA	NA	NA	NA	NA	NA	NA	NA	NA	NA	NA	NA	NA	NA	NA	NA	NA	NA	NA	NA	NA	NA	NA	NA	NA	NA	NA	NA	NA	NA	NA	NA	NA	NA	NA	NA	NA	NA	NA	NA	NA	NA	NA	NA	NA	NA	NA	NA	NA	NA	NA	NA	NA	NA	NA	NA	NA	NA	NA	NA	NA	NA	NA	NA	NA	NA	NA	NA	NA	NA	NA	NA	NA	NA	NA	NA	NA	NA	NA	NA	NA	NA	NA	NA	NA	NA	NA	NA	NA	NA	NA	NA	NA	NA	NA	NA	NA	NA	NA	NA	NA	NA	NA	Female	NA	NA	NA	NA	NA	NA	NA	NA	NA	NA	NA	NA	NA	NA	NA	NA	NA	NA	0.2933	Grade 2	NA	NA	NA	NA	NA	NA	NA	NA	NA	33.38	1:DECEASED	NA	NA	NA	NA	NA	NA	NA	NA	NA	NA	NA	NA	NA	NA	NA	16.95313418	1:Recurred	NA	NA	NA	NA	NA	NA	NA	NA	NA	NA	NA	NA	NA	NA	NA	NA	NA	NA	NA	NA	NA	NA	NA	NA	NA	NA	NA	NA	NA	NA	NA	NA	NA	NA	NA	NA	NA	NA	NA	NA	NA	NA	NA	NA	NA	NA	NA	NA	NA	NA	NA	NA	NA	NA	NA	NA	NA	NA	NA	NA	NA	NA	NA	NA	NA	NA	NA	NA	NA	NA	NA	NA	NA	NA	NA	NA	NA	NA	NA	NA	NA	NA	NA	NA	NA	NA	NA	NA	NA	NA	NA	NA	NA	NA	NA	NA	NA	NA	NA	NA	Copy-number low (Endometriod)	NA	NA	NA	NA	NA	NA	NA	3	Y	Y	Endometrioid	Y	2	NA	NA	1	2	MSS	MSS	1_LOW	Y	Stage I
ucec_tcga_pan_can_atlas_2018	TCGA-AP-A0LP	TCGA-AP-A0LP-01	Endometrial Cancer	Uterine Endometrioid Carcinoma	NA	NA	NA	NA	294	UEC	White	1	Primary	Matched	9.9	NA	NA	NA	NA	NA	NA	76	NA	NA	NA	NA	NA	NA	NA	NA	NA	NA	NA	NA	NA	NA	NA	NA	NA	NA	NA	NA	NA	NA	NA	NA	NA	NA	NA	NA	NA	NA	NA	NA	NA	NA	NA	NA	NA	NA	NA	NA	NA	NA	NA	NA	NA	NA	NA	NA	NA	NA	NA	NA	NA	NA	NA	NA	NA	NA	NA	NA	NA	NA	NA	NA	NA	NA	NA	NA	NA	NA	NA	NA	NA	NA	NA	NA	NA	NA	NA	NA	NA	NA	NA	NA	NA	NA	NA	NA	NA	NA	NA	NA	NA	NA	NA	NA	NA	NA	NA	NA	NA	NA	NA	NA	NA	NA	NA	NA	NA	NA	NA	NA	NA	NA	NA	NA	NA	NA	NA	NA	NA	NA	NA	NA	NA	NA	NA	NA	NA	NA	NA	NA	NA	NA	NA	NA	NA	NA	NA	Female	NA	NA	NA	NA	NA	NA	NA	NA	NA	NA	NA	NA	NA	NA	NA	NA	NA	NA	0.0000	G1	NA	NA	NA	NA	NA	NA	NA	NA	NA	61.64316008	0:LIVING	NA	NA	NA	NA	NA	NA	NA	NA	NA	NA	NA	NA	NA	0	NA	61.64316008	0:DiseaseFree	NA	NA	NA	9/23/10	NA	NA	NA	NA	NA	No	NA	NA	NA	C54.1	8380/3	C54.1	Yes	NA	NA	NA	NA	NA	NA	NA	NA	NA	NA	NA	NA	NA	NA	NA	NA	NA	NA	efae3940-d3cc-4988-bdb4-fa05d977aff5	NA	NA	NA	NA	NA	NA	NA	NA	NA	NA	NA	NA	NA	NA	NA	NA	NA	NA	NA	NA	NA	NA	NA	NA	NA	NA	MSKCC	NA	NA	NA	NA	60	NA	1875	-27898	NA	NA	NA	NA	NA	NA	NA	NA	NA	NA	NA	NA	NA	0	NA	UCEC	61.64316008	0:ALIVE OR DEAD TUMOR FREE	EUR	Yes	0.5949	17.64	Tumor Free	61.64316008	0:CENSORED	NA	No	Yes	NA	UCEC_MSI	2	No	Yes	AP	Uterus	Endometrioid Endometrial Adenocarcinoma	NA	NA	NA	NA	NA	NA	NA	NA	NA	NA	NA	NA	NA	NA	NA	NA
ucec_tcga_pan_can_atlas_2018	TCGA-AP-A0LS	TCGA-AP-A0LS-01	Endometrial Cancer	Uterine Endometrioid Carcinoma	NA	NA	NA	NA	420	UEC	White	1	Primary	Matched	14	NA	NA	NA	NA	NA	NA	63	NA	NA	NA	NA	NA	NA	NA	NA	NA	NA	NA	NA	NA	NA	NA	NA	NA	NA	NA	NA	NA	NA	NA	NA	NA	NA	NA	NA	NA	NA	NA	NA	NA	NA	NA	NA	NA	NA	NA	NA	NA	NA	NA	NA	NA	NA	NA	NA	NA	NA	NA	NA	NA	NA	NA	NA	NA	NA	NA	NA	NA	NA	NA	NA	NA	NA	NA	NA	NA	NA	NA	NA	NA	NA	NA	NA	NA	NA	NA	NA	NA	NA	NA	NA	NA	NA	NA	NA	NA	NA	NA	NA	NA	NA	NA	NA	NA	NA	NA	NA	NA	NA	NA	NA	NA	NA	NA	NA	NA	NA	NA	NA	NA	NA	NA	NA	NA	NA	NA	NA	NA	NA	NA	NA	NA	NA	NA	NA	NA	NA	NA	NA	NA	NA	NA	NA	NA	NA	NA	Female	NA	NA	NA	NA	NA	NA	NA	NA	NA	NA	NA	NA	NA	NA	NA	NA	NA	NA	0.0001	G2	NA	NA	NA	NA	NA	NA	NA	NA	NA	95.47292632	0:LIVING	NA	NA	NA	NA	NA	NA	NA	2009	NA	NA	NA	NA	NA	0	NA	95.47292632	0:DiseaseFree	NA	NA	NA	6/22/11	NA	NA	NA	NA	NA	No	NA	NA	NA	C54.1	8380/3	C54.1	Yes	NA	NA	NA	NA	NA	NA	NA	NA	NA	NA	NA	NA	NA	NA	NA	No	NA	NA	c5a797d3-82ae-49dc-b2fe-0da64da271a2	NA	NA	NA	NA	NA	NA	NA	NA	NA	NA	NA	NA	NA	NA	NA	NA	NA	NA	NA	NA	NA	NA	NA	NA	NA	NA	MSKCC	NA	NA	NA	NA	81	NA	2904	-23126	NA	NA	NA	NA	NA	NA	NA	NA	NA	NA	NA	NA	NA	0	NA	UCEC	95.47292632	0:ALIVE OR DEAD TUMOR FREE	EUR	Yes	0.8371	14.91	Tumor Free	95.47292632	0:CENSORED	NA	Yes	Yes	NA	UCEC_MSI	2	No	Yes	AP	Uterus	Endometrioid Endometrial Adenocarcinoma	NA	NA	NA	NA	NA	NA	NA	NA	NA	NA	NA	NA	NA	NA	NA	NA
ucec_tcga_pan_can_atlas_2018	TCGA-AP-A0LT	TCGA-AP-A0LT-01	Endometrial Cancer	Uterine Endometrioid Carcinoma	NA	NA	NA	NA	635	UEC	White	1	Primary	Matched	21.2	NA	NA	NA	NA	NA	NA	57	NA	NA	NA	NA	NA	NA	NA	NA	NA	NA	NA	NA	NA	NA	NA	NA	NA	NA	NA	NA	NA	NA	NA	NA	NA	NA	NA	NA	NA	NA	NA	NA	NA	NA	NA	NA	NA	NA	NA	NA	NA	NA	NA	NA	NA	NA	NA	NA	NA	NA	NA	NA	NA	NA	NA	NA	NA	NA	NA	NA	NA	NA	NA	NA	NA	NA	NA	NA	NA	NA	NA	NA	NA	NA	NA	NA	NA	NA	NA	NA	NA	NA	NA	NA	NA	NA	NA	NA	NA	NA	NA	NA	NA	NA	NA	NA	NA	NA	NA	NA	NA	NA	NA	NA	NA	NA	NA	NA	NA	NA	NA	NA	NA	NA	NA	NA	NA	NA	NA	NA	NA	NA	NA	NA	NA	NA	NA	NA	NA	NA	NA	NA	NA	NA	NA	NA	NA	NA	NA	Female	NA	NA	NA	NA	NA	NA	NA	NA	NA	NA	NA	NA	NA	NA	NA	NA	NA	NA	0.0000	G2	NA	NA	NA	NA	NA	NA	NA	NA	NA	49.215899	0:LIVING	NA	NA	NA	NA	NA	NA	NA	NA	NA	NA	NA	NA	NA	0	NA	49.215899	0:DiseaseFree	NA	NA	NA	9/23/10	NA	NA	NA	NA	NA	No	NA	NA	NA	C54.1	8380/3	C54.1	Yes	NA	NA	NA	NA	NA	NA	NA	NA	NA	NA	NA	NA	NA	NA	NA	No	NA	NA	43714e9a-e9c4-4206-af92-1d00d2a8ae35	NA	NA	NA	NA	NA	NA	NA	NA	NA	NA	NA	NA	NA	NA	NA	NA	NA	NA	NA	NA	NA	NA	NA	NA	NA	NA	MSKCC	NA	NA	NA	NA	91	NA	1497	-21107	NA	NA	NA	NA	NA	NA	NA	NA	NA	NA	NA	NA	NA	0	NA	UCEC	49.215899	0:ALIVE OR DEAD TUMOR FREE	EUR	Yes	1.1312	37.41	Tumor Free	49.215899	0:CENSORED	NA	No	No	NA	UCEC_MSI	0	No	Yes	AP	Uterus	Endometrioid Endometrial Adenocarcinoma	NA	NA	NA	NA	NA	NA	NA	NA	NA	NA	NA	NA	NA	NA	NA	NA
ucec_tcga_pan_can_atlas_2018	TCGA-AP-A0LV	TCGA-AP-A0LV-01	Endometrial Cancer	Uterine Endometrioid Carcinoma	NA	NA	NA	NA	20	UEC	White	1	Primary	Matched	0.666666667	NA	NA	NA	NA	NA	NA	39	NA	NA	NA	NA	NA	NA	NA	NA	NA	NA	NA	NA	NA	NA	NA	NA	NA	NA	NA	NA	NA	NA	NA	NA	NA	NA	NA	NA	NA	NA	NA	NA	NA	NA	NA	NA	NA	NA	NA	NA	NA	NA	NA	NA	NA	NA	NA	NA	NA	NA	NA	NA	NA	NA	NA	NA	NA	NA	NA	NA	NA	NA	NA	NA	NA	NA	NA	NA	NA	NA	NA	NA	NA	NA	NA	NA	NA	NA	NA	NA	NA	NA	NA	NA	NA	NA	NA	NA	NA	NA	NA	NA	NA	NA	NA	NA	NA	NA	NA	NA	NA	NA	NA	NA	NA	NA	NA	NA	NA	NA	NA	NA	NA	NA	NA	NA	NA	NA	NA	NA	NA	NA	NA	NA	NA	NA	NA	NA	NA	NA	NA	NA	NA	NA	NA	NA	NA	NA	NA	Female	NA	NA	NA	NA	NA	NA	NA	NA	NA	NA	NA	NA	NA	NA	NA	NA	NA	NA	0.0001	G1	NA	NA	NA	NA	NA	NA	NA	NA	NA	25.08465661	0:LIVING	NA	NA	NA	NA	NA	NA	NA	NA	NA	NA	NA	NA	NA	0	NA	25.08465661	0:DiseaseFree	NA	NA	NA	9/23/10	NA	NA	NA	NA	NA	No	NA	NA	NA	C54.1	8380/3	C54.1	Yes	NA	NA	NA	NA	NA	NA	NA	NA	NA	NA	NA	NA	NA	NA	NA	No	NA	NA	5dfdfcfc-72cc-4e33-aa3f-0d744eb94330	NA	NA	NA	NA	NA	NA	NA	NA	NA	NA	NA	NA	NA	NA	NA	NA	NA	NA	NA	NA	NA	NA	NA	NA	NA	NA	MSKCC	NA	NA	NA	NA	76	NA	763	-14556	NA	NA	NA	NA	NA	NA	NA	NA	NA	NA	NA	NA	NA	0	NA	UCEC	25.08465661	0:ALIVE OR DEAD TUMOR FREE	AFR	Yes	0.2684	0.06	Tumor Free	25.08465661	0:CENSORED	NA	No	No	NA	UCEC_CN_LOW	0	No	Yes	AP	Uterus	Endometrioid Endometrial Adenocarcinoma	NA	NA	NA	NA	NA	NA	NA	NA	NA	NA	NA	NA	NA	NA	NA	NA
ucec_tcga_pub	TCGA-AP-A0LV	TCGA-AP-A0LV-01	Endometrial Cancer	Uterine Endometrioid Carcinoma	NA	NA	NA	NA	19	UEC	NA	1	Primary	Matched	0.633333333333	NA	NA	NA	NA	NA	NA	39	NA	NA	NA	NA	NA	NA	NA	NA	NA	NA	NA	NA	NA	NA	NA	NA	NA	NA	NA	NA	NA	NA	NA	NA	NA	NA	NA	NA	NA	NA	NA	NA	NA	NA	NA	NA	NA	NA	NA	NA	NA	NA	NA	NA	NA	NA	NA	NA	NA	NA	NA	NA	NA	NA	NA	NA	NA	NA	NA	NA	NA	NA	NA	NA	NA	NA	NA	NA	NA	NA	NA	NA	NA	NA	NA	NA	NA	NA	NA	NA	NA	NA	NA	NA	NA	NA	NA	NA	NA	NA	NA	NA	NA	NA	NA	NA	NA	NA	NA	NA	NA	NA	NA	NA	NA	NA	NA	NA	NA	NA	NA	NA	NA	NA	NA	NA	NA	NA	NA	NA	NA	NA	NA	NA	NA	NA	NA	NA	NA	NA	NA	NA	NA	NA	NA	NA	NA	NA	NA	Female	NA	NA	NA	NA	NA	NA	NA	NA	NA	NA	NA	NA	NA	NA	NA	NA	NA	NA	0.0001	Grade 1	NA	NA	NA	NA	NA	NA	NA	NA	NA	25.07	0:LIVING	NA	NA	NA	NA	NA	NA	NA	NA	NA	NA	NA	NA	NA	NA	NA	25.06829725	0:DiseaseFree	NA	NA	NA	NA	NA	NA	NA	NA	NA	NA	NA	NA	NA	NA	NA	NA	NA	NA	NA	NA	NA	NA	NA	NA	NA	NA	NA	NA	NA	NA	NA	NA	NA	NA	NA	NA	NA	NA	NA	NA	NA	NA	NA	NA	NA	NA	NA	NA	NA	NA	NA	NA	NA	NA	NA	NA	NA	NA	NA	NA	NA	NA	NA	NA	NA	NA	NA	NA	NA	NA	NA	NA	NA	NA	NA	NA	NA	NA	NA	NA	NA	NA	NA	NA	NA	NA	NA	NA	NA	NA	NA	NA	NA	NA	NA	NA	NA	NA	NA	NA	Copy-number low (Endometriod)	NA	NA	NA	NA	NA	NA	NA	1	Y	Y	Endometrioid	Y	4	4	0.923555802	0	3	MSS	MSS	1_LOW	Y	Stage I
ucec_tcga_pan_can_atlas_2018	TCGA-AP-A1DH	TCGA-AP-A1DH-01	Endometrial Cancer	Uterine Endometrioid Carcinoma	NA	NA	NA	NA	580	UEC	White	1	Primary	Matched	19.43333333	NA	NA	NA	NA	NA	NA	62	NA	NA	NA	NA	NA	NA	NA	NA	NA	NA	NA	NA	NA	NA	NA	NA	NA	NA	NA	NA	NA	NA	NA	NA	NA	NA	NA	NA	NA	NA	NA	NA	NA	NA	NA	NA	NA	NA	NA	NA	NA	NA	NA	NA	NA	NA	NA	NA	NA	NA	NA	NA	NA	NA	NA	NA	NA	NA	NA	NA	NA	NA	NA	NA	NA	NA	NA	NA	NA	NA	NA	NA	NA	NA	NA	NA	NA	NA	NA	NA	NA	NA	NA	NA	NA	NA	NA	NA	NA	NA	NA	NA	NA	NA	NA	NA	NA	NA	NA	NA	NA	NA	NA	NA	NA	NA	NA	NA	NA	NA	NA	NA	NA	NA	NA	NA	NA	NA	NA	NA	NA	NA	NA	NA	NA	NA	NA	NA	NA	NA	NA	NA	NA	NA	NA	NA	NA	NA	NA	Female	NA	NA	NA	NA	NA	NA	NA	NA	NA	NA	NA	NA	NA	NA	NA	NA	NA	NA	0.0000	G3	NA	NA	NA	NA	NA	NA	NA	NA	NA	71.67044745	0:LIVING	NA	NA	NA	NA	NA	NA	NA	2009	NA	NA	NA	NA	NA	0	NA	71.67044745	0:DiseaseFree	NA	NA	NA	5/9/11	NA	NA	NA	NA	NA	No	NA	NA	NA	C54.1	8380/3	C54.1	Yes	NA	NA	NA	NA	NA	NA	NA	NA	NA	NA	NA	NA	NA	NA	NA	No	NA	NA	07d1aef3-31c7-4c44-a078-16a9eb096d58	NA	NA	NA	NA	NA	NA	NA	NA	NA	NA	NA	NA	NA	NA	NA	NA	NA	NA	NA	NA	NA	NA	NA	NA	NA	NA	MSKCC	NA	NA	NA	NA	127	NA	2180	-22652	NA	NA	NA	NA	NA	NA	NA	NA	NA	NA	NA	NA	NA	0	NA	UCEC	71.67044745	0:ALIVE OR DEAD TUMOR FREE	AFR_ADMIX	Yes	0.7077	13.83	Tumor Free	71.67044745	0:CENSORED	NA	No	No	NA	UCEC_MSI	0	No	Yes	AP	Uterus	Endometrioid Endometrial Adenocarcinoma	NA	NA	NA	NA	NA	NA	NA	NA	NA	NA	NA	NA	NA	NA	NA	NA
ucec_tcga_pan_can_atlas_2018	TCGA-AP-A1DK	TCGA-AP-A1DK-01	Endometrial Cancer	Uterine Endometrioid Carcinoma	NA	NA	NA	NA	10303	UEC	White	1	Primary	Matched	346.5333333	NA	NA	NA	NA	NA	NA	53	NA	NA	NA	NA	NA	NA	NA	NA	NA	NA	NA	NA	NA	NA	NA	NA	NA	NA	NA	NA	NA	NA	NA	NA	NA	NA	NA	NA	NA	NA	NA	NA	NA	NA	NA	NA	NA	NA	NA	NA	NA	NA	NA	NA	NA	NA	NA	NA	NA	NA	NA	NA	NA	NA	NA	NA	NA	NA	NA	NA	NA	NA	NA	NA	NA	NA	NA	NA	NA	NA	NA	NA	NA	NA	NA	NA	NA	NA	NA	NA	NA	NA	NA	NA	NA	NA	NA	NA	NA	NA	NA	NA	NA	NA	NA	NA	NA	NA	NA	NA	NA	NA	NA	NA	NA	NA	NA	NA	NA	NA	NA	NA	NA	NA	NA	NA	NA	NA	NA	NA	NA	NA	NA	NA	NA	NA	NA	NA	NA	NA	NA	NA	NA	NA	NA	NA	NA	NA	NA	Female	NA	NA	NA	NA	NA	NA	NA	NA	NA	NA	NA	NA	NA	NA	NA	NA	NA	NA	0.0003	G3	NA	NA	NA	NA	NA	NA	NA	NA	NA	90.9688661	0:LIVING	NA	NA	NA	NA	NA	NA	NA	2009	NA	NA	NA	NA	NA	0	NA	90.9688661	0:DiseaseFree	NA	NA	NA	5/9/11	NA	NA	NA	NA	NA	No	NA	NA	NA	C54.1	8380/3	C54.1	Yes	NA	NA	NA	NA	NA	NA	NA	NA	NA	NA	NA	NA	NA	NA	NA	No	NA	NA	51de7e94-e2fa-420b-9aa2-3637d17fc6ea	NA	NA	NA	NA	NA	NA	NA	NA	NA	NA	NA	NA	NA	NA	NA	NA	NA	NA	NA	NA	NA	NA	NA	NA	NA	NA	MSKCC	NA	NA	NA	NA	56	NA	2767	-19509	NA	NA	NA	NA	NA	NA	NA	NA	NA	NA	NA	NA	NA	0	NA	UCEC	90.9688661	0:ALIVE OR DEAD TUMOR FREE	EUR	Yes	0.5415	4.49	Tumor Free	90.9688661	0:CENSORED	NA	No	Yes	NA	UCEC_MSI	6	No	Yes	AP	Uterus	Endometrioid Endometrial Adenocarcinoma	NA	NA	NA	NA	NA	NA	NA	NA	NA	NA	NA	NA	NA	NA	NA	NA
ucec_tcga_pan_can_atlas_2018	TCGA-AP-A1DM	TCGA-AP-A1DM-01	Endometrial Cancer	Uterine Endometrioid Carcinoma	NA	NA	NA	NA	353	UEC	White	1	Primary	Matched	12	NA	NA	NA	NA	NA	NA	60	NA	NA	NA	NA	NA	NA	NA	NA	NA	NA	NA	NA	NA	NA	NA	NA	NA	NA	NA	NA	NA	NA	NA	NA	NA	NA	NA	NA	NA	NA	NA	NA	NA	NA	NA	NA	NA	NA	NA	NA	NA	NA	NA	NA	NA	NA	NA	NA	NA	NA	NA	NA	NA	NA	NA	NA	NA	NA	NA	NA	NA	NA	NA	NA	NA	NA	NA	NA	NA	NA	NA	NA	NA	NA	NA	NA	NA	NA	NA	NA	NA	NA	NA	NA	NA	NA	NA	NA	NA	NA	NA	NA	NA	NA	NA	NA	NA	NA	NA	NA	NA	NA	NA	NA	NA	NA	NA	NA	NA	NA	NA	NA	NA	NA	NA	NA	NA	NA	NA	NA	NA	NA	NA	NA	NA	NA	NA	NA	NA	NA	NA	NA	NA	NA	NA	NA	NA	NA	NA	Female	NA	NA	NA	NA	NA	NA	NA	NA	NA	NA	NA	NA	NA	NA	NA	NA	NA	NA	0.0415	G1	NA	NA	NA	NA	NA	NA	NA	NA	NA	55.88979847	0:LIVING	NA	NA	NA	NA	NA	NA	NA	2009	NA	NA	NA	NA	NA	0	NA	55.88979847	0:DiseaseFree	NA	NA	NA	5/9/11	NA	NA	NA	NA	NA	No	NA	NA	NA	C54.1	8380/3	C54.1	Yes	NA	NA	NA	NA	NA	NA	NA	NA	NA	NA	NA	NA	NA	NA	NA	No	NA	NA	ca7f9d8b-2abc-4606-bf95-4c42791b38bd	NA	NA	NA	NA	NA	NA	NA	NA	NA	NA	NA	NA	NA	NA	NA	NA	NA	NA	NA	NA	NA	NA	NA	NA	NA	NA	MSKCC	NA	NA	NA	NA	92	NA	1700	-22239	NA	NA	NA	NA	NA	NA	NA	NA	NA	NA	NA	NA	NA	1	NA	UCEC	55.88979847	0:ALIVE OR DEAD TUMOR FREE	EUR	Yes	0.6163	13.24	Tumor Free	55.88979847	0:CENSORED	NA	No	No	NA	UCEC_MSI	2	No	Yes	AP	Uterus	Endometrioid Endometrial Adenocarcinoma	NA	NA	NA	NA	NA	NA	NA	NA	NA	NA	NA	NA	NA	NA	NA	NA
ucec_tcga_pan_can_atlas_2018	TCGA-AP-A1DO	TCGA-AP-A1DO-01	Endometrial Cancer	Uterine Endometrioid Carcinoma	Not Hispanic Or Latino	NA	NA	NA	546	UEC	White	1	Primary	Matched	18.63333333	NA	NA	NA	NA	NA	NA	62	NA	NA	NA	NA	NA	NA	NA	NA	NA	NA	NA	NA	NA	NA	NA	NA	NA	NA	NA	NA	NA	NA	NA	NA	NA	NA	NA	NA	NA	NA	NA	NA	NA	NA	NA	NA	NA	NA	NA	NA	NA	NA	NA	NA	NA	NA	NA	NA	NA	NA	NA	NA	NA	NA	NA	NA	NA	NA	NA	NA	NA	NA	NA	NA	NA	NA	NA	NA	NA	NA	NA	NA	NA	NA	NA	NA	NA	NA	NA	NA	NA	NA	NA	NA	NA	NA	NA	NA	NA	NA	NA	NA	NA	NA	NA	NA	NA	NA	NA	NA	NA	NA	NA	NA	NA	NA	NA	NA	NA	NA	NA	NA	NA	NA	NA	NA	NA	NA	NA	NA	NA	NA	NA	NA	NA	NA	NA	NA	NA	NA	NA	NA	NA	NA	NA	NA	NA	NA	NA	Female	NA	NA	NA	NA	NA	NA	NA	NA	NA	NA	NA	NA	NA	NA	NA	NA	NA	NA	0.2144	G2	NA	NA	NA	NA	NA	NA	NA	NA	NA	31.29828714	0:LIVING	NA	NA	NA	NA	NA	NA	NA	2009	NA	NA	NA	NA	NA	0	NA	31.29828714	0:DiseaseFree	NA	NA	NA	5/9/11	NA	NA	NA	NA	NA	No	NA	NA	NA	C54.1	8380/3	C54.1	Yes	NA	NA	NA	NA	NA	NA	NA	NA	NA	NA	NA	NA	NA	NA	NA	No	NA	NA	3348a7aa-f5c3-4fba-9968-68da5cedfd7e	NA	NA	NA	NA	NA	NA	NA	NA	NA	NA	NA	NA	NA	NA	NA	NA	NA	NA	NA	NA	NA	NA	NA	NA	NA	NA	MSKCC	NA	NA	NA	NA	80	NA	952	-22787	NA	NA	NA	NA	NA	NA	NA	NA	NA	NA	NA	NA	NA	9	NA	UCEC	31.29828714	0:ALIVE OR DEAD TUMOR FREE	EUR	Yes	0.8996	26.21	Tumor Free	31.29828714	0:CENSORED	NA	No	No	NA	UCEC_MSI	0	No	Yes	AP	Uterus	Endometrioid Endometrial Adenocarcinoma	NA	NA	NA	NA	NA	NA	NA	NA	NA	NA	NA	NA	NA	NA	NA	NA
ucec_tcga_pan_can_atlas_2018	TCGA-AP-A1DP	TCGA-AP-A1DP-01	Endometrial Cancer	Uterine Endometrioid Carcinoma	NA	NA	NA	NA	448	UEC	White	1	Primary	Matched	15	NA	NA	NA	NA	NA	NA	70	NA	NA	NA	NA	NA	NA	NA	NA	NA	NA	NA	NA	NA	NA	NA	NA	NA	NA	NA	NA	NA	NA	NA	NA	NA	NA	NA	NA	NA	NA	NA	NA	NA	NA	NA	NA	NA	NA	NA	NA	NA	NA	NA	NA	NA	NA	NA	NA	NA	NA	NA	NA	NA	NA	NA	NA	NA	NA	NA	NA	NA	NA	NA	NA	NA	NA	NA	NA	NA	NA	NA	NA	NA	NA	NA	NA	NA	NA	NA	NA	NA	NA	NA	NA	NA	NA	NA	NA	NA	NA	NA	NA	NA	NA	NA	NA	NA	NA	NA	NA	NA	NA	NA	NA	NA	NA	NA	NA	NA	NA	NA	NA	NA	NA	NA	NA	NA	NA	NA	NA	NA	NA	NA	NA	NA	NA	NA	NA	NA	NA	NA	NA	NA	NA	NA	NA	NA	NA	NA	Female	NA	NA	NA	NA	NA	NA	NA	NA	NA	NA	NA	NA	NA	NA	NA	NA	NA	NA	0.0341	G2	NA	NA	NA	NA	NA	NA	NA	NA	NA	35.53933656	1:DECEASED	NA	NA	NA	NA	NA	NA	NA	2009	NA	NA	NA	NA	NA	0	NA	27.32024855	1:Recurred/Progressed	NA	NA	NA	5/9/11	NA	NA	NA	NA	NA	No	NA	NA	NA	C54.1	8441/3	C54.1	Yes	NA	NA	NA	NA	NA	NA	NA	NA	NA	NA	NA	NA	NA	NA	NA	Yes	NA	NA	a93c47a9-65b5-4785-af4f-a2078db4514e	NA	NA	NA	NA	NA	NA	NA	NA	NA	NA	NA	NA	NA	NA	NA	NA	NA	NA	NA	NA	NA	NA	NA	NA	NA	NA	MSKCC	NA	NA	NA	NA	83	NA	NA	-25601	NA	NA	NA	NA	NA	NA	NA	NA	NA	NA	NA	NA	NA	1	NA	UCEC	35.53933656	1:DEAD WITH TUMOR	EUR	Yes	0.8032	20.7	With Tumor	27.32024855	1:PROGRESSION	NA	No	Yes	NA	UCEC_MSI	2	No	Yes	AP	Uterus	Endometrioid Endometrial Adenocarcinoma	NA	NA	NA	NA	NA	NA	NA	NA	NA	NA	NA	NA	NA	NA	NA	NA
ucec_tcga_pan_can_atlas_2018	TCGA-AP-A1DQ	TCGA-AP-A1DQ-01	Endometrial Cancer	Uterine Serous Carcinoma/Uterine Papillary Serous Carcinoma	NA	NA	NA	NA	29	USC	White	1	Primary	Matched	0.966666667	NA	NA	NA	NA	NA	NA	76	NA	NA	NA	NA	NA	NA	NA	NA	NA	NA	NA	NA	NA	NA	NA	NA	NA	NA	NA	NA	NA	NA	NA	NA	NA	NA	NA	NA	NA	NA	NA	NA	NA	NA	NA	NA	NA	NA	NA	NA	NA	NA	NA	NA	NA	NA	NA	NA	NA	NA	NA	NA	NA	NA	NA	NA	NA	NA	NA	NA	NA	NA	NA	NA	NA	NA	NA	NA	NA	NA	NA	NA	NA	NA	NA	NA	NA	NA	NA	NA	NA	NA	NA	NA	NA	NA	NA	NA	NA	NA	NA	NA	NA	NA	NA	NA	NA	NA	NA	NA	NA	NA	NA	NA	NA	NA	NA	NA	NA	NA	NA	NA	NA	NA	NA	NA	NA	NA	NA	NA	NA	NA	NA	NA	NA	NA	NA	NA	NA	NA	NA	NA	NA	NA	NA	NA	NA	NA	NA	Female	NA	NA	NA	NA	NA	NA	NA	NA	NA	NA	NA	NA	NA	NA	NA	NA	NA	NA	0.5010	High Grade	NA	NA	NA	NA	NA	NA	NA	NA	NA	46.78304895	1:DECEASED	NA	NA	NA	NA	NA	NA	NA	2009	NA	NA	NA	NA	NA	0	NA	29.7530986	1:Recurred/Progressed	NA	NA	NA	5/9/11	NA	NA	NA	NA	NA	No	NA	NA	NA	C54.1	8380/3	C54.1	Yes	NA	NA	NA	NA	NA	NA	NA	NA	NA	NA	NA	NA	NA	NA	NA	No	NA	NA	ad0806a5-df9e-48ea-bc8b-d4a3c9ea7ea0	NA	NA	NA	NA	NA	NA	NA	NA	NA	NA	NA	NA	NA	NA	NA	NA	NA	NA	NA	NA	NA	NA	NA	NA	NA	NA	MSKCC	NA	NA	NA	NA	60	NA	1276	-27815	NA	NA	NA	NA	NA	NA	NA	NA	NA	NA	NA	NA	NA	20	NA	UCEC	46.78304895	1:DEAD WITH TUMOR	EUR	Yes	0.3125	0.31	With Tumor	29.7530986	1:PROGRESSION	NA	No	No	NA	UCEC_CN_HIGH	151	No	Yes	AP	Uterus	Serous Endometrial Adenocarcinoma	NA	NA	NA	NA	NA	NA	NA	NA	NA	NA	NA	NA	NA	NA	NA	NA
ucec_tcga_pan_can_atlas_2018	TCGA-AP-A1DR	TCGA-AP-A1DR-01	Endometrial Cancer	Uterine Endometrioid Carcinoma	NA	NA	NA	NA	738	UEC	Black or African American	1	Primary	Matched	24.76666667	NA	NA	NA	NA	NA	NA	59	NA	NA	NA	NA	NA	NA	NA	NA	NA	NA	NA	NA	NA	NA	NA	NA	NA	NA	NA	NA	NA	NA	NA	NA	NA	NA	NA	NA	NA	NA	NA	NA	NA	NA	NA	NA	NA	NA	NA	NA	NA	NA	NA	NA	NA	NA	NA	NA	NA	NA	NA	NA	NA	NA	NA	NA	NA	NA	NA	NA	NA	NA	NA	NA	NA	NA	NA	NA	NA	NA	NA	NA	NA	NA	NA	NA	NA	NA	NA	NA	NA	NA	NA	NA	NA	NA	NA	NA	NA	NA	NA	NA	NA	NA	NA	NA	NA	NA	NA	NA	NA	NA	NA	NA	NA	NA	NA	NA	NA	NA	NA	NA	NA	NA	NA	NA	NA	NA	NA	NA	NA	NA	NA	NA	NA	NA	NA	NA	NA	NA	NA	NA	NA	NA	NA	NA	NA	NA	NA	Female	NA	NA	NA	NA	NA	NA	NA	NA	NA	NA	NA	NA	NA	NA	NA	NA	NA	NA	0.0002	G2	NA	NA	NA	NA	NA	NA	NA	NA	NA	49.1501463	0:LIVING	NA	NA	NA	NA	NA	NA	NA	2009	NA	NA	NA	NA	NA	0	NA	49.1501463	0:DiseaseFree	NA	NA	NA	5/9/11	NA	NA	NA	NA	NA	No	NA	NA	NA	C54.1	8380/3	C54.1	Yes	NA	NA	NA	NA	NA	NA	NA	NA	NA	NA	NA	NA	NA	NA	NA	No	NA	NA	0f064588-2d7e-439a-90a6-dfa17bb8af15	NA	NA	NA	NA	NA	NA	NA	NA	NA	NA	NA	NA	NA	NA	NA	NA	NA	NA	NA	NA	NA	NA	NA	NA	NA	NA	MSKCC	NA	NA	NA	NA	109	NA	1495	-21904	NA	NA	NA	NA	NA	NA	NA	NA	NA	NA	NA	NA	NA	0	NA	UCEC	49.1501463	0:ALIVE OR DEAD TUMOR FREE	AFR	Yes	0.9916	27.51	Tumor Free	49.1501463	0:CENSORED	NA	No	No	NA	UCEC_MSI	3	No	Yes	AP	Uterus	Endometrioid Endometrial Adenocarcinoma	NA	NA	NA	NA	NA	NA	NA	NA	NA	NA	NA	NA	NA	NA	NA	NA
ucec_tcga_pan_can_atlas_2018	TCGA-AP-A1E1	TCGA-AP-A1E1-01	Endometrial Cancer	Uterine Endometrioid Carcinoma	NA	NA	NA	NA	551	UEC	White	1	Primary	Matched	18.56666667	NA	NA	NA	NA	NA	NA	74	NA	NA	NA	NA	NA	NA	NA	NA	NA	NA	NA	NA	NA	NA	NA	NA	NA	NA	NA	NA	NA	NA	NA	NA	NA	NA	NA	NA	NA	NA	NA	NA	NA	NA	NA	NA	NA	NA	NA	NA	NA	NA	NA	NA	NA	NA	NA	NA	NA	NA	NA	NA	NA	NA	NA	NA	NA	NA	NA	NA	NA	NA	NA	NA	NA	NA	NA	NA	NA	NA	NA	NA	NA	NA	NA	NA	NA	NA	NA	NA	NA	NA	NA	NA	NA	NA	NA	NA	NA	NA	NA	NA	NA	NA	NA	NA	NA	NA	NA	NA	NA	NA	NA	NA	NA	NA	NA	NA	NA	NA	NA	NA	NA	NA	NA	NA	NA	NA	NA	NA	NA	NA	NA	NA	NA	NA	NA	NA	NA	NA	NA	NA	NA	NA	NA	NA	NA	NA	NA	Female	NA	NA	NA	NA	NA	NA	NA	NA	NA	NA	NA	NA	NA	NA	NA	NA	NA	NA	0.0338	G2	NA	NA	NA	NA	NA	NA	NA	NA	NA	45.8625111	0:LIVING	NA	NA	NA	NA	NA	NA	NA	2009	NA	NA	NA	NA	NA	0	NA	45.8625111	0:DiseaseFree	NA	NA	NA	5/9/11	NA	NA	NA	NA	NA	No	NA	NA	NA	C54.1	8380/3	C54.1	Yes	NA	NA	NA	NA	NA	NA	NA	NA	NA	NA	NA	NA	NA	NA	NA	No	NA	NA	2b85b84f-e680-4b5c-93ea-3c71567227e8	NA	NA	NA	NA	NA	NA	NA	NA	NA	NA	NA	NA	NA	NA	NA	NA	NA	NA	NA	NA	NA	NA	NA	NA	NA	NA	MSKCC	NA	NA	NA	NA	73	NA	1395	-27072	NA	NA	NA	NA	NA	NA	NA	NA	NA	NA	NA	NA	NA	1	NA	UCEC	45.8625111	0:ALIVE OR DEAD TUMOR FREE	EUR	Yes	0.7298	12.89	Tumor Free	45.8625111	0:CENSORED	NA	No	No	NA	UCEC_MSI	0	No	Yes	AP	Uterus	Endometrioid Endometrial Adenocarcinoma	NA	NA	NA	NA	NA	NA	NA	NA	NA	NA	NA	NA	NA	NA	NA	NA
ucec_tcga_pan_can_atlas_2018	TCGA-AP-A1E3	TCGA-AP-A1E3-01	Endometrial Cancer	Uterine Endometrioid Carcinoma	NA	NA	NA	NA	41	UEC	White	1	Primary	Matched	1.366666667	NA	NA	NA	NA	NA	NA	45	NA	NA	NA	NA	NA	NA	NA	NA	NA	NA	NA	NA	NA	NA	NA	NA	NA	NA	NA	NA	NA	NA	NA	NA	NA	NA	NA	NA	NA	NA	NA	NA	NA	NA	NA	NA	NA	NA	NA	NA	NA	NA	NA	NA	NA	NA	NA	NA	NA	NA	NA	NA	NA	NA	NA	NA	NA	NA	NA	NA	NA	NA	NA	NA	NA	NA	NA	NA	NA	NA	NA	NA	NA	NA	NA	NA	NA	NA	NA	NA	NA	NA	NA	NA	NA	NA	NA	NA	NA	NA	NA	NA	NA	NA	NA	NA	NA	NA	NA	NA	NA	NA	NA	NA	NA	NA	NA	NA	NA	NA	NA	NA	NA	NA	NA	NA	NA	NA	NA	NA	NA	NA	NA	NA	NA	NA	NA	NA	NA	NA	NA	NA	NA	NA	NA	NA	NA	NA	NA	Female	NA	NA	NA	NA	NA	NA	NA	NA	NA	NA	NA	NA	NA	NA	NA	NA	NA	NA	0.0001	G3	NA	NA	NA	NA	NA	NA	NA	NA	NA	27.84627018	0:LIVING	NA	NA	NA	NA	NA	NA	NA	2009	NA	NA	NA	NA	NA	0	NA	NA	NA	NA	NA	NA	5/9/11	NA	NA	NA	NA	NA	No	NA	NA	NA	C54.1	8380/3	C54.1	Yes	NA	NA	NA	NA	NA	NA	NA	NA	NA	NA	NA	NA	NA	NA	NA	No	NA	NA	44ac7093-a733-4c55-a964-0ba9ec141d2d	NA	NA	NA	NA	NA	NA	NA	NA	NA	NA	NA	NA	NA	NA	NA	NA	NA	NA	NA	NA	NA	NA	NA	NA	NA	NA	MSKCC	NA	NA	NA	NA	130	NA	847	-16544	NA	NA	NA	NA	NA	NA	NA	NA	NA	NA	NA	NA	NA	2	NA	UCEC	27.84627018	0:ALIVE OR DEAD TUMOR FREE	EUR	Yes	0.2838	0	With Tumor	27.84627018	0:CENSORED	NA	No	No	NA	UCEC_CN_LOW	6	No	Yes	AP	Uterus	Endometrioid Endometrial Adenocarcinoma	NA	NA	NA	NA	NA	NA	NA	NA	NA	NA	NA	NA	NA	NA	NA	NA
ucec_tcga_pan_can_atlas_2018	TCGA-AP-A1E4	TCGA-AP-A1E4-01	Endometrial Cancer	Uterine Endometrioid Carcinoma	NA	NA	NA	NA	20	UEC	White	1	Primary	Matched	0.666666667	NA	NA	NA	NA	NA	NA	54	NA	NA	NA	NA	NA	NA	NA	NA	NA	NA	NA	NA	NA	NA	NA	NA	NA	NA	NA	NA	NA	NA	NA	NA	NA	NA	NA	NA	NA	NA	NA	NA	NA	NA	NA	NA	NA	NA	NA	NA	NA	NA	NA	NA	NA	NA	NA	NA	NA	NA	NA	NA	NA	NA	NA	NA	NA	NA	NA	NA	NA	NA	NA	NA	NA	NA	NA	NA	NA	NA	NA	NA	NA	NA	NA	NA	NA	NA	NA	NA	NA	NA	NA	NA	NA	NA	NA	NA	NA	NA	NA	NA	NA	NA	NA	NA	NA	NA	NA	NA	NA	NA	NA	NA	NA	NA	NA	NA	NA	NA	NA	NA	NA	NA	NA	NA	NA	NA	NA	NA	NA	NA	NA	NA	NA	NA	NA	NA	NA	NA	NA	NA	NA	NA	NA	NA	NA	NA	NA	Female	NA	NA	NA	NA	NA	NA	NA	NA	NA	NA	NA	NA	NA	NA	NA	NA	NA	NA	0.1270	G2	NA	NA	NA	NA	NA	NA	NA	NA	NA	51.12272742	0:LIVING	NA	NA	NA	NA	NA	NA	NA	2009	NA	NA	NA	NA	NA	0	NA	NA	NA	NA	NA	NA	5/9/11	NA	NA	NA	NA	NA	No	NA	NA	NA	C54.1	8380/3	C54.1	Yes	NA	NA	NA	NA	NA	NA	NA	NA	NA	NA	NA	NA	NA	NA	NA	Yes	NA	NA	0b2eb188-dd23-4dbf-91bb-02e3c81a69bc	NA	NA	NA	NA	NA	NA	NA	NA	NA	NA	NA	NA	NA	NA	NA	NA	NA	NA	NA	NA	NA	NA	NA	NA	NA	NA	MSKCC	NA	NA	NA	NA	54	NA	1555	-19814	NA	NA	NA	NA	NA	NA	NA	NA	NA	NA	NA	NA	NA	5	NA	UCEC	51.12272742	0:ALIVE OR DEAD TUMOR FREE	EUR	Yes	0.301	0.02	With Tumor	5.194463622	1:PROGRESSION	NA	No	Yes	NA	UCEC_CN_LOW	5	No	Yes	AP	Uterus	Endometrioid Endometrial Adenocarcinoma	NA	NA	NA	NA	NA	NA	NA	NA	NA	NA	NA	NA	NA	NA	NA	NA
ucec_tcga_pan_can_atlas_2018	TCGA-AP-A5FX	TCGA-AP-A5FX-01	Endometrial Cancer	Uterine Mixed Endometrial Carcinoma	NA	NA	NA	NA	38	UMEC	Black or African American	1	Primary	Matched	1.266666667	NA	NA	NA	NA	NA	NA	68	NA	NA	NA	NA	NA	NA	NA	NA	NA	NA	NA	NA	NA	NA	NA	NA	NA	NA	NA	NA	NA	NA	NA	NA	NA	NA	NA	NA	NA	NA	NA	NA	NA	NA	NA	NA	NA	NA	NA	NA	NA	NA	NA	NA	NA	NA	NA	NA	NA	NA	NA	NA	NA	NA	NA	NA	NA	NA	NA	NA	NA	NA	NA	NA	NA	NA	NA	NA	NA	NA	NA	NA	NA	NA	NA	NA	NA	NA	NA	NA	NA	NA	NA	NA	NA	NA	NA	NA	NA	NA	NA	NA	NA	NA	NA	NA	NA	NA	NA	NA	NA	NA	NA	NA	NA	NA	NA	NA	NA	NA	NA	NA	NA	NA	NA	NA	NA	NA	NA	NA	NA	NA	NA	NA	NA	NA	NA	NA	NA	NA	NA	NA	NA	NA	NA	NA	NA	NA	NA	Female	NA	NA	NA	NA	NA	NA	NA	NA	NA	NA	NA	NA	NA	NA	NA	NA	NA	NA	0.4774	G3	NA	NA	NA	NA	NA	NA	NA	NA	NA	36.13111089	1:DECEASED	NA	NA	NA	NA	NA	NA	NA	2009	NA	NA	NA	NA	NA	0	NA	13.38067528	1:Recurred/Progressed	NA	NA	NA	5/26/13	NA	NA	NA	NA	NA	No	NA	NA	NA	C54.1	8255/3	C54.1	Yes	NA	NA	NA	NA	NA	NA	NA	NA	NA	NA	NA	NA	NA	NA	NA	No	NA	NA	A633D316-59A4-45AE-8BF8-135CFBD27656	NA	NA	NA	NA	NA	NA	NA	NA	NA	NA	NA	NA	NA	NA	NA	NA	NA	NA	NA	NA	NA	NA	NA	NA	NA	NA	MSKCC	NA	NA	NA	NA	80	NA	1026	-25063	NA	NA	NA	NA	NA	NA	NA	NA	NA	NA	NA	NA	NA	16	-9	UCEC	36.13111089	1:DEAD WITH TUMOR	AFR_ADMIX	Yes	0.2855	0.3	With Tumor	13.38067528	1:PROGRESSION	NA	No	Yes	2	UCEC_CN_HIGH	412	No	Yes	AP	Uterus	Mixed Serous and Endometrioid Carcinoma	-14	NA	NA	NA	NA	NA	NA	NA	NA	NA	NA	NA	NA	NA	NA	NA
ucec_tcga_pan_can_atlas_2018	TCGA-AW-A1PO	TCGA-AW-A1PO-01	Endometrial Cancer	Uterine Endometrioid Carcinoma	Not Hispanic Or Latino	NA	NA	NA	66	UEC	White	1	Primary	Matched	2.266666667	NA	NA	NA	NA	NA	NA	66	NA	NA	NA	NA	NA	NA	NA	NA	NA	NA	NA	NA	NA	NA	NA	NA	NA	NA	NA	NA	NA	NA	NA	NA	NA	NA	NA	NA	NA	NA	NA	NA	NA	NA	NA	NA	NA	NA	NA	NA	NA	NA	NA	NA	NA	NA	NA	NA	NA	NA	NA	NA	NA	NA	NA	NA	NA	NA	NA	NA	NA	NA	NA	NA	NA	NA	NA	NA	NA	NA	NA	NA	NA	NA	NA	NA	NA	NA	NA	NA	NA	NA	NA	NA	NA	NA	NA	NA	NA	NA	NA	NA	NA	NA	NA	NA	NA	NA	NA	NA	NA	NA	NA	NA	NA	NA	NA	NA	NA	NA	NA	NA	NA	NA	NA	NA	NA	NA	NA	NA	NA	NA	NA	NA	NA	NA	NA	NA	NA	NA	NA	NA	NA	NA	NA	NA	NA	NA	NA	Female	NA	NA	NA	NA	NA	NA	NA	NA	NA	NA	NA	NA	NA	NA	NA	NA	NA	NA	0.9487	G3	NA	NA	NA	NA	NA	NA	NA	NA	NA	0.558897985	0:LIVING	NA	NA	NA	NA	NA	NA	NA	2009	NA	NA	NA	NA	NA	0	NA	NA	NA	NA	NA	NA	8/5/11	NA	NA	NA	NA	NA	No	NA	NA	NA	C54.1	8380/3	C54.1	Yes	NA	NA	NA	NA	NA	NA	NA	NA	NA	NA	NA	NA	NA	NA	NA	NA	NA	NA	4cb4dd07-0ce5-4de7-a0bd-546183949efe	NA	NA	NA	NA	NA	NA	NA	NA	NA	NA	NA	NA	NA	NA	NA	NA	NA	NA	NA	NA	NA	NA	NA	NA	NA	NA	Cureline	NA	NA	NA	NA	58	NA	17	-24225	NA	NA	NA	NA	NA	NA	NA	NA	NA	NA	NA	NA	NA	6	NA	UCEC	0.558897985	0:ALIVE OR DEAD TUMOR FREE	EUR	Yes	0.3268	0.36	Tumor Free	0.558897985	0:CENSORED	NA	No	No	NA	UCEC_CN_HIGH	106	No	Yes	AW	Uterus	Endometrioid Endometrial Adenocarcinoma	NA	NA	NA	NA	NA	NA	NA	NA	NA	NA	NA	NA	NA	NA	NA	NA
ucec_tcga_pan_can_atlas_2018	TCGA-AX-A05S	TCGA-AX-A05S-01	Endometrial Cancer	Uterine Endometrioid Carcinoma	Not Hispanic Or Latino	NA	NA	NA	494	UEC	White	1	Primary	Matched	16.5	NA	NA	NA	NA	NA	NA	81	NA	NA	NA	NA	NA	NA	NA	NA	NA	NA	NA	NA	NA	NA	NA	NA	NA	NA	NA	NA	NA	NA	NA	NA	NA	NA	NA	NA	NA	NA	NA	NA	NA	NA	NA	NA	NA	NA	NA	NA	NA	NA	NA	NA	NA	NA	NA	NA	NA	NA	NA	NA	NA	NA	NA	NA	NA	NA	NA	NA	NA	NA	NA	NA	NA	NA	NA	NA	NA	NA	NA	NA	NA	NA	NA	NA	NA	NA	NA	NA	NA	NA	NA	NA	NA	NA	NA	NA	NA	NA	NA	NA	NA	NA	NA	NA	NA	NA	NA	NA	NA	NA	NA	NA	NA	NA	NA	NA	NA	NA	NA	NA	NA	NA	NA	NA	NA	NA	NA	NA	NA	NA	NA	NA	NA	NA	NA	NA	NA	NA	NA	NA	NA	NA	NA	NA	NA	NA	NA	Female	NA	NA	NA	NA	NA	NA	NA	NA	NA	NA	NA	NA	NA	NA	NA	NA	NA	NA	0.0904	G3	NA	NA	NA	NA	NA	NA	NA	NA	NA	13.57793339	1:DECEASED	NA	NA	NA	NA	NA	NA	NA	1988	NA	NA	NA	NA	NA	0	NA	NA	NA	NA	NA	NA	5/23/11	NA	NA	NA	NA	NA	No	NA	NA	NA	C54.1	8380/3	C54.1	Yes	NA	NA	NA	NA	NA	NA	NA	NA	NA	NA	NA	NA	NA	NA	NA	NA	NA	NA	3a4a6aff-4720-41fc-a114-85f38610ebb1	NA	NA	NA	NA	NA	NA	NA	NA	NA	NA	NA	NA	NA	NA	NA	NA	NA	NA	NA	NA	NA	NA	NA	NA	NA	NA	Gynecologic Oncology Group	NA	NA	NA	NA	48	NA	NA	-29928	NA	NA	NA	NA	NA	NA	NA	NA	NA	NA	NA	NA	NA	3	NA	UCEC	13.57793339	1:DEAD WITH TUMOR	EUR	Yes	0.846	31.68	With Tumor	11.11220699	1:PROGRESSION	NA	No	Yes	NA	UCEC_MSI	5	No	Yes	AX	Uterus	Endometrioid Endometrial Adenocarcinoma	NA	NA	NA	NA	NA	NA	NA	NA	NA	NA	NA	NA	NA	NA	NA	NA
ucec_tcga_pub	TCGA-AX-A05T	TCGA-AX-A05T-01	Endometrial Cancer	Uterine Endometrioid Carcinoma	NA	NA	NA	NA	40	UEC	NA	1	Primary	Matched	1.36666666667	NA	NA	NA	NA	NA	NA	82	NA	NA	NA	NA	NA	NA	NA	NA	NA	NA	NA	NA	NA	NA	NA	NA	NA	NA	NA	NA	NA	NA	NA	NA	NA	NA	NA	NA	NA	NA	NA	NA	NA	NA	NA	NA	NA	NA	NA	NA	NA	NA	NA	NA	NA	NA	NA	NA	NA	NA	NA	NA	NA	NA	NA	NA	NA	NA	NA	NA	NA	NA	NA	NA	NA	NA	NA	NA	NA	NA	NA	NA	NA	NA	NA	NA	NA	NA	NA	NA	NA	NA	NA	NA	NA	NA	NA	NA	NA	NA	NA	NA	NA	NA	NA	NA	NA	NA	NA	NA	NA	NA	NA	NA	NA	NA	NA	NA	NA	NA	NA	NA	NA	NA	NA	NA	NA	NA	NA	NA	NA	NA	NA	NA	NA	NA	NA	NA	NA	NA	NA	NA	NA	NA	NA	NA	NA	NA	NA	Female	NA	NA	NA	NA	NA	NA	NA	NA	NA	NA	NA	NA	NA	NA	NA	NA	NA	NA	0.0464	Grade 1	NA	NA	NA	NA	NA	NA	NA	NA	NA	19.81	0:LIVING	NA	NA	NA	NA	NA	NA	NA	NA	NA	NA	NA	NA	NA	NA	NA	19.81151145	0:DiseaseFree	NA	NA	NA	NA	NA	NA	NA	NA	NA	NA	NA	NA	NA	NA	NA	NA	NA	NA	NA	NA	NA	NA	NA	NA	NA	NA	NA	NA	NA	NA	NA	NA	NA	NA	NA	NA	NA	NA	NA	NA	NA	NA	NA	NA	NA	NA	NA	NA	NA	NA	NA	NA	NA	NA	NA	NA	NA	NA	NA	NA	NA	NA	NA	NA	NA	NA	NA	NA	NA	NA	NA	NA	NA	NA	NA	NA	NA	NA	NA	NA	NA	NA	NA	NA	NA	NA	NA	NA	NA	NA	NA	NA	NA	NA	NA	NA	NA	NA	NA	NA	Copy-number low (Endometriod)	NA	NA	NA	NA	NA	NA	NA	2	Y	Y	Endometrioid	Y	2	5	0.890025216	0	2	MSS	MSS	1_LOW	Y	Stage I
ucec_tcga_pan_can_atlas_2018	TCGA-AX-A05T	TCGA-AX-A05T-01	Endometrial Cancer	Uterine Endometrioid Carcinoma	NA	NA	NA	NA	45	UEC	White	1	Primary	Matched	1.533333333	NA	NA	NA	NA	NA	NA	82	NA	NA	NA	NA	NA	NA	NA	NA	NA	NA	NA	NA	NA	NA	NA	NA	NA	NA	NA	NA	NA	NA	NA	NA	NA	NA	NA	NA	NA	NA	NA	NA	NA	NA	NA	NA	NA	NA	NA	NA	NA	NA	NA	NA	NA	NA	NA	NA	NA	NA	NA	NA	NA	NA	NA	NA	NA	NA	NA	NA	NA	NA	NA	NA	NA	NA	NA	NA	NA	NA	NA	NA	NA	NA	NA	NA	NA	NA	NA	NA	NA	NA	NA	NA	NA	NA	NA	NA	NA	NA	NA	NA	NA	NA	NA	NA	NA	NA	NA	NA	NA	NA	NA	NA	NA	NA	NA	NA	NA	NA	NA	NA	NA	NA	NA	NA	NA	NA	NA	NA	NA	NA	NA	NA	NA	NA	NA	NA	NA	NA	NA	NA	NA	NA	NA	NA	NA	NA	NA	Female	NA	NA	NA	NA	NA	NA	NA	NA	NA	NA	NA	NA	NA	NA	NA	NA	NA	NA	0.0464	G1	NA	NA	NA	NA	NA	NA	NA	NA	NA	33.20511556	0:LIVING	NA	NA	NA	NA	NA	NA	NA	1988	NA	NA	NA	NA	NA	0	NA	33.20511556	0:DiseaseFree	NA	NA	NA	5/23/11	NA	NA	NA	NA	NA	No	NA	NA	NA	C54.1	8380/3	C54.1	Yes	NA	NA	NA	NA	NA	NA	NA	NA	NA	NA	NA	NA	NA	NA	NA	No	NA	NA	0119eab6-00e7-4346-aa52-cbbeeba3621d	NA	NA	NA	NA	NA	NA	NA	NA	NA	NA	NA	NA	NA	NA	NA	NA	NA	NA	NA	NA	NA	NA	NA	NA	NA	NA	Gynecologic Oncology Group	NA	NA	NA	NA	61	NA	1010	-30137	NA	NA	NA	NA	NA	NA	NA	NA	NA	NA	NA	NA	NA	2	NA	UCEC	33.20511556	0:ALIVE OR DEAD TUMOR FREE	EUR	Yes	0.2436	0.4	Tumor Free	33.20511556	0:CENSORED	NA	No	No	NA	UCEC_CN_LOW	0	No	Yes	AX	Uterus	Endometrioid Endometrial Adenocarcinoma	NA	NA	NA	NA	NA	NA	NA	NA	NA	NA	NA	NA	NA	NA	NA	NA
ucec_tcga_pub	TCGA-AX-A05U	TCGA-AX-A05U-01	Endometrial Cancer	Uterine Endometrioid Carcinoma	NA	NA	NA	NA	29	UEC	NA	1	Primary	Matched	0.966666666667	NA	NA	NA	NA	NA	NA	56	NA	NA	NA	NA	NA	NA	NA	NA	NA	NA	NA	NA	NA	NA	NA	NA	NA	NA	NA	NA	NA	NA	NA	NA	NA	NA	NA	NA	NA	NA	NA	NA	NA	NA	NA	NA	NA	NA	NA	NA	NA	NA	NA	NA	NA	NA	NA	NA	NA	NA	NA	NA	NA	NA	NA	NA	NA	NA	NA	NA	NA	NA	NA	NA	NA	NA	NA	NA	NA	NA	NA	NA	NA	NA	NA	NA	NA	NA	NA	NA	NA	NA	NA	NA	NA	NA	NA	NA	NA	NA	NA	NA	NA	NA	NA	NA	NA	NA	NA	NA	NA	NA	NA	NA	NA	NA	NA	NA	NA	NA	NA	NA	NA	NA	NA	NA	NA	NA	NA	NA	NA	NA	NA	NA	NA	NA	NA	NA	NA	NA	NA	NA	NA	NA	NA	NA	NA	NA	NA	Female	NA	NA	NA	NA	NA	NA	NA	NA	NA	NA	NA	NA	NA	NA	NA	NA	NA	NA	0.0586	Grade 1	NA	NA	NA	NA	NA	NA	NA	NA	NA	29.64	0:LIVING	NA	NA	NA	NA	NA	NA	NA	NA	NA	NA	NA	NA	NA	NA	NA	29.6351299	0:DiseaseFree	NA	NA	NA	NA	NA	NA	NA	NA	NA	NA	NA	NA	NA	NA	NA	NA	NA	NA	NA	NA	NA	NA	NA	NA	NA	NA	NA	NA	NA	NA	NA	NA	NA	NA	NA	NA	NA	NA	NA	NA	NA	NA	NA	NA	NA	NA	NA	NA	NA	NA	NA	NA	NA	NA	NA	NA	NA	NA	NA	NA	NA	NA	NA	NA	NA	NA	NA	NA	NA	NA	NA	NA	NA	NA	NA	NA	NA	NA	NA	NA	NA	NA	NA	NA	NA	NA	NA	NA	NA	NA	NA	NA	NA	NA	NA	NA	NA	NA	NA	NA	Copy-number low (Endometriod)	NA	NA	NA	NA	NA	NA	NA	2	Y	Y	Endometrioid	Y	4	6	0.936182815	0	2	MSS	MSS	1_LOW	Y	Stage I
ucec_tcga_pan_can_atlas_2018	TCGA-AX-A05U	TCGA-AX-A05U-01	Endometrial Cancer	Uterine Endometrioid Carcinoma	Not Hispanic Or Latino	NA	NA	NA	27	UEC	American Indian or Alaska Native	1	Primary	Matched	0.9	NA	NA	NA	NA	NA	NA	56	NA	NA	NA	NA	NA	NA	NA	NA	NA	NA	NA	NA	NA	NA	NA	NA	NA	NA	NA	NA	NA	NA	NA	NA	NA	NA	NA	NA	NA	NA	NA	NA	NA	NA	NA	NA	NA	NA	NA	NA	NA	NA	NA	NA	NA	NA	NA	NA	NA	NA	NA	NA	NA	NA	NA	NA	NA	NA	NA	NA	NA	NA	NA	NA	NA	NA	NA	NA	NA	NA	NA	NA	NA	NA	NA	NA	NA	NA	NA	NA	NA	NA	NA	NA	NA	NA	NA	NA	NA	NA	NA	NA	NA	NA	NA	NA	NA	NA	NA	NA	NA	NA	NA	NA	NA	NA	NA	NA	NA	NA	NA	NA	NA	NA	NA	NA	NA	NA	NA	NA	NA	NA	NA	NA	NA	NA	NA	NA	NA	NA	NA	NA	NA	NA	NA	NA	NA	NA	NA	Female	NA	NA	NA	NA	NA	NA	NA	NA	NA	NA	NA	NA	NA	NA	NA	NA	NA	NA	0.0586	G1	NA	NA	NA	NA	NA	NA	NA	NA	NA	29.68734589	0:LIVING	NA	NA	NA	NA	NA	NA	NA	1988	NA	NA	NA	NA	NA	0	NA	29.68734589	0:DiseaseFree	NA	NA	NA	5/23/11	NA	NA	NA	NA	NA	No	NA	NA	NA	C54.1	8380/3	C54.1	Yes	NA	NA	NA	NA	NA	NA	NA	NA	NA	NA	NA	NA	NA	NA	NA	NA	NA	NA	e56c6abc-b36c-4667-a347-0a541ce4791d	NA	NA	NA	NA	NA	NA	NA	NA	NA	NA	NA	NA	NA	NA	NA	NA	NA	NA	NA	NA	NA	NA	NA	NA	NA	NA	Gynecologic Oncology Group	NA	NA	NA	NA	62	NA	903	-20533	NA	NA	NA	NA	NA	NA	NA	NA	NA	NA	NA	NA	NA	2	NA	UCEC	29.68734589	0:ALIVE OR DEAD TUMOR FREE	AMR	Yes	0.2546	0.07	Tumor Free	29.68734589	0:CENSORED	NA	No	No	NA	UCEC_CN_LOW	10	No	Yes	AX	Uterus	Endometrioid Endometrial Adenocarcinoma	NA	NA	NA	NA	NA	NA	NA	NA	NA	NA	NA	NA	NA	NA	NA	NA
ucec_tcga_pan_can_atlas_2018	TCGA-AX-A05W	TCGA-AX-A05W-01	Endometrial Cancer	Uterine Endometrioid Carcinoma	Not Hispanic Or Latino	NA	NA	NA	66	UEC	White	1	Primary	Matched	2.2	NA	NA	NA	NA	NA	NA	60	NA	NA	NA	NA	NA	NA	NA	NA	NA	NA	NA	NA	NA	NA	NA	NA	NA	NA	NA	NA	NA	NA	NA	NA	NA	NA	NA	NA	NA	NA	NA	NA	NA	NA	NA	NA	NA	NA	NA	NA	NA	NA	NA	NA	NA	NA	NA	NA	NA	NA	NA	NA	NA	NA	NA	NA	NA	NA	NA	NA	NA	NA	NA	NA	NA	NA	NA	NA	NA	NA	NA	NA	NA	NA	NA	NA	NA	NA	NA	NA	NA	NA	NA	NA	NA	NA	NA	NA	NA	NA	NA	NA	NA	NA	NA	NA	NA	NA	NA	NA	NA	NA	NA	NA	NA	NA	NA	NA	NA	NA	NA	NA	NA	NA	NA	NA	NA	NA	NA	NA	NA	NA	NA	NA	NA	NA	NA	NA	NA	NA	NA	NA	NA	NA	NA	NA	NA	NA	NA	Female	NA	NA	NA	NA	NA	NA	NA	NA	NA	NA	NA	NA	NA	NA	NA	NA	NA	NA	0.2216	G1	NA	NA	NA	NA	NA	NA	NA	NA	NA	80.5470625	0:LIVING	NA	NA	NA	NA	NA	NA	NA	1988	NA	NA	NA	NA	NA	0	NA	80.5470625	0:DiseaseFree	NA	NA	NA	5/23/11	NA	NA	NA	NA	NA	No	NA	NA	NA	C54.1	8380/3	C54.1	Yes	NA	NA	NA	NA	NA	NA	NA	NA	NA	NA	NA	NA	NA	NA	NA	No	NA	NA	87e44856-eb9a-475f-96b1-047b7f77b0da	NA	NA	NA	NA	NA	NA	NA	NA	NA	NA	NA	NA	NA	NA	NA	NA	NA	NA	NA	NA	NA	NA	NA	NA	NA	NA	Gynecologic Oncology Group	NA	NA	NA	NA	74	NA	2450	-22200	NA	NA	NA	NA	NA	NA	NA	NA	NA	NA	NA	NA	NA	6	13	UCEC	80.5470625	0:ALIVE OR DEAD TUMOR FREE	EUR	Yes	0.2715	0.04	Tumor Free	80.5470625	0:CENSORED	NA	No	No	14	UCEC_CN_LOW	8	No	Yes	AX	Uterus	Endometrioid Endometrial Adenocarcinoma	16	NA	NA	NA	NA	NA	NA	NA	NA	NA	NA	NA	NA	NA	NA	NA
ucec_tcga_pan_can_atlas_2018	TCGA-AX-A05Y	TCGA-AX-A05Y-01	Endometrial Cancer	Uterine Endometrioid Carcinoma	Not Hispanic Or Latino	NA	NA	NA	184	UEC	White	1	Primary	Matched	6.166666667	NA	NA	NA	NA	NA	NA	57	NA	NA	NA	NA	NA	NA	NA	NA	NA	NA	NA	NA	NA	NA	NA	NA	NA	NA	NA	NA	NA	NA	NA	NA	NA	NA	NA	NA	NA	NA	NA	NA	NA	NA	NA	NA	NA	NA	NA	NA	NA	NA	NA	NA	NA	NA	NA	NA	NA	NA	NA	NA	NA	NA	NA	NA	NA	NA	NA	NA	NA	NA	NA	NA	NA	NA	NA	NA	NA	NA	NA	NA	NA	NA	NA	NA	NA	NA	NA	NA	NA	NA	NA	NA	NA	NA	NA	NA	NA	NA	NA	NA	NA	NA	NA	NA	NA	NA	NA	NA	NA	NA	NA	NA	NA	NA	NA	NA	NA	NA	NA	NA	NA	NA	NA	NA	NA	NA	NA	NA	NA	NA	NA	NA	NA	NA	NA	NA	NA	NA	NA	NA	NA	NA	NA	NA	NA	NA	NA	Female	NA	NA	NA	NA	NA	NA	NA	NA	NA	NA	NA	NA	NA	NA	NA	NA	NA	NA	0.0411	G1	NA	NA	NA	NA	NA	NA	NA	NA	NA	88.24012888	0:LIVING	NA	NA	NA	NA	NA	NA	NA	1988	NA	NA	NA	NA	NA	0	NA	6.378012296	1:Recurred/Progressed	NA	NA	NA	5/23/11	NA	NA	NA	NA	NA	No	NA	NA	NA	C54.1	8380/3	C54.1	Yes	NA	NA	NA	NA	NA	NA	NA	NA	NA	NA	NA	NA	NA	NA	NA	No	NA	NA	cbe0bd4a-02b7-43e7-b08e-2b0f13560eaf	NA	NA	NA	NA	NA	NA	NA	NA	NA	NA	NA	NA	NA	NA	NA	NA	NA	NA	NA	NA	NA	NA	NA	NA	NA	NA	Gynecologic Oncology Group	NA	NA	NA	NA	92	NA	2684	-20904	NA	NA	NA	NA	NA	NA	NA	NA	NA	NA	NA	NA	NA	1	NA	UCEC	88.24012888	0:ALIVE OR DEAD TUMOR FREE	EUR	Yes	0.5212	7.31	Tumor Free	6.378012296	1:PROGRESSION	NA	No	No	NA	UCEC_MSI	2	No	Yes	AX	Uterus	Endometrioid Endometrial Adenocarcinoma	NA	NA	NA	NA	NA	NA	NA	NA	NA	NA	NA	NA	NA	NA	NA	NA
ucec_tcga_pan_can_atlas_2018	TCGA-AX-A060	TCGA-AX-A060-01	Endometrial Cancer	Uterine Endometrioid Carcinoma	Not Hispanic Or Latino	NA	NA	NA	741	UEC	American Indian or Alaska Native	1	Primary	Matched	24.8	NA	NA	NA	NA	NA	NA	77	NA	NA	NA	NA	NA	NA	NA	NA	NA	NA	NA	NA	NA	NA	NA	NA	NA	NA	NA	NA	NA	NA	NA	NA	NA	NA	NA	NA	NA	NA	NA	NA	NA	NA	NA	NA	NA	NA	NA	NA	NA	NA	NA	NA	NA	NA	NA	NA	NA	NA	NA	NA	NA	NA	NA	NA	NA	NA	NA	NA	NA	NA	NA	NA	NA	NA	NA	NA	NA	NA	NA	NA	NA	NA	NA	NA	NA	NA	NA	NA	NA	NA	NA	NA	NA	NA	NA	NA	NA	NA	NA	NA	NA	NA	NA	NA	NA	NA	NA	NA	NA	NA	NA	NA	NA	NA	NA	NA	NA	NA	NA	NA	NA	NA	NA	NA	NA	NA	NA	NA	NA	NA	NA	NA	NA	NA	NA	NA	NA	NA	NA	NA	NA	NA	NA	NA	NA	NA	NA	Female	NA	NA	NA	NA	NA	NA	NA	NA	NA	NA	NA	NA	NA	NA	NA	NA	NA	NA	0.0342	G3	NA	NA	NA	NA	NA	NA	NA	NA	NA	35.34207844	0:LIVING	NA	NA	NA	NA	NA	NA	NA	1988	NA	NA	NA	NA	NA	0	NA	35.34207844	0:DiseaseFree	NA	NA	NA	5/24/11	NA	NA	NA	NA	NA	No	NA	NA	NA	C54.1	8380/3	C54.1	Yes	NA	NA	NA	NA	NA	NA	NA	NA	NA	NA	NA	NA	NA	NA	NA	NA	NA	NA	d1b615f4-50c9-497b-8a69-8de78aa17e09	NA	NA	NA	NA	NA	NA	NA	NA	NA	NA	NA	NA	NA	NA	NA	NA	NA	NA	NA	NA	NA	NA	NA	NA	NA	NA	Gynecologic Oncology Group	NA	NA	NA	NA	87	NA	1075	-28472	NA	NA	NA	NA	NA	NA	NA	NA	NA	NA	NA	NA	NA	1	NA	UCEC	35.34207844	0:ALIVE OR DEAD TUMOR FREE	AMR	Yes	NA	35.52	Tumor Free	35.34207844	0:CENSORED	NA	No	Yes	NA	UCEC_MSI	5	No	Yes	AX	Uterus	Endometrioid Endometrial Adenocarcinoma	NA	NA	NA	NA	NA	NA	NA	NA	NA	NA	NA	NA	NA	NA	NA	NA
ucec_tcga_pan_can_atlas_2018	TCGA-AX-A062	TCGA-AX-A062-01	Endometrial Cancer	Uterine Endometrioid Carcinoma	NA	NA	NA	NA	25	UEC	White	1	Primary	Matched	0.833333333	NA	NA	NA	NA	NA	NA	53	NA	NA	NA	NA	NA	NA	NA	NA	NA	NA	NA	NA	NA	NA	NA	NA	NA	NA	NA	NA	NA	NA	NA	NA	NA	NA	NA	NA	NA	NA	NA	NA	NA	NA	NA	NA	NA	NA	NA	NA	NA	NA	NA	NA	NA	NA	NA	NA	NA	NA	NA	NA	NA	NA	NA	NA	NA	NA	NA	NA	NA	NA	NA	NA	NA	NA	NA	NA	NA	NA	NA	NA	NA	NA	NA	NA	NA	NA	NA	NA	NA	NA	NA	NA	NA	NA	NA	NA	NA	NA	NA	NA	NA	NA	NA	NA	NA	NA	NA	NA	NA	NA	NA	NA	NA	NA	NA	NA	NA	NA	NA	NA	NA	NA	NA	NA	NA	NA	NA	NA	NA	NA	NA	NA	NA	NA	NA	NA	NA	NA	NA	NA	NA	NA	NA	NA	NA	NA	NA	Female	NA	NA	NA	NA	NA	NA	NA	NA	NA	NA	NA	NA	NA	NA	NA	NA	NA	NA	0.0001	G1	NA	NA	NA	NA	NA	NA	NA	NA	NA	45.9940165	0:LIVING	NA	NA	NA	NA	NA	NA	NA	1988	NA	NA	NA	NA	NA	0	NA	45.9940165	0:DiseaseFree	NA	NA	NA	5/24/11	NA	NA	NA	NA	NA	No	NA	NA	NA	C54.1	8380/3	C54.1	Yes	NA	NA	NA	NA	NA	NA	NA	NA	NA	NA	NA	NA	NA	NA	NA	NA	NA	NA	4af65655-a3bd-4252-9b2f-2b2c4394f95c	NA	NA	NA	NA	NA	NA	NA	NA	NA	NA	NA	NA	NA	NA	NA	NA	NA	NA	NA	NA	NA	NA	NA	NA	NA	NA	Gynecologic Oncology Group	NA	NA	NA	NA	122	NA	1399	-19643	NA	NA	NA	NA	NA	NA	NA	NA	NA	NA	NA	NA	NA	0	NA	UCEC	45.9940165	0:ALIVE OR DEAD TUMOR FREE	EUR	Yes	0.2416	0.15	Tumor Free	45.9940165	0:CENSORED	NA	No	No	NA	UCEC_CN_LOW	3	No	Yes	AX	Uterus	Endometrioid Endometrial Adenocarcinoma	NA	NA	NA	NA	NA	NA	NA	NA	NA	NA	NA	NA	NA	NA	NA	NA
ucec_tcga_pub	TCGA-AX-A062	TCGA-AX-A062-01	Endometrial Cancer	Uterine Endometrioid Carcinoma	NA	NA	NA	NA	27	UEC	NA	1	Primary	Matched	0.933333333333	NA	NA	NA	NA	NA	NA	53	NA	NA	NA	NA	NA	NA	NA	NA	NA	NA	NA	NA	NA	NA	NA	NA	NA	NA	NA	NA	NA	NA	NA	NA	NA	NA	NA	NA	NA	NA	NA	NA	NA	NA	NA	NA	NA	NA	NA	NA	NA	NA	NA	NA	NA	NA	NA	NA	NA	NA	NA	NA	NA	NA	NA	NA	NA	NA	NA	NA	NA	NA	NA	NA	NA	NA	NA	NA	NA	NA	NA	NA	NA	NA	NA	NA	NA	NA	NA	NA	NA	NA	NA	NA	NA	NA	NA	NA	NA	NA	NA	NA	NA	NA	NA	NA	NA	NA	NA	NA	NA	NA	NA	NA	NA	NA	NA	NA	NA	NA	NA	NA	NA	NA	NA	NA	NA	NA	NA	NA	NA	NA	NA	NA	NA	NA	NA	NA	NA	NA	NA	NA	NA	NA	NA	NA	NA	NA	NA	Female	NA	NA	NA	NA	NA	NA	NA	NA	NA	NA	NA	NA	NA	NA	NA	NA	NA	NA	0.0001	Grade 1	NA	NA	NA	NA	NA	NA	NA	NA	NA	45.93	0:LIVING	NA	NA	NA	NA	NA	NA	NA	NA	NA	NA	NA	NA	NA	NA	NA	45.93116586	0:DiseaseFree	NA	NA	NA	NA	NA	NA	NA	NA	NA	NA	NA	NA	NA	NA	NA	NA	NA	NA	NA	NA	NA	NA	NA	NA	NA	NA	NA	NA	NA	NA	NA	NA	NA	NA	NA	NA	NA	NA	NA	NA	NA	NA	NA	NA	NA	NA	NA	NA	NA	NA	NA	NA	NA	NA	NA	NA	NA	NA	NA	NA	NA	NA	NA	NA	NA	NA	NA	NA	NA	NA	NA	NA	NA	NA	NA	NA	NA	NA	NA	NA	NA	NA	NA	NA	NA	NA	NA	NA	NA	NA	NA	NA	NA	NA	NA	NA	NA	NA	NA	NA	Copy-number low (Endometriod)	NA	NA	NA	NA	NA	NA	NA	1	Y	Y	Endometrioid	Y	4	4	0.923555802	0	2	MSS	MSS	1_LOW	Y	Stage I
ucec_tcga_pan_can_atlas_2018	TCGA-AX-A063	TCGA-AX-A063-01	Endometrial Cancer	Uterine Endometrioid Carcinoma	Not Hispanic Or Latino	NA	NA	NA	1001	UEC	White	1	Primary	Matched	33.56666667	NA	NA	NA	NA	NA	NA	63	NA	NA	NA	NA	NA	NA	NA	NA	NA	NA	NA	NA	NA	NA	NA	NA	NA	NA	NA	NA	NA	NA	NA	NA	NA	NA	NA	NA	NA	NA	NA	NA	NA	NA	NA	NA	NA	NA	NA	NA	NA	NA	NA	NA	NA	NA	NA	NA	NA	NA	NA	NA	NA	NA	NA	NA	NA	NA	NA	NA	NA	NA	NA	NA	NA	NA	NA	NA	NA	NA	NA	NA	NA	NA	NA	NA	NA	NA	NA	NA	NA	NA	NA	NA	NA	NA	NA	NA	NA	NA	NA	NA	NA	NA	NA	NA	NA	NA	NA	NA	NA	NA	NA	NA	NA	NA	NA	NA	NA	NA	NA	NA	NA	NA	NA	NA	NA	NA	NA	NA	NA	NA	NA	NA	NA	NA	NA	NA	NA	NA	NA	NA	NA	NA	NA	NA	NA	NA	NA	Female	NA	NA	NA	NA	NA	NA	NA	NA	NA	NA	NA	NA	NA	NA	NA	NA	NA	NA	0.0440	G2	NA	NA	NA	NA	NA	NA	NA	NA	NA	79.46214288	0:LIVING	NA	NA	NA	NA	NA	NA	NA	1988	NA	NA	NA	NA	NA	0	NA	79.46214288	0:DiseaseFree	NA	NA	NA	5/24/11	NA	NA	NA	NA	NA	No	NA	NA	NA	C54.1	8380/3	C54.1	Yes	NA	NA	NA	NA	NA	NA	NA	NA	NA	NA	NA	NA	NA	NA	NA	No	NA	NA	e8909bdf-460c-4291-8e9b-7be12f343eae	NA	NA	NA	NA	NA	NA	NA	NA	NA	NA	NA	NA	NA	NA	NA	NA	NA	NA	NA	NA	NA	NA	NA	NA	NA	NA	Gynecologic Oncology Group	NA	NA	NA	NA	88	NA	2417	-23045	NA	NA	NA	NA	NA	NA	NA	NA	NA	NA	NA	NA	NA	1	NA	UCEC	79.46214288	0:ALIVE OR DEAD TUMOR FREE	EUR	Yes	0.922	34.04	Tumor Free	79.46214288	0:CENSORED	NA	No	No	NA	UCEC_MSI	3	No	Yes	AX	Uterus	Endometrioid Endometrial Adenocarcinoma	NA	NA	NA	NA	NA	NA	NA	NA	NA	NA	NA	NA	NA	NA	NA	NA
ucec_tcga_pan_can_atlas_2018	TCGA-AX-A064	TCGA-AX-A064-01	Endometrial Cancer	Uterine Endometrioid Carcinoma	NA	NA	NA	NA	262	UEC	White	1	Primary	Matched	8.733333333	NA	NA	NA	NA	NA	NA	81	NA	NA	NA	NA	NA	NA	NA	NA	NA	NA	NA	NA	NA	NA	NA	NA	NA	NA	NA	NA	NA	NA	NA	NA	NA	NA	NA	NA	NA	NA	NA	NA	NA	NA	NA	NA	NA	NA	NA	NA	NA	NA	NA	NA	NA	NA	NA	NA	NA	NA	NA	NA	NA	NA	NA	NA	NA	NA	NA	NA	NA	NA	NA	NA	NA	NA	NA	NA	NA	NA	NA	NA	NA	NA	NA	NA	NA	NA	NA	NA	NA	NA	NA	NA	NA	NA	NA	NA	NA	NA	NA	NA	NA	NA	NA	NA	NA	NA	NA	NA	NA	NA	NA	NA	NA	NA	NA	NA	NA	NA	NA	NA	NA	NA	NA	NA	NA	NA	NA	NA	NA	NA	NA	NA	NA	NA	NA	NA	NA	NA	NA	NA	NA	NA	NA	NA	NA	NA	NA	Female	NA	NA	NA	NA	NA	NA	NA	NA	NA	NA	NA	NA	NA	NA	NA	NA	NA	NA	0.0341	G2	NA	NA	NA	NA	NA	NA	NA	NA	NA	49.87342605	0:LIVING	NA	NA	NA	NA	NA	NA	NA	1988	NA	NA	NA	NA	NA	0	NA	49.87342605	0:DiseaseFree	NA	NA	NA	9/29/10	NA	NA	NA	NA	NA	No	NA	NA	NA	C54.1	8380/3	C54.1	Yes	NA	NA	NA	NA	NA	NA	NA	NA	NA	NA	NA	NA	NA	NA	NA	No	NA	NA	633e6994-3e8b-4c0b-9b79-06cf4ab6f9bc	NA	NA	NA	NA	NA	NA	NA	NA	NA	NA	NA	NA	NA	NA	NA	NA	NA	NA	NA	NA	NA	NA	NA	NA	NA	NA	Gynecologic Oncology Group	NA	NA	NA	NA	48	NA	1517	-29625	NA	NA	NA	NA	NA	NA	NA	NA	NA	NA	NA	NA	NA	1	NA	UCEC	49.87342605	0:ALIVE OR DEAD TUMOR FREE	EUR	Yes	0.5467	15.94	Tumor Free	49.87342605	0:CENSORED	NA	No	No	NA	UCEC_MSI	4	No	Yes	AX	Uterus	Endometrioid Endometrial Adenocarcinoma	NA	NA	NA	NA	NA	NA	NA	NA	NA	NA	NA	NA	NA	NA	NA	NA
ucec_tcga_pan_can_atlas_2018	TCGA-AX-A06B	TCGA-AX-A06B-01	Endometrial Cancer	Uterine Endometrioid Carcinoma	Not Hispanic Or Latino	NA	NA	NA	41	UEC	White	1	Primary	Matched	1.366666667	NA	NA	NA	NA	NA	NA	72	NA	NA	NA	NA	NA	NA	NA	NA	NA	NA	NA	NA	NA	NA	NA	NA	NA	NA	NA	NA	NA	NA	NA	NA	NA	NA	NA	NA	NA	NA	NA	NA	NA	NA	NA	NA	NA	NA	NA	NA	NA	NA	NA	NA	NA	NA	NA	NA	NA	NA	NA	NA	NA	NA	NA	NA	NA	NA	NA	NA	NA	NA	NA	NA	NA	NA	NA	NA	NA	NA	NA	NA	NA	NA	NA	NA	NA	NA	NA	NA	NA	NA	NA	NA	NA	NA	NA	NA	NA	NA	NA	NA	NA	NA	NA	NA	NA	NA	NA	NA	NA	NA	NA	NA	NA	NA	NA	NA	NA	NA	NA	NA	NA	NA	NA	NA	NA	NA	NA	NA	NA	NA	NA	NA	NA	NA	NA	NA	NA	NA	NA	NA	NA	NA	NA	NA	NA	NA	NA	Female	NA	NA	NA	NA	NA	NA	NA	NA	NA	NA	NA	NA	NA	NA	NA	NA	NA	NA	0.5106	G3	NA	NA	NA	NA	NA	NA	NA	NA	NA	67.6595325	0:LIVING	NA	NA	NA	NA	NA	NA	NA	1988	NA	NA	NA	NA	NA	0	NA	67.6595325	0:DiseaseFree	NA	NA	NA	5/25/11	NA	NA	NA	NA	NA	No	NA	NA	NA	C54.1	8380/3	C54.1	Yes	NA	NA	NA	NA	NA	NA	NA	NA	NA	NA	NA	NA	NA	NA	NA	No	NA	NA	95e6d327-9ab7-45de-9527-f5634b3995c3	NA	NA	NA	NA	NA	NA	NA	NA	NA	NA	NA	NA	NA	NA	NA	NA	NA	NA	NA	NA	NA	NA	NA	NA	NA	NA	Gynecologic Oncology Group	NA	NA	NA	NA	93	NA	2058	-26348	NA	NA	NA	NA	NA	NA	NA	NA	NA	NA	NA	NA	NA	14	NA	UCEC	67.6595325	0:ALIVE OR DEAD TUMOR FREE	EUR	Yes	0.2743	0.26	Tumor Free	67.6595325	0:CENSORED	NA	Yes	No	NA	UCEC_CN_HIGH	220	No	Yes	AX	Uterus	Endometrioid Endometrial Adenocarcinoma	NA	NA	NA	NA	NA	NA	NA	NA	NA	NA	NA	NA	NA	NA	NA	NA
ucec_tcga_pan_can_atlas_2018	TCGA-AX-A06H	TCGA-AX-A06H-01	Endometrial Cancer	Uterine Endometrioid Carcinoma	Not Hispanic Or Latino	NA	NA	NA	408	UEC	American Indian or Alaska Native	1	Primary	Matched	13.73333333	NA	NA	NA	NA	NA	NA	60	NA	NA	NA	NA	NA	NA	NA	NA	NA	NA	NA	NA	NA	NA	NA	NA	NA	NA	NA	NA	NA	NA	NA	NA	NA	NA	NA	NA	NA	NA	NA	NA	NA	NA	NA	NA	NA	NA	NA	NA	NA	NA	NA	NA	NA	NA	NA	NA	NA	NA	NA	NA	NA	NA	NA	NA	NA	NA	NA	NA	NA	NA	NA	NA	NA	NA	NA	NA	NA	NA	NA	NA	NA	NA	NA	NA	NA	NA	NA	NA	NA	NA	NA	NA	NA	NA	NA	NA	NA	NA	NA	NA	NA	NA	NA	NA	NA	NA	NA	NA	NA	NA	NA	NA	NA	NA	NA	NA	NA	NA	NA	NA	NA	NA	NA	NA	NA	NA	NA	NA	NA	NA	NA	NA	NA	NA	NA	NA	NA	NA	NA	NA	NA	NA	NA	NA	NA	NA	NA	Female	NA	NA	NA	NA	NA	NA	NA	NA	NA	NA	NA	NA	NA	NA	NA	NA	NA	NA	0.0004	G1	NA	NA	NA	NA	NA	NA	NA	NA	NA	27.38600125	0:LIVING	NA	NA	NA	NA	NA	NA	NA	1988	NA	NA	NA	NA	NA	0	NA	27.38600125	0:DiseaseFree	NA	NA	NA	5/17/11	NA	NA	NA	NA	NA	No	NA	NA	NA	C54.1	8380/3	C54.1	Yes	NA	NA	NA	NA	NA	NA	NA	NA	NA	NA	NA	NA	NA	NA	NA	No	NA	NA	e5d74e47-b63f-410a-8b7a-c9aacc9aa337	NA	NA	NA	NA	NA	NA	NA	NA	NA	NA	NA	NA	NA	NA	NA	NA	NA	NA	NA	NA	NA	NA	NA	NA	NA	NA	Gynecologic Oncology Group	NA	NA	NA	NA	98	NA	833	-22270	NA	NA	NA	NA	NA	NA	NA	NA	NA	NA	NA	NA	NA	0	NA	UCEC	27.38600125	0:ALIVE OR DEAD TUMOR FREE	EUR	Yes	0.6159	23.79	With Tumor	27.38600125	0:CENSORED	NA	No	No	NA	UCEC_MSI	6	No	Yes	AX	Uterus	Endometrioid Endometrial Adenocarcinoma	NA	NA	NA	NA	NA	NA	NA	NA	NA	NA	NA	NA	NA	NA	NA	NA
ucec_tcga_pan_can_atlas_2018	TCGA-AX-A06J	TCGA-AX-A06J-01	Endometrial Cancer	Uterine Endometrioid Carcinoma	Not Hispanic Or Latino	NA	NA	NA	57	UEC	White	1	Primary	Matched	1.933333333	NA	NA	NA	NA	NA	NA	71	NA	NA	NA	NA	NA	NA	NA	NA	NA	NA	NA	NA	NA	NA	NA	NA	NA	NA	NA	NA	NA	NA	NA	NA	NA	NA	NA	NA	NA	NA	NA	NA	NA	NA	NA	NA	NA	NA	NA	NA	NA	NA	NA	NA	NA	NA	NA	NA	NA	NA	NA	NA	NA	NA	NA	NA	NA	NA	NA	NA	NA	NA	NA	NA	NA	NA	NA	NA	NA	NA	NA	NA	NA	NA	NA	NA	NA	NA	NA	NA	NA	NA	NA	NA	NA	NA	NA	NA	NA	NA	NA	NA	NA	NA	NA	NA	NA	NA	NA	NA	NA	NA	NA	NA	NA	NA	NA	NA	NA	NA	NA	NA	NA	NA	NA	NA	NA	NA	NA	NA	NA	NA	NA	NA	NA	NA	NA	NA	NA	NA	NA	NA	NA	NA	NA	NA	NA	NA	NA	Female	NA	NA	NA	NA	NA	NA	NA	NA	NA	NA	NA	NA	NA	NA	NA	NA	NA	NA	0.0464	G3	NA	NA	NA	NA	NA	NA	NA	NA	NA	30.01610941	0:LIVING	NA	NA	NA	NA	NA	NA	NA	1988	NA	NA	NA	NA	NA	0	NA	30.01610941	0:DiseaseFree	NA	NA	NA	5/26/11	NA	NA	NA	NA	NA	No	NA	NA	NA	C54.1	8380/3	C54.1	Yes	NA	NA	NA	NA	NA	NA	NA	NA	NA	NA	NA	NA	NA	NA	NA	NA	NA	NA	b6819b52-6f01-4011-9bd3-a1a00397e0c9	NA	NA	NA	NA	NA	NA	NA	NA	NA	NA	NA	NA	NA	NA	NA	NA	NA	NA	NA	NA	NA	NA	NA	NA	NA	NA	Gynecologic Oncology Group	NA	NA	NA	NA	119	NA	913	-26000	NA	NA	NA	NA	NA	NA	NA	NA	NA	NA	NA	NA	NA	2	NA	UCEC	30.01610941	0:ALIVE OR DEAD TUMOR FREE	EUR	Yes	0.2922	0.64	Tumor Free	30.01610941	0:CENSORED	NA	No	Yes	NA	UCEC_CN_LOW	0	No	Yes	AX	Uterus	Endometrioid Endometrial Adenocarcinoma	NA	NA	NA	NA	NA	NA	NA	NA	NA	NA	NA	NA	NA	NA	NA	NA
ucec_tcga_pan_can_atlas_2018	TCGA-AX-A06L	TCGA-AX-A06L-01	Endometrial Cancer	Uterine Endometrioid Carcinoma	NA	NA	NA	NA	40	UEC	White	1	Primary	Matched	1.333333333	NA	NA	NA	NA	NA	NA	63	NA	NA	NA	NA	NA	NA	NA	NA	NA	NA	NA	NA	NA	NA	NA	NA	NA	NA	NA	NA	NA	NA	NA	NA	NA	NA	NA	NA	NA	NA	NA	NA	NA	NA	NA	NA	NA	NA	NA	NA	NA	NA	NA	NA	NA	NA	NA	NA	NA	NA	NA	NA	NA	NA	NA	NA	NA	NA	NA	NA	NA	NA	NA	NA	NA	NA	NA	NA	NA	NA	NA	NA	NA	NA	NA	NA	NA	NA	NA	NA	NA	NA	NA	NA	NA	NA	NA	NA	NA	NA	NA	NA	NA	NA	NA	NA	NA	NA	NA	NA	NA	NA	NA	NA	NA	NA	NA	NA	NA	NA	NA	NA	NA	NA	NA	NA	NA	NA	NA	NA	NA	NA	NA	NA	NA	NA	NA	NA	NA	NA	NA	NA	NA	NA	NA	NA	NA	NA	NA	Female	NA	NA	NA	NA	NA	NA	NA	NA	NA	NA	NA	NA	NA	NA	NA	NA	NA	NA	0.0002	G1	NA	NA	NA	NA	NA	NA	NA	NA	NA	60.65686951	0:LIVING	NA	NA	NA	NA	NA	NA	NA	1988	NA	NA	NA	NA	NA	0	NA	60.65686951	0:DiseaseFree	NA	NA	NA	5/17/11	NA	NA	NA	NA	NA	No	NA	NA	NA	C54.1	8380/3	C54.1	Yes	NA	NA	NA	NA	NA	NA	NA	NA	NA	NA	NA	NA	NA	NA	NA	NA	NA	NA	f4a7f2ff-be76-48d3-9f59-9223db33680e	NA	NA	NA	NA	NA	NA	NA	NA	NA	NA	NA	NA	NA	NA	NA	NA	NA	NA	NA	NA	NA	NA	NA	NA	NA	NA	Gynecologic Oncology Group	NA	NA	NA	NA	112	NA	1845	-23294	NA	NA	NA	NA	NA	NA	NA	NA	NA	NA	NA	NA	NA	0	NA	UCEC	60.65686951	0:ALIVE OR DEAD TUMOR FREE	EUR	Yes	0.2699	0.06	With Tumor	60.65686951	0:CENSORED	NA	No	No	NA	UCEC_CN_LOW	3	No	Yes	AX	Uterus	Endometrioid Endometrial Adenocarcinoma	NA	NA	NA	NA	NA	NA	NA	NA	NA	NA	NA	NA	NA	NA	NA	NA
ucec_tcga_pub	TCGA-AX-A0IS	TCGA-AX-A0IS-01	Endometrial Cancer	Uterine Endometrioid Carcinoma	NA	NA	NA	NA	50	UEC	NA	1	Primary	Matched	1.7	NA	NA	NA	NA	NA	NA	52	NA	NA	NA	NA	NA	NA	NA	NA	NA	NA	NA	NA	NA	NA	NA	NA	NA	NA	NA	NA	NA	NA	NA	NA	NA	NA	NA	NA	NA	NA	NA	NA	NA	NA	NA	NA	NA	NA	NA	NA	NA	NA	NA	NA	NA	NA	NA	NA	NA	NA	NA	NA	NA	NA	NA	NA	NA	NA	NA	NA	NA	NA	NA	NA	NA	NA	NA	NA	NA	NA	NA	NA	NA	NA	NA	NA	NA	NA	NA	NA	NA	NA	NA	NA	NA	NA	NA	NA	NA	NA	NA	NA	NA	NA	NA	NA	NA	NA	NA	NA	NA	NA	NA	NA	NA	NA	NA	NA	NA	NA	NA	NA	NA	NA	NA	NA	NA	NA	NA	NA	NA	NA	NA	NA	NA	NA	NA	NA	NA	NA	NA	NA	NA	NA	NA	NA	NA	NA	NA	Female	NA	NA	NA	NA	NA	NA	NA	NA	NA	NA	NA	NA	NA	NA	NA	NA	NA	NA	0.1065	Grade 2	NA	NA	NA	NA	NA	NA	NA	NA	NA	34.99	0:LIVING	NA	NA	NA	NA	NA	NA	NA	NA	NA	NA	NA	NA	NA	NA	NA	14.71900022	1:Recurred	NA	NA	NA	NA	NA	NA	NA	NA	NA	NA	NA	NA	NA	NA	NA	NA	NA	NA	NA	NA	NA	NA	NA	NA	NA	NA	NA	NA	NA	NA	NA	NA	NA	NA	NA	NA	NA	NA	NA	NA	NA	NA	NA	NA	NA	NA	NA	NA	NA	NA	NA	NA	NA	NA	NA	NA	NA	NA	NA	NA	NA	NA	NA	NA	NA	NA	NA	NA	NA	NA	NA	NA	NA	NA	NA	NA	NA	NA	NA	NA	NA	NA	NA	NA	NA	NA	NA	NA	NA	NA	NA	NA	NA	NA	NA	NA	NA	NA	NA	NA	Copy-number low (Endometriod)	NA	NA	NA	NA	NA	NA	NA	3	Y	Y	Endometrioid	Y	2	5	0.843520432	0	2	MSS	MSS	1_LOW	Y	Stage I
ucec_tcga_pan_can_atlas_2018	TCGA-AX-A0IS	TCGA-AX-A0IS-01	Endometrial Cancer	Uterine Endometrioid Carcinoma	Not Hispanic Or Latino	NA	NA	NA	49	UEC	White	1	Primary	Matched	1.6	NA	NA	NA	NA	NA	NA	52	NA	NA	NA	NA	NA	NA	NA	NA	NA	NA	NA	NA	NA	NA	NA	NA	NA	NA	NA	NA	NA	NA	NA	NA	NA	NA	NA	NA	NA	NA	NA	NA	NA	NA	NA	NA	NA	NA	NA	NA	NA	NA	NA	NA	NA	NA	NA	NA	NA	NA	NA	NA	NA	NA	NA	NA	NA	NA	NA	NA	NA	NA	NA	NA	NA	NA	NA	NA	NA	NA	NA	NA	NA	NA	NA	NA	NA	NA	NA	NA	NA	NA	NA	NA	NA	NA	NA	NA	NA	NA	NA	NA	NA	NA	NA	NA	NA	NA	NA	NA	NA	NA	NA	NA	NA	NA	NA	NA	NA	NA	NA	NA	NA	NA	NA	NA	NA	NA	NA	NA	NA	NA	NA	NA	NA	NA	NA	NA	NA	NA	NA	NA	NA	NA	NA	NA	NA	NA	NA	Female	NA	NA	NA	NA	NA	NA	NA	NA	NA	NA	NA	NA	NA	NA	NA	NA	NA	NA	0.1065	G2	NA	NA	NA	NA	NA	NA	NA	NA	NA	61.08426209	1:DECEASED	NA	NA	NA	NA	NA	NA	NA	1988	NA	NA	NA	NA	NA	0	NA	14.72860571	1:Recurred/Progressed	NA	NA	NA	5/17/11	NA	NA	NA	NA	NA	No	NA	NA	NA	C54.1	8380/3	C54.1	Yes	NA	NA	NA	NA	NA	NA	NA	NA	NA	NA	NA	NA	NA	NA	NA	NA	NA	NA	2e5cf721-90b1-4470-b430-f055a1297c7f	NA	NA	NA	NA	NA	NA	NA	NA	NA	NA	NA	NA	NA	NA	NA	NA	NA	NA	NA	NA	NA	NA	NA	NA	NA	NA	Gynecologic Oncology Group	NA	NA	NA	NA	132	NA	1541	-19173	NA	NA	NA	NA	NA	NA	NA	NA	NA	NA	NA	NA	NA	3	NA	UCEC	61.08426209	1:DEAD WITH TUMOR	EUR	Yes	0.2846	0.2	With Tumor	14.72860571	1:PROGRESSION	NA	No	No	NA	UCEC_CN_LOW	4	No	Yes	AX	Uterus	Endometrioid Endometrial Adenocarcinoma	NA	NA	NA	NA	NA	NA	NA	NA	NA	NA	NA	NA	NA	NA	NA	NA
ucec_tcga_pan_can_atlas_2018	TCGA-AX-A0IU	TCGA-AX-A0IU-01	Endometrial Cancer	Uterine Serous Carcinoma/Uterine Papillary Serous Carcinoma	Not Hispanic Or Latino	NA	NA	NA	55	USC	Black or African American	1	Primary	Matched	1.8	NA	NA	NA	NA	NA	NA	79	NA	NA	NA	NA	NA	NA	NA	NA	NA	NA	NA	NA	NA	NA	NA	NA	NA	NA	NA	NA	NA	NA	NA	NA	NA	NA	NA	NA	NA	NA	NA	NA	NA	NA	NA	NA	NA	NA	NA	NA	NA	NA	NA	NA	NA	NA	NA	NA	NA	NA	NA	NA	NA	NA	NA	NA	NA	NA	NA	NA	NA	NA	NA	NA	NA	NA	NA	NA	NA	NA	NA	NA	NA	NA	NA	NA	NA	NA	NA	NA	NA	NA	NA	NA	NA	NA	NA	NA	NA	NA	NA	NA	NA	NA	NA	NA	NA	NA	NA	NA	NA	NA	NA	NA	NA	NA	NA	NA	NA	NA	NA	NA	NA	NA	NA	NA	NA	NA	NA	NA	NA	NA	NA	NA	NA	NA	NA	NA	NA	NA	NA	NA	NA	NA	NA	NA	NA	NA	NA	Female	NA	NA	NA	NA	NA	NA	NA	NA	NA	NA	NA	NA	NA	NA	NA	NA	NA	NA	0.2139	G3	NA	NA	NA	NA	NA	NA	NA	NA	NA	35.73659467	0:LIVING	NA	NA	NA	NA	NA	NA	NA	1988	NA	NA	NA	NA	NA	0	NA	35.73659467	0:DiseaseFree	NA	NA	NA	5/23/11	NA	NA	NA	NA	NA	No	NA	NA	NA	C54.1	8441/3	C54.1	Yes	NA	NA	NA	NA	NA	NA	NA	NA	NA	NA	NA	NA	NA	NA	NA	NA	NA	NA	7e64ea6c-a3db-48eb-91be-131361510a92	NA	NA	NA	NA	NA	NA	NA	NA	NA	NA	NA	NA	NA	NA	NA	NA	NA	NA	NA	NA	NA	NA	NA	NA	NA	NA	Gynecologic Oncology Group	NA	NA	NA	NA	76	NA	1087	-29063	NA	NA	NA	NA	NA	NA	NA	NA	NA	NA	NA	NA	NA	9	NA	UCEC	35.73659467	0:ALIVE OR DEAD TUMOR FREE	AFR	Yes	0.289	0.25	Tumor Free	35.73659467	0:CENSORED	NA	No	NA	NA	UCEC_CN_HIGH	240	No	Yes	AX	Uterus	Serous Endometrial Adenocarcinoma	NA	NA	NA	NA	NA	NA	NA	NA	NA	NA	NA	NA	NA	NA	NA	NA
ucec_tcga_pan_can_atlas_2018	TCGA-AX-A0IW	TCGA-AX-A0IW-01	Endometrial Cancer	Uterine Serous Carcinoma/Uterine Papillary Serous Carcinoma	Not Hispanic Or Latino	NA	NA	NA	51	USC	White	1	Primary	Matched	1.766666667	NA	NA	NA	NA	NA	NA	67	NA	NA	NA	NA	NA	NA	NA	NA	NA	NA	NA	NA	NA	NA	NA	NA	NA	NA	NA	NA	NA	NA	NA	NA	NA	NA	NA	NA	NA	NA	NA	NA	NA	NA	NA	NA	NA	NA	NA	NA	NA	NA	NA	NA	NA	NA	NA	NA	NA	NA	NA	NA	NA	NA	NA	NA	NA	NA	NA	NA	NA	NA	NA	NA	NA	NA	NA	NA	NA	NA	NA	NA	NA	NA	NA	NA	NA	NA	NA	NA	NA	NA	NA	NA	NA	NA	NA	NA	NA	NA	NA	NA	NA	NA	NA	NA	NA	NA	NA	NA	NA	NA	NA	NA	NA	NA	NA	NA	NA	NA	NA	NA	NA	NA	NA	NA	NA	NA	NA	NA	NA	NA	NA	NA	NA	NA	NA	NA	NA	NA	NA	NA	NA	NA	NA	NA	NA	NA	NA	Female	NA	NA	NA	NA	NA	NA	NA	NA	NA	NA	NA	NA	NA	NA	NA	NA	NA	NA	0.6545	G3	NA	NA	NA	NA	NA	NA	NA	NA	NA	37.77492849	0:LIVING	NA	NA	NA	NA	NA	NA	NA	1988	NA	NA	NA	NA	NA	0	NA	37.77492849	0:DiseaseFree	NA	NA	NA	5/23/11	NA	NA	NA	NA	NA	No	NA	NA	NA	C54.1	8441/3	C54.1	Yes	NA	NA	NA	NA	NA	NA	NA	NA	NA	NA	NA	NA	NA	NA	NA	NA	NA	NA	db21fccf-40cb-4235-a34d-336a03b8c8f4	NA	NA	NA	NA	NA	NA	NA	NA	NA	NA	NA	NA	NA	NA	NA	NA	NA	NA	NA	NA	NA	NA	NA	NA	NA	NA	Gynecologic Oncology Group	NA	NA	NA	NA	61	NA	1149	-24488	NA	NA	NA	NA	NA	NA	NA	NA	NA	NA	NA	NA	NA	17	NA	UCEC	37.77492849	0:ALIVE OR DEAD TUMOR FREE	EUR	Yes	0.2889	0.95	Tumor Free	37.77492849	0:CENSORED	NA	No	No	NA	UCEC_CN_HIGH	316	No	Yes	AX	Uterus	Serous Endometrial Adenocarcinoma	NA	NA	NA	NA	NA	NA	NA	NA	NA	NA	NA	NA	NA	NA	NA	NA
ucec_tcga_pan_can_atlas_2018	TCGA-AX-A0J1	TCGA-AX-A0J1-01	Endometrial Cancer	Uterine Endometrioid Carcinoma	Not Hispanic Or Latino	NA	NA	NA	5113	UEC	White	1	Primary	Matched	171.4	NA	NA	NA	NA	NA	NA	80	NA	NA	NA	NA	NA	NA	NA	NA	NA	NA	NA	NA	NA	NA	NA	NA	NA	NA	NA	NA	NA	NA	NA	NA	NA	NA	NA	NA	NA	NA	NA	NA	NA	NA	NA	NA	NA	NA	NA	NA	NA	NA	NA	NA	NA	NA	NA	NA	NA	NA	NA	NA	NA	NA	NA	NA	NA	NA	NA	NA	NA	NA	NA	NA	NA	NA	NA	NA	NA	NA	NA	NA	NA	NA	NA	NA	NA	NA	NA	NA	NA	NA	NA	NA	NA	NA	NA	NA	NA	NA	NA	NA	NA	NA	NA	NA	NA	NA	NA	NA	NA	NA	NA	NA	NA	NA	NA	NA	NA	NA	NA	NA	NA	NA	NA	NA	NA	NA	NA	NA	NA	NA	NA	NA	NA	NA	NA	NA	NA	NA	NA	NA	NA	NA	NA	NA	NA	NA	NA	Female	NA	NA	NA	NA	NA	NA	NA	NA	NA	NA	NA	NA	NA	NA	NA	NA	NA	NA	0.0341	G2	NA	NA	NA	NA	NA	NA	NA	NA	NA	77.3909327	0:LIVING	NA	NA	NA	NA	NA	NA	NA	1988	NA	NA	NA	NA	NA	0	NA	77.3909327	0:DiseaseFree	NA	NA	NA	5/23/11	NA	NA	NA	NA	NA	No	NA	NA	NA	C54.1	8380/3	C54.1	Yes	NA	NA	NA	NA	NA	NA	NA	NA	NA	NA	NA	NA	NA	NA	NA	No	NA	NA	ec7a9d74-8b3f-4747-8926-1739a016ab2b	NA	NA	NA	NA	NA	NA	NA	NA	NA	NA	NA	NA	NA	NA	NA	NA	NA	NA	NA	NA	NA	NA	NA	NA	NA	NA	Gynecologic Oncology Group	NA	NA	NA	NA	57	NA	2354	-29501	NA	NA	NA	NA	NA	NA	NA	NA	NA	NA	NA	NA	NA	1	NA	UCEC	77.3909327	0:ALIVE OR DEAD TUMOR FREE	EUR	Yes	0.7195	29.85	Tumor Free	77.3909327	0:CENSORED	NA	No	No	NA	UCEC_MSI	0	No	Yes	AX	Uterus	Endometrioid Endometrial Adenocarcinoma	NA	NA	NA	NA	NA	NA	NA	NA	NA	NA	NA	NA	NA	NA	NA	NA
ucec_tcga_pan_can_atlas_2018	TCGA-AX-A1C4	TCGA-AX-A1C4-01	Endometrial Cancer	Uterine Endometrioid Carcinoma	Not Hispanic Or Latino	NA	NA	NA	856	UEC	White	1	Primary	Matched	28.76666667	NA	NA	NA	NA	NA	NA	52	NA	NA	NA	NA	NA	NA	NA	NA	NA	NA	NA	NA	NA	NA	NA	NA	NA	NA	NA	NA	NA	NA	NA	NA	NA	NA	NA	NA	NA	NA	NA	NA	NA	NA	NA	NA	NA	NA	NA	NA	NA	NA	NA	NA	NA	NA	NA	NA	NA	NA	NA	NA	NA	NA	NA	NA	NA	NA	NA	NA	NA	NA	NA	NA	NA	NA	NA	NA	NA	NA	NA	NA	NA	NA	NA	NA	NA	NA	NA	NA	NA	NA	NA	NA	NA	NA	NA	NA	NA	NA	NA	NA	NA	NA	NA	NA	NA	NA	NA	NA	NA	NA	NA	NA	NA	NA	NA	NA	NA	NA	NA	NA	NA	NA	NA	NA	NA	NA	NA	NA	NA	NA	NA	NA	NA	NA	NA	NA	NA	NA	NA	NA	NA	NA	NA	NA	NA	NA	NA	Female	NA	NA	NA	NA	NA	NA	NA	NA	NA	NA	NA	NA	NA	NA	NA	NA	NA	NA	0.0853	G2	NA	NA	NA	NA	NA	NA	NA	NA	NA	13.28204622	0:LIVING	NA	NA	NA	NA	NA	NA	NA	1988	NA	NA	NA	NA	NA	0	NA	NA	NA	NA	NA	NA	5/12/11	NA	NA	NA	NA	NA	No	NA	NA	NA	C54.1	8380/3	C54.1	Yes	NA	NA	NA	NA	NA	NA	NA	NA	NA	NA	NA	NA	NA	NA	NA	NA	NA	NA	40ce24c6-b331-4be2-baf9-2fa7dc855f9b	NA	NA	NA	NA	NA	NA	NA	NA	NA	NA	NA	NA	NA	NA	NA	NA	NA	NA	NA	NA	NA	NA	NA	NA	NA	NA	Gynecologic Oncology Group	NA	NA	NA	NA	115	NA	404	-19209	NA	NA	NA	NA	NA	NA	NA	NA	NA	NA	NA	NA	NA	5	NA	UCEC	13.28204622	0:ALIVE OR DEAD TUMOR FREE	EUR	Yes	1.0651	25	Tumor Free	13.28204622	0:CENSORED	NA	No	Yes	NA	UCEC_MSI	4	No	Yes	AX	Uterus	Endometrioid Endometrial Adenocarcinoma	NA	NA	NA	NA	NA	NA	NA	NA	NA	NA	NA	NA	NA	NA	NA	NA
ucec_tcga_pan_can_atlas_2018	TCGA-AX-A1C5	TCGA-AX-A1C5-01	Endometrial Cancer	Uterine Endometrioid Carcinoma	Not Hispanic Or Latino	NA	NA	NA	845	UEC	White	1	Primary	Matched	28.06666667	NA	NA	NA	NA	NA	NA	47	NA	NA	NA	NA	NA	NA	NA	NA	NA	NA	NA	NA	NA	NA	NA	NA	NA	NA	NA	NA	NA	NA	NA	NA	NA	NA	NA	NA	NA	NA	NA	NA	NA	NA	NA	NA	NA	NA	NA	NA	NA	NA	NA	NA	NA	NA	NA	NA	NA	NA	NA	NA	NA	NA	NA	NA	NA	NA	NA	NA	NA	NA	NA	NA	NA	NA	NA	NA	NA	NA	NA	NA	NA	NA	NA	NA	NA	NA	NA	NA	NA	NA	NA	NA	NA	NA	NA	NA	NA	NA	NA	NA	NA	NA	NA	NA	NA	NA	NA	NA	NA	NA	NA	NA	NA	NA	NA	NA	NA	NA	NA	NA	NA	NA	NA	NA	NA	NA	NA	NA	NA	NA	NA	NA	NA	NA	NA	NA	NA	NA	NA	NA	NA	NA	NA	NA	NA	NA	NA	Female	NA	NA	NA	NA	NA	NA	NA	NA	NA	NA	NA	NA	NA	NA	NA	NA	NA	NA	0.0040	G3	NA	NA	NA	NA	NA	NA	NA	NA	NA	32.90922839	0:LIVING	NA	NA	NA	NA	NA	NA	NA	1988	NA	NA	NA	NA	NA	0	NA	32.90922839	0:DiseaseFree	NA	NA	NA	5/12/11	NA	NA	NA	NA	NA	No	NA	NA	NA	C54.1	8380/3	C54.1	Yes	NA	NA	NA	NA	NA	NA	NA	NA	NA	NA	NA	NA	NA	NA	NA	No	NA	NA	caebdce0-f954-471a-ac63-5daaa2e76d97	NA	NA	NA	NA	NA	NA	NA	NA	NA	NA	NA	NA	NA	NA	NA	NA	NA	NA	NA	NA	NA	NA	NA	NA	NA	NA	Gynecologic Oncology Group	NA	NA	NA	NA	107	NA	1001	-17383	NA	NA	NA	NA	NA	NA	NA	NA	NA	NA	NA	NA	NA	0	NA	UCEC	32.90922839	0:ALIVE OR DEAD TUMOR FREE	EUR	Yes	0.6802	13.16	With Tumor	32.90922839	0:CENSORED	NA	No	Yes	NA	UCEC_MSI	9	No	Yes	AX	Uterus	Endometrioid Endometrial Adenocarcinoma	NA	NA	NA	NA	NA	NA	NA	NA	NA	NA	NA	NA	NA	NA	NA	NA
ucec_tcga_pan_can_atlas_2018	TCGA-AX-A1C7	TCGA-AX-A1C7-01	Endometrial Cancer	Uterine Serous Carcinoma/Uterine Papillary Serous Carcinoma	Not Hispanic Or Latino	NA	NA	NA	44	USC	White	1	Primary	Matched	1.433333333	NA	NA	NA	NA	NA	NA	77	NA	NA	NA	NA	NA	NA	NA	NA	NA	NA	NA	NA	NA	NA	NA	NA	NA	NA	NA	NA	NA	NA	NA	NA	NA	NA	NA	NA	NA	NA	NA	NA	NA	NA	NA	NA	NA	NA	NA	NA	NA	NA	NA	NA	NA	NA	NA	NA	NA	NA	NA	NA	NA	NA	NA	NA	NA	NA	NA	NA	NA	NA	NA	NA	NA	NA	NA	NA	NA	NA	NA	NA	NA	NA	NA	NA	NA	NA	NA	NA	NA	NA	NA	NA	NA	NA	NA	NA	NA	NA	NA	NA	NA	NA	NA	NA	NA	NA	NA	NA	NA	NA	NA	NA	NA	NA	NA	NA	NA	NA	NA	NA	NA	NA	NA	NA	NA	NA	NA	NA	NA	NA	NA	NA	NA	NA	NA	NA	NA	NA	NA	NA	NA	NA	NA	NA	NA	NA	NA	Female	NA	NA	NA	NA	NA	NA	NA	NA	NA	NA	NA	NA	NA	NA	NA	NA	NA	NA	0.3689	G3	NA	NA	NA	NA	NA	NA	NA	NA	NA	34.65167505	0:LIVING	NA	NA	NA	NA	NA	NA	NA	1988	NA	NA	NA	NA	NA	0	NA	NA	NA	NA	NA	NA	5/11/11	NA	NA	NA	NA	NA	No	NA	NA	NA	C54.1	8441/3	C54.1	Yes	NA	NA	NA	NA	NA	NA	NA	NA	NA	NA	NA	NA	NA	NA	NA	No	NA	NA	755d7ab7-4563-408a-9135-f852048af975	NA	NA	NA	NA	NA	NA	NA	NA	NA	NA	NA	NA	NA	NA	NA	NA	NA	NA	NA	NA	NA	NA	NA	NA	NA	NA	Gynecologic Oncology Group	NA	NA	NA	NA	60	NA	1054	-28198	NA	NA	NA	NA	NA	NA	NA	NA	NA	NA	NA	NA	NA	12	17	UCEC	34.65167505	0:ALIVE OR DEAD TUMOR FREE	EUR	Yes	0.3124	0.77	NA	12.8217773	1:PROGRESSION	NA	No	No	2	UCEC_CN_HIGH	263	No	Yes	AX	Uterus	Serous Endometrial Adenocarcinoma	8	NA	NA	NA	NA	NA	NA	NA	NA	NA	NA	NA	NA	NA	NA	NA
ucec_tcga_pan_can_atlas_2018	TCGA-AX-A1C8	TCGA-AX-A1C8-01	Endometrial Cancer	Uterine Serous Carcinoma/Uterine Papillary Serous Carcinoma	Not Hispanic Or Latino	NA	NA	NA	70	USC	White	1	Primary	Matched	2.366666667	NA	NA	NA	NA	NA	NA	77	NA	NA	NA	NA	NA	NA	NA	NA	NA	NA	NA	NA	NA	NA	NA	NA	NA	NA	NA	NA	NA	NA	NA	NA	NA	NA	NA	NA	NA	NA	NA	NA	NA	NA	NA	NA	NA	NA	NA	NA	NA	NA	NA	NA	NA	NA	NA	NA	NA	NA	NA	NA	NA	NA	NA	NA	NA	NA	NA	NA	NA	NA	NA	NA	NA	NA	NA	NA	NA	NA	NA	NA	NA	NA	NA	NA	NA	NA	NA	NA	NA	NA	NA	NA	NA	NA	NA	NA	NA	NA	NA	NA	NA	NA	NA	NA	NA	NA	NA	NA	NA	NA	NA	NA	NA	NA	NA	NA	NA	NA	NA	NA	NA	NA	NA	NA	NA	NA	NA	NA	NA	NA	NA	NA	NA	NA	NA	NA	NA	NA	NA	NA	NA	NA	NA	NA	NA	NA	NA	Female	NA	NA	NA	NA	NA	NA	NA	NA	NA	NA	NA	NA	NA	NA	NA	NA	NA	NA	0.2344	G3	NA	NA	NA	NA	NA	NA	NA	NA	NA	25.51204918	0:LIVING	NA	NA	NA	NA	NA	NA	NA	1988	NA	NA	NA	NA	NA	0	NA	NA	NA	NA	NA	NA	5/11/11	NA	NA	NA	NA	NA	No	NA	NA	NA	C54.1	8441/3	C54.1	Yes	NA	NA	NA	NA	NA	NA	NA	NA	NA	NA	NA	NA	NA	NA	NA	No	NA	NA	bad34c92-1e64-4187-a0b4-061105fd13ba	NA	NA	NA	NA	NA	NA	NA	NA	NA	NA	NA	NA	NA	NA	NA	NA	NA	NA	NA	NA	NA	NA	NA	NA	NA	NA	Gynecologic Oncology Group	NA	NA	NA	NA	66	NA	776	-28452	NA	NA	NA	NA	NA	NA	NA	NA	NA	NA	NA	NA	NA	3	NA	UCEC	25.51204918	0:ALIVE OR DEAD TUMOR FREE	EUR	Yes	0.2994	0.18	NA	25.51204918	0:CENSORED	NA	No	No	NA	UCEC_CN_HIGH	285	No	Yes	AX	Uterus	Serous Endometrial Adenocarcinoma	NA	NA	NA	NA	NA	NA	NA	NA	NA	NA	NA	NA	NA	NA	NA	NA
ucec_tcga_pan_can_atlas_2018	TCGA-AX-A1C9	TCGA-AX-A1C9-01	Endometrial Cancer	Uterine Endometrioid Carcinoma	Not Hispanic Or Latino	NA	NA	NA	963	UEC	White	1	Primary	Matched	32.36666667	NA	NA	NA	NA	NA	NA	73	NA	NA	NA	NA	NA	NA	NA	NA	NA	NA	NA	NA	NA	NA	NA	NA	NA	NA	NA	NA	NA	NA	NA	NA	NA	NA	NA	NA	NA	NA	NA	NA	NA	NA	NA	NA	NA	NA	NA	NA	NA	NA	NA	NA	NA	NA	NA	NA	NA	NA	NA	NA	NA	NA	NA	NA	NA	NA	NA	NA	NA	NA	NA	NA	NA	NA	NA	NA	NA	NA	NA	NA	NA	NA	NA	NA	NA	NA	NA	NA	NA	NA	NA	NA	NA	NA	NA	NA	NA	NA	NA	NA	NA	NA	NA	NA	NA	NA	NA	NA	NA	NA	NA	NA	NA	NA	NA	NA	NA	NA	NA	NA	NA	NA	NA	NA	NA	NA	NA	NA	NA	NA	NA	NA	NA	NA	NA	NA	NA	NA	NA	NA	NA	NA	NA	NA	NA	NA	NA	Female	NA	NA	NA	NA	NA	NA	NA	NA	NA	NA	NA	NA	NA	NA	NA	NA	NA	NA	0.0989	G2	NA	NA	NA	NA	NA	NA	NA	NA	NA	26.36683434	0:LIVING	NA	NA	NA	NA	NA	NA	NA	1988	NA	NA	NA	NA	NA	0	NA	NA	NA	NA	NA	NA	5/10/11	NA	NA	NA	NA	NA	No	NA	NA	NA	C54.1	8380/3	C54.1	Yes	NA	NA	NA	NA	NA	NA	NA	NA	NA	NA	NA	NA	NA	NA	NA	No	NA	NA	2714af93-e200-4b4a-9df8-7d837b37489f	NA	NA	NA	NA	NA	NA	NA	NA	NA	NA	NA	NA	NA	NA	NA	NA	NA	NA	NA	NA	NA	NA	NA	NA	NA	NA	Gynecologic Oncology Group	NA	NA	NA	NA	73	NA	802	-26903	NA	NA	NA	NA	NA	NA	NA	NA	NA	NA	NA	NA	NA	4	NA	UCEC	26.36683434	0:ALIVE OR DEAD TUMOR FREE	EUR	Yes	0.5573	8.72	Tumor Free	26.36683434	0:CENSORED	NA	No	No	NA	UCEC_MSI	93	No	Yes	AX	Uterus	Endometrioid Endometrial Adenocarcinoma	NA	NA	NA	NA	NA	NA	NA	NA	NA	NA	NA	NA	NA	NA	NA	NA
ucec_tcga_pan_can_atlas_2018	TCGA-AX-A1CA	TCGA-AX-A1CA-01	Endometrial Cancer	Uterine Serous Carcinoma/Uterine Papillary Serous Carcinoma	Not Hispanic Or Latino	NA	NA	NA	108	USC	Black or African American	1	Primary	Matched	3.6	NA	NA	NA	NA	NA	NA	70	NA	NA	NA	NA	NA	NA	NA	NA	NA	NA	NA	NA	NA	NA	NA	NA	NA	NA	NA	NA	NA	NA	NA	NA	NA	NA	NA	NA	NA	NA	NA	NA	NA	NA	NA	NA	NA	NA	NA	NA	NA	NA	NA	NA	NA	NA	NA	NA	NA	NA	NA	NA	NA	NA	NA	NA	NA	NA	NA	NA	NA	NA	NA	NA	NA	NA	NA	NA	NA	NA	NA	NA	NA	NA	NA	NA	NA	NA	NA	NA	NA	NA	NA	NA	NA	NA	NA	NA	NA	NA	NA	NA	NA	NA	NA	NA	NA	NA	NA	NA	NA	NA	NA	NA	NA	NA	NA	NA	NA	NA	NA	NA	NA	NA	NA	NA	NA	NA	NA	NA	NA	NA	NA	NA	NA	NA	NA	NA	NA	NA	NA	NA	NA	NA	NA	NA	NA	NA	NA	Female	NA	NA	NA	NA	NA	NA	NA	NA	NA	NA	NA	NA	NA	NA	NA	NA	NA	NA	0.5031	G3	NA	NA	NA	NA	NA	NA	NA	NA	NA	32.02156689	0:LIVING	NA	NA	NA	NA	NA	NA	NA	1988	NA	NA	NA	NA	NA	0	NA	NA	NA	NA	NA	NA	5/11/11	NA	NA	NA	NA	NA	No	NA	NA	NA	C54.1	8441/3	C54.1	Yes	NA	NA	NA	NA	NA	NA	NA	NA	NA	NA	NA	NA	NA	NA	NA	No	NA	NA	3ede5dff-8cf5-43e8-bf4b-e8ad75bf68ee	NA	NA	NA	NA	NA	NA	NA	NA	NA	NA	NA	NA	NA	NA	NA	NA	NA	NA	NA	NA	NA	NA	NA	NA	NA	NA	Gynecologic Oncology Group	NA	NA	NA	NA	77	NA	974	-25817	NA	NA	NA	NA	NA	NA	NA	NA	NA	NA	NA	NA	NA	22	NA	UCEC	32.02156689	0:ALIVE OR DEAD TUMOR FREE	AFR_ADMIX	Yes	0.3043	0.97	Tumor Free	32.02156689	0:CENSORED	NA	No	No	NA	UCEC_CN_HIGH	171	No	Yes	AX	Uterus	Serous Endometrial Adenocarcinoma	NA	NA	NA	NA	NA	NA	NA	NA	NA	NA	NA	NA	NA	NA	NA	NA
ucec_tcga_pan_can_atlas_2018	TCGA-AX-A1CC	TCGA-AX-A1CC-01	Endometrial Cancer	Uterine Serous Carcinoma/Uterine Papillary Serous Carcinoma	Not Hispanic Or Latino	NA	NA	NA	19	USC	White	1	Primary	Matched	0.633333333	NA	NA	NA	NA	NA	NA	65	NA	NA	NA	NA	NA	NA	NA	NA	NA	NA	NA	NA	NA	NA	NA	NA	NA	NA	NA	NA	NA	NA	NA	NA	NA	NA	NA	NA	NA	NA	NA	NA	NA	NA	NA	NA	NA	NA	NA	NA	NA	NA	NA	NA	NA	NA	NA	NA	NA	NA	NA	NA	NA	NA	NA	NA	NA	NA	NA	NA	NA	NA	NA	NA	NA	NA	NA	NA	NA	NA	NA	NA	NA	NA	NA	NA	NA	NA	NA	NA	NA	NA	NA	NA	NA	NA	NA	NA	NA	NA	NA	NA	NA	NA	NA	NA	NA	NA	NA	NA	NA	NA	NA	NA	NA	NA	NA	NA	NA	NA	NA	NA	NA	NA	NA	NA	NA	NA	NA	NA	NA	NA	NA	NA	NA	NA	NA	NA	NA	NA	NA	NA	NA	NA	NA	NA	NA	NA	NA	Female	NA	NA	NA	NA	NA	NA	NA	NA	NA	NA	NA	NA	NA	NA	NA	NA	NA	NA	0.0123	G3	NA	NA	NA	NA	NA	NA	NA	NA	NA	25.90656541	0:LIVING	NA	NA	NA	NA	NA	NA	NA	1988	NA	NA	NA	NA	NA	0	NA	NA	NA	NA	NA	NA	5/11/11	NA	NA	NA	NA	NA	No	NA	NA	NA	C54.1	8441/3	C54.1	Yes	NA	NA	NA	NA	NA	NA	NA	NA	NA	NA	NA	NA	NA	NA	NA	No	NA	NA	bc02493a-0296-4329-939a-bf91a4d0c16a	NA	NA	NA	NA	NA	NA	NA	NA	NA	NA	NA	NA	NA	NA	NA	NA	NA	NA	NA	NA	NA	NA	NA	NA	NA	NA	Gynecologic Oncology Group	NA	NA	NA	NA	99	NA	788	-23795	NA	NA	NA	NA	NA	NA	NA	NA	NA	NA	NA	NA	NA	7	NA	UCEC	25.90656541	0:ALIVE OR DEAD TUMOR FREE	EUR	Yes	0.3195	0.28	Tumor Free	25.90656541	0:CENSORED	NA	No	No	NA	UCEC_CN_LOW	62	No	Yes	AX	Uterus	Serous Endometrial Adenocarcinoma	NA	NA	NA	NA	NA	NA	NA	NA	NA	NA	NA	NA	NA	NA	NA	NA
ucec_tcga_pan_can_atlas_2018	TCGA-AX-A1CE	TCGA-AX-A1CE-01	Endometrial Cancer	Uterine Endometrioid Carcinoma	Not Hispanic Or Latino	NA	NA	NA	11442	UEC	White	1	Primary	Matched	383.8666667	NA	NA	NA	NA	NA	NA	60	NA	NA	NA	NA	NA	NA	NA	NA	NA	NA	NA	NA	NA	NA	NA	NA	NA	NA	NA	NA	NA	NA	NA	NA	NA	NA	NA	NA	NA	NA	NA	NA	NA	NA	NA	NA	NA	NA	NA	NA	NA	NA	NA	NA	NA	NA	NA	NA	NA	NA	NA	NA	NA	NA	NA	NA	NA	NA	NA	NA	NA	NA	NA	NA	NA	NA	NA	NA	NA	NA	NA	NA	NA	NA	NA	NA	NA	NA	NA	NA	NA	NA	NA	NA	NA	NA	NA	NA	NA	NA	NA	NA	NA	NA	NA	NA	NA	NA	NA	NA	NA	NA	NA	NA	NA	NA	NA	NA	NA	NA	NA	NA	NA	NA	NA	NA	NA	NA	NA	NA	NA	NA	NA	NA	NA	NA	NA	NA	NA	NA	NA	NA	NA	NA	NA	NA	NA	NA	NA	Female	NA	NA	NA	NA	NA	NA	NA	NA	NA	NA	NA	NA	NA	NA	NA	NA	NA	NA	0.0013	G3	NA	NA	NA	NA	NA	NA	NA	NA	NA	34.09277707	0:LIVING	NA	NA	NA	NA	NA	NA	NA	1988	NA	NA	NA	NA	NA	0	NA	NA	NA	NA	NA	NA	5/11/11	NA	NA	NA	NA	NA	No	NA	NA	NA	C54.1	8380/3	C54.1	Yes	NA	NA	NA	NA	NA	NA	NA	NA	NA	NA	NA	NA	NA	NA	NA	No	NA	NA	4db38349-28d2-4af5-a12f-3d861937b0e0	NA	NA	NA	NA	NA	NA	NA	NA	NA	NA	NA	NA	NA	NA	NA	NA	NA	NA	NA	NA	NA	NA	NA	NA	NA	NA	Gynecologic Oncology Group	NA	NA	NA	NA	58	NA	1037	-21969	NA	NA	NA	NA	NA	NA	NA	NA	NA	NA	NA	NA	NA	0	NA	UCEC	34.09277707	0:ALIVE OR DEAD TUMOR FREE	EUR	Yes	0.6541	17.4	NA	34.09277707	0:CENSORED	NA	No	Yes	NA	UCEC_MSI	25	No	Yes	AX	Uterus	Endometrioid Endometrial Adenocarcinoma	NA	NA	NA	NA	NA	NA	NA	NA	NA	NA	NA	NA	NA	NA	NA	NA
ucec_tcga_pan_can_atlas_2018	TCGA-AX-A1CF	TCGA-AX-A1CF-01	Endometrial Cancer	Uterine Endometrioid Carcinoma	Not Hispanic Or Latino	NA	NA	NA	92	UEC	White	1	Primary	Matched	3.1	NA	NA	NA	NA	NA	NA	69	NA	NA	NA	NA	NA	NA	NA	NA	NA	NA	NA	NA	NA	NA	NA	NA	NA	NA	NA	NA	NA	NA	NA	NA	NA	NA	NA	NA	NA	NA	NA	NA	NA	NA	NA	NA	NA	NA	NA	NA	NA	NA	NA	NA	NA	NA	NA	NA	NA	NA	NA	NA	NA	NA	NA	NA	NA	NA	NA	NA	NA	NA	NA	NA	NA	NA	NA	NA	NA	NA	NA	NA	NA	NA	NA	NA	NA	NA	NA	NA	NA	NA	NA	NA	NA	NA	NA	NA	NA	NA	NA	NA	NA	NA	NA	NA	NA	NA	NA	NA	NA	NA	NA	NA	NA	NA	NA	NA	NA	NA	NA	NA	NA	NA	NA	NA	NA	NA	NA	NA	NA	NA	NA	NA	NA	NA	NA	NA	NA	NA	NA	NA	NA	NA	NA	NA	NA	NA	NA	Female	NA	NA	NA	NA	NA	NA	NA	NA	NA	NA	NA	NA	NA	NA	NA	NA	NA	NA	0.5489	G3	NA	NA	NA	NA	NA	NA	NA	NA	NA	76.83203472	0:LIVING	NA	NA	NA	NA	NA	NA	NA	1988	NA	NA	NA	NA	NA	0	NA	NA	NA	NA	NA	NA	5/10/11	NA	NA	NA	NA	NA	No	NA	NA	NA	C54.1	8380/3	C54.1	Yes	NA	NA	NA	NA	NA	NA	NA	NA	NA	NA	NA	NA	NA	NA	NA	NA	NA	NA	20dcf91a-0529-4e96-99a2-362a41fbe4a4	NA	NA	NA	NA	NA	NA	NA	NA	NA	NA	NA	NA	NA	NA	NA	NA	NA	NA	NA	NA	NA	NA	NA	NA	NA	NA	Gynecologic Oncology Group	NA	NA	NA	NA	79	NA	2337	-25300	NA	NA	NA	NA	NA	NA	NA	NA	NA	NA	NA	NA	NA	5	NA	UCEC	76.83203472	0:ALIVE OR DEAD TUMOR FREE	EUR	Yes	0.2825	0.92	With Tumor	28.76680804	1:PROGRESSION	NA	No	Yes	NA	UCEC_CN_HIGH	133	No	Yes	AX	Uterus	Endometrioid Endometrial Adenocarcinoma	NA	NA	NA	NA	NA	NA	NA	NA	NA	NA	NA	NA	NA	NA	NA	NA
ucec_tcga_pan_can_atlas_2018	TCGA-AX-A1CI	TCGA-AX-A1CI-01	Endometrial Cancer	Uterine Endometrioid Carcinoma	Not Hispanic Or Latino	NA	NA	NA	60	UEC	White	1	Primary	Matched	2.033333333	NA	NA	NA	NA	NA	NA	61	NA	NA	NA	NA	NA	NA	NA	NA	NA	NA	NA	NA	NA	NA	NA	NA	NA	NA	NA	NA	NA	NA	NA	NA	NA	NA	NA	NA	NA	NA	NA	NA	NA	NA	NA	NA	NA	NA	NA	NA	NA	NA	NA	NA	NA	NA	NA	NA	NA	NA	NA	NA	NA	NA	NA	NA	NA	NA	NA	NA	NA	NA	NA	NA	NA	NA	NA	NA	NA	NA	NA	NA	NA	NA	NA	NA	NA	NA	NA	NA	NA	NA	NA	NA	NA	NA	NA	NA	NA	NA	NA	NA	NA	NA	NA	NA	NA	NA	NA	NA	NA	NA	NA	NA	NA	NA	NA	NA	NA	NA	NA	NA	NA	NA	NA	NA	NA	NA	NA	NA	NA	NA	NA	NA	NA	NA	NA	NA	NA	NA	NA	NA	NA	NA	NA	NA	NA	NA	NA	Female	NA	NA	NA	NA	NA	NA	NA	NA	NA	NA	NA	NA	NA	NA	NA	NA	NA	NA	0.0488	G1	NA	NA	NA	NA	NA	NA	NA	NA	NA	85.4785153	0:LIVING	NA	NA	NA	NA	NA	NA	NA	1988	NA	NA	NA	NA	NA	0	NA	NA	NA	NA	NA	NA	5/10/11	NA	NA	NA	NA	NA	No	NA	NA	NA	C54.1	8380/3	C54.1	Yes	NA	NA	NA	NA	NA	NA	NA	NA	NA	NA	NA	NA	NA	NA	NA	No	NA	NA	fba80122-d8b2-4d8d-a032-9767e8160f9f	NA	NA	NA	NA	NA	NA	NA	NA	NA	NA	NA	NA	NA	NA	NA	NA	NA	NA	NA	NA	NA	NA	NA	NA	NA	NA	Gynecologic Oncology Group	NA	NA	NA	NA	74	NA	2600	-22582	NA	NA	NA	NA	NA	NA	NA	NA	NA	NA	NA	NA	NA	2	NA	UCEC	85.4785153	0:ALIVE OR DEAD TUMOR FREE	EUR	Yes	0.333	1.46	Tumor Free	85.4785153	0:CENSORED	NA	No	No	NA	UCEC_CN_LOW	2	No	Yes	AX	Uterus	Endometrioid Endometrial Adenocarcinoma	NA	NA	NA	NA	NA	NA	NA	NA	NA	NA	NA	NA	NA	NA	NA	NA
ucec_tcga_pan_can_atlas_2018	TCGA-AX-A1CJ	TCGA-AX-A1CJ-01	Endometrial Cancer	Uterine Endometrioid Carcinoma	Not Hispanic Or Latino	NA	NA	NA	49	UEC	Black or African American	1	Primary	Matched	1.666666667	NA	NA	NA	NA	NA	NA	59	NA	NA	NA	NA	NA	NA	NA	NA	NA	NA	NA	NA	NA	NA	NA	NA	NA	NA	NA	NA	NA	NA	NA	NA	NA	NA	NA	NA	NA	NA	NA	NA	NA	NA	NA	NA	NA	NA	NA	NA	NA	NA	NA	NA	NA	NA	NA	NA	NA	NA	NA	NA	NA	NA	NA	NA	NA	NA	NA	NA	NA	NA	NA	NA	NA	NA	NA	NA	NA	NA	NA	NA	NA	NA	NA	NA	NA	NA	NA	NA	NA	NA	NA	NA	NA	NA	NA	NA	NA	NA	NA	NA	NA	NA	NA	NA	NA	NA	NA	NA	NA	NA	NA	NA	NA	NA	NA	NA	NA	NA	NA	NA	NA	NA	NA	NA	NA	NA	NA	NA	NA	NA	NA	NA	NA	NA	NA	NA	NA	NA	NA	NA	NA	NA	NA	NA	NA	NA	NA	Female	NA	NA	NA	NA	NA	NA	NA	NA	NA	NA	NA	NA	NA	NA	NA	NA	NA	NA	0.0811	G2	NA	NA	NA	NA	NA	NA	NA	NA	NA	73.41289411	0:LIVING	NA	NA	NA	NA	NA	NA	NA	1988	NA	NA	NA	NA	NA	0	NA	NA	NA	NA	NA	NA	5/10/11	NA	NA	NA	NA	NA	No	NA	NA	NA	C54.1	8380/3	C54.1	Yes	NA	NA	NA	NA	NA	NA	NA	NA	NA	NA	NA	NA	NA	NA	NA	No	NA	NA	abaf757b-f79f-40bd-96e3-e2c0f63061f0	NA	NA	NA	NA	NA	NA	NA	NA	NA	NA	NA	NA	NA	NA	NA	NA	NA	NA	NA	NA	NA	NA	NA	NA	NA	NA	Gynecologic Oncology Group	NA	NA	NA	NA	115	NA	2233	-21655	NA	NA	NA	NA	NA	NA	NA	NA	NA	NA	NA	NA	NA	3	NA	UCEC	73.41289411	0:ALIVE OR DEAD TUMOR FREE	AFR	Yes	0.2804	0	Tumor Free	73.41289411	0:CENSORED	NA	No	Yes	NA	UCEC_CN_LOW	4	No	Yes	AX	Uterus	Endometrioid Endometrial Adenocarcinoma	NA	NA	NA	NA	NA	NA	NA	NA	NA	NA	NA	NA	NA	NA	NA	NA
ucec_tcga_pan_can_atlas_2018	TCGA-AX-A1CK	TCGA-AX-A1CK-01	Endometrial Cancer	Uterine Endometrioid Carcinoma	Not Hispanic Or Latino	NA	NA	NA	59	UEC	White	1	Primary	Matched	1.966666667	NA	NA	NA	NA	NA	NA	58	NA	NA	NA	NA	NA	NA	NA	NA	NA	NA	NA	NA	NA	NA	NA	NA	NA	NA	NA	NA	NA	NA	NA	NA	NA	NA	NA	NA	NA	NA	NA	NA	NA	NA	NA	NA	NA	NA	NA	NA	NA	NA	NA	NA	NA	NA	NA	NA	NA	NA	NA	NA	NA	NA	NA	NA	NA	NA	NA	NA	NA	NA	NA	NA	NA	NA	NA	NA	NA	NA	NA	NA	NA	NA	NA	NA	NA	NA	NA	NA	NA	NA	NA	NA	NA	NA	NA	NA	NA	NA	NA	NA	NA	NA	NA	NA	NA	NA	NA	NA	NA	NA	NA	NA	NA	NA	NA	NA	NA	NA	NA	NA	NA	NA	NA	NA	NA	NA	NA	NA	NA	NA	NA	NA	NA	NA	NA	NA	NA	NA	NA	NA	NA	NA	NA	NA	NA	NA	NA	Female	NA	NA	NA	NA	NA	NA	NA	NA	NA	NA	NA	NA	NA	NA	NA	NA	NA	NA	0.1396	G2	NA	NA	NA	NA	NA	NA	NA	NA	NA	80.25117533	0:LIVING	NA	NA	NA	NA	NA	NA	NA	1988	NA	NA	NA	NA	NA	0	NA	NA	NA	NA	NA	NA	5/10/11	NA	NA	NA	NA	NA	No	NA	NA	NA	C54.1	8380/3	C54.1	Yes	NA	NA	NA	NA	NA	NA	NA	NA	NA	NA	NA	NA	NA	NA	NA	No	NA	NA	45effb44-0b5f-4081-a202-d85969c72f2b	NA	NA	NA	NA	NA	NA	NA	NA	NA	NA	NA	NA	NA	NA	NA	NA	NA	NA	NA	NA	NA	NA	NA	NA	NA	NA	Gynecologic Oncology Group	NA	NA	NA	NA	72	NA	2441	-21200	NA	NA	NA	NA	NA	NA	NA	NA	NA	NA	NA	NA	NA	4	NA	UCEC	80.25117533	0:ALIVE OR DEAD TUMOR FREE	EUR	Yes	0.2799	0.54	NA	80.25117533	0:CENSORED	NA	No	No	NA	UCEC_CN_LOW	8	No	Yes	AX	Uterus	Endometrioid Endometrial Adenocarcinoma	NA	NA	NA	NA	NA	NA	NA	NA	NA	NA	NA	NA	NA	NA	NA	NA
ucec_tcga_pan_can_atlas_2018	TCGA-AX-A1CN	TCGA-AX-A1CN-01	Endometrial Cancer	Uterine Endometrioid Carcinoma	Not Hispanic Or Latino	NA	NA	NA	35	UEC	White	1	Primary	Matched	1.133333333	NA	NA	NA	NA	NA	NA	54	NA	NA	NA	NA	NA	NA	NA	NA	NA	NA	NA	NA	NA	NA	NA	NA	NA	NA	NA	NA	NA	NA	NA	NA	NA	NA	NA	NA	NA	NA	NA	NA	NA	NA	NA	NA	NA	NA	NA	NA	NA	NA	NA	NA	NA	NA	NA	NA	NA	NA	NA	NA	NA	NA	NA	NA	NA	NA	NA	NA	NA	NA	NA	NA	NA	NA	NA	NA	NA	NA	NA	NA	NA	NA	NA	NA	NA	NA	NA	NA	NA	NA	NA	NA	NA	NA	NA	NA	NA	NA	NA	NA	NA	NA	NA	NA	NA	NA	NA	NA	NA	NA	NA	NA	NA	NA	NA	NA	NA	NA	NA	NA	NA	NA	NA	NA	NA	NA	NA	NA	NA	NA	NA	NA	NA	NA	NA	NA	NA	NA	NA	NA	NA	NA	NA	NA	NA	NA	NA	Female	NA	NA	NA	NA	NA	NA	NA	NA	NA	NA	NA	NA	NA	NA	NA	NA	NA	NA	0.0690	G3	NA	NA	NA	NA	NA	NA	NA	NA	NA	37.57767038	0:LIVING	NA	NA	NA	NA	NA	NA	NA	1988	NA	NA	NA	NA	NA	0	NA	NA	NA	NA	NA	NA	5/10/11	NA	NA	NA	NA	NA	No	NA	NA	NA	C54.1	8380/3	C54.1	Yes	NA	NA	NA	NA	NA	NA	NA	NA	NA	NA	NA	NA	NA	NA	NA	Yes	NA	NA	d70b3c6e-04da-4abc-a832-a461e4cfcc94	NA	NA	NA	NA	NA	NA	NA	NA	NA	NA	NA	NA	NA	NA	NA	NA	NA	NA	NA	NA	NA	NA	NA	NA	NA	NA	Gynecologic Oncology Group	NA	NA	NA	NA	146	NA	1143	-19860	NA	NA	NA	NA	NA	NA	NA	NA	NA	NA	NA	NA	NA	2	NA	UCEC	37.57767038	0:ALIVE OR DEAD TUMOR FREE	EUR	Yes	0.3094	0.03	Tumor Free	36.328369	1:PROGRESSION	NA	No	Yes	NA	UCEC_CN_LOW	7	No	Yes	AX	Uterus	Endometrioid Endometrial Adenocarcinoma	NA	NA	NA	NA	NA	NA	NA	NA	NA	NA	NA	NA	NA	NA	NA	NA
ucec_tcga_pan_can_atlas_2018	TCGA-AX-A2H2	TCGA-AX-A2H2-01	Endometrial Cancer	Uterine Serous Carcinoma/Uterine Papillary Serous Carcinoma	Not Hispanic Or Latino	NA	NA	NA	185	USC	Black or African American	1	Primary	Matched	6.233333333	NA	NA	NA	NA	NA	NA	86	NA	NA	NA	NA	NA	NA	NA	NA	NA	NA	NA	NA	NA	NA	NA	NA	NA	NA	NA	NA	NA	NA	NA	NA	NA	NA	NA	NA	NA	NA	NA	NA	NA	NA	NA	NA	NA	NA	NA	NA	NA	NA	NA	NA	NA	NA	NA	NA	NA	NA	NA	NA	NA	NA	NA	NA	NA	NA	NA	NA	NA	NA	NA	NA	NA	NA	NA	NA	NA	NA	NA	NA	NA	NA	NA	NA	NA	NA	NA	NA	NA	NA	NA	NA	NA	NA	NA	NA	NA	NA	NA	NA	NA	NA	NA	NA	NA	NA	NA	NA	NA	NA	NA	NA	NA	NA	NA	NA	NA	NA	NA	NA	NA	NA	NA	NA	NA	NA	NA	NA	NA	NA	NA	NA	NA	NA	NA	NA	NA	NA	NA	NA	NA	NA	NA	NA	NA	NA	NA	Female	NA	NA	NA	NA	NA	NA	NA	NA	NA	NA	NA	NA	NA	NA	NA	NA	NA	NA	0.6405	G3	NA	NA	NA	NA	NA	NA	NA	NA	NA	4.767071046	1:DECEASED	NA	NA	NA	NA	NA	NA	NA	1988	NA	NA	NA	NA	NA	0	NA	4.767071046	0:DiseaseFree	NA	NA	NA	10/28/11	NA	NA	NA	NA	NA	No	NA	NA	NA	C54.1	8441/3	C54.1	Yes	NA	NA	NA	NA	NA	NA	NA	NA	NA	NA	NA	NA	NA	NA	NA	No	NA	NA	E4510C66-A60B-4B09-A4E8-74EC5B26A3A5	NA	NA	NA	NA	NA	NA	NA	NA	NA	NA	NA	NA	NA	NA	NA	NA	NA	NA	NA	NA	NA	NA	NA	NA	NA	NA	Gynecologic Oncology Group	NA	NA	NA	NA	65	NA	NA	-31524	NA	NA	NA	NA	NA	NA	NA	NA	NA	NA	NA	NA	NA	11	NA	UCEC	4.767071046	0:ALIVE OR DEAD TUMOR FREE	AFR	Yes	0.292	0.26	NA	4.767071046	0:CENSORED	NA	No	No	NA	UCEC_CN_HIGH	599	No	Yes	AX	Uterus	Serous Endometrial Adenocarcinoma	NA	NA	NA	NA	NA	NA	NA	NA	NA	NA	NA	NA	NA	NA	NA	NA
ucec_tcga_pan_can_atlas_2018	TCGA-AX-A2H4	TCGA-AX-A2H4-01	Endometrial Cancer	Uterine Serous Carcinoma/Uterine Papillary Serous Carcinoma	Not Hispanic Or Latino	NA	NA	NA	165	USC	White	1	Primary	Matched	5.6	NA	NA	NA	NA	NA	NA	66	NA	NA	NA	NA	NA	NA	NA	NA	NA	NA	NA	NA	NA	NA	NA	NA	NA	NA	NA	NA	NA	NA	NA	NA	NA	NA	NA	NA	NA	NA	NA	NA	NA	NA	NA	NA	NA	NA	NA	NA	NA	NA	NA	NA	NA	NA	NA	NA	NA	NA	NA	NA	NA	NA	NA	NA	NA	NA	NA	NA	NA	NA	NA	NA	NA	NA	NA	NA	NA	NA	NA	NA	NA	NA	NA	NA	NA	NA	NA	NA	NA	NA	NA	NA	NA	NA	NA	NA	NA	NA	NA	NA	NA	NA	NA	NA	NA	NA	NA	NA	NA	NA	NA	NA	NA	NA	NA	NA	NA	NA	NA	NA	NA	NA	NA	NA	NA	NA	NA	NA	NA	NA	NA	NA	NA	NA	NA	NA	NA	NA	NA	NA	NA	NA	NA	NA	NA	NA	NA	Female	NA	NA	NA	NA	NA	NA	NA	NA	NA	NA	NA	NA	NA	NA	NA	NA	NA	NA	0.5642	G3	NA	NA	NA	NA	NA	NA	NA	NA	NA	30.11473847	1:DECEASED	NA	NA	NA	NA	NA	NA	NA	1988	NA	NA	NA	NA	NA	0	NA	17.09570306	1:Recurred/Progressed	NA	NA	NA	10/28/11	NA	NA	NA	NA	NA	No	NA	NA	NA	C54.1	8441/3	C54.1	Yes	NA	NA	NA	NA	NA	NA	NA	NA	NA	NA	NA	NA	NA	NA	NA	Yes	NA	NA	AFA79B18-2AC6-4179-9C8C-5FA4D1D09A7E	NA	NA	NA	NA	NA	NA	NA	NA	NA	NA	NA	NA	NA	NA	NA	NA	NA	NA	NA	NA	NA	NA	NA	NA	NA	NA	Gynecologic Oncology Group	NA	NA	NA	NA	84	NA	NA	-24234	NA	NA	NA	NA	NA	NA	NA	NA	NA	NA	NA	NA	NA	21	15	UCEC	30.11473847	1:DEAD WITH TUMOR	AFR	Yes	0.3093	0.35	With Tumor	17.09570306	1:PROGRESSION	NA	No	No	8	UCEC_CN_HIGH	719	No	Yes	AX	Uterus	Serous Endometrial Adenocarcinoma	12	NA	NA	NA	NA	NA	NA	NA	NA	NA	NA	NA	NA	NA	NA	NA
ucec_tcga_pan_can_atlas_2018	TCGA-AX-A2H5	TCGA-AX-A2H5-01	Endometrial Cancer	Uterine Serous Carcinoma/Uterine Papillary Serous Carcinoma	Not Hispanic Or Latino	NA	NA	NA	47	USC	Black or African American	1	Primary	Matched	1.6	NA	NA	NA	NA	NA	NA	67	NA	NA	NA	NA	NA	NA	NA	NA	NA	NA	NA	NA	NA	NA	NA	NA	NA	NA	NA	NA	NA	NA	NA	NA	NA	NA	NA	NA	NA	NA	NA	NA	NA	NA	NA	NA	NA	NA	NA	NA	NA	NA	NA	NA	NA	NA	NA	NA	NA	NA	NA	NA	NA	NA	NA	NA	NA	NA	NA	NA	NA	NA	NA	NA	NA	NA	NA	NA	NA	NA	NA	NA	NA	NA	NA	NA	NA	NA	NA	NA	NA	NA	NA	NA	NA	NA	NA	NA	NA	NA	NA	NA	NA	NA	NA	NA	NA	NA	NA	NA	NA	NA	NA	NA	NA	NA	NA	NA	NA	NA	NA	NA	NA	NA	NA	NA	NA	NA	NA	NA	NA	NA	NA	NA	NA	NA	NA	NA	NA	NA	NA	NA	NA	NA	NA	NA	NA	NA	NA	Female	NA	NA	NA	NA	NA	NA	NA	NA	NA	NA	NA	NA	NA	NA	NA	NA	NA	NA	0.2890	G3	NA	NA	NA	NA	NA	NA	NA	NA	NA	71.24305487	0:LIVING	NA	NA	NA	NA	NA	NA	NA	1988	NA	NA	NA	NA	NA	0	NA	71.24305487	0:DiseaseFree	NA	NA	NA	10/28/11	NA	NA	NA	NA	NA	No	NA	NA	NA	C54.1	8441/3	C54.1	Yes	NA	NA	NA	NA	NA	NA	NA	NA	NA	NA	NA	NA	NA	NA	NA	No	NA	NA	C88E3901-F3EE-436A-BA80-143C8EAB7D69	NA	NA	NA	NA	NA	NA	NA	NA	NA	NA	NA	NA	NA	NA	NA	NA	NA	NA	NA	NA	NA	NA	NA	NA	NA	NA	Gynecologic Oncology Group	NA	NA	NA	NA	87	NA	2167	-24757	NA	NA	NA	NA	NA	NA	NA	NA	NA	NA	NA	NA	NA	9	NA	UCEC	71.24305487	0:ALIVE OR DEAD TUMOR FREE	AFR	Yes	0.3194	1.63	NA	71.24305487	0:CENSORED	NA	No	Yes	NA	UCEC_CN_HIGH	363	No	Yes	AX	Uterus	Serous Endometrial Adenocarcinoma	NA	NA	NA	NA	NA	NA	NA	NA	NA	NA	NA	NA	NA	NA	NA	NA
ucec_tcga_pan_can_atlas_2018	TCGA-AX-A2H7	TCGA-AX-A2H7-01	Endometrial Cancer	Uterine Endometrioid Carcinoma	Not Hispanic Or Latino	NA	NA	NA	84	UEC	White	1	Primary	Matched	5.6	NA	NA	NA	NA	NA	NA	87	NA	NA	NA	NA	NA	NA	NA	NA	NA	NA	NA	NA	NA	NA	NA	NA	NA	NA	NA	NA	NA	NA	NA	NA	NA	NA	NA	NA	NA	NA	NA	NA	NA	NA	NA	NA	NA	NA	NA	NA	NA	NA	NA	NA	NA	NA	NA	NA	NA	NA	NA	NA	NA	NA	NA	NA	NA	NA	NA	NA	NA	NA	NA	NA	NA	NA	NA	NA	NA	NA	NA	NA	NA	NA	NA	NA	NA	NA	NA	NA	NA	NA	NA	NA	NA	NA	NA	NA	NA	NA	NA	NA	NA	NA	NA	NA	NA	NA	NA	NA	NA	NA	NA	NA	NA	NA	NA	NA	NA	NA	NA	NA	NA	NA	NA	NA	NA	NA	NA	NA	NA	NA	NA	NA	NA	NA	NA	NA	NA	NA	NA	NA	NA	NA	NA	NA	NA	NA	NA	Female	NA	NA	NA	NA	NA	NA	NA	NA	NA	NA	NA	NA	NA	NA	NA	NA	NA	NA	0.2716	G3	NA	NA	NA	NA	NA	NA	NA	NA	NA	40.79955288	1:DECEASED	NA	NA	NA	NA	NA	NA	NA	1988	NA	NA	NA	NA	NA	0	NA	22.4874248	1:Recurred/Progressed	NA	NA	NA	10/28/11	NA	NA	NA	NA	NA	No	NA	NA	NA	C54.1	8380/3	C54.1	Yes	NA	NA	NA	NA	NA	NA	NA	NA	NA	NA	NA	NA	NA	NA	NA	Yes	NA	NA	A1780432-860E-4BFF-9B66-A1E25C0076FE	NA	NA	NA	NA	NA	NA	NA	NA	NA	NA	NA	NA	NA	NA	NA	NA	NA	NA	NA	NA	NA	NA	NA	NA	NA	NA	Gynecologic Oncology Group	NA	NA	NA	NA	60	NA	1020	-32100	NA	NA	NA	NA	NA	NA	NA	NA	NA	NA	NA	NA	NA	11	NA	UCEC	40.79955288	1:DEAD WITH TUMOR	EUR	Yes	0.2908	0.02	NA	22.4874248	1:PROGRESSION	NA	No	Yes	NA	UCEC_CN_LOW	22	No	Yes	AX	Uterus	Endometrioid Endometrial Adenocarcinoma	NA	NA	NA	NA	NA	NA	NA	NA	NA	NA	NA	NA	NA	NA	NA	NA
ucec_tcga_pan_can_atlas_2018	TCGA-AX-A2HA	TCGA-AX-A2HA-01	Endometrial Cancer	Uterine Endometrioid Carcinoma	NA	NA	NA	NA	1510	UEC	White	1	Primary	Matched	50.6	NA	NA	NA	NA	NA	NA	35	NA	NA	NA	NA	NA	NA	NA	NA	NA	NA	NA	NA	NA	NA	NA	NA	NA	NA	NA	NA	NA	NA	NA	NA	NA	NA	NA	NA	NA	NA	NA	NA	NA	NA	NA	NA	NA	NA	NA	NA	NA	NA	NA	NA	NA	NA	NA	NA	NA	NA	NA	NA	NA	NA	NA	NA	NA	NA	NA	NA	NA	NA	NA	NA	NA	NA	NA	NA	NA	NA	NA	NA	NA	NA	NA	NA	NA	NA	NA	NA	NA	NA	NA	NA	NA	NA	NA	NA	NA	NA	NA	NA	NA	NA	NA	NA	NA	NA	NA	NA	NA	NA	NA	NA	NA	NA	NA	NA	NA	NA	NA	NA	NA	NA	NA	NA	NA	NA	NA	NA	NA	NA	NA	NA	NA	NA	NA	NA	NA	NA	NA	NA	NA	NA	NA	NA	NA	NA	NA	Female	NA	NA	NA	NA	NA	NA	NA	NA	NA	NA	NA	NA	NA	NA	NA	NA	NA	NA	0.0934	G3	NA	NA	NA	NA	NA	NA	NA	NA	NA	81.3689713	0:LIVING	NA	NA	NA	NA	NA	NA	NA	1988	NA	NA	NA	NA	NA	0	NA	81.3689713	0:DiseaseFree	NA	NA	NA	10/31/11	NA	NA	NA	NA	NA	No	NA	NA	NA	C54.1	8380/3	C54.1	Yes	NA	NA	NA	NA	NA	NA	NA	NA	NA	NA	NA	NA	NA	NA	NA	No	NA	NA	9D84DFF8-6C19-4881-93C6-56C98A3049B5	NA	NA	NA	NA	NA	NA	NA	NA	NA	NA	NA	NA	NA	NA	NA	NA	NA	NA	NA	NA	NA	NA	NA	NA	NA	NA	Gynecologic Oncology Group	NA	NA	NA	NA	60	NA	2475	-13142	NA	NA	NA	NA	NA	NA	NA	NA	NA	NA	NA	NA	NA	3	NA	UCEC	81.3689713	0:ALIVE OR DEAD TUMOR FREE	EUR	Yes	1.3049	35.7	Tumor Free	81.3689713	0:CENSORED	NA	No	No	NA	UCEC_MSI	6	No	Yes	AX	Uterus	Endometrioid Endometrial Adenocarcinoma	NA	NA	NA	NA	NA	NA	NA	NA	NA	NA	NA	NA	NA	NA	NA	NA
ucec_tcga_pan_can_atlas_2018	TCGA-AX-A2HD	TCGA-AX-A2HD-01	Endometrial Cancer	Uterine Endometrioid Carcinoma	Not Hispanic Or Latino	NA	NA	NA	7838	UEC	White	1	Primary	Matched	263.8333333	NA	NA	NA	NA	NA	NA	69	NA	NA	NA	NA	NA	NA	NA	NA	NA	NA	NA	NA	NA	NA	NA	NA	NA	NA	NA	NA	NA	NA	NA	NA	NA	NA	NA	NA	NA	NA	NA	NA	NA	NA	NA	NA	NA	NA	NA	NA	NA	NA	NA	NA	NA	NA	NA	NA	NA	NA	NA	NA	NA	NA	NA	NA	NA	NA	NA	NA	NA	NA	NA	NA	NA	NA	NA	NA	NA	NA	NA	NA	NA	NA	NA	NA	NA	NA	NA	NA	NA	NA	NA	NA	NA	NA	NA	NA	NA	NA	NA	NA	NA	NA	NA	NA	NA	NA	NA	NA	NA	NA	NA	NA	NA	NA	NA	NA	NA	NA	NA	NA	NA	NA	NA	NA	NA	NA	NA	NA	NA	NA	NA	NA	NA	NA	NA	NA	NA	NA	NA	NA	NA	NA	NA	NA	NA	NA	NA	Female	NA	NA	NA	NA	NA	NA	NA	NA	NA	NA	NA	NA	NA	NA	NA	NA	NA	NA	0.0300	G3	NA	NA	NA	NA	NA	NA	NA	NA	NA	46.48716179	0:LIVING	NA	NA	NA	NA	NA	NA	NA	1988	NA	NA	NA	NA	NA	0	NA	NA	NA	NA	NA	NA	10/26/11	NA	NA	NA	NA	NA	No	NA	NA	NA	C54.1	8380/3	C54.1	Yes	NA	NA	NA	NA	NA	NA	NA	NA	NA	NA	NA	NA	NA	NA	NA	No	NA	NA	A8DEF1A0-A136-47F4-9AD9-60EBCF9B726B	NA	NA	NA	NA	NA	NA	NA	NA	NA	NA	NA	NA	NA	NA	NA	NA	NA	NA	NA	NA	NA	NA	NA	NA	NA	NA	Gynecologic Oncology Group	NA	NA	NA	NA	51	NA	1414	-25499	NA	NA	NA	NA	NA	NA	NA	NA	NA	NA	NA	NA	NA	0	NA	UCEC	46.48716179	0:ALIVE OR DEAD TUMOR FREE	EUR	Yes	0.9828	25.8	With Tumor	46.48716179	0:CENSORED	NA	No	No	NA	UCEC_MSI	13	No	Yes	AX	Uterus	Endometrioid Endometrial Adenocarcinoma	NA	NA	NA	NA	NA	NA	NA	NA	NA	NA	NA	NA	NA	NA	NA	NA
ucec_tcga_pan_can_atlas_2018	TCGA-AX-A2HG	TCGA-AX-A2HG-01	Endometrial Cancer	Uterine Endometrioid Carcinoma	Hispanic Or Latino	NA	NA	NA	861	UEC	White	1	Primary	Matched	28.9	NA	NA	NA	NA	NA	NA	56	NA	NA	NA	NA	NA	NA	NA	NA	NA	NA	NA	NA	NA	NA	NA	NA	NA	NA	NA	NA	NA	NA	NA	NA	NA	NA	NA	NA	NA	NA	NA	NA	NA	NA	NA	NA	NA	NA	NA	NA	NA	NA	NA	NA	NA	NA	NA	NA	NA	NA	NA	NA	NA	NA	NA	NA	NA	NA	NA	NA	NA	NA	NA	NA	NA	NA	NA	NA	NA	NA	NA	NA	NA	NA	NA	NA	NA	NA	NA	NA	NA	NA	NA	NA	NA	NA	NA	NA	NA	NA	NA	NA	NA	NA	NA	NA	NA	NA	NA	NA	NA	NA	NA	NA	NA	NA	NA	NA	NA	NA	NA	NA	NA	NA	NA	NA	NA	NA	NA	NA	NA	NA	NA	NA	NA	NA	NA	NA	NA	NA	NA	NA	NA	NA	NA	NA	NA	NA	NA	Female	NA	NA	NA	NA	NA	NA	NA	NA	NA	NA	NA	NA	NA	NA	NA	NA	NA	NA	0.0004	G3	NA	NA	NA	NA	NA	NA	NA	NA	NA	38.23519742	0:LIVING	NA	NA	NA	NA	NA	NA	NA	1988	NA	NA	NA	NA	NA	0	NA	38.23519742	0:DiseaseFree	NA	NA	NA	10/31/11	NA	NA	NA	NA	NA	No	NA	NA	NA	C54.1	8380/3	C54.1	Yes	NA	NA	NA	NA	NA	NA	NA	NA	NA	NA	NA	NA	NA	NA	NA	No	NA	NA	7A2CF5CE-8317-4FFF-946E-B9937AFAB815	NA	NA	NA	NA	NA	NA	NA	NA	NA	NA	NA	NA	NA	NA	NA	NA	NA	NA	NA	NA	NA	NA	NA	NA	NA	NA	Gynecologic Oncology Group	NA	NA	NA	NA	115	NA	1163	-20771	NA	NA	NA	NA	NA	NA	NA	NA	NA	NA	NA	NA	NA	0	NA	UCEC	38.23519742	0:ALIVE OR DEAD TUMOR FREE	EUR	Yes	0.9147	20.23	Tumor Free	38.23519742	0:CENSORED	NA	No	Yes	NA	UCEC_MSI	4	No	Yes	AX	Uterus	Endometrioid Endometrial Adenocarcinoma	NA	NA	NA	NA	NA	NA	NA	NA	NA	NA	NA	NA	NA	NA	NA	NA
ucec_tcga_pan_can_atlas_2018	TCGA-AX-A2HH	TCGA-AX-A2HH-01	Endometrial Cancer	Uterine Endometrioid Carcinoma	Not Hispanic Or Latino	NA	NA	NA	39	UEC	White	1	Primary	Matched	1.3	NA	NA	NA	NA	NA	NA	60	NA	NA	NA	NA	NA	NA	NA	NA	NA	NA	NA	NA	NA	NA	NA	NA	NA	NA	NA	NA	NA	NA	NA	NA	NA	NA	NA	NA	NA	NA	NA	NA	NA	NA	NA	NA	NA	NA	NA	NA	NA	NA	NA	NA	NA	NA	NA	NA	NA	NA	NA	NA	NA	NA	NA	NA	NA	NA	NA	NA	NA	NA	NA	NA	NA	NA	NA	NA	NA	NA	NA	NA	NA	NA	NA	NA	NA	NA	NA	NA	NA	NA	NA	NA	NA	NA	NA	NA	NA	NA	NA	NA	NA	NA	NA	NA	NA	NA	NA	NA	NA	NA	NA	NA	NA	NA	NA	NA	NA	NA	NA	NA	NA	NA	NA	NA	NA	NA	NA	NA	NA	NA	NA	NA	NA	NA	NA	NA	NA	NA	NA	NA	NA	NA	NA	NA	NA	NA	NA	Female	NA	NA	NA	NA	NA	NA	NA	NA	NA	NA	NA	NA	NA	NA	NA	NA	NA	NA	0.2247	G3	NA	NA	NA	NA	NA	NA	NA	NA	NA	17.7532301	0:LIVING	NA	NA	NA	NA	NA	NA	NA	1988	NA	NA	NA	NA	NA	0	NA	NA	NA	NA	NA	NA	10/31/11	NA	NA	NA	NA	NA	No	NA	NA	NA	C54.1	8380/3	C54.1	Yes	NA	NA	NA	NA	NA	NA	NA	NA	NA	NA	NA	NA	NA	NA	NA	No	NA	NA	52FEF8A9-6860-48BD-B992-A56CCAD1243C	NA	NA	NA	NA	NA	NA	NA	NA	NA	NA	NA	NA	NA	NA	NA	NA	NA	NA	NA	NA	NA	NA	NA	NA	NA	NA	Gynecologic Oncology Group	NA	NA	NA	NA	65	NA	540	-21924	NA	NA	NA	NA	NA	NA	NA	NA	NA	NA	NA	NA	NA	7	3	UCEC	17.7532301	0:ALIVE OR DEAD TUMOR FREE	EUR	Yes	0.2913	0.11	With Tumor	17.7532301	0:CENSORED	NA	No	No	20	UCEC_CN_LOW	12	No	Yes	AX	Uterus	Endometrioid Endometrial Adenocarcinoma	4	NA	NA	NA	NA	NA	NA	NA	NA	NA	NA	NA	NA	NA	NA	NA
ucec_tcga_pan_can_atlas_2018	TCGA-AX-A2HJ	TCGA-AX-A2HJ-01	Endometrial Cancer	Uterine Endometrioid Carcinoma	Not Hispanic Or Latino	NA	NA	NA	1573	UEC	Asian	1	Primary	Matched	53.1	NA	NA	NA	NA	NA	NA	35	NA	NA	NA	NA	NA	NA	NA	NA	NA	NA	NA	NA	NA	NA	NA	NA	NA	NA	NA	NA	NA	NA	NA	NA	NA	NA	NA	NA	NA	NA	NA	NA	NA	NA	NA	NA	NA	NA	NA	NA	NA	NA	NA	NA	NA	NA	NA	NA	NA	NA	NA	NA	NA	NA	NA	NA	NA	NA	NA	NA	NA	NA	NA	NA	NA	NA	NA	NA	NA	NA	NA	NA	NA	NA	NA	NA	NA	NA	NA	NA	NA	NA	NA	NA	NA	NA	NA	NA	NA	NA	NA	NA	NA	NA	NA	NA	NA	NA	NA	NA	NA	NA	NA	NA	NA	NA	NA	NA	NA	NA	NA	NA	NA	NA	NA	NA	NA	NA	NA	NA	NA	NA	NA	NA	NA	NA	NA	NA	NA	NA	NA	NA	NA	NA	NA	NA	NA	NA	NA	Female	NA	NA	NA	NA	NA	NA	NA	NA	NA	NA	NA	NA	NA	NA	NA	NA	NA	NA	0.0524	G3	NA	NA	NA	NA	NA	NA	NA	NA	NA	30.73938916	0:LIVING	NA	NA	NA	NA	NA	NA	NA	1988	NA	NA	NA	NA	NA	0	NA	30.73938916	0:DiseaseFree	NA	NA	NA	10/31/11	NA	NA	NA	NA	NA	No	NA	NA	NA	C54.1	8380/3	C54.1	Yes	NA	NA	NA	NA	NA	NA	NA	NA	NA	NA	NA	NA	NA	NA	NA	No	NA	NA	32398808-C46A-41BF-A0A8-E08723B40EA2	NA	NA	NA	NA	NA	NA	NA	NA	NA	NA	NA	NA	NA	NA	NA	NA	NA	NA	NA	NA	NA	NA	NA	NA	NA	NA	Gynecologic Oncology Group	NA	NA	NA	NA	56	NA	935	-13112	NA	NA	NA	NA	NA	NA	NA	NA	NA	NA	NA	NA	NA	2	NA	UCEC	30.73938916	0:ALIVE OR DEAD TUMOR FREE	EAS	Yes	1.1152	26.9	Tumor Free	30.73938916	0:CENSORED	NA	No	Yes	NA	UCEC_MSI	10	No	Yes	AX	Uterus	Endometrioid Endometrial Adenocarcinoma	NA	NA	NA	NA	NA	NA	NA	NA	NA	NA	NA	NA	NA	NA	NA	NA
ucec_tcga_pan_can_atlas_2018	TCGA-AX-A2HK	TCGA-AX-A2HK-01	Endometrial Cancer	Uterine Endometrioid Carcinoma	NA	NA	NA	NA	63	UEC	White	1	Primary	Matched	2.1	NA	NA	NA	NA	NA	NA	77	NA	NA	NA	NA	NA	NA	NA	NA	NA	NA	NA	NA	NA	NA	NA	NA	NA	NA	NA	NA	NA	NA	NA	NA	NA	NA	NA	NA	NA	NA	NA	NA	NA	NA	NA	NA	NA	NA	NA	NA	NA	NA	NA	NA	NA	NA	NA	NA	NA	NA	NA	NA	NA	NA	NA	NA	NA	NA	NA	NA	NA	NA	NA	NA	NA	NA	NA	NA	NA	NA	NA	NA	NA	NA	NA	NA	NA	NA	NA	NA	NA	NA	NA	NA	NA	NA	NA	NA	NA	NA	NA	NA	NA	NA	NA	NA	NA	NA	NA	NA	NA	NA	NA	NA	NA	NA	NA	NA	NA	NA	NA	NA	NA	NA	NA	NA	NA	NA	NA	NA	NA	NA	NA	NA	NA	NA	NA	NA	NA	NA	NA	NA	NA	NA	NA	NA	NA	NA	NA	Female	NA	NA	NA	NA	NA	NA	NA	NA	NA	NA	NA	NA	NA	NA	NA	NA	NA	NA	0.5945	G3	NA	NA	NA	NA	NA	NA	NA	NA	NA	2.958871684	1:DECEASED	NA	NA	NA	NA	NA	NA	NA	1988	NA	NA	NA	NA	NA	0	NA	NA	NA	NA	NA	NA	10/31/11	NA	NA	NA	NA	NA	No	NA	NA	NA	C54.1	8380/3	C54.1	Yes	NA	NA	NA	NA	NA	NA	NA	NA	NA	NA	NA	NA	NA	NA	NA	No	NA	NA	6FA99AE9-1D72-455E-938E-0EC0D240F5A3	NA	NA	NA	NA	NA	NA	NA	NA	NA	NA	NA	NA	NA	NA	NA	NA	NA	NA	NA	NA	NA	NA	NA	NA	NA	NA	Gynecologic Oncology Group	NA	NA	NA	NA	73	NA	NA	-28316	NA	NA	NA	NA	NA	NA	NA	NA	NA	NA	NA	NA	NA	19	NA	UCEC	2.958871684	1:DEAD WITH TUMOR	NA	Yes	0.3002	0.45	NA	2.958871684	1:PROGRESSION	NA	No	No	NA	UCEC_CN_HIGH	258	No	Yes	AX	Uterus	Endometrioid Endometrial Adenocarcinoma	NA	NA	NA	NA	NA	NA	NA	NA	NA	NA	NA	NA	NA	NA	NA	NA
ucec_tcga_pan_can_atlas_2018	TCGA-AX-A2IN	TCGA-AX-A2IN-01	Endometrial Cancer	Uterine Endometrioid Carcinoma	NA	NA	NA	NA	513	UEC	White	1	Primary	Matched	17.33333333	NA	NA	NA	NA	NA	NA	63	NA	NA	NA	NA	NA	NA	NA	NA	NA	NA	NA	NA	NA	NA	NA	NA	NA	NA	NA	NA	NA	NA	NA	NA	NA	NA	NA	NA	NA	NA	NA	NA	NA	NA	NA	NA	NA	NA	NA	NA	NA	NA	NA	NA	NA	NA	NA	NA	NA	NA	NA	NA	NA	NA	NA	NA	NA	NA	NA	NA	NA	NA	NA	NA	NA	NA	NA	NA	NA	NA	NA	NA	NA	NA	NA	NA	NA	NA	NA	NA	NA	NA	NA	NA	NA	NA	NA	NA	NA	NA	NA	NA	NA	NA	NA	NA	NA	NA	NA	NA	NA	NA	NA	NA	NA	NA	NA	NA	NA	NA	NA	NA	NA	NA	NA	NA	NA	NA	NA	NA	NA	NA	NA	NA	NA	NA	NA	NA	NA	NA	NA	NA	NA	NA	NA	NA	NA	NA	NA	Female	NA	NA	NA	NA	NA	NA	NA	NA	NA	NA	NA	NA	NA	NA	NA	NA	NA	NA	0.0341	G3	NA	NA	NA	NA	NA	NA	NA	NA	NA	31.13390538	1:DECEASED	NA	NA	NA	NA	NA	NA	NA	1988	NA	NA	NA	NA	NA	0	NA	NA	NA	NA	NA	NA	10/27/11	NA	NA	NA	NA	NA	No	NA	NA	NA	C54.1	8380/3	C54.1	Yes	NA	NA	NA	NA	NA	NA	NA	NA	NA	NA	NA	NA	NA	NA	NA	Yes	NA	NA	FE79EBE1-CD0A-4CE2-A86D-637C28354ED9	NA	NA	NA	NA	NA	NA	NA	NA	NA	NA	NA	NA	NA	NA	NA	NA	NA	NA	NA	NA	NA	NA	NA	NA	NA	NA	Gynecologic Oncology Group	NA	NA	NA	NA	100	NA	NA	-23275	NA	NA	NA	NA	NA	NA	NA	NA	NA	NA	NA	NA	NA	1	25	UCEC	31.13390538	1:DEAD WITH TUMOR	EUR	Yes	0.7682	11.9	With Tumor	8.449222474	1:PROGRESSION	NA	No	Yes	18	UCEC_MSI	7	No	Yes	AX	Uterus	Endometrioid Endometrial Adenocarcinoma	24	NA	NA	NA	NA	NA	NA	NA	NA	NA	NA	NA	NA	NA	NA	NA
ucec_tcga_pan_can_atlas_2018	TCGA-AX-A2IO	TCGA-AX-A2IO-01	Endometrial Cancer	Uterine Serous Carcinoma/Uterine Papillary Serous Carcinoma	NA	NA	NA	NA	343	USC	White	1	Primary	Matched	11.43333333	NA	NA	NA	NA	NA	NA	83	NA	NA	NA	NA	NA	NA	NA	NA	NA	NA	NA	NA	NA	NA	NA	NA	NA	NA	NA	NA	NA	NA	NA	NA	NA	NA	NA	NA	NA	NA	NA	NA	NA	NA	NA	NA	NA	NA	NA	NA	NA	NA	NA	NA	NA	NA	NA	NA	NA	NA	NA	NA	NA	NA	NA	NA	NA	NA	NA	NA	NA	NA	NA	NA	NA	NA	NA	NA	NA	NA	NA	NA	NA	NA	NA	NA	NA	NA	NA	NA	NA	NA	NA	NA	NA	NA	NA	NA	NA	NA	NA	NA	NA	NA	NA	NA	NA	NA	NA	NA	NA	NA	NA	NA	NA	NA	NA	NA	NA	NA	NA	NA	NA	NA	NA	NA	NA	NA	NA	NA	NA	NA	NA	NA	NA	NA	NA	NA	NA	NA	NA	NA	NA	NA	NA	NA	NA	NA	NA	Female	NA	NA	NA	NA	NA	NA	NA	NA	NA	NA	NA	NA	NA	NA	NA	NA	NA	NA	0.3254	G3	NA	NA	NA	NA	NA	NA	NA	NA	NA	64.93079528	0:LIVING	NA	NA	NA	NA	NA	NA	NA	1988	NA	NA	NA	NA	NA	0	NA	NA	NA	NA	NA	NA	11/1/11	NA	NA	NA	NA	NA	No	NA	NA	NA	C54.1	8441/3	C54.1	Yes	NA	NA	NA	NA	NA	NA	NA	NA	NA	NA	NA	NA	NA	NA	NA	No	NA	NA	8A235D4D-5EE1-4D6B-839E-E71CADCD8C39	NA	NA	NA	NA	NA	NA	NA	NA	NA	NA	NA	NA	NA	NA	NA	NA	NA	NA	NA	NA	NA	NA	NA	NA	NA	NA	Gynecologic Oncology Group	NA	NA	NA	NA	64	NA	1975	-30539	NA	NA	NA	NA	NA	NA	NA	NA	NA	NA	NA	NA	NA	7	NA	UCEC	64.93079528	0:ALIVE OR DEAD TUMOR FREE	EUR	Yes	0.2914	0.05	Tumor Free	64.93079528	0:CENSORED	NA	No	Yes	NA	UCEC_CN_HIGH	222	No	Yes	AX	Uterus	Serous Endometrial Adenocarcinoma	NA	NA	NA	NA	NA	NA	NA	NA	NA	NA	NA	NA	NA	NA	NA	NA
ucec_tcga_pan_can_atlas_2018	TCGA-AX-A3FS	TCGA-AX-A3FS-01	Endometrial Cancer	Uterine Endometrioid Carcinoma	Not Hispanic Or Latino	NA	NA	NA	757	UEC	White	1	Primary	Matched	25.43333333	NA	NA	NA	NA	NA	NA	82	NA	NA	NA	NA	NA	NA	NA	NA	NA	NA	NA	NA	NA	NA	NA	NA	NA	NA	NA	NA	NA	NA	NA	NA	NA	NA	NA	NA	NA	NA	NA	NA	NA	NA	NA	NA	NA	NA	NA	NA	NA	NA	NA	NA	NA	NA	NA	NA	NA	NA	NA	NA	NA	NA	NA	NA	NA	NA	NA	NA	NA	NA	NA	NA	NA	NA	NA	NA	NA	NA	NA	NA	NA	NA	NA	NA	NA	NA	NA	NA	NA	NA	NA	NA	NA	NA	NA	NA	NA	NA	NA	NA	NA	NA	NA	NA	NA	NA	NA	NA	NA	NA	NA	NA	NA	NA	NA	NA	NA	NA	NA	NA	NA	NA	NA	NA	NA	NA	NA	NA	NA	NA	NA	NA	NA	NA	NA	NA	NA	NA	NA	NA	NA	NA	NA	NA	NA	NA	NA	Female	NA	NA	NA	NA	NA	NA	NA	NA	NA	NA	NA	NA	NA	NA	NA	NA	NA	NA	0.0371	G3	NA	NA	NA	NA	NA	NA	NA	NA	NA	0.230134464	0:LIVING	NA	NA	NA	NA	NA	NA	NA	1988	NA	NA	NA	NA	NA	0	NA	NA	NA	NA	NA	NA	2/3/12	NA	NA	NA	NA	NA	No	NA	NA	NA	C54.1	8380/3	C54.1	Yes	NA	NA	NA	NA	NA	NA	NA	NA	NA	NA	NA	NA	NA	NA	NA	NA	NA	NA	8C6B9B54-58EB-4D5F-B8A9-8007163DB457	NA	NA	NA	NA	NA	NA	NA	NA	NA	NA	NA	NA	NA	NA	NA	NA	NA	NA	NA	NA	NA	NA	NA	NA	NA	NA	Gynecologic Oncology Group	NA	NA	NA	NA	98	NA	1	-30102	NA	NA	NA	NA	NA	NA	NA	NA	NA	NA	NA	NA	NA	2	37	UCEC	0.230134464	0:ALIVE OR DEAD TUMOR FREE	EUR	Yes	1.0475	28.76	NA	0.230134464	0:CENSORED	NA	No	NA	16	UCEC_MSI	18	No	Yes	AX	Uterus	Endometrioid Endometrial Adenocarcinoma	34	NA	NA	NA	NA	NA	NA	NA	NA	NA	NA	NA	NA	NA	NA	NA
ucec_tcga_pan_can_atlas_2018	TCGA-AX-A3FT	TCGA-AX-A3FT-01	Endometrial Cancer	Uterine Endometrioid Carcinoma	Not Hispanic Or Latino	NA	NA	NA	1280	UEC	White	1	Primary	Matched	43.16666667	NA	NA	NA	NA	NA	NA	64	NA	NA	NA	NA	NA	NA	NA	NA	NA	NA	NA	NA	NA	NA	NA	NA	NA	NA	NA	NA	NA	NA	NA	NA	NA	NA	NA	NA	NA	NA	NA	NA	NA	NA	NA	NA	NA	NA	NA	NA	NA	NA	NA	NA	NA	NA	NA	NA	NA	NA	NA	NA	NA	NA	NA	NA	NA	NA	NA	NA	NA	NA	NA	NA	NA	NA	NA	NA	NA	NA	NA	NA	NA	NA	NA	NA	NA	NA	NA	NA	NA	NA	NA	NA	NA	NA	NA	NA	NA	NA	NA	NA	NA	NA	NA	NA	NA	NA	NA	NA	NA	NA	NA	NA	NA	NA	NA	NA	NA	NA	NA	NA	NA	NA	NA	NA	NA	NA	NA	NA	NA	NA	NA	NA	NA	NA	NA	NA	NA	NA	NA	NA	NA	NA	NA	NA	NA	NA	NA	Female	NA	NA	NA	NA	NA	NA	NA	NA	NA	NA	NA	NA	NA	NA	NA	NA	NA	NA	0.0499	G3	NA	NA	NA	NA	NA	NA	NA	NA	NA	0.197258112	0:LIVING	NA	NA	NA	NA	NA	NA	NA	1988	NA	NA	NA	NA	NA	0	NA	NA	NA	NA	NA	NA	2/6/12	NA	NA	NA	NA	NA	No	NA	NA	NA	C54.1	8380/3	C54.1	Yes	NA	NA	NA	NA	NA	NA	NA	NA	NA	NA	NA	NA	NA	NA	NA	NA	NA	NA	8B4CF993-1E16-4009-A37F-A629528B7D7E	NA	NA	NA	NA	NA	NA	NA	NA	NA	NA	NA	NA	NA	NA	NA	NA	NA	NA	NA	NA	NA	NA	NA	NA	NA	NA	Gynecologic Oncology Group	NA	NA	NA	NA	82	NA	6	-23543	NA	NA	NA	NA	NA	NA	NA	NA	NA	NA	NA	NA	NA	2	19	UCEC	0.197258112	0:ALIVE OR DEAD TUMOR FREE	EUR	Yes	0.8254	20.39	NA	0.197258112	0:CENSORED	NA	No	NA	20	UCEC_MSI	2	No	Yes	AX	Uterus	Endometrioid Endometrial Adenocarcinoma	24	NA	NA	NA	NA	NA	NA	NA	NA	NA	NA	NA	NA	NA	NA	NA
ucec_tcga_pan_can_atlas_2018	TCGA-AX-A3FV	TCGA-AX-A3FV-01	Endometrial Cancer	Uterine Endometrioid Carcinoma	Not Hispanic Or Latino	NA	NA	NA	81	UEC	White	1	Primary	Matched	2.733333333	NA	NA	NA	NA	NA	NA	62	NA	NA	NA	NA	NA	NA	NA	NA	NA	NA	NA	NA	NA	NA	NA	NA	NA	NA	NA	NA	NA	NA	NA	NA	NA	NA	NA	NA	NA	NA	NA	NA	NA	NA	NA	NA	NA	NA	NA	NA	NA	NA	NA	NA	NA	NA	NA	NA	NA	NA	NA	NA	NA	NA	NA	NA	NA	NA	NA	NA	NA	NA	NA	NA	NA	NA	NA	NA	NA	NA	NA	NA	NA	NA	NA	NA	NA	NA	NA	NA	NA	NA	NA	NA	NA	NA	NA	NA	NA	NA	NA	NA	NA	NA	NA	NA	NA	NA	NA	NA	NA	NA	NA	NA	NA	NA	NA	NA	NA	NA	NA	NA	NA	NA	NA	NA	NA	NA	NA	NA	NA	NA	NA	NA	NA	NA	NA	NA	NA	NA	NA	NA	NA	NA	NA	NA	NA	NA	NA	Female	NA	NA	NA	NA	NA	NA	NA	NA	NA	NA	NA	NA	NA	NA	NA	NA	NA	NA	0.7134	G3	NA	NA	NA	NA	NA	NA	NA	NA	NA	0	0:LIVING	NA	NA	NA	NA	NA	NA	NA	1988	NA	NA	NA	NA	NA	0	NA	NA	NA	NA	NA	NA	2/3/12	NA	NA	NA	NA	NA	No	NA	NA	NA	C54.1	8380/3	C54.1	Yes	NA	NA	NA	NA	NA	NA	NA	NA	NA	NA	NA	NA	NA	NA	NA	NA	NA	NA	A033FBEA-7CD0-4E65-94C4-B54F2F80B895	NA	NA	NA	NA	NA	NA	NA	NA	NA	NA	NA	NA	NA	NA	NA	NA	NA	NA	NA	NA	NA	NA	NA	NA	NA	NA	Gynecologic Oncology Group	NA	NA	NA	NA	113	NA	-6	-22752	NA	NA	NA	NA	NA	NA	NA	NA	NA	NA	NA	NA	NA	19	25	UCEC	0	0:ALIVE OR DEAD TUMOR FREE	EUR	Yes	0.3357	2.15	NA	0	0:CENSORED	NA	No	NA	12	UCEC_CN_LOW	237	No	Yes	AX	Uterus	Endometrioid Endometrial Adenocarcinoma	30	NA	NA	NA	NA	NA	NA	NA	NA	NA	NA	NA	NA	NA	NA	NA
ucec_tcga_pan_can_atlas_2018	TCGA-AX-A3FW	TCGA-AX-A3FW-01	Endometrial Cancer	Uterine Endometrioid Carcinoma	Not Hispanic Or Latino	NA	NA	NA	42	UEC	White	1	Primary	Matched	1.433333333	NA	NA	NA	NA	NA	NA	66	NA	NA	NA	NA	NA	NA	NA	NA	NA	NA	NA	NA	NA	NA	NA	NA	NA	NA	NA	NA	NA	NA	NA	NA	NA	NA	NA	NA	NA	NA	NA	NA	NA	NA	NA	NA	NA	NA	NA	NA	NA	NA	NA	NA	NA	NA	NA	NA	NA	NA	NA	NA	NA	NA	NA	NA	NA	NA	NA	NA	NA	NA	NA	NA	NA	NA	NA	NA	NA	NA	NA	NA	NA	NA	NA	NA	NA	NA	NA	NA	NA	NA	NA	NA	NA	NA	NA	NA	NA	NA	NA	NA	NA	NA	NA	NA	NA	NA	NA	NA	NA	NA	NA	NA	NA	NA	NA	NA	NA	NA	NA	NA	NA	NA	NA	NA	NA	NA	NA	NA	NA	NA	NA	NA	NA	NA	NA	NA	NA	NA	NA	NA	NA	NA	NA	NA	NA	NA	NA	Female	NA	NA	NA	NA	NA	NA	NA	NA	NA	NA	NA	NA	NA	NA	NA	NA	NA	NA	0.1587	G3	NA	NA	NA	NA	NA	NA	NA	NA	NA	0.558897985	0:LIVING	NA	NA	NA	NA	NA	NA	NA	1988	NA	NA	NA	NA	NA	0	NA	NA	NA	NA	NA	NA	2/3/12	NA	NA	NA	NA	NA	No	NA	NA	NA	C54.1	8380/3	C54.1	Yes	NA	NA	NA	NA	NA	NA	NA	NA	NA	NA	NA	NA	NA	NA	NA	NA	NA	NA	3052065A-B8B1-48D3-971D-9D605292249C	NA	NA	NA	NA	NA	NA	NA	NA	NA	NA	NA	NA	NA	NA	NA	NA	NA	NA	NA	NA	NA	NA	NA	NA	NA	NA	Gynecologic Oncology Group	NA	NA	NA	NA	84	NA	17	-24419	NA	NA	NA	NA	NA	NA	NA	NA	NA	NA	NA	NA	NA	3	13	UCEC	0.558897985	0:ALIVE OR DEAD TUMOR FREE	EUR	Yes	0.3134	0.33	NA	0.558897985	0:CENSORED	NA	No	NA	10	UCEC_CN_HIGH	281	No	Yes	AX	Uterus	Endometrioid Endometrial Adenocarcinoma	8	NA	NA	NA	NA	NA	NA	NA	NA	NA	NA	NA	NA	NA	NA	NA
ucec_tcga_pan_can_atlas_2018	TCGA-AX-A3FX	TCGA-AX-A3FX-01	Endometrial Cancer	Uterine Endometrioid Carcinoma	Not Hispanic Or Latino	NA	NA	NA	58	UEC	White	1	Primary	Matched	1.866666667	NA	NA	NA	NA	NA	NA	69	NA	NA	NA	NA	NA	NA	NA	NA	NA	NA	NA	NA	NA	NA	NA	NA	NA	NA	NA	NA	NA	NA	NA	NA	NA	NA	NA	NA	NA	NA	NA	NA	NA	NA	NA	NA	NA	NA	NA	NA	NA	NA	NA	NA	NA	NA	NA	NA	NA	NA	NA	NA	NA	NA	NA	NA	NA	NA	NA	NA	NA	NA	NA	NA	NA	NA	NA	NA	NA	NA	NA	NA	NA	NA	NA	NA	NA	NA	NA	NA	NA	NA	NA	NA	NA	NA	NA	NA	NA	NA	NA	NA	NA	NA	NA	NA	NA	NA	NA	NA	NA	NA	NA	NA	NA	NA	NA	NA	NA	NA	NA	NA	NA	NA	NA	NA	NA	NA	NA	NA	NA	NA	NA	NA	NA	NA	NA	NA	NA	NA	NA	NA	NA	NA	NA	NA	NA	NA	NA	Female	NA	NA	NA	NA	NA	NA	NA	NA	NA	NA	NA	NA	NA	NA	NA	NA	NA	NA	0.2339	G3	NA	NA	NA	NA	NA	NA	NA	NA	NA	43.82417727	1:DECEASED	NA	NA	NA	NA	NA	NA	NA	1988	NA	NA	NA	NA	NA	0	NA	NA	NA	NA	NA	NA	2/3/12	NA	NA	NA	NA	NA	No	NA	NA	NA	C54.1	8380/3	C54.1	Yes	NA	NA	NA	NA	NA	NA	NA	NA	NA	NA	NA	NA	NA	NA	NA	Yes	NA	NA	6F45A2E9-1CA5-438C-B06F-1CD8EB845465	NA	NA	NA	NA	NA	NA	NA	NA	NA	NA	NA	NA	NA	NA	NA	NA	NA	NA	NA	NA	NA	NA	NA	NA	NA	NA	Gynecologic Oncology Group	NA	NA	NA	NA	85	NA	4	-25260	NA	NA	NA	NA	NA	NA	NA	NA	NA	NA	NA	NA	NA	5	19	UCEC	43.82417727	NA	EUR	Yes	0.2922	0.11	NA	30.83801821	1:PROGRESSION	NA	No	No	12	UCEC_CN_HIGH	483	No	Yes	AX	Uterus	Endometrioid Endometrial Adenocarcinoma	18	NA	NA	NA	NA	NA	NA	NA	NA	NA	NA	NA	NA	NA	NA	NA
ucec_tcga_pan_can_atlas_2018	TCGA-AX-A3FZ	TCGA-AX-A3FZ-01	Endometrial Cancer	Uterine Endometrioid Carcinoma	Not Hispanic Or Latino	NA	NA	NA	40	UEC	White	1	Primary	Matched	1.333333333	NA	NA	NA	NA	NA	NA	33	NA	NA	NA	NA	NA	NA	NA	NA	NA	NA	NA	NA	NA	NA	NA	NA	NA	NA	NA	NA	NA	NA	NA	NA	NA	NA	NA	NA	NA	NA	NA	NA	NA	NA	NA	NA	NA	NA	NA	NA	NA	NA	NA	NA	NA	NA	NA	NA	NA	NA	NA	NA	NA	NA	NA	NA	NA	NA	NA	NA	NA	NA	NA	NA	NA	NA	NA	NA	NA	NA	NA	NA	NA	NA	NA	NA	NA	NA	NA	NA	NA	NA	NA	NA	NA	NA	NA	NA	NA	NA	NA	NA	NA	NA	NA	NA	NA	NA	NA	NA	NA	NA	NA	NA	NA	NA	NA	NA	NA	NA	NA	NA	NA	NA	NA	NA	NA	NA	NA	NA	NA	NA	NA	NA	NA	NA	NA	NA	NA	NA	NA	NA	NA	NA	NA	NA	NA	NA	NA	Female	NA	NA	NA	NA	NA	NA	NA	NA	NA	NA	NA	NA	NA	NA	NA	NA	NA	NA	0.3266	G3	NA	NA	NA	NA	NA	NA	NA	NA	NA	0.197258112	0:LIVING	NA	NA	NA	NA	NA	NA	NA	1988	NA	NA	NA	NA	NA	0	NA	NA	NA	NA	NA	NA	2/3/12	NA	NA	NA	NA	NA	No	NA	NA	NA	C54.1	8380/3	C54.1	Yes	NA	NA	NA	NA	NA	NA	NA	NA	NA	NA	NA	NA	NA	NA	NA	NA	NA	NA	5262D82D-FC43-41F4-9B23-C9AC6F237FF0	NA	NA	NA	NA	NA	NA	NA	NA	NA	NA	NA	NA	NA	NA	NA	NA	NA	NA	NA	NA	NA	NA	NA	NA	NA	NA	Gynecologic Oncology Group	NA	NA	NA	NA	113	NA	2	-12331	NA	NA	NA	NA	NA	NA	NA	NA	NA	NA	NA	NA	NA	16	17	UCEC	0.197258112	0:ALIVE OR DEAD TUMOR FREE	EUR	Yes	0.336	1.08	NA	0.197258112	0:CENSORED	NA	No	NA	14	UCEC_CN_HIGH	44	No	Yes	AX	Uterus	Endometrioid Endometrial Adenocarcinoma	20	NA	NA	NA	NA	NA	NA	NA	NA	NA	NA	NA	NA	NA	NA	NA
ucec_tcga_pan_can_atlas_2018	TCGA-AX-A3G1	TCGA-AX-A3G1-01	Endometrial Cancer	Uterine Endometrioid Carcinoma	Not Hispanic Or Latino	NA	NA	NA	57	UEC	White	1	Primary	Matched	1.9	NA	NA	NA	NA	NA	NA	84	NA	NA	NA	NA	NA	NA	NA	NA	NA	NA	NA	NA	NA	NA	NA	NA	NA	NA	NA	NA	NA	NA	NA	NA	NA	NA	NA	NA	NA	NA	NA	NA	NA	NA	NA	NA	NA	NA	NA	NA	NA	NA	NA	NA	NA	NA	NA	NA	NA	NA	NA	NA	NA	NA	NA	NA	NA	NA	NA	NA	NA	NA	NA	NA	NA	NA	NA	NA	NA	NA	NA	NA	NA	NA	NA	NA	NA	NA	NA	NA	NA	NA	NA	NA	NA	NA	NA	NA	NA	NA	NA	NA	NA	NA	NA	NA	NA	NA	NA	NA	NA	NA	NA	NA	NA	NA	NA	NA	NA	NA	NA	NA	NA	NA	NA	NA	NA	NA	NA	NA	NA	NA	NA	NA	NA	NA	NA	NA	NA	NA	NA	NA	NA	NA	NA	NA	NA	NA	NA	Female	NA	NA	NA	NA	NA	NA	NA	NA	NA	NA	NA	NA	NA	NA	NA	NA	NA	NA	0.3476	G3	NA	NA	NA	NA	NA	NA	NA	NA	NA	20.51484367	1:DECEASED	NA	NA	NA	NA	NA	NA	NA	1988	NA	NA	NA	NA	NA	0	NA	NA	NA	NA	NA	NA	2/3/12	NA	NA	NA	NA	NA	No	NA	NA	NA	C54.1	8380/3	C54.1	Yes	NA	NA	NA	NA	NA	NA	NA	NA	NA	NA	NA	NA	NA	NA	NA	No	NA	NA	9CC1B44A-AC26-408D-B12B-084E982CCADF	NA	NA	NA	NA	NA	NA	NA	NA	NA	NA	NA	NA	NA	NA	NA	NA	NA	NA	NA	NA	NA	NA	NA	NA	NA	NA	Gynecologic Oncology Group	NA	NA	NA	NA	61	NA	NA	-31037	NA	NA	NA	NA	NA	NA	NA	NA	NA	NA	NA	NA	NA	12	29	UCEC	20.51484367	NA	EUR	Yes	0.3099	0.31	NA	20.51484367	0:CENSORED	NA	No	No	20	UCEC_CN_HIGH	138	No	Yes	AX	Uterus	Endometrioid Endometrial Adenocarcinoma	16	NA	NA	NA	NA	NA	NA	NA	NA	NA	NA	NA	NA	NA	NA	NA
ucec_tcga_pan_can_atlas_2018	TCGA-AX-A3G4	TCGA-AX-A3G4-01	Endometrial Cancer	Uterine Serous Carcinoma/Uterine Papillary Serous Carcinoma	Not Hispanic Or Latino	NA	NA	NA	35	USC	Native Hawaiian or Other Pacific Islander	1	Primary	Matched	1.166666667	NA	NA	NA	NA	NA	NA	60	NA	NA	NA	NA	NA	NA	NA	NA	NA	NA	NA	NA	NA	NA	NA	NA	NA	NA	NA	NA	NA	NA	NA	NA	NA	NA	NA	NA	NA	NA	NA	NA	NA	NA	NA	NA	NA	NA	NA	NA	NA	NA	NA	NA	NA	NA	NA	NA	NA	NA	NA	NA	NA	NA	NA	NA	NA	NA	NA	NA	NA	NA	NA	NA	NA	NA	NA	NA	NA	NA	NA	NA	NA	NA	NA	NA	NA	NA	NA	NA	NA	NA	NA	NA	NA	NA	NA	NA	NA	NA	NA	NA	NA	NA	NA	NA	NA	NA	NA	NA	NA	NA	NA	NA	NA	NA	NA	NA	NA	NA	NA	NA	NA	NA	NA	NA	NA	NA	NA	NA	NA	NA	NA	NA	NA	NA	NA	NA	NA	NA	NA	NA	NA	NA	NA	NA	NA	NA	NA	Female	NA	NA	NA	NA	NA	NA	NA	NA	NA	NA	NA	NA	NA	NA	NA	NA	NA	NA	0.4534	G3	NA	NA	NA	NA	NA	NA	NA	NA	NA	0.295887168	0:LIVING	NA	NA	NA	NA	NA	NA	NA	1988	NA	NA	NA	NA	NA	0	NA	NA	NA	NA	NA	NA	2/6/12	NA	NA	NA	NA	NA	No	NA	NA	NA	C54.1	8441/3	C54.1	Yes	NA	NA	NA	NA	NA	NA	NA	NA	NA	NA	NA	NA	NA	NA	NA	NA	NA	NA	83F2CD11-0DD7-47A6-B4B3-8212FAAC94BB	NA	NA	NA	NA	NA	NA	NA	NA	NA	NA	NA	NA	NA	NA	NA	NA	NA	NA	NA	NA	NA	NA	NA	NA	NA	NA	Gynecologic Oncology Group	NA	NA	NA	NA	107	NA	9	-22099	NA	NA	NA	NA	NA	NA	NA	NA	NA	NA	NA	NA	NA	13	15	UCEC	0.295887168	0:ALIVE OR DEAD TUMOR FREE	NA	Yes	0.3004	0.39	NA	0.295887168	0:CENSORED	NA	No	NA	10	UCEC_CN_HIGH	380	No	Yes	AX	Uterus	Serous Endometrial Adenocarcinoma	28	NA	NA	NA	NA	NA	NA	NA	NA	NA	NA	NA	NA	NA	NA	NA
ucec_tcga_pan_can_atlas_2018	TCGA-AX-A3G6	TCGA-AX-A3G6-01	Endometrial Cancer	Uterine Serous Carcinoma/Uterine Papillary Serous Carcinoma	Not Hispanic Or Latino	NA	NA	NA	55	USC	White	1	Primary	Matched	1.833333333	NA	NA	NA	NA	NA	NA	67	NA	NA	NA	NA	NA	NA	NA	NA	NA	NA	NA	NA	NA	NA	NA	NA	NA	NA	NA	NA	NA	NA	NA	NA	NA	NA	NA	NA	NA	NA	NA	NA	NA	NA	NA	NA	NA	NA	NA	NA	NA	NA	NA	NA	NA	NA	NA	NA	NA	NA	NA	NA	NA	NA	NA	NA	NA	NA	NA	NA	NA	NA	NA	NA	NA	NA	NA	NA	NA	NA	NA	NA	NA	NA	NA	NA	NA	NA	NA	NA	NA	NA	NA	NA	NA	NA	NA	NA	NA	NA	NA	NA	NA	NA	NA	NA	NA	NA	NA	NA	NA	NA	NA	NA	NA	NA	NA	NA	NA	NA	NA	NA	NA	NA	NA	NA	NA	NA	NA	NA	NA	NA	NA	NA	NA	NA	NA	NA	NA	NA	NA	NA	NA	NA	NA	NA	NA	NA	NA	Female	NA	NA	NA	NA	NA	NA	NA	NA	NA	NA	NA	NA	NA	NA	NA	NA	NA	NA	0.5603	G2	NA	NA	NA	NA	NA	NA	NA	NA	NA	0.263010816	0:LIVING	NA	NA	NA	NA	NA	NA	NA	1988	NA	NA	NA	NA	NA	0	NA	NA	NA	NA	NA	NA	2/6/12	NA	NA	NA	NA	NA	No	NA	NA	NA	C54.1	8441/3	C54.1	Yes	NA	NA	NA	NA	NA	NA	NA	NA	NA	NA	NA	NA	NA	NA	NA	NA	NA	NA	E31DB89C-15AC-45A4-9788-AFB339B0F3BC	NA	NA	NA	NA	NA	NA	NA	NA	NA	NA	NA	NA	NA	NA	NA	NA	NA	NA	NA	NA	NA	NA	NA	NA	NA	NA	Gynecologic Oncology Group	NA	NA	NA	NA	60	NA	8	-24681	NA	NA	NA	NA	NA	NA	NA	NA	NA	NA	NA	NA	NA	21	13	UCEC	0.263010816	0:ALIVE OR DEAD TUMOR FREE	EUR	Yes	0.3125	0.35	NA	0.263010816	0:CENSORED	NA	No	NA	8	UCEC_CN_HIGH	98	No	Yes	AX	Uterus	Serous Endometrial Adenocarcinoma	6	NA	NA	NA	NA	NA	NA	NA	NA	NA	NA	NA	NA	NA	NA	NA
ucec_tcga_pan_can_atlas_2018	TCGA-AX-A3G7	TCGA-AX-A3G7-01	Endometrial Cancer	Uterine Serous Carcinoma/Uterine Papillary Serous Carcinoma	Not Hispanic Or Latino	NA	NA	NA	28	USC	White	1	Primary	Matched	0.933333333	NA	NA	NA	NA	NA	NA	71	NA	NA	NA	NA	NA	NA	NA	NA	NA	NA	NA	NA	NA	NA	NA	NA	NA	NA	NA	NA	NA	NA	NA	NA	NA	NA	NA	NA	NA	NA	NA	NA	NA	NA	NA	NA	NA	NA	NA	NA	NA	NA	NA	NA	NA	NA	NA	NA	NA	NA	NA	NA	NA	NA	NA	NA	NA	NA	NA	NA	NA	NA	NA	NA	NA	NA	NA	NA	NA	NA	NA	NA	NA	NA	NA	NA	NA	NA	NA	NA	NA	NA	NA	NA	NA	NA	NA	NA	NA	NA	NA	NA	NA	NA	NA	NA	NA	NA	NA	NA	NA	NA	NA	NA	NA	NA	NA	NA	NA	NA	NA	NA	NA	NA	NA	NA	NA	NA	NA	NA	NA	NA	NA	NA	NA	NA	NA	NA	NA	NA	NA	NA	NA	NA	NA	NA	NA	NA	NA	Female	NA	NA	NA	NA	NA	NA	NA	NA	NA	NA	NA	NA	NA	NA	NA	NA	NA	NA	0.1583	G3	NA	NA	NA	NA	NA	NA	NA	NA	NA	0.295887168	0:LIVING	NA	NA	NA	NA	NA	NA	NA	1988	NA	NA	NA	NA	NA	0	NA	NA	NA	NA	NA	NA	2/7/12	NA	NA	NA	NA	NA	No	NA	NA	NA	C54.1	8441/3	C54.1	Yes	NA	NA	NA	NA	NA	NA	NA	NA	NA	NA	NA	NA	NA	NA	NA	NA	NA	NA	71ED7D6D-8C44-4D37-A04A-7A78DF21E514	NA	NA	NA	NA	NA	NA	NA	NA	NA	NA	NA	NA	NA	NA	NA	NA	NA	NA	NA	NA	NA	NA	NA	NA	NA	NA	Gynecologic Oncology Group	NA	NA	NA	NA	74	NA	9	-26187	NA	NA	NA	NA	NA	NA	NA	NA	NA	NA	NA	NA	NA	4	5	UCEC	0.295887168	0:ALIVE OR DEAD TUMOR FREE	EUR	Yes	0.3123	0.02	NA	0.295887168	0:CENSORED	NA	No	NA	2	UCEC_CN_HIGH	215	No	Yes	AX	Uterus	Serous Endometrial Adenocarcinoma	-18	NA	NA	NA	NA	NA	NA	NA	NA	NA	NA	NA	NA	NA	NA	NA
ucec_tcga_pan_can_atlas_2018	TCGA-AX-A3G8	TCGA-AX-A3G8-01	Endometrial Cancer	Uterine Endometrioid Carcinoma	NA	NA	NA	NA	781	UEC	White	1	Primary	Matched	26.53333333	NA	NA	NA	NA	NA	NA	76	NA	NA	NA	NA	NA	NA	NA	NA	NA	NA	NA	NA	NA	NA	NA	NA	NA	NA	NA	NA	NA	NA	NA	NA	NA	NA	NA	NA	NA	NA	NA	NA	NA	NA	NA	NA	NA	NA	NA	NA	NA	NA	NA	NA	NA	NA	NA	NA	NA	NA	NA	NA	NA	NA	NA	NA	NA	NA	NA	NA	NA	NA	NA	NA	NA	NA	NA	NA	NA	NA	NA	NA	NA	NA	NA	NA	NA	NA	NA	NA	NA	NA	NA	NA	NA	NA	NA	NA	NA	NA	NA	NA	NA	NA	NA	NA	NA	NA	NA	NA	NA	NA	NA	NA	NA	NA	NA	NA	NA	NA	NA	NA	NA	NA	NA	NA	NA	NA	NA	NA	NA	NA	NA	NA	NA	NA	NA	NA	NA	NA	NA	NA	NA	NA	NA	NA	NA	NA	NA	Female	NA	NA	NA	NA	NA	NA	NA	NA	NA	NA	NA	NA	NA	NA	NA	NA	NA	NA	0.0345	G3	NA	NA	NA	NA	NA	NA	NA	NA	NA	1.183548673	0:LIVING	NA	NA	NA	NA	NA	NA	NA	1988	NA	NA	NA	NA	NA	0	NA	NA	NA	NA	NA	NA	2/7/12	NA	NA	NA	NA	NA	No	NA	NA	NA	C54.1	8380/3	C54.1	Yes	NA	NA	NA	NA	NA	NA	NA	NA	NA	NA	NA	NA	NA	NA	NA	NA	NA	NA	6D3FDB58-FDC0-4937-AD38-3A455225EA51	NA	NA	NA	NA	NA	NA	NA	NA	NA	NA	NA	NA	NA	NA	NA	NA	NA	NA	NA	NA	NA	NA	NA	NA	NA	NA	Gynecologic Oncology Group	NA	NA	NA	NA	62	NA	30	-27899	NA	NA	NA	NA	NA	NA	NA	NA	NA	NA	NA	NA	NA	1	31	UCEC	1.183548673	0:ALIVE OR DEAD TUMOR FREE	EUR	Yes	0.9574	28.31	NA	1.183548673	0:CENSORED	NA	No	NA	14	UCEC_MSI	8	No	Yes	AX	Uterus	Endometrioid Endometrial Adenocarcinoma	26	NA	NA	NA	NA	NA	NA	NA	NA	NA	NA	NA	NA	NA	NA	NA
ucec_tcga_pan_can_atlas_2018	TCGA-AX-A3G9	TCGA-AX-A3G9-01	Endometrial Cancer	Uterine Endometrioid Carcinoma	Not Hispanic Or Latino	NA	NA	NA	658	UEC	White	1	Primary	Matched	21.96666667	NA	NA	NA	NA	NA	NA	63	NA	NA	NA	NA	NA	NA	NA	NA	NA	NA	NA	NA	NA	NA	NA	NA	NA	NA	NA	NA	NA	NA	NA	NA	NA	NA	NA	NA	NA	NA	NA	NA	NA	NA	NA	NA	NA	NA	NA	NA	NA	NA	NA	NA	NA	NA	NA	NA	NA	NA	NA	NA	NA	NA	NA	NA	NA	NA	NA	NA	NA	NA	NA	NA	NA	NA	NA	NA	NA	NA	NA	NA	NA	NA	NA	NA	NA	NA	NA	NA	NA	NA	NA	NA	NA	NA	NA	NA	NA	NA	NA	NA	NA	NA	NA	NA	NA	NA	NA	NA	NA	NA	NA	NA	NA	NA	NA	NA	NA	NA	NA	NA	NA	NA	NA	NA	NA	NA	NA	NA	NA	NA	NA	NA	NA	NA	NA	NA	NA	NA	NA	NA	NA	NA	NA	NA	NA	NA	NA	Female	NA	NA	NA	NA	NA	NA	NA	NA	NA	NA	NA	NA	NA	NA	NA	NA	NA	NA	0.0001	G3	NA	NA	NA	NA	NA	NA	NA	NA	NA	18.34500444	0:LIVING	NA	NA	NA	NA	NA	NA	NA	1988	NA	NA	NA	NA	NA	0	NA	NA	NA	NA	NA	NA	2/7/12	NA	NA	NA	NA	NA	No	NA	NA	NA	C54.1	8380/3	C54.1	Yes	NA	NA	NA	NA	NA	NA	NA	NA	NA	NA	NA	NA	NA	NA	NA	No	NA	NA	F7527B5E-5330-49EA-82CE-F6F2CDCCBADC	NA	NA	NA	NA	NA	NA	NA	NA	NA	NA	NA	NA	NA	NA	NA	NA	NA	NA	NA	NA	NA	NA	NA	NA	NA	NA	Gynecologic Oncology Group	NA	NA	NA	NA	60	NA	558	-23361	NA	NA	NA	NA	NA	NA	NA	NA	NA	NA	NA	NA	NA	0	25	UCEC	18.34500444	0:ALIVE OR DEAD TUMOR FREE	EUR	Yes	1.016	25.12	NA	18.34500444	0:CENSORED	NA	No	Yes	16	UCEC_MSI	1	No	Yes	AX	Uterus	Endometrioid Endometrial Adenocarcinoma	26	NA	NA	NA	NA	NA	NA	NA	NA	NA	NA	NA	NA	NA	NA	NA
ucec_tcga_pan_can_atlas_2018	TCGA-AX-A3GB	TCGA-AX-A3GB-01	Endometrial Cancer	Uterine Endometrioid Carcinoma	Not Hispanic Or Latino	NA	NA	NA	79	UEC	White	1	Primary	Matched	2.666666667	NA	NA	NA	NA	NA	NA	73	NA	NA	NA	NA	NA	NA	NA	NA	NA	NA	NA	NA	NA	NA	NA	NA	NA	NA	NA	NA	NA	NA	NA	NA	NA	NA	NA	NA	NA	NA	NA	NA	NA	NA	NA	NA	NA	NA	NA	NA	NA	NA	NA	NA	NA	NA	NA	NA	NA	NA	NA	NA	NA	NA	NA	NA	NA	NA	NA	NA	NA	NA	NA	NA	NA	NA	NA	NA	NA	NA	NA	NA	NA	NA	NA	NA	NA	NA	NA	NA	NA	NA	NA	NA	NA	NA	NA	NA	NA	NA	NA	NA	NA	NA	NA	NA	NA	NA	NA	NA	NA	NA	NA	NA	NA	NA	NA	NA	NA	NA	NA	NA	NA	NA	NA	NA	NA	NA	NA	NA	NA	NA	NA	NA	NA	NA	NA	NA	NA	NA	NA	NA	NA	NA	NA	NA	NA	NA	NA	Female	NA	NA	NA	NA	NA	NA	NA	NA	NA	NA	NA	NA	NA	NA	NA	NA	NA	NA	0.0345	G3	NA	NA	NA	NA	NA	NA	NA	NA	NA	14.4655949	0:LIVING	NA	NA	NA	NA	NA	NA	NA	1988	NA	NA	NA	NA	NA	0	NA	NA	NA	NA	NA	NA	2/7/12	NA	NA	NA	NA	NA	No	NA	NA	NA	C54.1	8380/3	C54.1	Yes	NA	NA	NA	NA	NA	NA	NA	NA	NA	NA	NA	NA	NA	NA	NA	No	NA	NA	AA3AD7C0-37CF-4337-945E-CEFEEE801BBB	NA	NA	NA	NA	NA	NA	NA	NA	NA	NA	NA	NA	NA	NA	NA	NA	NA	NA	NA	NA	NA	NA	NA	NA	NA	NA	Gynecologic Oncology Group	NA	NA	NA	NA	87	NA	440	-26724	NA	NA	NA	NA	NA	NA	NA	NA	NA	NA	NA	NA	NA	1	-27	UCEC	14.4655949	0:ALIVE OR DEAD TUMOR FREE	EUR	Yes	0.3008	0	NA	14.4655949	0:CENSORED	NA	No	No	-14	UCEC_CN_LOW	7	No	Yes	AX	Uterus	Endometrioid Endometrial Adenocarcinoma	-22	NA	NA	NA	NA	NA	NA	NA	NA	NA	NA	NA	NA	NA	NA	NA
ucec_tcga_pan_can_atlas_2018	TCGA-AX-A3GI	TCGA-AX-A3GI-01	Endometrial Cancer	Uterine Serous Carcinoma/Uterine Papillary Serous Carcinoma	Not Hispanic Or Latino	NA	NA	NA	38	USC	Black or African American	1	Primary	Matched	1.333333333	NA	NA	NA	NA	NA	NA	66	NA	NA	NA	NA	NA	NA	NA	NA	NA	NA	NA	NA	NA	NA	NA	NA	NA	NA	NA	NA	NA	NA	NA	NA	NA	NA	NA	NA	NA	NA	NA	NA	NA	NA	NA	NA	NA	NA	NA	NA	NA	NA	NA	NA	NA	NA	NA	NA	NA	NA	NA	NA	NA	NA	NA	NA	NA	NA	NA	NA	NA	NA	NA	NA	NA	NA	NA	NA	NA	NA	NA	NA	NA	NA	NA	NA	NA	NA	NA	NA	NA	NA	NA	NA	NA	NA	NA	NA	NA	NA	NA	NA	NA	NA	NA	NA	NA	NA	NA	NA	NA	NA	NA	NA	NA	NA	NA	NA	NA	NA	NA	NA	NA	NA	NA	NA	NA	NA	NA	NA	NA	NA	NA	NA	NA	NA	NA	NA	NA	NA	NA	NA	NA	NA	NA	NA	NA	NA	NA	Female	NA	NA	NA	NA	NA	NA	NA	NA	NA	NA	NA	NA	NA	NA	NA	NA	NA	NA	0.7361	G3	NA	NA	NA	NA	NA	NA	NA	NA	NA	0.394516225	0:LIVING	NA	NA	NA	NA	NA	NA	NA	1988	NA	NA	NA	NA	NA	0	NA	NA	NA	NA	NA	NA	2/7/12	NA	NA	NA	NA	NA	No	NA	NA	NA	C54.1	8441/3	C54.1	Yes	NA	NA	NA	NA	NA	NA	NA	NA	NA	NA	NA	NA	NA	NA	NA	NA	NA	NA	E4787C7B-40E7-483C-98C0-38DA03E26B56	NA	NA	NA	NA	NA	NA	NA	NA	NA	NA	NA	NA	NA	NA	NA	NA	NA	NA	NA	NA	NA	NA	NA	NA	NA	NA	Gynecologic Oncology Group	NA	NA	NA	NA	87	NA	12	-24388	NA	NA	NA	NA	NA	NA	NA	NA	NA	NA	NA	NA	NA	14	9	UCEC	0.394516225	0:ALIVE OR DEAD TUMOR FREE	AFR	Yes	0.2908	1.63	NA	0.394516225	0:CENSORED	NA	No	NA	14	UCEC_CN_HIGH	269	No	Yes	AX	Uterus	Serous Endometrial Adenocarcinoma	12	NA	NA	NA	NA	NA	NA	NA	NA	NA	NA	NA	NA	NA	NA	NA
ucec_tcga_pan_can_atlas_2018	TCGA-B5-A0JN	TCGA-B5-A0JN-01	Endometrial Cancer	Uterine Serous Carcinoma/Uterine Papillary Serous Carcinoma	NA	NA	NA	NA	139	USC	Black or African American	1	Primary	Matched	4.7	NA	NA	NA	NA	NA	NA	84	NA	NA	NA	NA	NA	NA	NA	NA	NA	NA	NA	NA	NA	NA	NA	NA	NA	NA	NA	NA	NA	NA	NA	NA	NA	NA	NA	NA	NA	NA	NA	NA	NA	NA	NA	NA	NA	NA	NA	NA	NA	NA	NA	NA	NA	NA	NA	NA	NA	NA	NA	NA	NA	NA	NA	NA	NA	NA	NA	NA	NA	NA	NA	NA	NA	NA	NA	NA	NA	NA	NA	NA	NA	NA	NA	NA	NA	NA	NA	NA	NA	NA	NA	NA	NA	NA	NA	NA	NA	NA	NA	NA	NA	NA	NA	NA	NA	NA	NA	NA	NA	NA	NA	NA	NA	NA	NA	NA	NA	NA	NA	NA	NA	NA	NA	NA	NA	NA	NA	NA	NA	NA	NA	NA	NA	NA	NA	NA	NA	NA	NA	NA	NA	NA	NA	NA	NA	NA	NA	Female	NA	NA	NA	NA	NA	NA	NA	NA	NA	NA	NA	NA	NA	NA	NA	NA	NA	NA	0.5279	G3	NA	NA	NA	NA	NA	NA	NA	NA	NA	80.38268074	0:LIVING	NA	NA	NA	NA	NA	NA	NA	1988	NA	NA	NA	NA	NA	0	NA	NA	NA	NA	NA	NA	2/23/11	NA	NA	NA	NA	NA	Yes	NA	NA	NA	C54.1	8441/3	C54.1	Yes	NA	NA	NA	NA	NA	NA	NA	NA	NA	NA	NA	NA	NA	NA	NA	NA	NA	NA	b60f22ac-a659-4f33-b01d-820e86a9a5c9	NA	NA	NA	NA	NA	NA	NA	NA	NA	NA	NA	NA	NA	NA	NA	NA	NA	NA	NA	NA	NA	NA	NA	NA	NA	NA	Duke	NA	NA	NA	NA	58	NA	2445	-30933	NA	NA	NA	NA	NA	NA	NA	NA	NA	NA	NA	NA	NA	10	23	UCEC	80.38268074	0:ALIVE OR DEAD TUMOR FREE	AFR_ADMIX	Yes	0.3115	0.59	Tumor Free	80.38268074	0:CENSORED	NA	Yes	No	8	UCEC_CN_HIGH	396	No	Yes	B5	Uterus	Serous Endometrial Adenocarcinoma	12	NA	NA	NA	NA	NA	NA	NA	NA	NA	NA	NA	NA	NA	NA	NA
ucec_tcga_pan_can_atlas_2018	TCGA-B5-A0JR	TCGA-B5-A0JR-01	Endometrial Cancer	Uterine Endometrioid Carcinoma	NA	NA	NA	NA	569	UEC	White	1	Primary	Matched	19.1	NA	NA	NA	NA	NA	NA	73	NA	NA	NA	NA	NA	NA	NA	NA	NA	NA	NA	NA	NA	NA	NA	NA	NA	NA	NA	NA	NA	NA	NA	NA	NA	NA	NA	NA	NA	NA	NA	NA	NA	NA	NA	NA	NA	NA	NA	NA	NA	NA	NA	NA	NA	NA	NA	NA	NA	NA	NA	NA	NA	NA	NA	NA	NA	NA	NA	NA	NA	NA	NA	NA	NA	NA	NA	NA	NA	NA	NA	NA	NA	NA	NA	NA	NA	NA	NA	NA	NA	NA	NA	NA	NA	NA	NA	NA	NA	NA	NA	NA	NA	NA	NA	NA	NA	NA	NA	NA	NA	NA	NA	NA	NA	NA	NA	NA	NA	NA	NA	NA	NA	NA	NA	NA	NA	NA	NA	NA	NA	NA	NA	NA	NA	NA	NA	NA	NA	NA	NA	NA	NA	NA	NA	NA	NA	NA	NA	Female	NA	NA	NA	NA	NA	NA	NA	NA	NA	NA	NA	NA	NA	NA	NA	NA	NA	NA	0.1187	G3	NA	NA	NA	NA	NA	NA	NA	NA	NA	56.90896538	0:LIVING	NA	NA	NA	NA	NA	NA	NA	1988	NA	NA	NA	NA	NA	0	NA	56.90896538	0:DiseaseFree	NA	NA	NA	12/7/10	NA	NA	NA	NA	NA	No	NA	NA	NA	C54.1	8380/3	C54.1	Yes	NA	NA	NA	NA	NA	NA	NA	NA	NA	NA	NA	NA	NA	NA	NA	No	NA	NA	a766d113-bc3f-4448-a4e5-f391fb0c0e22	NA	NA	NA	NA	NA	NA	NA	NA	NA	NA	NA	NA	NA	NA	NA	NA	NA	NA	NA	NA	NA	NA	NA	NA	NA	NA	Duke	NA	NA	NA	NA	105	NA	1731	-26814	NA	NA	NA	NA	NA	NA	NA	NA	NA	NA	NA	NA	NA	4	7	UCEC	56.90896538	0:ALIVE OR DEAD TUMOR FREE	EUR	Yes	0.8081	26.39	Tumor Free	56.90896538	0:CENSORED	NA	No	No	14	UCEC_MSI	0	No	Yes	B5	Uterus	Endometrioid Endometrial Adenocarcinoma	0	NA	NA	NA	NA	NA	NA	NA	NA	NA	NA	NA	NA	NA	NA	NA
ucec_tcga_pub	TCGA-B5-A0JS	TCGA-B5-A0JS-01	Endometrial Cancer	Uterine Endometrioid Carcinoma	NA	NA	NA	NA	27	UEC	NA	1	Primary	Matched	0.9	NA	NA	NA	NA	NA	NA	54	NA	NA	NA	NA	NA	NA	NA	NA	NA	NA	NA	NA	NA	NA	NA	NA	NA	NA	NA	NA	NA	NA	NA	NA	NA	NA	NA	NA	NA	NA	NA	NA	NA	NA	NA	NA	NA	NA	NA	NA	NA	NA	NA	NA	NA	NA	NA	NA	NA	NA	NA	NA	NA	NA	NA	NA	NA	NA	NA	NA	NA	NA	NA	NA	NA	NA	NA	NA	NA	NA	NA	NA	NA	NA	NA	NA	NA	NA	NA	NA	NA	NA	NA	NA	NA	NA	NA	NA	NA	NA	NA	NA	NA	NA	NA	NA	NA	NA	NA	NA	NA	NA	NA	NA	NA	NA	NA	NA	NA	NA	NA	NA	NA	NA	NA	NA	NA	NA	NA	NA	NA	NA	NA	NA	NA	NA	NA	NA	NA	NA	NA	NA	NA	NA	NA	NA	NA	NA	NA	Female	NA	NA	NA	NA	NA	NA	NA	NA	NA	NA	NA	NA	NA	NA	NA	NA	NA	NA	0.0195	Grade 1	NA	NA	NA	NA	NA	NA	NA	NA	NA	46.72	0:LIVING	NA	NA	NA	NA	NA	NA	NA	NA	NA	NA	NA	NA	NA	NA	NA	46.71968373	0:DiseaseFree	NA	NA	NA	NA	NA	NA	NA	NA	NA	NA	NA	NA	NA	NA	NA	NA	NA	NA	NA	NA	NA	NA	NA	NA	NA	NA	NA	NA	NA	NA	NA	NA	NA	NA	NA	NA	NA	NA	NA	NA	NA	NA	NA	NA	NA	NA	NA	NA	NA	NA	NA	NA	NA	NA	NA	NA	NA	NA	NA	NA	NA	NA	NA	NA	NA	NA	NA	NA	NA	NA	NA	NA	NA	NA	NA	NA	NA	NA	NA	NA	NA	NA	NA	NA	NA	NA	NA	NA	NA	NA	NA	NA	NA	NA	NA	NA	NA	NA	NA	NA	Copy-number low (Endometriod)	NA	NA	NA	NA	NA	NA	NA	2	Y	Y	Endometrioid	Y	4	6	0.936182815	0	2	MSS	MSS	1_LOW	Y	Stage I
ucec_tcga_pan_can_atlas_2018	TCGA-B5-A0JS	TCGA-B5-A0JS-01	Endometrial Cancer	Uterine Endometrioid Carcinoma	NA	NA	NA	NA	28	UEC	White	1	Primary	Matched	0.933333333	NA	NA	NA	NA	NA	NA	54	NA	NA	NA	NA	NA	NA	NA	NA	NA	NA	NA	NA	NA	NA	NA	NA	NA	NA	NA	NA	NA	NA	NA	NA	NA	NA	NA	NA	NA	NA	NA	NA	NA	NA	NA	NA	NA	NA	NA	NA	NA	NA	NA	NA	NA	NA	NA	NA	NA	NA	NA	NA	NA	NA	NA	NA	NA	NA	NA	NA	NA	NA	NA	NA	NA	NA	NA	NA	NA	NA	NA	NA	NA	NA	NA	NA	NA	NA	NA	NA	NA	NA	NA	NA	NA	NA	NA	NA	NA	NA	NA	NA	NA	NA	NA	NA	NA	NA	NA	NA	NA	NA	NA	NA	NA	NA	NA	NA	NA	NA	NA	NA	NA	NA	NA	NA	NA	NA	NA	NA	NA	NA	NA	NA	NA	NA	NA	NA	NA	NA	NA	NA	NA	NA	NA	NA	NA	NA	NA	Female	NA	NA	NA	NA	NA	NA	NA	NA	NA	NA	NA	NA	NA	NA	NA	NA	NA	NA	0.0195	G1	NA	NA	NA	NA	NA	NA	NA	NA	NA	86.36617681	0:LIVING	NA	NA	NA	NA	NA	NA	NA	1988	NA	NA	NA	NA	NA	0	NA	86.36617681	0:DiseaseFree	NA	NA	NA	12/8/10	NA	NA	NA	NA	NA	No	NA	NA	NA	C54.1	8380/3	C54.1	Yes	NA	NA	NA	NA	NA	NA	NA	NA	NA	NA	NA	NA	NA	NA	NA	No	NA	NA	0da7bbd4-ed8d-474b-b494-cb93c5fa811e	NA	NA	NA	NA	NA	NA	NA	NA	NA	NA	NA	NA	NA	NA	NA	NA	NA	NA	NA	NA	NA	NA	NA	NA	NA	NA	Duke	NA	NA	NA	NA	110	NA	2627	-19995	NA	NA	NA	NA	NA	NA	NA	NA	NA	NA	NA	NA	NA	1	NA	UCEC	86.36617681	0:ALIVE OR DEAD TUMOR FREE	EUR	Yes	0.2933	0.03	Tumor Free	86.36617681	0:CENSORED	NA	No	No	NA	UCEC_CN_LOW	3	No	Yes	B5	Uterus	Endometrioid Endometrial Adenocarcinoma	NA	NA	NA	NA	NA	NA	NA	NA	NA	NA	NA	NA	NA	NA	NA	NA
ucec_tcga_pub	TCGA-B5-A0JT	TCGA-B5-A0JT-01	Endometrial Cancer	Uterine Endometrioid Carcinoma	NA	NA	NA	NA	49	UEC	NA	1	Primary	Matched	1.6	NA	NA	NA	NA	NA	NA	63	NA	NA	NA	NA	NA	NA	NA	NA	NA	NA	NA	NA	NA	NA	NA	NA	NA	NA	NA	NA	NA	NA	NA	NA	NA	NA	NA	NA	NA	NA	NA	NA	NA	NA	NA	NA	NA	NA	NA	NA	NA	NA	NA	NA	NA	NA	NA	NA	NA	NA	NA	NA	NA	NA	NA	NA	NA	NA	NA	NA	NA	NA	NA	NA	NA	NA	NA	NA	NA	NA	NA	NA	NA	NA	NA	NA	NA	NA	NA	NA	NA	NA	NA	NA	NA	NA	NA	NA	NA	NA	NA	NA	NA	NA	NA	NA	NA	NA	NA	NA	NA	NA	NA	NA	NA	NA	NA	NA	NA	NA	NA	NA	NA	NA	NA	NA	NA	NA	NA	NA	NA	NA	NA	NA	NA	NA	NA	NA	NA	NA	NA	NA	NA	NA	NA	NA	NA	NA	NA	Female	NA	NA	NA	NA	NA	NA	NA	NA	NA	NA	NA	NA	NA	NA	NA	NA	NA	NA	0.3758	Grade 1	NA	NA	NA	NA	NA	NA	NA	NA	NA	43.11	0:LIVING	NA	NA	NA	NA	NA	NA	NA	NA	NA	NA	NA	NA	NA	NA	NA	43.10564349	0:DiseaseFree	NA	NA	NA	NA	NA	NA	NA	NA	NA	NA	NA	NA	NA	NA	NA	NA	NA	NA	NA	NA	NA	NA	NA	NA	NA	NA	NA	NA	NA	NA	NA	NA	NA	NA	NA	NA	NA	NA	NA	NA	NA	NA	NA	NA	NA	NA	NA	NA	NA	NA	NA	NA	NA	NA	NA	NA	NA	NA	NA	NA	NA	NA	NA	NA	NA	NA	NA	NA	NA	NA	NA	NA	NA	NA	NA	NA	NA	NA	NA	NA	NA	NA	NA	NA	NA	NA	NA	NA	NA	NA	NA	NA	NA	NA	NA	NA	NA	NA	NA	NA	Copy-number low (Endometriod)	NA	NA	NA	NA	NA	NA	NA	2	Y	Y	Endometrioid	Y	4	2	0.953263868	0	2	MSS	MSS	1_LOW	Y	Stage I
ucec_tcga_pan_can_atlas_2018	TCGA-B5-A0JT	TCGA-B5-A0JT-01	Endometrial Cancer	Uterine Endometrioid Carcinoma	NA	NA	NA	NA	66	UEC	White	1	Primary	Matched	2.166666667	NA	NA	NA	NA	NA	NA	63	NA	NA	NA	NA	NA	NA	NA	NA	NA	NA	NA	NA	NA	NA	NA	NA	NA	NA	NA	NA	NA	NA	NA	NA	NA	NA	NA	NA	NA	NA	NA	NA	NA	NA	NA	NA	NA	NA	NA	NA	NA	NA	NA	NA	NA	NA	NA	NA	NA	NA	NA	NA	NA	NA	NA	NA	NA	NA	NA	NA	NA	NA	NA	NA	NA	NA	NA	NA	NA	NA	NA	NA	NA	NA	NA	NA	NA	NA	NA	NA	NA	NA	NA	NA	NA	NA	NA	NA	NA	NA	NA	NA	NA	NA	NA	NA	NA	NA	NA	NA	NA	NA	NA	NA	NA	NA	NA	NA	NA	NA	NA	NA	NA	NA	NA	NA	NA	NA	NA	NA	NA	NA	NA	NA	NA	NA	NA	NA	NA	NA	NA	NA	NA	NA	NA	NA	NA	NA	NA	Female	NA	NA	NA	NA	NA	NA	NA	NA	NA	NA	NA	NA	NA	NA	NA	NA	NA	NA	0.3758	G1	NA	NA	NA	NA	NA	NA	NA	NA	NA	55.29802413	0:LIVING	NA	NA	NA	NA	NA	NA	NA	1988	NA	NA	NA	NA	NA	0	NA	55.29802413	0:DiseaseFree	NA	NA	NA	1/25/11	NA	NA	NA	NA	NA	No	NA	NA	NA	C54.1	8380/3	C54.1	Yes	NA	NA	NA	NA	NA	NA	NA	NA	NA	NA	NA	NA	NA	NA	NA	No	NA	NA	d5f2bae1-7cd1-49bf-ae41-12d2aa44408e	NA	NA	NA	NA	NA	NA	NA	NA	NA	NA	NA	NA	NA	NA	NA	NA	NA	NA	NA	NA	NA	NA	NA	NA	NA	NA	Duke	NA	NA	NA	NA	119	NA	1682	-23041	NA	NA	NA	NA	NA	NA	NA	NA	NA	NA	NA	NA	NA	13	NA	UCEC	55.29802413	0:ALIVE OR DEAD TUMOR FREE	EUR	Yes	0.2672	0.14	Tumor Free	55.29802413	0:CENSORED	NA	No	No	NA	UCEC_CN_LOW	2	No	Yes	B5	Uterus	Endometrioid Endometrial Adenocarcinoma	NA	NA	NA	NA	NA	NA	NA	NA	NA	NA	NA	NA	NA	NA	NA	NA
ucec_tcga_pan_can_atlas_2018	TCGA-B5-A0JU	TCGA-B5-A0JU-01	Endometrial Cancer	Uterine Endometrioid Carcinoma	NA	NA	NA	NA	407	UEC	Black or African American	1	Primary	Matched	13.63333333	NA	NA	NA	NA	NA	NA	57	NA	NA	NA	NA	NA	NA	NA	NA	NA	NA	NA	NA	NA	NA	NA	NA	NA	NA	NA	NA	NA	NA	NA	NA	NA	NA	NA	NA	NA	NA	NA	NA	NA	NA	NA	NA	NA	NA	NA	NA	NA	NA	NA	NA	NA	NA	NA	NA	NA	NA	NA	NA	NA	NA	NA	NA	NA	NA	NA	NA	NA	NA	NA	NA	NA	NA	NA	NA	NA	NA	NA	NA	NA	NA	NA	NA	NA	NA	NA	NA	NA	NA	NA	NA	NA	NA	NA	NA	NA	NA	NA	NA	NA	NA	NA	NA	NA	NA	NA	NA	NA	NA	NA	NA	NA	NA	NA	NA	NA	NA	NA	NA	NA	NA	NA	NA	NA	NA	NA	NA	NA	NA	NA	NA	NA	NA	NA	NA	NA	NA	NA	NA	NA	NA	NA	NA	NA	NA	NA	Female	NA	NA	NA	NA	NA	NA	NA	NA	NA	NA	NA	NA	NA	NA	NA	NA	NA	NA	0.0000	G2	NA	NA	NA	NA	NA	NA	NA	NA	NA	59.24318638	0:LIVING	NA	NA	NA	NA	NA	NA	NA	1988	NA	NA	NA	NA	NA	0	NA	NA	NA	NA	NA	NA	8/5/11	NA	NA	NA	NA	NA	No	NA	NA	NA	C54.1	8380/3	C54.1	Yes	NA	NA	NA	NA	NA	NA	NA	NA	NA	NA	NA	NA	NA	NA	NA	No	NA	NA	65ef7168-69c6-4910-a141-d7558d0027c9	NA	NA	NA	NA	NA	NA	NA	NA	NA	NA	NA	NA	NA	NA	NA	NA	NA	NA	NA	NA	NA	NA	NA	NA	NA	NA	Duke	NA	NA	NA	NA	137	NA	1802	-21159	NA	NA	NA	NA	NA	NA	NA	NA	NA	NA	NA	NA	NA	0	NA	UCEC	59.24318638	0:ALIVE OR DEAD TUMOR FREE	AFR_ADMIX	Yes	0.8228	20.47	Tumor Free	59.24318638	0:CENSORED	NA	No	No	NA	UCEC_MSI	0	No	Yes	B5	Uterus	Endometrioid Endometrial Adenocarcinoma	NA	NA	NA	NA	NA	NA	NA	NA	NA	NA	NA	NA	NA	NA	NA	NA
ucec_tcga_pan_can_atlas_2018	TCGA-B5-A0JV	TCGA-B5-A0JV-01	Endometrial Cancer	Uterine Endometrioid Carcinoma	NA	NA	NA	NA	346	UEC	Black or African American	1	Primary	Matched	11.53333333	NA	NA	NA	NA	NA	NA	63	NA	NA	NA	NA	NA	NA	NA	NA	NA	NA	NA	NA	NA	NA	NA	NA	NA	NA	NA	NA	NA	NA	NA	NA	NA	NA	NA	NA	NA	NA	NA	NA	NA	NA	NA	NA	NA	NA	NA	NA	NA	NA	NA	NA	NA	NA	NA	NA	NA	NA	NA	NA	NA	NA	NA	NA	NA	NA	NA	NA	NA	NA	NA	NA	NA	NA	NA	NA	NA	NA	NA	NA	NA	NA	NA	NA	NA	NA	NA	NA	NA	NA	NA	NA	NA	NA	NA	NA	NA	NA	NA	NA	NA	NA	NA	NA	NA	NA	NA	NA	NA	NA	NA	NA	NA	NA	NA	NA	NA	NA	NA	NA	NA	NA	NA	NA	NA	NA	NA	NA	NA	NA	NA	NA	NA	NA	NA	NA	NA	NA	NA	NA	NA	NA	NA	NA	NA	NA	NA	Female	NA	NA	NA	NA	NA	NA	NA	NA	NA	NA	NA	NA	NA	NA	NA	NA	NA	NA	0.0359	G2	NA	NA	NA	NA	NA	NA	NA	NA	NA	86.00453694	0:LIVING	NA	NA	NA	NA	NA	NA	NA	1988	NA	NA	NA	NA	NA	0	NA	22.94769372	1:Recurred/Progressed	NA	NA	NA	12/10/10	NA	NA	NA	NA	NA	No	NA	NA	NA	C54.1	8380/3	C54.1	Yes	NA	NA	NA	NA	NA	NA	NA	NA	NA	NA	NA	NA	NA	NA	NA	No	NA	NA	233e947a-d5e2-48e5-a8ce-5da1abb20681	NA	NA	NA	NA	NA	NA	NA	NA	NA	NA	NA	NA	NA	NA	NA	NA	NA	NA	NA	NA	NA	NA	NA	NA	NA	NA	Duke	NA	NA	NA	NA	94	NA	2616	-23295	NA	NA	NA	NA	NA	NA	NA	NA	NA	NA	NA	NA	NA	1	NA	UCEC	86.00453694	0:ALIVE OR DEAD TUMOR FREE	AFR	Yes	0.6077	22.81	Tumor Free	22.94769372	1:PROGRESSION	NA	No	Yes	NA	UCEC_MSI	34	No	Yes	B5	Uterus	Endometrioid Endometrial Adenocarcinoma	NA	NA	NA	NA	NA	NA	NA	NA	NA	NA	NA	NA	NA	NA	NA	NA
ucec_tcga_pan_can_atlas_2018	TCGA-B5-A0JX	TCGA-B5-A0JX-01	Endometrial Cancer	Uterine Endometrioid Carcinoma	NA	NA	NA	NA	65	UEC	White	1	Primary	Matched	2.266666667	NA	NA	NA	NA	NA	NA	62	NA	NA	NA	NA	NA	NA	NA	NA	NA	NA	NA	NA	NA	NA	NA	NA	NA	NA	NA	NA	NA	NA	NA	NA	NA	NA	NA	NA	NA	NA	NA	NA	NA	NA	NA	NA	NA	NA	NA	NA	NA	NA	NA	NA	NA	NA	NA	NA	NA	NA	NA	NA	NA	NA	NA	NA	NA	NA	NA	NA	NA	NA	NA	NA	NA	NA	NA	NA	NA	NA	NA	NA	NA	NA	NA	NA	NA	NA	NA	NA	NA	NA	NA	NA	NA	NA	NA	NA	NA	NA	NA	NA	NA	NA	NA	NA	NA	NA	NA	NA	NA	NA	NA	NA	NA	NA	NA	NA	NA	NA	NA	NA	NA	NA	NA	NA	NA	NA	NA	NA	NA	NA	NA	NA	NA	NA	NA	NA	NA	NA	NA	NA	NA	NA	NA	NA	NA	NA	NA	Female	NA	NA	NA	NA	NA	NA	NA	NA	NA	NA	NA	NA	NA	NA	NA	NA	NA	NA	0.1203	G3	NA	NA	NA	NA	NA	NA	NA	NA	NA	58.7500411	0:LIVING	NA	NA	NA	NA	NA	NA	NA	1988	NA	NA	NA	NA	NA	0	NA	58.7500411	0:DiseaseFree	NA	NA	NA	8/5/11	NA	NA	NA	NA	NA	No	NA	NA	NA	C54.1	8380/3	C54.1	Yes	NA	NA	NA	NA	NA	NA	NA	NA	NA	NA	NA	NA	NA	NA	NA	No	NA	NA	586d7b3f-67a8-4a22-862f-cf50de3c1598	NA	NA	NA	NA	NA	NA	NA	NA	NA	NA	NA	NA	NA	NA	NA	NA	NA	NA	NA	NA	NA	NA	NA	NA	NA	NA	Duke	NA	NA	NA	NA	113	NA	1787	-22834	NA	NA	NA	NA	NA	NA	NA	NA	NA	NA	NA	NA	NA	1	NA	UCEC	58.7500411	0:ALIVE OR DEAD TUMOR FREE	EUR	Yes	0.2686	0.26	Tumor Free	58.7500411	0:CENSORED	NA	No	No	NA	UCEC_CN_LOW	17	No	Yes	B5	Uterus	Endometrioid Endometrial Adenocarcinoma	NA	NA	NA	NA	NA	NA	NA	NA	NA	NA	NA	NA	NA	NA	NA	NA
ucec_tcga_pan_can_atlas_2018	TCGA-B5-A0JZ	TCGA-B5-A0JZ-01	Endometrial Cancer	Uterine Endometrioid Carcinoma	NA	NA	NA	NA	499	UEC	White	1	Primary	Matched	16.7	NA	NA	NA	NA	NA	NA	60	NA	NA	NA	NA	NA	NA	NA	NA	NA	NA	NA	NA	NA	NA	NA	NA	NA	NA	NA	NA	NA	NA	NA	NA	NA	NA	NA	NA	NA	NA	NA	NA	NA	NA	NA	NA	NA	NA	NA	NA	NA	NA	NA	NA	NA	NA	NA	NA	NA	NA	NA	NA	NA	NA	NA	NA	NA	NA	NA	NA	NA	NA	NA	NA	NA	NA	NA	NA	NA	NA	NA	NA	NA	NA	NA	NA	NA	NA	NA	NA	NA	NA	NA	NA	NA	NA	NA	NA	NA	NA	NA	NA	NA	NA	NA	NA	NA	NA	NA	NA	NA	NA	NA	NA	NA	NA	NA	NA	NA	NA	NA	NA	NA	NA	NA	NA	NA	NA	NA	NA	NA	NA	NA	NA	NA	NA	NA	NA	NA	NA	NA	NA	NA	NA	NA	NA	NA	NA	NA	Female	NA	NA	NA	NA	NA	NA	NA	NA	NA	NA	NA	NA	NA	NA	NA	NA	NA	NA	0.0001	G3	NA	NA	NA	NA	NA	NA	NA	NA	NA	71.44031298	0:LIVING	NA	NA	NA	NA	NA	NA	NA	1988	NA	NA	NA	NA	NA	0	NA	NA	NA	NA	NA	NA	1/5/11	NA	NA	NA	NA	NA	No	NA	NA	NA	C54.1	8380/3	C54.1	Yes	NA	NA	NA	NA	NA	NA	NA	NA	NA	NA	NA	NA	NA	NA	NA	No	NA	NA	d129ebb4-db21-4342-8d9b-318a67aefa56	NA	NA	NA	NA	NA	NA	NA	NA	NA	NA	NA	NA	NA	NA	NA	NA	NA	NA	NA	NA	NA	NA	NA	NA	NA	NA	Duke	NA	NA	NA	NA	87	NA	2173	-22106	NA	NA	NA	NA	NA	NA	NA	NA	NA	NA	NA	NA	NA	0	NA	UCEC	71.44031298	0:ALIVE OR DEAD TUMOR FREE	EUR	Yes	0.7918	28.87	Tumor Free	11.70398133	1:PROGRESSION	NA	No	Yes	NA	UCEC_MSI	1	No	Yes	B5	Uterus	Endometrioid Endometrial Adenocarcinoma	NA	NA	NA	NA	NA	NA	NA	NA	NA	NA	NA	NA	NA	NA	NA	NA
ucec_tcga_pan_can_atlas_2018	TCGA-B5-A0K0	TCGA-B5-A0K0-01	Endometrial Cancer	Uterine Endometrioid Carcinoma	NA	NA	NA	NA	20	UEC	White	1	Primary	Matched	0.666666667	NA	NA	NA	NA	NA	NA	48	NA	NA	NA	NA	NA	NA	NA	NA	NA	NA	NA	NA	NA	NA	NA	NA	NA	NA	NA	NA	NA	NA	NA	NA	NA	NA	NA	NA	NA	NA	NA	NA	NA	NA	NA	NA	NA	NA	NA	NA	NA	NA	NA	NA	NA	NA	NA	NA	NA	NA	NA	NA	NA	NA	NA	NA	NA	NA	NA	NA	NA	NA	NA	NA	NA	NA	NA	NA	NA	NA	NA	NA	NA	NA	NA	NA	NA	NA	NA	NA	NA	NA	NA	NA	NA	NA	NA	NA	NA	NA	NA	NA	NA	NA	NA	NA	NA	NA	NA	NA	NA	NA	NA	NA	NA	NA	NA	NA	NA	NA	NA	NA	NA	NA	NA	NA	NA	NA	NA	NA	NA	NA	NA	NA	NA	NA	NA	NA	NA	NA	NA	NA	NA	NA	NA	NA	NA	NA	NA	Female	NA	NA	NA	NA	NA	NA	NA	NA	NA	NA	NA	NA	NA	NA	NA	NA	NA	NA	0.0888	G1	NA	NA	NA	NA	NA	NA	NA	NA	NA	48.59124832	0:LIVING	NA	NA	NA	NA	NA	NA	NA	1988	NA	NA	NA	NA	NA	0	NA	48.59124832	0:DiseaseFree	NA	NA	NA	1/5/11	NA	NA	NA	NA	NA	No	NA	NA	NA	C54.1	8380/3	C54.1	Yes	NA	NA	NA	NA	NA	NA	NA	NA	NA	NA	NA	NA	NA	NA	NA	No	NA	NA	29c8f468-5ac1-4d6c-8376-e36e6d246926	NA	NA	NA	NA	NA	NA	NA	NA	NA	NA	NA	NA	NA	NA	NA	NA	NA	NA	NA	NA	NA	NA	NA	NA	NA	NA	Duke	NA	NA	NA	NA	140	NA	1478	-17810	NA	NA	NA	NA	NA	NA	NA	NA	NA	NA	NA	NA	NA	3	NA	UCEC	48.59124832	0:ALIVE OR DEAD TUMOR FREE	EUR	Yes	0.2477	0.02	Tumor Free	48.59124832	0:CENSORED	NA	No	No	NA	UCEC_CN_LOW	0	No	Yes	B5	Uterus	Endometrioid Endometrial Adenocarcinoma	NA	NA	NA	NA	NA	NA	NA	NA	NA	NA	NA	NA	NA	NA	NA	NA
ucec_tcga_pub	TCGA-B5-A0K0	TCGA-B5-A0K0-01	Endometrial Cancer	Uterine Endometrioid Carcinoma	NA	NA	NA	NA	20	UEC	NA	1	Primary	Matched	0.7	NA	NA	NA	NA	NA	NA	48	NA	NA	NA	NA	NA	NA	NA	NA	NA	NA	NA	NA	NA	NA	NA	NA	NA	NA	NA	NA	NA	NA	NA	NA	NA	NA	NA	NA	NA	NA	NA	NA	NA	NA	NA	NA	NA	NA	NA	NA	NA	NA	NA	NA	NA	NA	NA	NA	NA	NA	NA	NA	NA	NA	NA	NA	NA	NA	NA	NA	NA	NA	NA	NA	NA	NA	NA	NA	NA	NA	NA	NA	NA	NA	NA	NA	NA	NA	NA	NA	NA	NA	NA	NA	NA	NA	NA	NA	NA	NA	NA	NA	NA	NA	NA	NA	NA	NA	NA	NA	NA	NA	NA	NA	NA	NA	NA	NA	NA	NA	NA	NA	NA	NA	NA	NA	NA	NA	NA	NA	NA	NA	NA	NA	NA	NA	NA	NA	NA	NA	NA	NA	NA	NA	NA	NA	NA	NA	NA	Female	NA	NA	NA	NA	NA	NA	NA	NA	NA	NA	NA	NA	NA	NA	NA	NA	NA	NA	0.0888	Grade 1	NA	NA	NA	NA	NA	NA	NA	NA	NA	28.32	0:LIVING	NA	NA	NA	NA	NA	NA	NA	NA	NA	NA	NA	NA	NA	NA	NA	28.32093345	0:DiseaseFree	NA	NA	NA	NA	NA	NA	NA	NA	NA	NA	NA	NA	NA	NA	NA	NA	NA	NA	NA	NA	NA	NA	NA	NA	NA	NA	NA	NA	NA	NA	NA	NA	NA	NA	NA	NA	NA	NA	NA	NA	NA	NA	NA	NA	NA	NA	NA	NA	NA	NA	NA	NA	NA	NA	NA	NA	NA	NA	NA	NA	NA	NA	NA	NA	NA	NA	NA	NA	NA	NA	NA	NA	NA	NA	NA	NA	NA	NA	NA	NA	NA	NA	NA	NA	NA	NA	NA	NA	NA	NA	NA	NA	NA	NA	NA	NA	NA	NA	NA	NA	Copy-number low (Endometriod)	NA	NA	NA	NA	NA	NA	NA	3	Y	Y	Endometrioid	Y	3	5	0.890025216	0	2	MSS	MSS	1_LOW	Y	Stage I
ucec_tcga_pub	TCGA-B5-A0K1	TCGA-B5-A0K1-01	Endometrial Cancer	Uterine Endometrioid Carcinoma	NA	NA	NA	NA	39	UEC	NA	1	Primary	Matched	1.3	NA	NA	NA	NA	NA	NA	69	NA	NA	NA	NA	NA	NA	NA	NA	NA	NA	NA	NA	NA	NA	NA	NA	NA	NA	NA	NA	NA	NA	NA	NA	NA	NA	NA	NA	NA	NA	NA	NA	NA	NA	NA	NA	NA	NA	NA	NA	NA	NA	NA	NA	NA	NA	NA	NA	NA	NA	NA	NA	NA	NA	NA	NA	NA	NA	NA	NA	NA	NA	NA	NA	NA	NA	NA	NA	NA	NA	NA	NA	NA	NA	NA	NA	NA	NA	NA	NA	NA	NA	NA	NA	NA	NA	NA	NA	NA	NA	NA	NA	NA	NA	NA	NA	NA	NA	NA	NA	NA	NA	NA	NA	NA	NA	NA	NA	NA	NA	NA	NA	NA	NA	NA	NA	NA	NA	NA	NA	NA	NA	NA	NA	NA	NA	NA	NA	NA	NA	NA	NA	NA	NA	NA	NA	NA	NA	NA	Female	NA	NA	NA	NA	NA	NA	NA	NA	NA	NA	NA	NA	NA	NA	NA	NA	NA	NA	0.0000	Grade 1	NA	NA	NA	NA	NA	NA	NA	NA	NA	30.49	0:LIVING	NA	NA	NA	NA	NA	NA	NA	NA	NA	NA	NA	NA	NA	NA	NA	30.48935759	0:DiseaseFree	NA	NA	NA	NA	NA	NA	NA	NA	NA	NA	NA	NA	NA	NA	NA	NA	NA	NA	NA	NA	NA	NA	NA	NA	NA	NA	NA	NA	NA	NA	NA	NA	NA	NA	NA	NA	NA	NA	NA	NA	NA	NA	NA	NA	NA	NA	NA	NA	NA	NA	NA	NA	NA	NA	NA	NA	NA	NA	NA	NA	NA	NA	NA	NA	NA	NA	NA	NA	NA	NA	NA	NA	NA	NA	NA	NA	NA	NA	NA	NA	NA	NA	NA	NA	NA	NA	NA	NA	NA	NA	NA	NA	NA	NA	NA	NA	NA	NA	NA	NA	Copy-number low (Endometriod)	NA	NA	NA	NA	NA	NA	NA	1	Y	Y	Endometrioid	Y	4	6	0.936182815	0	2	MSS	MSS	1_LOW	Y	Stage I
ucec_tcga_pan_can_atlas_2018	TCGA-B5-A0K1	TCGA-B5-A0K1-01	Endometrial Cancer	Uterine Endometrioid Carcinoma	NA	NA	NA	NA	42	UEC	White	1	Primary	Matched	1.4	NA	NA	NA	NA	NA	NA	69	NA	NA	NA	NA	NA	NA	NA	NA	NA	NA	NA	NA	NA	NA	NA	NA	NA	NA	NA	NA	NA	NA	NA	NA	NA	NA	NA	NA	NA	NA	NA	NA	NA	NA	NA	NA	NA	NA	NA	NA	NA	NA	NA	NA	NA	NA	NA	NA	NA	NA	NA	NA	NA	NA	NA	NA	NA	NA	NA	NA	NA	NA	NA	NA	NA	NA	NA	NA	NA	NA	NA	NA	NA	NA	NA	NA	NA	NA	NA	NA	NA	NA	NA	NA	NA	NA	NA	NA	NA	NA	NA	NA	NA	NA	NA	NA	NA	NA	NA	NA	NA	NA	NA	NA	NA	NA	NA	NA	NA	NA	NA	NA	NA	NA	NA	NA	NA	NA	NA	NA	NA	NA	NA	NA	NA	NA	NA	NA	NA	NA	NA	NA	NA	NA	NA	NA	NA	NA	NA	Female	NA	NA	NA	NA	NA	NA	NA	NA	NA	NA	NA	NA	NA	NA	NA	NA	NA	NA	0.0000	G1	NA	NA	NA	NA	NA	NA	NA	NA	NA	36.49275076	0:LIVING	NA	NA	NA	NA	NA	NA	NA	1988	NA	NA	NA	NA	NA	0	NA	36.49275076	0:DiseaseFree	NA	NA	NA	1/5/11	NA	NA	NA	NA	NA	No	NA	NA	NA	C54.1	8380/3	C54.1	Yes	NA	NA	NA	NA	NA	NA	NA	NA	NA	NA	NA	NA	NA	NA	NA	No	NA	NA	40a3ed98-3892-449c-b07e-7b7612bd997e	NA	NA	NA	NA	NA	NA	NA	NA	NA	NA	NA	NA	NA	NA	NA	NA	NA	NA	NA	NA	NA	NA	NA	NA	NA	NA	Duke	NA	NA	NA	NA	117	NA	1110	-25291	NA	NA	NA	NA	NA	NA	NA	NA	NA	NA	NA	NA	NA	0	NA	UCEC	36.49275076	0:ALIVE OR DEAD TUMOR FREE	EUR	Yes	0.2459	0.06	Tumor Free	36.49275076	0:CENSORED	NA	No	No	NA	UCEC_CN_LOW	2	No	Yes	B5	Uterus	Endometrioid Endometrial Adenocarcinoma	NA	NA	NA	NA	NA	NA	NA	NA	NA	NA	NA	NA	NA	NA	NA	NA
ucec_tcga_pan_can_atlas_2018	TCGA-B5-A0K2	TCGA-B5-A0K2-01	Endometrial Cancer	Uterine Endometrioid Carcinoma	NA	NA	NA	NA	301	UEC	White	1	Primary	Matched	10	NA	NA	NA	NA	NA	NA	54	NA	NA	NA	NA	NA	NA	NA	NA	NA	NA	NA	NA	NA	NA	NA	NA	NA	NA	NA	NA	NA	NA	NA	NA	NA	NA	NA	NA	NA	NA	NA	NA	NA	NA	NA	NA	NA	NA	NA	NA	NA	NA	NA	NA	NA	NA	NA	NA	NA	NA	NA	NA	NA	NA	NA	NA	NA	NA	NA	NA	NA	NA	NA	NA	NA	NA	NA	NA	NA	NA	NA	NA	NA	NA	NA	NA	NA	NA	NA	NA	NA	NA	NA	NA	NA	NA	NA	NA	NA	NA	NA	NA	NA	NA	NA	NA	NA	NA	NA	NA	NA	NA	NA	NA	NA	NA	NA	NA	NA	NA	NA	NA	NA	NA	NA	NA	NA	NA	NA	NA	NA	NA	NA	NA	NA	NA	NA	NA	NA	NA	NA	NA	NA	NA	NA	NA	NA	NA	NA	Female	NA	NA	NA	NA	NA	NA	NA	NA	NA	NA	NA	NA	NA	NA	NA	NA	NA	NA	0.0004	G1	NA	NA	NA	NA	NA	NA	NA	NA	NA	72.62386166	0:LIVING	NA	NA	NA	NA	NA	NA	NA	1988	NA	NA	NA	NA	NA	0	NA	72.62386166	0:DiseaseFree	NA	NA	NA	1/5/11	NA	NA	NA	NA	NA	No	NA	NA	NA	C54.1	8380/3	C54.1	Yes	NA	NA	NA	NA	NA	NA	NA	NA	NA	NA	NA	NA	NA	NA	NA	No	NA	NA	a8079ea5-c37b-4f77-aca0-b043bf420675	NA	NA	NA	NA	NA	NA	NA	NA	NA	NA	NA	NA	NA	NA	NA	NA	NA	NA	NA	NA	NA	NA	NA	NA	NA	NA	Duke	NA	NA	NA	NA	84	NA	2209	-20080	NA	NA	NA	NA	NA	NA	NA	NA	NA	NA	NA	NA	NA	0	NA	UCEC	72.62386166	0:ALIVE OR DEAD TUMOR FREE	EUR	Yes	0.522	10.65	Tumor Free	72.62386166	0:CENSORED	NA	No	No	NA	UCEC_MSI	6	No	Yes	B5	Uterus	Endometrioid Endometrial Adenocarcinoma	NA	NA	NA	NA	NA	NA	NA	NA	NA	NA	NA	NA	NA	NA	NA	NA
ucec_tcga_pan_can_atlas_2018	TCGA-B5-A0K3	TCGA-B5-A0K3-01	Endometrial Cancer	Uterine Endometrioid Carcinoma	NA	NA	NA	NA	53	UEC	Black or African American	1	Primary	Matched	1.833333333	NA	NA	NA	NA	NA	NA	62	NA	NA	NA	NA	NA	NA	NA	NA	NA	NA	NA	NA	NA	NA	NA	NA	NA	NA	NA	NA	NA	NA	NA	NA	NA	NA	NA	NA	NA	NA	NA	NA	NA	NA	NA	NA	NA	NA	NA	NA	NA	NA	NA	NA	NA	NA	NA	NA	NA	NA	NA	NA	NA	NA	NA	NA	NA	NA	NA	NA	NA	NA	NA	NA	NA	NA	NA	NA	NA	NA	NA	NA	NA	NA	NA	NA	NA	NA	NA	NA	NA	NA	NA	NA	NA	NA	NA	NA	NA	NA	NA	NA	NA	NA	NA	NA	NA	NA	NA	NA	NA	NA	NA	NA	NA	NA	NA	NA	NA	NA	NA	NA	NA	NA	NA	NA	NA	NA	NA	NA	NA	NA	NA	NA	NA	NA	NA	NA	NA	NA	NA	NA	NA	NA	NA	NA	NA	NA	NA	Female	NA	NA	NA	NA	NA	NA	NA	NA	NA	NA	NA	NA	NA	NA	NA	NA	NA	NA	0.2142	G3	NA	NA	NA	NA	NA	NA	NA	NA	NA	27.28737219	1:DECEASED	NA	NA	NA	NA	NA	NA	NA	2009	NA	NA	NA	NA	NA	0	NA	NA	NA	NA	NA	NA	1/5/11	NA	NA	NA	NA	NA	No	NA	NA	NA	C54.1	8380/3	C54.1	Yes	NA	NA	NA	NA	NA	NA	NA	NA	NA	NA	NA	NA	NA	NA	NA	Yes	NA	NA	79ecc142-8f6e-4260-a7ce-c8e2a6212c35	NA	NA	NA	NA	NA	NA	NA	NA	NA	NA	NA	NA	NA	NA	NA	NA	NA	NA	NA	NA	NA	NA	NA	NA	NA	NA	Duke	NA	NA	NA	NA	88	NA	700	-22664	NA	NA	NA	NA	NA	NA	NA	NA	NA	NA	NA	NA	NA	5	NA	UCEC	27.28737219	1:DEAD WITH TUMOR	AFR_ADMIX	Yes	0.2639	0.55	With Tumor	8.416346122	1:PROGRESSION	NA	No	No	NA	UCEC_CN_HIGH	397	No	Yes	B5	Uterus	Endometrioid Endometrial Adenocarcinoma	NA	NA	NA	NA	NA	NA	NA	NA	NA	NA	NA	NA	NA	NA	NA	NA
ucec_tcga_pan_can_atlas_2018	TCGA-B5-A0K4	TCGA-B5-A0K4-01	Endometrial Cancer	Uterine Endometrioid Carcinoma	NA	NA	NA	NA	49	UEC	NA	1	Primary	Matched	1.666666667	NA	NA	NA	NA	NA	NA	51	NA	NA	NA	NA	NA	NA	NA	NA	NA	NA	NA	NA	NA	NA	NA	NA	NA	NA	NA	NA	NA	NA	NA	NA	NA	NA	NA	NA	NA	NA	NA	NA	NA	NA	NA	NA	NA	NA	NA	NA	NA	NA	NA	NA	NA	NA	NA	NA	NA	NA	NA	NA	NA	NA	NA	NA	NA	NA	NA	NA	NA	NA	NA	NA	NA	NA	NA	NA	NA	NA	NA	NA	NA	NA	NA	NA	NA	NA	NA	NA	NA	NA	NA	NA	NA	NA	NA	NA	NA	NA	NA	NA	NA	NA	NA	NA	NA	NA	NA	NA	NA	NA	NA	NA	NA	NA	NA	NA	NA	NA	NA	NA	NA	NA	NA	NA	NA	NA	NA	NA	NA	NA	NA	NA	NA	NA	NA	NA	NA	NA	NA	NA	NA	NA	NA	NA	NA	NA	NA	Female	NA	NA	NA	NA	NA	NA	NA	NA	NA	NA	NA	NA	NA	NA	NA	NA	NA	NA	0.3111	G2	NA	NA	NA	NA	NA	NA	NA	NA	NA	57.76375053	0:LIVING	NA	NA	NA	NA	NA	NA	NA	2009	NA	NA	NA	NA	NA	0	NA	57.76375053	0:DiseaseFree	NA	NA	NA	1/5/11	NA	NA	NA	NA	NA	No	NA	NA	NA	C54.1	8380/3	C54.1	Yes	NA	NA	NA	NA	NA	NA	NA	NA	NA	NA	NA	NA	NA	NA	NA	No	NA	NA	a8f38e37-978b-4435-b676-e8d4c34da909	NA	NA	NA	NA	NA	NA	NA	NA	NA	NA	NA	NA	NA	NA	NA	NA	NA	NA	NA	NA	NA	NA	NA	NA	NA	NA	Duke	NA	NA	NA	NA	75	NA	1757	-18631	NA	NA	NA	NA	NA	NA	NA	NA	NA	NA	NA	NA	NA	10	NA	UCEC	57.76375053	0:ALIVE OR DEAD TUMOR FREE	AFR	Yes	0.2551	0.22	Tumor Free	57.76375053	0:CENSORED	NA	No	Yes	NA	UCEC_CN_LOW	4	No	Yes	B5	Uterus	Endometrioid Endometrial Adenocarcinoma	NA	NA	NA	NA	NA	NA	NA	NA	NA	NA	NA	NA	NA	NA	NA	NA
ucec_tcga_pub	TCGA-B5-A0K4	TCGA-B5-A0K4-01	Endometrial Cancer	Uterine Endometrioid Carcinoma	NA	NA	NA	NA	50	UEC	NA	1	Primary	Matched	1.66666666667	NA	NA	NA	NA	NA	NA	51	NA	NA	NA	NA	NA	NA	NA	NA	NA	NA	NA	NA	NA	NA	NA	NA	NA	NA	NA	NA	NA	NA	NA	NA	NA	NA	NA	NA	NA	NA	NA	NA	NA	NA	NA	NA	NA	NA	NA	NA	NA	NA	NA	NA	NA	NA	NA	NA	NA	NA	NA	NA	NA	NA	NA	NA	NA	NA	NA	NA	NA	NA	NA	NA	NA	NA	NA	NA	NA	NA	NA	NA	NA	NA	NA	NA	NA	NA	NA	NA	NA	NA	NA	NA	NA	NA	NA	NA	NA	NA	NA	NA	NA	NA	NA	NA	NA	NA	NA	NA	NA	NA	NA	NA	NA	NA	NA	NA	NA	NA	NA	NA	NA	NA	NA	NA	NA	NA	NA	NA	NA	NA	NA	NA	NA	NA	NA	NA	NA	NA	NA	NA	NA	NA	NA	NA	NA	NA	NA	Female	NA	NA	NA	NA	NA	NA	NA	NA	NA	NA	NA	NA	NA	NA	NA	NA	NA	NA	0.3111	Grade 2	NA	NA	NA	NA	NA	NA	NA	NA	NA	17.87	0:LIVING	NA	NA	NA	NA	NA	NA	NA	NA	NA	NA	NA	NA	NA	NA	NA	17.87307169	0:DiseaseFree	NA	NA	NA	NA	NA	NA	NA	NA	NA	NA	NA	NA	NA	NA	NA	NA	NA	NA	NA	NA	NA	NA	NA	NA	NA	NA	NA	NA	NA	NA	NA	NA	NA	NA	NA	NA	NA	NA	NA	NA	NA	NA	NA	NA	NA	NA	NA	NA	NA	NA	NA	NA	NA	NA	NA	NA	NA	NA	NA	NA	NA	NA	NA	NA	NA	NA	NA	NA	NA	NA	NA	NA	NA	NA	NA	NA	NA	NA	NA	NA	NA	NA	NA	NA	NA	NA	NA	NA	NA	NA	NA	NA	NA	NA	NA	NA	NA	NA	NA	NA	Copy-number low (Endometriod)	NA	NA	NA	NA	NA	NA	NA	2	Y	Y	Endometrioid	Y	4	6	0.936182815	0	3	MSS	MSS	1_LOW	Y	Stage I
ucec_tcga_pan_can_atlas_2018	TCGA-B5-A0K6	TCGA-B5-A0K6-01	Endometrial Cancer	Uterine Endometrioid Carcinoma	NA	NA	NA	NA	352	UEC	White	1	Primary	Matched	11.76666667	NA	NA	NA	NA	NA	NA	58	NA	NA	NA	NA	NA	NA	NA	NA	NA	NA	NA	NA	NA	NA	NA	NA	NA	NA	NA	NA	NA	NA	NA	NA	NA	NA	NA	NA	NA	NA	NA	NA	NA	NA	NA	NA	NA	NA	NA	NA	NA	NA	NA	NA	NA	NA	NA	NA	NA	NA	NA	NA	NA	NA	NA	NA	NA	NA	NA	NA	NA	NA	NA	NA	NA	NA	NA	NA	NA	NA	NA	NA	NA	NA	NA	NA	NA	NA	NA	NA	NA	NA	NA	NA	NA	NA	NA	NA	NA	NA	NA	NA	NA	NA	NA	NA	NA	NA	NA	NA	NA	NA	NA	NA	NA	NA	NA	NA	NA	NA	NA	NA	NA	NA	NA	NA	NA	NA	NA	NA	NA	NA	NA	NA	NA	NA	NA	NA	NA	NA	NA	NA	NA	NA	NA	NA	NA	NA	NA	Female	NA	NA	NA	NA	NA	NA	NA	NA	NA	NA	NA	NA	NA	NA	NA	NA	NA	NA	0.0488	G1	NA	NA	NA	NA	NA	NA	NA	NA	NA	64.20751553	0:LIVING	NA	NA	NA	NA	NA	NA	NA	2009	NA	NA	NA	NA	NA	0	NA	64.20751553	0:DiseaseFree	NA	NA	NA	1/19/11	NA	NA	NA	NA	NA	No	NA	NA	NA	C54.1	8380/3	C54.1	Yes	NA	NA	NA	NA	NA	NA	NA	NA	NA	NA	NA	NA	NA	NA	NA	No	NA	NA	5cba9441-6812-49c0-a0f6-7928ed4e5b81	NA	NA	NA	NA	NA	NA	NA	NA	NA	NA	NA	NA	NA	NA	NA	NA	NA	NA	NA	NA	NA	NA	NA	NA	NA	NA	Duke	NA	NA	NA	NA	132	NA	1953	-21515	NA	NA	NA	NA	NA	NA	NA	NA	NA	NA	NA	NA	NA	2	NA	UCEC	64.20751553	0:ALIVE OR DEAD TUMOR FREE	EUR	Yes	0.5327	16.83	Tumor Free	64.20751553	0:CENSORED	NA	No	No	NA	UCEC_MSI	1	No	Yes	B5	Uterus	Endometrioid Endometrial Adenocarcinoma	NA	NA	NA	NA	NA	NA	NA	NA	NA	NA	NA	NA	NA	NA	NA	NA
ucec_tcga_pan_can_atlas_2018	TCGA-B5-A0K7	TCGA-B5-A0K7-01	Endometrial Cancer	Uterine Endometrioid Carcinoma	NA	NA	NA	NA	44	UEC	White	1	Primary	Matched	1.466666667	NA	NA	NA	NA	NA	NA	64	NA	NA	NA	NA	NA	NA	NA	NA	NA	NA	NA	NA	NA	NA	NA	NA	NA	NA	NA	NA	NA	NA	NA	NA	NA	NA	NA	NA	NA	NA	NA	NA	NA	NA	NA	NA	NA	NA	NA	NA	NA	NA	NA	NA	NA	NA	NA	NA	NA	NA	NA	NA	NA	NA	NA	NA	NA	NA	NA	NA	NA	NA	NA	NA	NA	NA	NA	NA	NA	NA	NA	NA	NA	NA	NA	NA	NA	NA	NA	NA	NA	NA	NA	NA	NA	NA	NA	NA	NA	NA	NA	NA	NA	NA	NA	NA	NA	NA	NA	NA	NA	NA	NA	NA	NA	NA	NA	NA	NA	NA	NA	NA	NA	NA	NA	NA	NA	NA	NA	NA	NA	NA	NA	NA	NA	NA	NA	NA	NA	NA	NA	NA	NA	NA	NA	NA	NA	NA	NA	Female	NA	NA	NA	NA	NA	NA	NA	NA	NA	NA	NA	NA	NA	NA	NA	NA	NA	NA	0.1183	G1	NA	NA	NA	NA	NA	NA	NA	NA	NA	63.54998849	0:LIVING	NA	NA	NA	NA	NA	NA	NA	2009	NA	NA	NA	NA	NA	0	NA	10.58618536	1:Recurred/Progressed	NA	NA	NA	1/20/11	NA	NA	NA	NA	NA	No	NA	NA	NA	C54.1	8380/3	C54.1	Yes	NA	NA	NA	NA	NA	NA	NA	NA	NA	NA	NA	NA	NA	NA	NA	No	NA	NA	2f0640bc-598c-4714-9e9b-7e0f2ca4567f	NA	NA	NA	NA	NA	NA	NA	NA	NA	NA	NA	NA	NA	NA	NA	NA	NA	NA	NA	NA	NA	NA	NA	NA	NA	NA	Duke	NA	NA	NA	NA	61	NA	1933	-23429	NA	NA	NA	NA	NA	NA	NA	NA	NA	NA	NA	NA	NA	3	NA	UCEC	63.54998849	0:ALIVE OR DEAD TUMOR FREE	EUR	Yes	0.2724	0.14	Tumor Free	10.58618536	1:PROGRESSION	NA	No	No	NA	UCEC_CN_LOW	2	No	Yes	B5	Uterus	Endometrioid Endometrial Adenocarcinoma	NA	NA	NA	NA	NA	NA	NA	NA	NA	NA	NA	NA	NA	NA	NA	NA
ucec_tcga_pub	TCGA-B5-A0K7	TCGA-B5-A0K7-01	Endometrial Cancer	Uterine Endometrioid Carcinoma	NA	NA	NA	NA	39	UEC	NA	1	Primary	Matched	1.3	NA	NA	NA	NA	NA	NA	64	NA	NA	NA	NA	NA	NA	NA	NA	NA	NA	NA	NA	NA	NA	NA	NA	NA	NA	NA	NA	NA	NA	NA	NA	NA	NA	NA	NA	NA	NA	NA	NA	NA	NA	NA	NA	NA	NA	NA	NA	NA	NA	NA	NA	NA	NA	NA	NA	NA	NA	NA	NA	NA	NA	NA	NA	NA	NA	NA	NA	NA	NA	NA	NA	NA	NA	NA	NA	NA	NA	NA	NA	NA	NA	NA	NA	NA	NA	NA	NA	NA	NA	NA	NA	NA	NA	NA	NA	NA	NA	NA	NA	NA	NA	NA	NA	NA	NA	NA	NA	NA	NA	NA	NA	NA	NA	NA	NA	NA	NA	NA	NA	NA	NA	NA	NA	NA	NA	NA	NA	NA	NA	NA	NA	NA	NA	NA	NA	NA	NA	NA	NA	NA	NA	NA	NA	NA	NA	NA	Female	NA	NA	NA	NA	NA	NA	NA	NA	NA	NA	NA	NA	NA	NA	NA	NA	NA	NA	0.1183	Grade 1	NA	NA	NA	NA	NA	NA	NA	NA	NA	17.05	0:LIVING	NA	NA	NA	NA	NA	NA	NA	NA	NA	NA	NA	NA	NA	NA	NA	10.5464265	1:Recurred	NA	NA	NA	NA	NA	NA	NA	NA	NA	NA	NA	NA	NA	NA	NA	NA	NA	NA	NA	NA	NA	NA	NA	NA	NA	NA	NA	NA	NA	NA	NA	NA	NA	NA	NA	NA	NA	NA	NA	NA	NA	NA	NA	NA	NA	NA	NA	NA	NA	NA	NA	NA	NA	NA	NA	NA	NA	NA	NA	NA	NA	NA	NA	NA	NA	NA	NA	NA	NA	NA	NA	NA	NA	NA	NA	NA	NA	NA	NA	NA	NA	NA	NA	NA	NA	NA	NA	NA	NA	NA	NA	NA	NA	NA	NA	NA	NA	NA	NA	NA	Copy-number low (Endometriod)	NA	NA	NA	NA	NA	NA	NA	3	Y	Y	Endometrioid	Y	4	5	0.756697585	0	3	MSS	MSS	1_LOW	Y	Stage I
ucec_tcga_pan_can_atlas_2018	TCGA-B5-A0K8	TCGA-B5-A0K8-01	Endometrial Cancer	Uterine Serous Carcinoma/Uterine Papillary Serous Carcinoma	NA	NA	NA	NA	41	USC	White	1	Primary	Matched	1.333333333	NA	NA	NA	NA	NA	NA	71	NA	NA	NA	NA	NA	NA	NA	NA	NA	NA	NA	NA	NA	NA	NA	NA	NA	NA	NA	NA	NA	NA	NA	NA	NA	NA	NA	NA	NA	NA	NA	NA	NA	NA	NA	NA	NA	NA	NA	NA	NA	NA	NA	NA	NA	NA	NA	NA	NA	NA	NA	NA	NA	NA	NA	NA	NA	NA	NA	NA	NA	NA	NA	NA	NA	NA	NA	NA	NA	NA	NA	NA	NA	NA	NA	NA	NA	NA	NA	NA	NA	NA	NA	NA	NA	NA	NA	NA	NA	NA	NA	NA	NA	NA	NA	NA	NA	NA	NA	NA	NA	NA	NA	NA	NA	NA	NA	NA	NA	NA	NA	NA	NA	NA	NA	NA	NA	NA	NA	NA	NA	NA	NA	NA	NA	NA	NA	NA	NA	NA	NA	NA	NA	NA	NA	NA	NA	NA	NA	Female	NA	NA	NA	NA	NA	NA	NA	NA	NA	NA	NA	NA	NA	NA	NA	NA	NA	NA	0.3133	G3	NA	NA	NA	NA	NA	NA	NA	NA	NA	27.84627018	0:LIVING	NA	NA	NA	NA	NA	NA	NA	2009	NA	NA	NA	NA	NA	0	NA	27.84627018	0:DiseaseFree	NA	NA	NA	8/5/11	NA	NA	NA	NA	NA	No	NA	NA	NA	C54.1	8441/3	C54.1	Yes	NA	NA	NA	NA	NA	NA	NA	NA	NA	NA	NA	NA	NA	NA	NA	No	NA	NA	24118b8f-59fe-482a-aed3-7b1bde1571b7	NA	NA	NA	NA	NA	NA	NA	NA	NA	NA	NA	NA	NA	NA	NA	NA	NA	NA	NA	NA	NA	NA	NA	NA	NA	NA	Duke	NA	NA	NA	NA	61	NA	847	-25992	NA	NA	NA	NA	NA	NA	NA	NA	NA	NA	NA	NA	NA	10	NA	UCEC	27.84627018	0:ALIVE OR DEAD TUMOR FREE	EUR	Yes	0.3173	0.48	Tumor Free	27.84627018	0:CENSORED	NA	No	No	NA	UCEC_CN_HIGH	215	No	Yes	B5	Uterus	Serous Endometrial Adenocarcinoma	NA	NA	NA	NA	NA	NA	NA	NA	NA	NA	NA	NA	NA	NA	NA	NA
ucec_tcga_pan_can_atlas_2018	TCGA-B5-A0K9	TCGA-B5-A0K9-01	Endometrial Cancer	Uterine Endometrioid Carcinoma	NA	NA	NA	NA	759	UEC	White	1	Primary	Matched	25.6	NA	NA	NA	NA	NA	NA	88	NA	NA	NA	NA	NA	NA	NA	NA	NA	NA	NA	NA	NA	NA	NA	NA	NA	NA	NA	NA	NA	NA	NA	NA	NA	NA	NA	NA	NA	NA	NA	NA	NA	NA	NA	NA	NA	NA	NA	NA	NA	NA	NA	NA	NA	NA	NA	NA	NA	NA	NA	NA	NA	NA	NA	NA	NA	NA	NA	NA	NA	NA	NA	NA	NA	NA	NA	NA	NA	NA	NA	NA	NA	NA	NA	NA	NA	NA	NA	NA	NA	NA	NA	NA	NA	NA	NA	NA	NA	NA	NA	NA	NA	NA	NA	NA	NA	NA	NA	NA	NA	NA	NA	NA	NA	NA	NA	NA	NA	NA	NA	NA	NA	NA	NA	NA	NA	NA	NA	NA	NA	NA	NA	NA	NA	NA	NA	NA	NA	NA	NA	NA	NA	NA	NA	NA	NA	NA	NA	Female	NA	NA	NA	NA	NA	NA	NA	NA	NA	NA	NA	NA	NA	NA	NA	NA	NA	NA	0.1183	G1	NA	NA	NA	NA	NA	NA	NA	NA	NA	13.44642798	1:DECEASED	NA	NA	NA	NA	NA	NA	NA	2009	NA	NA	NA	NA	NA	0	NA	13.44642798	0:DiseaseFree	NA	NA	NA	1/20/11	NA	NA	NA	NA	NA	No	NA	NA	NA	C54.1	8380/3	C54.1	Yes	NA	NA	NA	NA	NA	NA	NA	NA	NA	NA	NA	NA	NA	NA	NA	No	NA	NA	4485cc98-5d58-4eb4-8325-7d1a617b6461	NA	NA	NA	NA	NA	NA	NA	NA	NA	NA	NA	NA	NA	NA	NA	NA	NA	NA	NA	NA	NA	NA	NA	NA	NA	NA	Duke	NA	NA	NA	NA	65	NA	335	-32289	NA	NA	NA	NA	NA	NA	NA	NA	NA	NA	NA	NA	NA	3	21	UCEC	13.44642798	0:ALIVE OR DEAD TUMOR FREE	EUR	Yes	0.7746	22.1	Tumor Free	13.44642798	0:CENSORED	NA	No	Yes	18	UCEC_MSI	8	No	Yes	B5	Uterus	Endometrioid Endometrial Adenocarcinoma	32	NA	NA	NA	NA	NA	NA	NA	NA	NA	NA	NA	NA	NA	NA	NA
ucec_tcga_pan_can_atlas_2018	TCGA-B5-A11F	TCGA-B5-A11F-01	Endometrial Cancer	Uterine Endometrioid Carcinoma	NA	NA	NA	NA	39	UEC	White	1	Primary	Matched	1.333333333	NA	NA	NA	NA	NA	NA	55	NA	NA	NA	NA	NA	NA	NA	NA	NA	NA	NA	NA	NA	NA	NA	NA	NA	NA	NA	NA	NA	NA	NA	NA	NA	NA	NA	NA	NA	NA	NA	NA	NA	NA	NA	NA	NA	NA	NA	NA	NA	NA	NA	NA	NA	NA	NA	NA	NA	NA	NA	NA	NA	NA	NA	NA	NA	NA	NA	NA	NA	NA	NA	NA	NA	NA	NA	NA	NA	NA	NA	NA	NA	NA	NA	NA	NA	NA	NA	NA	NA	NA	NA	NA	NA	NA	NA	NA	NA	NA	NA	NA	NA	NA	NA	NA	NA	NA	NA	NA	NA	NA	NA	NA	NA	NA	NA	NA	NA	NA	NA	NA	NA	NA	NA	NA	NA	NA	NA	NA	NA	NA	NA	NA	NA	NA	NA	NA	NA	NA	NA	NA	NA	NA	NA	NA	NA	NA	NA	Female	NA	NA	NA	NA	NA	NA	NA	NA	NA	NA	NA	NA	NA	NA	NA	NA	NA	NA	0.0629	G2	NA	NA	NA	NA	NA	NA	NA	NA	NA	185.7842654	0:LIVING	NA	NA	NA	NA	NA	NA	NA	1988	NA	NA	NA	NA	NA	0	NA	52.93092678	1:Recurred/Progressed	NA	NA	NA	1/26/11	NA	NA	NA	NA	NA	No	NA	NA	NA	C54.1	8380/3	C54.1	Yes	NA	NA	NA	NA	NA	NA	NA	NA	NA	NA	NA	NA	NA	NA	NA	Yes	NA	NA	3ea53b15-37f0-446e-a130-6bb2dee56865	NA	NA	NA	NA	NA	NA	NA	NA	NA	NA	NA	NA	NA	NA	NA	NA	NA	NA	NA	NA	NA	NA	NA	NA	NA	NA	Duke	NA	NA	NA	NA	NA	NA	5651	-20171	NA	NA	NA	NA	NA	NA	NA	NA	NA	NA	NA	NA	NA	3	NA	UCEC	185.7842654	0:ALIVE OR DEAD TUMOR FREE	EUR	Yes	0.2879	0.52	Tumor Free	52.93092678	1:PROGRESSION	NA	No	Yes	NA	UCEC_CN_LOW	17	No	Yes	B5	Uterus	Endometrioid Endometrial Adenocarcinoma	NA	NA	NA	NA	NA	NA	NA	NA	NA	NA	NA	NA	NA	NA	NA	NA
ucec_tcga_pub	TCGA-B5-A11F	TCGA-B5-A11F-01	Endometrial Cancer	Uterine Endometrioid Carcinoma	NA	NA	NA	NA	38	UEC	NA	1	Primary	Matched	1.23333333333	NA	NA	NA	NA	NA	NA	55	NA	NA	NA	NA	NA	NA	NA	NA	NA	NA	NA	NA	NA	NA	NA	NA	NA	NA	NA	NA	NA	NA	NA	NA	NA	NA	NA	NA	NA	NA	NA	NA	NA	NA	NA	NA	NA	NA	NA	NA	NA	NA	NA	NA	NA	NA	NA	NA	NA	NA	NA	NA	NA	NA	NA	NA	NA	NA	NA	NA	NA	NA	NA	NA	NA	NA	NA	NA	NA	NA	NA	NA	NA	NA	NA	NA	NA	NA	NA	NA	NA	NA	NA	NA	NA	NA	NA	NA	NA	NA	NA	NA	NA	NA	NA	NA	NA	NA	NA	NA	NA	NA	NA	NA	NA	NA	NA	NA	NA	NA	NA	NA	NA	NA	NA	NA	NA	NA	NA	NA	NA	NA	NA	NA	NA	NA	NA	NA	NA	NA	NA	NA	NA	NA	NA	NA	NA	NA	NA	Female	NA	NA	NA	NA	NA	NA	NA	NA	NA	NA	NA	NA	NA	NA	NA	NA	NA	NA	0.0629	Grade 2	NA	NA	NA	NA	NA	NA	NA	NA	NA	185.63	0:LIVING	NA	NA	NA	NA	NA	NA	NA	NA	NA	NA	NA	NA	NA	NA	NA	52.89640703	1:Recurred	NA	NA	NA	NA	NA	NA	NA	NA	NA	NA	NA	NA	NA	NA	NA	NA	NA	NA	NA	NA	NA	NA	NA	NA	NA	NA	NA	NA	NA	NA	NA	NA	NA	NA	NA	NA	NA	NA	NA	NA	NA	NA	NA	NA	NA	NA	NA	NA	NA	NA	NA	NA	NA	NA	NA	NA	NA	NA	NA	NA	NA	NA	NA	NA	NA	NA	NA	NA	NA	NA	NA	NA	NA	NA	NA	NA	NA	NA	NA	NA	NA	NA	NA	NA	NA	NA	NA	NA	NA	NA	NA	NA	NA	NA	NA	NA	NA	NA	NA	NA	Copy-number low (Endometriod)	NA	NA	NA	NA	NA	NA	NA	2	Y	Y	Endometrioid	Y	2	6	0.936182815	0	2	MSS	MSS	1_LOW	Y	Stage I
ucec_tcga_pan_can_atlas_2018	TCGA-B5-A11G	TCGA-B5-A11G-01	Endometrial Cancer	Uterine Endometrioid Carcinoma	NA	NA	NA	NA	554	UEC	Black or African American	1	Primary	Matched	18.53333333	NA	NA	NA	NA	NA	NA	71	NA	NA	NA	NA	NA	NA	NA	NA	NA	NA	NA	NA	NA	NA	NA	NA	NA	NA	NA	NA	NA	NA	NA	NA	NA	NA	NA	NA	NA	NA	NA	NA	NA	NA	NA	NA	NA	NA	NA	NA	NA	NA	NA	NA	NA	NA	NA	NA	NA	NA	NA	NA	NA	NA	NA	NA	NA	NA	NA	NA	NA	NA	NA	NA	NA	NA	NA	NA	NA	NA	NA	NA	NA	NA	NA	NA	NA	NA	NA	NA	NA	NA	NA	NA	NA	NA	NA	NA	NA	NA	NA	NA	NA	NA	NA	NA	NA	NA	NA	NA	NA	NA	NA	NA	NA	NA	NA	NA	NA	NA	NA	NA	NA	NA	NA	NA	NA	NA	NA	NA	NA	NA	NA	NA	NA	NA	NA	NA	NA	NA	NA	NA	NA	NA	NA	NA	NA	NA	NA	Female	NA	NA	NA	NA	NA	NA	NA	NA	NA	NA	NA	NA	NA	NA	NA	NA	NA	NA	0.0360	G1	NA	NA	NA	NA	NA	NA	NA	NA	NA	113.3576618	0:LIVING	NA	NA	NA	NA	NA	NA	NA	1988	NA	NA	NA	NA	NA	0	NA	113.3576618	0:DiseaseFree	NA	NA	NA	1/27/11	NA	NA	NA	NA	NA	No	NA	NA	NA	C54.1	8380/3	C54.1	Yes	NA	NA	NA	NA	NA	NA	NA	NA	NA	NA	NA	NA	NA	NA	NA	No	NA	NA	d2aa7d70-a25f-4a9e-9d52-37e372461824	NA	NA	NA	NA	NA	NA	NA	NA	NA	NA	NA	NA	NA	NA	NA	NA	NA	NA	NA	NA	NA	NA	NA	NA	NA	NA	Duke	NA	NA	NA	NA	77	NA	3448	-25995	NA	NA	NA	NA	NA	NA	NA	NA	NA	NA	NA	NA	NA	0	NA	UCEC	113.3576618	0:ALIVE OR DEAD TUMOR FREE	AFR_ADMIX	Yes	0.862	28.95	Tumor Free	113.3576618	0:CENSORED	NA	No	No	NA	UCEC_MSI	24	No	Yes	B5	Uterus	Endometrioid Endometrial Adenocarcinoma	NA	NA	NA	NA	NA	NA	NA	NA	NA	NA	NA	NA	NA	NA	NA	NA
ucec_tcga_pan_can_atlas_2018	TCGA-B5-A11H	TCGA-B5-A11H-01	Endometrial Cancer	Uterine Endometrioid Carcinoma	NA	NA	NA	NA	1017	UEC	White	1	Primary	Matched	34	NA	NA	NA	NA	NA	NA	67	NA	NA	NA	NA	NA	NA	NA	NA	NA	NA	NA	NA	NA	NA	NA	NA	NA	NA	NA	NA	NA	NA	NA	NA	NA	NA	NA	NA	NA	NA	NA	NA	NA	NA	NA	NA	NA	NA	NA	NA	NA	NA	NA	NA	NA	NA	NA	NA	NA	NA	NA	NA	NA	NA	NA	NA	NA	NA	NA	NA	NA	NA	NA	NA	NA	NA	NA	NA	NA	NA	NA	NA	NA	NA	NA	NA	NA	NA	NA	NA	NA	NA	NA	NA	NA	NA	NA	NA	NA	NA	NA	NA	NA	NA	NA	NA	NA	NA	NA	NA	NA	NA	NA	NA	NA	NA	NA	NA	NA	NA	NA	NA	NA	NA	NA	NA	NA	NA	NA	NA	NA	NA	NA	NA	NA	NA	NA	NA	NA	NA	NA	NA	NA	NA	NA	NA	NA	NA	NA	Female	NA	NA	NA	NA	NA	NA	NA	NA	NA	NA	NA	NA	NA	NA	NA	NA	NA	NA	0.0670	G2	NA	NA	NA	NA	NA	NA	NA	NA	NA	88.33875793	0:LIVING	NA	NA	NA	NA	NA	NA	NA	1988	NA	NA	NA	NA	NA	0	NA	88.33875793	0:DiseaseFree	NA	NA	NA	1/27/11	NA	NA	NA	NA	NA	No	NA	NA	NA	C54.1	8380/3	C54.1	Yes	NA	NA	NA	NA	NA	NA	NA	NA	NA	NA	NA	NA	NA	NA	NA	No	NA	NA	dee43082-4aa7-4650-981c-a779e9fe7b55	NA	NA	NA	NA	NA	NA	NA	NA	NA	NA	NA	NA	NA	NA	NA	NA	NA	NA	NA	NA	NA	NA	NA	NA	NA	NA	Duke	NA	NA	NA	NA	101	NA	2687	-24556	NA	NA	NA	NA	NA	NA	NA	NA	NA	NA	NA	NA	NA	1	NA	UCEC	88.33875793	0:ALIVE OR DEAD TUMOR FREE	EUR	Yes	0.9954	40.43	Tumor Free	88.33875793	0:CENSORED	NA	No	No	NA	UCEC_MSI	25	No	Yes	B5	Uterus	Endometrioid Endometrial Adenocarcinoma	NA	NA	NA	NA	NA	NA	NA	NA	NA	NA	NA	NA	NA	NA	NA	NA
ucec_tcga_pan_can_atlas_2018	TCGA-B5-A11I	TCGA-B5-A11I-01	Endometrial Cancer	Uterine Endometrioid Carcinoma	NA	NA	NA	NA	49	UEC	Black or African American	1	Primary	Matched	1.633333333	NA	NA	NA	NA	NA	NA	65	NA	NA	NA	NA	NA	NA	NA	NA	NA	NA	NA	NA	NA	NA	NA	NA	NA	NA	NA	NA	NA	NA	NA	NA	NA	NA	NA	NA	NA	NA	NA	NA	NA	NA	NA	NA	NA	NA	NA	NA	NA	NA	NA	NA	NA	NA	NA	NA	NA	NA	NA	NA	NA	NA	NA	NA	NA	NA	NA	NA	NA	NA	NA	NA	NA	NA	NA	NA	NA	NA	NA	NA	NA	NA	NA	NA	NA	NA	NA	NA	NA	NA	NA	NA	NA	NA	NA	NA	NA	NA	NA	NA	NA	NA	NA	NA	NA	NA	NA	NA	NA	NA	NA	NA	NA	NA	NA	NA	NA	NA	NA	NA	NA	NA	NA	NA	NA	NA	NA	NA	NA	NA	NA	NA	NA	NA	NA	NA	NA	NA	NA	NA	NA	NA	NA	NA	NA	NA	NA	Female	NA	NA	NA	NA	NA	NA	NA	NA	NA	NA	NA	NA	NA	NA	NA	NA	NA	NA	0.2983	G3	NA	NA	NA	NA	NA	NA	NA	NA	NA	75.71423875	0:LIVING	NA	NA	NA	NA	NA	NA	NA	1988	NA	NA	NA	NA	NA	0	NA	NA	NA	NA	NA	NA	1/27/11	NA	NA	NA	NA	NA	No	NA	NA	NA	C54.1	8140/3	C54.1	Yes	NA	NA	NA	NA	NA	NA	NA	NA	NA	NA	NA	NA	NA	NA	NA	Yes	NA	NA	f6d136c7-c250-4361-9fed-50f513959a40	NA	NA	NA	NA	NA	NA	NA	NA	NA	NA	NA	NA	NA	NA	NA	NA	NA	NA	NA	NA	NA	NA	NA	NA	NA	NA	Duke	NA	NA	NA	NA	124	NA	2303	-23857	NA	NA	NA	NA	NA	NA	NA	NA	NA	NA	NA	NA	NA	6	NA	UCEC	75.71423875	0:ALIVE OR DEAD TUMOR FREE	AFR_ADMIX	Yes	0.2907	1.24	With Tumor	23.17782819	1:PROGRESSION	NA	No	Yes	NA	UCEC_CN_HIGH	168	No	Yes	B5	Uterus	Endometrioid Endometrial Adenocarcinoma	NA	NA	NA	NA	NA	NA	NA	NA	NA	NA	NA	NA	NA	NA	NA	NA
ucec_tcga_pan_can_atlas_2018	TCGA-B5-A11J	TCGA-B5-A11J-01	Endometrial Cancer	Uterine Endometrioid Carcinoma	NA	NA	NA	NA	436	UEC	White	1	Primary	Matched	14.6	NA	NA	NA	NA	NA	NA	64	NA	NA	NA	NA	NA	NA	NA	NA	NA	NA	NA	NA	NA	NA	NA	NA	NA	NA	NA	NA	NA	NA	NA	NA	NA	NA	NA	NA	NA	NA	NA	NA	NA	NA	NA	NA	NA	NA	NA	NA	NA	NA	NA	NA	NA	NA	NA	NA	NA	NA	NA	NA	NA	NA	NA	NA	NA	NA	NA	NA	NA	NA	NA	NA	NA	NA	NA	NA	NA	NA	NA	NA	NA	NA	NA	NA	NA	NA	NA	NA	NA	NA	NA	NA	NA	NA	NA	NA	NA	NA	NA	NA	NA	NA	NA	NA	NA	NA	NA	NA	NA	NA	NA	NA	NA	NA	NA	NA	NA	NA	NA	NA	NA	NA	NA	NA	NA	NA	NA	NA	NA	NA	NA	NA	NA	NA	NA	NA	NA	NA	NA	NA	NA	NA	NA	NA	NA	NA	NA	Female	NA	NA	NA	NA	NA	NA	NA	NA	NA	NA	NA	NA	NA	NA	NA	NA	NA	NA	0.0000	G2	NA	NA	NA	NA	NA	NA	NA	NA	NA	54.44323898	0:LIVING	NA	NA	NA	NA	NA	NA	NA	1988	NA	NA	NA	NA	NA	0	NA	54.44323898	0:DiseaseFree	NA	NA	NA	2/9/11	NA	NA	NA	NA	NA	No	NA	NA	NA	C54.1	8380/3	C54.1	Yes	NA	NA	NA	NA	NA	NA	NA	NA	NA	NA	NA	NA	NA	NA	NA	No	NA	NA	027b2a29-2fad-4ca8-a7cd-eb913d0205f8	NA	NA	NA	NA	NA	NA	NA	NA	NA	NA	NA	NA	NA	NA	NA	NA	NA	NA	NA	NA	NA	NA	NA	NA	NA	NA	Duke	NA	NA	NA	NA	134	NA	1656	-23485	NA	NA	NA	NA	NA	NA	NA	NA	NA	NA	NA	NA	NA	0	NA	UCEC	54.44323898	0:ALIVE OR DEAD TUMOR FREE	EUR	Yes	0.7092	23.51	Tumor Free	54.44323898	0:CENSORED	NA	No	No	NA	UCEC_MSI	1	No	Yes	B5	Uterus	Endometrioid Endometrial Adenocarcinoma	NA	NA	NA	NA	NA	NA	NA	NA	NA	NA	NA	NA	NA	NA	NA	NA
ucec_tcga_pan_can_atlas_2018	TCGA-B5-A11L	TCGA-B5-A11L-01	Endometrial Cancer	Uterine Endometrioid Carcinoma	NA	NA	NA	NA	111	UEC	White	1	Primary	Matched	3.733333333	NA	NA	NA	NA	NA	NA	71	NA	NA	NA	NA	NA	NA	NA	NA	NA	NA	NA	NA	NA	NA	NA	NA	NA	NA	NA	NA	NA	NA	NA	NA	NA	NA	NA	NA	NA	NA	NA	NA	NA	NA	NA	NA	NA	NA	NA	NA	NA	NA	NA	NA	NA	NA	NA	NA	NA	NA	NA	NA	NA	NA	NA	NA	NA	NA	NA	NA	NA	NA	NA	NA	NA	NA	NA	NA	NA	NA	NA	NA	NA	NA	NA	NA	NA	NA	NA	NA	NA	NA	NA	NA	NA	NA	NA	NA	NA	NA	NA	NA	NA	NA	NA	NA	NA	NA	NA	NA	NA	NA	NA	NA	NA	NA	NA	NA	NA	NA	NA	NA	NA	NA	NA	NA	NA	NA	NA	NA	NA	NA	NA	NA	NA	NA	NA	NA	NA	NA	NA	NA	NA	NA	NA	NA	NA	NA	NA	Female	NA	NA	NA	NA	NA	NA	NA	NA	NA	NA	NA	NA	NA	NA	NA	NA	NA	NA	0.0678	G2	NA	NA	NA	NA	NA	NA	NA	NA	NA	73.64302857	1:DECEASED	NA	NA	NA	NA	NA	NA	NA	1988	NA	NA	NA	NA	NA	0	NA	4.306802117	1:Recurred/Progressed	NA	NA	NA	8/9/11	NA	NA	NA	NA	NA	No	NA	NA	NA	C54.1	8380/3	C54.1	Yes	NA	NA	NA	NA	NA	NA	NA	NA	NA	NA	NA	NA	NA	NA	NA	Yes	NA	NA	07b24a23-3d9f-4591-800f-8738cc232f9a	NA	NA	NA	NA	NA	NA	NA	NA	NA	NA	NA	NA	NA	NA	NA	NA	NA	NA	NA	NA	NA	NA	NA	NA	NA	NA	Duke	NA	NA	NA	NA	92	NA	1396	-26120	NA	NA	NA	NA	NA	NA	NA	NA	NA	NA	NA	NA	NA	4	NA	UCEC	73.64302857	0:ALIVE OR DEAD TUMOR FREE	EUR	Yes	0.3009	0.08	Tumor Free	4.306802117	1:PROGRESSION	NA	No	Yes	NA	UCEC_CN_LOW	3	No	Yes	B5	Uterus	Endometrioid Endometrial Adenocarcinoma	NA	NA	NA	NA	NA	NA	NA	NA	NA	NA	NA	NA	NA	NA	NA	NA
ucec_tcga_pub	TCGA-B5-A11O	TCGA-B5-A11O-01	Endometrial Cancer	Uterine Endometrioid Carcinoma	NA	NA	NA	NA	54	UEC	NA	1	Primary	Matched	1.8	NA	NA	NA	NA	NA	NA	62	NA	NA	NA	NA	NA	NA	NA	NA	NA	NA	NA	NA	NA	NA	NA	NA	NA	NA	NA	NA	NA	NA	NA	NA	NA	NA	NA	NA	NA	NA	NA	NA	NA	NA	NA	NA	NA	NA	NA	NA	NA	NA	NA	NA	NA	NA	NA	NA	NA	NA	NA	NA	NA	NA	NA	NA	NA	NA	NA	NA	NA	NA	NA	NA	NA	NA	NA	NA	NA	NA	NA	NA	NA	NA	NA	NA	NA	NA	NA	NA	NA	NA	NA	NA	NA	NA	NA	NA	NA	NA	NA	NA	NA	NA	NA	NA	NA	NA	NA	NA	NA	NA	NA	NA	NA	NA	NA	NA	NA	NA	NA	NA	NA	NA	NA	NA	NA	NA	NA	NA	NA	NA	NA	NA	NA	NA	NA	NA	NA	NA	NA	NA	NA	NA	NA	NA	NA	NA	NA	Female	NA	NA	NA	NA	NA	NA	NA	NA	NA	NA	NA	NA	NA	NA	NA	NA	NA	NA	0.0001	Grade 1	NA	NA	NA	NA	NA	NA	NA	NA	NA	40.9	0:LIVING	NA	NA	NA	NA	NA	NA	NA	NA	NA	NA	NA	NA	NA	NA	NA	40.90436444	0:DiseaseFree	NA	NA	NA	NA	NA	NA	NA	NA	NA	NA	NA	NA	NA	NA	NA	NA	NA	NA	NA	NA	NA	NA	NA	NA	NA	NA	NA	NA	NA	NA	NA	NA	NA	NA	NA	NA	NA	NA	NA	NA	NA	NA	NA	NA	NA	NA	NA	NA	NA	NA	NA	NA	NA	NA	NA	NA	NA	NA	NA	NA	NA	NA	NA	NA	NA	NA	NA	NA	NA	NA	NA	NA	NA	NA	NA	NA	NA	NA	NA	NA	NA	NA	NA	NA	NA	NA	NA	NA	NA	NA	NA	NA	NA	NA	NA	NA	NA	NA	NA	NA	Copy-number low (Endometriod)	NA	NA	NA	NA	NA	NA	NA	1	Y	Y	Endometrioid	Y	4	4	0.879877208	1	3	MSI-L	MSS	1_LOW	Y	Stage I
ucec_tcga_pan_can_atlas_2018	TCGA-B5-A11O	TCGA-B5-A11O-01	Endometrial Cancer	Uterine Endometrioid Carcinoma	NA	NA	NA	NA	96	UEC	White	1	Primary	Matched	3.2	NA	NA	NA	NA	NA	NA	62	NA	NA	NA	NA	NA	NA	NA	NA	NA	NA	NA	NA	NA	NA	NA	NA	NA	NA	NA	NA	NA	NA	NA	NA	NA	NA	NA	NA	NA	NA	NA	NA	NA	NA	NA	NA	NA	NA	NA	NA	NA	NA	NA	NA	NA	NA	NA	NA	NA	NA	NA	NA	NA	NA	NA	NA	NA	NA	NA	NA	NA	NA	NA	NA	NA	NA	NA	NA	NA	NA	NA	NA	NA	NA	NA	NA	NA	NA	NA	NA	NA	NA	NA	NA	NA	NA	NA	NA	NA	NA	NA	NA	NA	NA	NA	NA	NA	NA	NA	NA	NA	NA	NA	NA	NA	NA	NA	NA	NA	NA	NA	NA	NA	NA	NA	NA	NA	NA	NA	NA	NA	NA	NA	NA	NA	NA	NA	NA	NA	NA	NA	NA	NA	NA	NA	NA	NA	NA	NA	Female	NA	NA	NA	NA	NA	NA	NA	NA	NA	NA	NA	NA	NA	NA	NA	NA	NA	NA	0.0001	G1	NA	NA	NA	NA	NA	NA	NA	NA	NA	85.77440247	0:LIVING	NA	NA	NA	NA	NA	NA	NA	1988	NA	NA	NA	NA	NA	0	NA	85.77440247	0:DiseaseFree	NA	NA	NA	2/11/11	NA	NA	NA	NA	NA	No	NA	NA	NA	C54.1	8380/3	C54.1	Yes	NA	NA	NA	NA	NA	NA	NA	NA	NA	NA	NA	NA	NA	NA	NA	Yes	NA	NA	a59a79fd-433d-44dc-9601-4c63d599ab28	NA	NA	NA	NA	NA	NA	NA	NA	NA	NA	NA	NA	NA	NA	NA	NA	NA	NA	NA	NA	NA	NA	NA	NA	NA	NA	Duke	NA	NA	NA	NA	114	NA	2609	-22720	NA	NA	NA	NA	NA	NA	NA	NA	NA	NA	NA	NA	NA	0	NA	UCEC	85.77440247	0:ALIVE OR DEAD TUMOR FREE	EUR	Yes	0.2876	0.56	Tumor Free	63.25410133	1:PROGRESSION	NA	No	Yes	NA	UCEC_CN_LOW	4	No	Yes	B5	Uterus	Endometrioid Endometrial Adenocarcinoma	NA	NA	NA	NA	NA	NA	NA	NA	NA	NA	NA	NA	NA	NA	NA	NA
ucec_tcga_pan_can_atlas_2018	TCGA-B5-A11P	TCGA-B5-A11P-01	Endometrial Cancer	Uterine Endometrioid Carcinoma	NA	NA	NA	NA	43	UEC	White	1	Primary	Matched	1.466666667	NA	NA	NA	NA	NA	NA	87	NA	NA	NA	NA	NA	NA	NA	NA	NA	NA	NA	NA	NA	NA	NA	NA	NA	NA	NA	NA	NA	NA	NA	NA	NA	NA	NA	NA	NA	NA	NA	NA	NA	NA	NA	NA	NA	NA	NA	NA	NA	NA	NA	NA	NA	NA	NA	NA	NA	NA	NA	NA	NA	NA	NA	NA	NA	NA	NA	NA	NA	NA	NA	NA	NA	NA	NA	NA	NA	NA	NA	NA	NA	NA	NA	NA	NA	NA	NA	NA	NA	NA	NA	NA	NA	NA	NA	NA	NA	NA	NA	NA	NA	NA	NA	NA	NA	NA	NA	NA	NA	NA	NA	NA	NA	NA	NA	NA	NA	NA	NA	NA	NA	NA	NA	NA	NA	NA	NA	NA	NA	NA	NA	NA	NA	NA	NA	NA	NA	NA	NA	NA	NA	NA	NA	NA	NA	NA	NA	Female	NA	NA	NA	NA	NA	NA	NA	NA	NA	NA	NA	NA	NA	NA	NA	NA	NA	NA	0.6382	G3	NA	NA	NA	NA	NA	NA	NA	NA	NA	52.04326528	0:LIVING	NA	NA	NA	NA	NA	NA	NA	1988	NA	NA	NA	NA	NA	0	NA	NA	NA	NA	NA	NA	8/9/11	NA	NA	NA	NA	NA	No	NA	NA	NA	C54.1	8380/3	C54.1	Yes	NA	NA	NA	NA	NA	NA	NA	NA	NA	NA	NA	NA	NA	NA	NA	No	NA	NA	d1c65e6a-098e-4c10-9183-c303ba66015a	NA	NA	NA	NA	NA	NA	NA	NA	NA	NA	NA	NA	NA	NA	NA	NA	NA	NA	NA	NA	NA	NA	NA	NA	NA	NA	Duke	NA	NA	NA	NA	74	NA	1583	-32047	NA	NA	NA	NA	NA	NA	NA	NA	NA	NA	NA	NA	NA	20	NA	UCEC	52.04326528	0:ALIVE OR DEAD TUMOR FREE	EUR	Yes	0.3046	0.29	Tumor Free	52.04326528	0:CENSORED	NA	No	No	NA	UCEC_CN_HIGH	4	No	Yes	B5	Uterus	Endometrioid Endometrial Adenocarcinoma	NA	NA	NA	NA	NA	NA	NA	NA	NA	NA	NA	NA	NA	NA	NA	NA
ucec_tcga_pub	TCGA-B5-A11Q	TCGA-B5-A11Q-01	Endometrial Cancer	Uterine Endometrioid Carcinoma	NA	NA	NA	NA	42	UEC	NA	1	Primary	Matched	1.4	NA	NA	NA	NA	NA	NA	64	NA	NA	NA	NA	NA	NA	NA	NA	NA	NA	NA	NA	NA	NA	NA	NA	NA	NA	NA	NA	NA	NA	NA	NA	NA	NA	NA	NA	NA	NA	NA	NA	NA	NA	NA	NA	NA	NA	NA	NA	NA	NA	NA	NA	NA	NA	NA	NA	NA	NA	NA	NA	NA	NA	NA	NA	NA	NA	NA	NA	NA	NA	NA	NA	NA	NA	NA	NA	NA	NA	NA	NA	NA	NA	NA	NA	NA	NA	NA	NA	NA	NA	NA	NA	NA	NA	NA	NA	NA	NA	NA	NA	NA	NA	NA	NA	NA	NA	NA	NA	NA	NA	NA	NA	NA	NA	NA	NA	NA	NA	NA	NA	NA	NA	NA	NA	NA	NA	NA	NA	NA	NA	NA	NA	NA	NA	NA	NA	NA	NA	NA	NA	NA	NA	NA	NA	NA	NA	NA	Female	NA	NA	NA	NA	NA	NA	NA	NA	NA	NA	NA	NA	NA	NA	NA	NA	NA	NA	0.1120	Grade 1	NA	NA	NA	NA	NA	NA	NA	NA	NA	32.03	0:LIVING	NA	NA	NA	NA	NA	NA	NA	NA	NA	NA	NA	NA	NA	NA	NA	32.03353842	0:DiseaseFree	NA	NA	NA	NA	NA	NA	NA	NA	NA	NA	NA	NA	NA	NA	NA	NA	NA	NA	NA	NA	NA	NA	NA	NA	NA	NA	NA	NA	NA	NA	NA	NA	NA	NA	NA	NA	NA	NA	NA	NA	NA	NA	NA	NA	NA	NA	NA	NA	NA	NA	NA	NA	NA	NA	NA	NA	NA	NA	NA	NA	NA	NA	NA	NA	NA	NA	NA	NA	NA	NA	NA	NA	NA	NA	NA	NA	NA	NA	NA	NA	NA	NA	NA	NA	NA	NA	NA	NA	NA	NA	NA	NA	NA	NA	NA	NA	NA	NA	NA	NA	Copy-number low (Endometriod)	NA	NA	NA	NA	NA	NA	NA	3	Y	Y	Endometrioid	Y	1	6	0.936182815	0	2	MSS	MSS	1_LOW	Y	Stage III
ucec_tcga_pan_can_atlas_2018	TCGA-B5-A11Q	TCGA-B5-A11Q-01	Endometrial Cancer	Uterine Endometrioid Carcinoma	NA	NA	NA	NA	42	UEC	White	1	Primary	Matched	1.4	NA	NA	NA	NA	NA	NA	64	NA	NA	NA	NA	NA	NA	NA	NA	NA	NA	NA	NA	NA	NA	NA	NA	NA	NA	NA	NA	NA	NA	NA	NA	NA	NA	NA	NA	NA	NA	NA	NA	NA	NA	NA	NA	NA	NA	NA	NA	NA	NA	NA	NA	NA	NA	NA	NA	NA	NA	NA	NA	NA	NA	NA	NA	NA	NA	NA	NA	NA	NA	NA	NA	NA	NA	NA	NA	NA	NA	NA	NA	NA	NA	NA	NA	NA	NA	NA	NA	NA	NA	NA	NA	NA	NA	NA	NA	NA	NA	NA	NA	NA	NA	NA	NA	NA	NA	NA	NA	NA	NA	NA	NA	NA	NA	NA	NA	NA	NA	NA	NA	NA	NA	NA	NA	NA	NA	NA	NA	NA	NA	NA	NA	NA	NA	NA	NA	NA	NA	NA	NA	NA	NA	NA	NA	NA	NA	NA	Female	NA	NA	NA	NA	NA	NA	NA	NA	NA	NA	NA	NA	NA	NA	NA	NA	NA	NA	0.1120	G1	NA	NA	NA	NA	NA	NA	NA	NA	NA	32.08731959	0:LIVING	NA	NA	NA	NA	NA	NA	NA	1988	NA	NA	NA	NA	NA	0	NA	32.08731959	0:DiseaseFree	NA	NA	NA	2/11/11	NA	NA	NA	NA	NA	No	NA	NA	NA	C54.1	8380/3	C54.1	Yes	NA	NA	NA	NA	NA	NA	NA	NA	NA	NA	NA	NA	NA	NA	NA	No	NA	NA	af852215-5a4b-44b4-8e8e-b887dcb3cf8c	NA	NA	NA	NA	NA	NA	NA	NA	NA	NA	NA	NA	NA	NA	NA	NA	NA	NA	NA	NA	NA	NA	NA	NA	NA	NA	Duke	NA	NA	NA	NA	88	NA	976	-23538	NA	NA	NA	NA	NA	NA	NA	NA	NA	NA	NA	NA	NA	4	NA	UCEC	32.08731959	0:ALIVE OR DEAD TUMOR FREE	EUR	Yes	0.2746	0.49	Tumor Free	32.08731959	0:CENSORED	NA	No	Yes	NA	UCEC_CN_LOW	20	No	Yes	B5	Uterus	Endometrioid Endometrial Adenocarcinoma	NA	NA	NA	NA	NA	NA	NA	NA	NA	NA	NA	NA	NA	NA	NA	NA
ucec_tcga_pan_can_atlas_2018	TCGA-B5-A11R	TCGA-B5-A11R-01	Endometrial Cancer	Uterine Endometrioid Carcinoma	NA	NA	NA	NA	594	UEC	Black or African American	1	Primary	Matched	19.96666667	NA	NA	NA	NA	NA	NA	51	NA	NA	NA	NA	NA	NA	NA	NA	NA	NA	NA	NA	NA	NA	NA	NA	NA	NA	NA	NA	NA	NA	NA	NA	NA	NA	NA	NA	NA	NA	NA	NA	NA	NA	NA	NA	NA	NA	NA	NA	NA	NA	NA	NA	NA	NA	NA	NA	NA	NA	NA	NA	NA	NA	NA	NA	NA	NA	NA	NA	NA	NA	NA	NA	NA	NA	NA	NA	NA	NA	NA	NA	NA	NA	NA	NA	NA	NA	NA	NA	NA	NA	NA	NA	NA	NA	NA	NA	NA	NA	NA	NA	NA	NA	NA	NA	NA	NA	NA	NA	NA	NA	NA	NA	NA	NA	NA	NA	NA	NA	NA	NA	NA	NA	NA	NA	NA	NA	NA	NA	NA	NA	NA	NA	NA	NA	NA	NA	NA	NA	NA	NA	NA	NA	NA	NA	NA	NA	NA	Female	NA	NA	NA	NA	NA	NA	NA	NA	NA	NA	NA	NA	NA	NA	NA	NA	NA	NA	0.3046	G3	NA	NA	NA	NA	NA	NA	NA	NA	NA	77.22655094	0:LIVING	NA	NA	NA	NA	NA	NA	NA	1988	NA	NA	NA	NA	NA	0	NA	77.22655094	0:DiseaseFree	NA	NA	NA	2/22/11	NA	NA	NA	NA	NA	No	NA	NA	NA	C54.1	8380/3	C54.1	Yes	NA	NA	NA	NA	NA	NA	NA	NA	NA	NA	NA	NA	NA	NA	NA	No	NA	NA	f04befed-6c81-4676-8715-b8c6a33cb9d1	NA	NA	NA	NA	NA	NA	NA	NA	NA	NA	NA	NA	NA	NA	NA	NA	NA	NA	NA	NA	NA	NA	NA	NA	NA	NA	Duke	NA	NA	NA	NA	89	NA	2349	-18878	NA	NA	NA	NA	NA	NA	NA	NA	NA	NA	NA	NA	NA	11	21	UCEC	77.22655094	0:ALIVE OR DEAD TUMOR FREE	AFR_ADMIX	Yes	0.2964	0.41	Tumor Free	77.22655094	0:CENSORED	NA	No	Yes	20	UCEC_CN_LOW	10	No	Yes	B5	Uterus	Endometrioid Endometrial Adenocarcinoma	14	NA	NA	NA	NA	NA	NA	NA	NA	NA	NA	NA	NA	NA	NA	NA
ucec_tcga_pub	TCGA-B5-A11S	TCGA-B5-A11S-01	Endometrial Cancer	Uterine Endometrioid Carcinoma	NA	NA	NA	NA	43	UEC	NA	1	Primary	Matched	1.43333333333	NA	NA	NA	NA	NA	NA	63	NA	NA	NA	NA	NA	NA	NA	NA	NA	NA	NA	NA	NA	NA	NA	NA	NA	NA	NA	NA	NA	NA	NA	NA	NA	NA	NA	NA	NA	NA	NA	NA	NA	NA	NA	NA	NA	NA	NA	NA	NA	NA	NA	NA	NA	NA	NA	NA	NA	NA	NA	NA	NA	NA	NA	NA	NA	NA	NA	NA	NA	NA	NA	NA	NA	NA	NA	NA	NA	NA	NA	NA	NA	NA	NA	NA	NA	NA	NA	NA	NA	NA	NA	NA	NA	NA	NA	NA	NA	NA	NA	NA	NA	NA	NA	NA	NA	NA	NA	NA	NA	NA	NA	NA	NA	NA	NA	NA	NA	NA	NA	NA	NA	NA	NA	NA	NA	NA	NA	NA	NA	NA	NA	NA	NA	NA	NA	NA	NA	NA	NA	NA	NA	NA	NA	NA	NA	NA	NA	Female	NA	NA	NA	NA	NA	NA	NA	NA	NA	NA	NA	NA	NA	NA	NA	NA	NA	NA	0.1509	Grade 2	NA	NA	NA	NA	NA	NA	NA	NA	NA	27.3	0:LIVING	NA	NA	NA	NA	NA	NA	NA	NA	NA	NA	NA	NA	NA	NA	NA	1.314196448	1:Recurred	NA	NA	NA	NA	NA	NA	NA	NA	NA	NA	NA	NA	NA	NA	NA	NA	NA	NA	NA	NA	NA	NA	NA	NA	NA	NA	NA	NA	NA	NA	NA	NA	NA	NA	NA	NA	NA	NA	NA	NA	NA	NA	NA	NA	NA	NA	NA	NA	NA	NA	NA	NA	NA	NA	NA	NA	NA	NA	NA	NA	NA	NA	NA	NA	NA	NA	NA	NA	NA	NA	NA	NA	NA	NA	NA	NA	NA	NA	NA	NA	NA	NA	NA	NA	NA	NA	NA	NA	NA	NA	NA	NA	NA	NA	NA	NA	NA	NA	NA	NA	Copy-number low (Endometriod)	NA	NA	NA	NA	NA	NA	NA	3	Y	Y	Endometrioid	Y	2	6	0.936182815	0	2	MSS	MSS	1_LOW	Y	Stage I
ucec_tcga_pan_can_atlas_2018	TCGA-B5-A11S	TCGA-B5-A11S-01	Endometrial Cancer	Uterine Endometrioid Carcinoma	NA	NA	NA	NA	52	UEC	White	1	Primary	Matched	1.733333333	NA	NA	NA	NA	NA	NA	63	NA	NA	NA	NA	NA	NA	NA	NA	NA	NA	NA	NA	NA	NA	NA	NA	NA	NA	NA	NA	NA	NA	NA	NA	NA	NA	NA	NA	NA	NA	NA	NA	NA	NA	NA	NA	NA	NA	NA	NA	NA	NA	NA	NA	NA	NA	NA	NA	NA	NA	NA	NA	NA	NA	NA	NA	NA	NA	NA	NA	NA	NA	NA	NA	NA	NA	NA	NA	NA	NA	NA	NA	NA	NA	NA	NA	NA	NA	NA	NA	NA	NA	NA	NA	NA	NA	NA	NA	NA	NA	NA	NA	NA	NA	NA	NA	NA	NA	NA	NA	NA	NA	NA	NA	NA	NA	NA	NA	NA	NA	NA	NA	NA	NA	NA	NA	NA	NA	NA	NA	NA	NA	NA	NA	NA	NA	NA	NA	NA	NA	NA	NA	NA	NA	NA	NA	NA	NA	NA	Female	NA	NA	NA	NA	NA	NA	NA	NA	NA	NA	NA	NA	NA	NA	NA	NA	NA	NA	0.1509	G2	NA	NA	NA	NA	NA	NA	NA	NA	NA	73.2813887	0:LIVING	NA	NA	NA	NA	NA	NA	NA	2009	NA	NA	NA	NA	NA	0	NA	73.2813887	0:DiseaseFree	NA	NA	NA	2/22/11	NA	NA	NA	NA	NA	No	NA	NA	NA	C54.1	8380/3	C54.1	Yes	NA	NA	NA	NA	NA	NA	NA	NA	NA	NA	NA	NA	NA	NA	NA	No	NA	NA	cfd096ac-4d0f-4b89-8822-00656bc7f516	NA	NA	NA	NA	NA	NA	NA	NA	NA	NA	NA	NA	NA	NA	NA	NA	NA	NA	NA	NA	NA	NA	NA	NA	NA	NA	Duke	NA	NA	NA	NA	118	NA	2229	-23085	NA	NA	NA	NA	NA	NA	NA	NA	NA	NA	NA	NA	NA	6	NA	UCEC	73.2813887	0:ALIVE OR DEAD TUMOR FREE	EUR	Yes	0.2571	0.22	Tumor Free	1.347930434	1:PROGRESSION	NA	No	No	NA	UCEC_CN_LOW	3	No	Yes	B5	Uterus	Endometrioid Endometrial Adenocarcinoma	NA	NA	NA	NA	NA	NA	NA	NA	NA	NA	NA	NA	NA	NA	NA	NA
ucec_tcga_pan_can_atlas_2018	TCGA-B5-A11U	TCGA-B5-A11U-01	Endometrial Cancer	Uterine Endometrioid Carcinoma	NA	NA	NA	NA	369	UEC	Black or African American	1	Primary	Matched	12.3	NA	NA	NA	NA	NA	NA	74	NA	NA	NA	NA	NA	NA	NA	NA	NA	NA	NA	NA	NA	NA	NA	NA	NA	NA	NA	NA	NA	NA	NA	NA	NA	NA	NA	NA	NA	NA	NA	NA	NA	NA	NA	NA	NA	NA	NA	NA	NA	NA	NA	NA	NA	NA	NA	NA	NA	NA	NA	NA	NA	NA	NA	NA	NA	NA	NA	NA	NA	NA	NA	NA	NA	NA	NA	NA	NA	NA	NA	NA	NA	NA	NA	NA	NA	NA	NA	NA	NA	NA	NA	NA	NA	NA	NA	NA	NA	NA	NA	NA	NA	NA	NA	NA	NA	NA	NA	NA	NA	NA	NA	NA	NA	NA	NA	NA	NA	NA	NA	NA	NA	NA	NA	NA	NA	NA	NA	NA	NA	NA	NA	NA	NA	NA	NA	NA	NA	NA	NA	NA	NA	NA	NA	NA	NA	NA	NA	Female	NA	NA	NA	NA	NA	NA	NA	NA	NA	NA	NA	NA	NA	NA	NA	NA	NA	NA	0.0001	G3	NA	NA	NA	NA	NA	NA	NA	NA	NA	16.73406319	0:LIVING	NA	NA	NA	NA	NA	NA	NA	2009	NA	NA	NA	NA	NA	0	NA	NA	NA	NA	NA	NA	2/22/11	NA	NA	NA	NA	NA	No	NA	NA	NA	C54.1	8380/3	C54.1	Yes	NA	NA	NA	NA	NA	NA	NA	NA	NA	NA	NA	NA	NA	NA	NA	No	NA	NA	0b672aa4-fc13-476f-b61e-5f2c3a615c23	NA	NA	NA	NA	NA	NA	NA	NA	NA	NA	NA	NA	NA	NA	NA	NA	NA	NA	NA	NA	NA	NA	NA	NA	NA	NA	Duke	NA	NA	NA	NA	61	NA	509	-27160	NA	NA	NA	NA	NA	NA	NA	NA	NA	NA	NA	NA	NA	0	NA	UCEC	16.73406319	0:ALIVE OR DEAD TUMOR FREE	AFR	Yes	0.7585	27.25	Tumor Free	16.73406319	0:CENSORED	NA	No	Yes	NA	UCEC_MSI	1	No	Yes	B5	Uterus	Endometrioid Endometrial Adenocarcinoma	NA	NA	NA	NA	NA	NA	NA	NA	NA	NA	NA	NA	NA	NA	NA	NA
ucec_tcga_pub	TCGA-B5-A11V	TCGA-B5-A11V-01	Endometrial Cancer	Uterine Endometrioid Carcinoma	NA	NA	NA	NA	52	UEC	NA	1	Primary	Matched	1.66666666667	NA	NA	NA	NA	NA	NA	64	NA	NA	NA	NA	NA	NA	NA	NA	NA	NA	NA	NA	NA	NA	NA	NA	NA	NA	NA	NA	NA	NA	NA	NA	NA	NA	NA	NA	NA	NA	NA	NA	NA	NA	NA	NA	NA	NA	NA	NA	NA	NA	NA	NA	NA	NA	NA	NA	NA	NA	NA	NA	NA	NA	NA	NA	NA	NA	NA	NA	NA	NA	NA	NA	NA	NA	NA	NA	NA	NA	NA	NA	NA	NA	NA	NA	NA	NA	NA	NA	NA	NA	NA	NA	NA	NA	NA	NA	NA	NA	NA	NA	NA	NA	NA	NA	NA	NA	NA	NA	NA	NA	NA	NA	NA	NA	NA	NA	NA	NA	NA	NA	NA	NA	NA	NA	NA	NA	NA	NA	NA	NA	NA	NA	NA	NA	NA	NA	NA	NA	NA	NA	NA	NA	NA	NA	NA	NA	NA	Female	NA	NA	NA	NA	NA	NA	NA	NA	NA	NA	NA	NA	NA	NA	NA	NA	NA	NA	0.1219	Grade 1	NA	NA	NA	NA	NA	NA	NA	NA	NA	19.52	0:LIVING	NA	NA	NA	NA	NA	NA	NA	NA	NA	NA	NA	NA	NA	NA	NA	19.51581725	0:DiseaseFree	NA	NA	NA	NA	NA	NA	NA	NA	NA	NA	NA	NA	NA	NA	NA	NA	NA	NA	NA	NA	NA	NA	NA	NA	NA	NA	NA	NA	NA	NA	NA	NA	NA	NA	NA	NA	NA	NA	NA	NA	NA	NA	NA	NA	NA	NA	NA	NA	NA	NA	NA	NA	NA	NA	NA	NA	NA	NA	NA	NA	NA	NA	NA	NA	NA	NA	NA	NA	NA	NA	NA	NA	NA	NA	NA	NA	NA	NA	NA	NA	NA	NA	NA	NA	NA	NA	NA	NA	NA	NA	NA	NA	NA	NA	NA	NA	NA	NA	NA	NA	Copy-number low (Endometriod)	NA	NA	NA	NA	NA	NA	NA	2	Y	Y	Endometrioid	Y	4	5	0.762721706	0	2	MSS	MSS	1_LOW	Y	Stage I
ucec_tcga_pan_can_atlas_2018	TCGA-B5-A11V	TCGA-B5-A11V-01	Endometrial Cancer	Uterine Endometrioid Carcinoma	NA	NA	NA	NA	56	UEC	Black or African American	1	Primary	Matched	1.9	NA	NA	NA	NA	NA	NA	64	NA	NA	NA	NA	NA	NA	NA	NA	NA	NA	NA	NA	NA	NA	NA	NA	NA	NA	NA	NA	NA	NA	NA	NA	NA	NA	NA	NA	NA	NA	NA	NA	NA	NA	NA	NA	NA	NA	NA	NA	NA	NA	NA	NA	NA	NA	NA	NA	NA	NA	NA	NA	NA	NA	NA	NA	NA	NA	NA	NA	NA	NA	NA	NA	NA	NA	NA	NA	NA	NA	NA	NA	NA	NA	NA	NA	NA	NA	NA	NA	NA	NA	NA	NA	NA	NA	NA	NA	NA	NA	NA	NA	NA	NA	NA	NA	NA	NA	NA	NA	NA	NA	NA	NA	NA	NA	NA	NA	NA	NA	NA	NA	NA	NA	NA	NA	NA	NA	NA	NA	NA	NA	NA	NA	NA	NA	NA	NA	NA	NA	NA	NA	NA	NA	NA	NA	NA	NA	NA	Female	NA	NA	NA	NA	NA	NA	NA	NA	NA	NA	NA	NA	NA	NA	NA	NA	NA	NA	0.1219	G1	NA	NA	NA	NA	NA	NA	NA	NA	NA	19.56142946	0:LIVING	NA	NA	NA	NA	NA	NA	NA	2009	NA	NA	NA	NA	NA	0	NA	19.56142946	0:DiseaseFree	NA	NA	NA	3/4/11	NA	NA	NA	NA	NA	No	NA	NA	NA	C54.1	8380/3	C54.1	Yes	NA	NA	NA	NA	NA	NA	NA	NA	NA	NA	NA	NA	NA	NA	NA	No	NA	NA	d3c83c5e-acb1-4cb0-8f56-96341822582f	NA	NA	NA	NA	NA	NA	NA	NA	NA	NA	NA	NA	NA	NA	NA	NA	NA	NA	NA	NA	NA	NA	NA	NA	NA	NA	Duke	NA	NA	NA	NA	71	NA	595	-23630	NA	NA	NA	NA	NA	NA	NA	NA	NA	NA	NA	NA	NA	6	NA	UCEC	19.56142946	0:ALIVE OR DEAD TUMOR FREE	AFR	Yes	0.2837	0.25	Tumor Free	19.56142946	0:CENSORED	NA	No	No	NA	UCEC_CN_LOW	2	No	Yes	B5	Uterus	Endometrioid Endometrial Adenocarcinoma	NA	NA	NA	NA	NA	NA	NA	NA	NA	NA	NA	NA	NA	NA	NA	NA
ucec_tcga_pub	TCGA-B5-A11W	TCGA-B5-A11W-01	Endometrial Cancer	Uterine Endometrioid Carcinoma	NA	NA	NA	NA	65	UEC	NA	1	Primary	Matched	2.16666666667	NA	NA	NA	NA	NA	NA	61	NA	NA	NA	NA	NA	NA	NA	NA	NA	NA	NA	NA	NA	NA	NA	NA	NA	NA	NA	NA	NA	NA	NA	NA	NA	NA	NA	NA	NA	NA	NA	NA	NA	NA	NA	NA	NA	NA	NA	NA	NA	NA	NA	NA	NA	NA	NA	NA	NA	NA	NA	NA	NA	NA	NA	NA	NA	NA	NA	NA	NA	NA	NA	NA	NA	NA	NA	NA	NA	NA	NA	NA	NA	NA	NA	NA	NA	NA	NA	NA	NA	NA	NA	NA	NA	NA	NA	NA	NA	NA	NA	NA	NA	NA	NA	NA	NA	NA	NA	NA	NA	NA	NA	NA	NA	NA	NA	NA	NA	NA	NA	NA	NA	NA	NA	NA	NA	NA	NA	NA	NA	NA	NA	NA	NA	NA	NA	NA	NA	NA	NA	NA	NA	NA	NA	NA	NA	NA	NA	Female	NA	NA	NA	NA	NA	NA	NA	NA	NA	NA	NA	NA	NA	NA	NA	NA	NA	NA	0.0009	Grade 2	NA	NA	NA	NA	NA	NA	NA	NA	NA	19.45	0:LIVING	NA	NA	NA	NA	NA	NA	NA	NA	NA	NA	NA	NA	NA	NA	NA	19.45010743	0:DiseaseFree	NA	NA	NA	NA	NA	NA	NA	NA	NA	NA	NA	NA	NA	NA	NA	NA	NA	NA	NA	NA	NA	NA	NA	NA	NA	NA	NA	NA	NA	NA	NA	NA	NA	NA	NA	NA	NA	NA	NA	NA	NA	NA	NA	NA	NA	NA	NA	NA	NA	NA	NA	NA	NA	NA	NA	NA	NA	NA	NA	NA	NA	NA	NA	NA	NA	NA	NA	NA	NA	NA	NA	NA	NA	NA	NA	NA	NA	NA	NA	NA	NA	NA	NA	NA	NA	NA	NA	NA	NA	NA	NA	NA	NA	NA	NA	NA	NA	NA	NA	NA	Copy-number low (Endometriod)	NA	NA	NA	NA	NA	NA	NA	2	Y	Y	Endometrioid	Y	2	6	0.936182815	0	2	MSS	MSS	1_LOW	Y	Stage I
ucec_tcga_pan_can_atlas_2018	TCGA-B5-A11W	TCGA-B5-A11W-01	Endometrial Cancer	Uterine Endometrioid Carcinoma	NA	NA	NA	NA	73	UEC	White	1	Primary	Matched	2.433333333	NA	NA	NA	NA	NA	NA	61	NA	NA	NA	NA	NA	NA	NA	NA	NA	NA	NA	NA	NA	NA	NA	NA	NA	NA	NA	NA	NA	NA	NA	NA	NA	NA	NA	NA	NA	NA	NA	NA	NA	NA	NA	NA	NA	NA	NA	NA	NA	NA	NA	NA	NA	NA	NA	NA	NA	NA	NA	NA	NA	NA	NA	NA	NA	NA	NA	NA	NA	NA	NA	NA	NA	NA	NA	NA	NA	NA	NA	NA	NA	NA	NA	NA	NA	NA	NA	NA	NA	NA	NA	NA	NA	NA	NA	NA	NA	NA	NA	NA	NA	NA	NA	NA	NA	NA	NA	NA	NA	NA	NA	NA	NA	NA	NA	NA	NA	NA	NA	NA	NA	NA	NA	NA	NA	NA	NA	NA	NA	NA	NA	NA	NA	NA	NA	NA	NA	NA	NA	NA	NA	NA	NA	NA	NA	NA	NA	Female	NA	NA	NA	NA	NA	NA	NA	NA	NA	NA	NA	NA	NA	NA	NA	NA	NA	NA	0.0009	G2	NA	NA	NA	NA	NA	NA	NA	NA	NA	19.49567676	0:LIVING	NA	NA	NA	NA	NA	NA	NA	2009	NA	NA	NA	NA	NA	0	NA	19.49567676	0:DiseaseFree	NA	NA	NA	3/4/11	NA	NA	NA	NA	NA	No	NA	NA	NA	C54.1	8380/3	C54.1	Yes	NA	NA	NA	NA	NA	NA	NA	NA	NA	NA	NA	NA	NA	NA	NA	No	NA	NA	f5bd3902-ff7f-4233-8f74-beef3676af9a	NA	NA	NA	NA	NA	NA	NA	NA	NA	NA	NA	NA	NA	NA	NA	NA	NA	NA	NA	NA	NA	NA	NA	NA	NA	NA	Duke	NA	NA	NA	NA	102	NA	593	-22365	NA	NA	NA	NA	NA	NA	NA	NA	NA	NA	NA	NA	NA	0	NA	UCEC	19.49567676	0:ALIVE OR DEAD TUMOR FREE	EUR	Yes	0.2663	0.22	Tumor Free	19.49567676	0:CENSORED	NA	No	Yes	NA	UCEC_CN_LOW	9	No	Yes	B5	Uterus	Endometrioid Endometrial Adenocarcinoma	NA	NA	NA	NA	NA	NA	NA	NA	NA	NA	NA	NA	NA	NA	NA	NA
ucec_tcga_pub	TCGA-B5-A11Y	TCGA-B5-A11Y-01	Endometrial Cancer	Uterine Endometrioid Carcinoma	NA	NA	NA	NA	812	UEC	NA	1	Primary	Matched	27.1666666667	NA	NA	NA	NA	NA	NA	59	NA	NA	NA	NA	NA	NA	NA	NA	NA	NA	NA	NA	NA	NA	NA	NA	NA	NA	NA	NA	NA	NA	NA	NA	NA	NA	NA	NA	NA	NA	NA	NA	NA	NA	NA	NA	NA	NA	NA	NA	NA	NA	NA	NA	NA	NA	NA	NA	NA	NA	NA	NA	NA	NA	NA	NA	NA	NA	NA	NA	NA	NA	NA	NA	NA	NA	NA	NA	NA	NA	NA	NA	NA	NA	NA	NA	NA	NA	NA	NA	NA	NA	NA	NA	NA	NA	NA	NA	NA	NA	NA	NA	NA	NA	NA	NA	NA	NA	NA	NA	NA	NA	NA	NA	NA	NA	NA	NA	NA	NA	NA	NA	NA	NA	NA	NA	NA	NA	NA	NA	NA	NA	NA	NA	NA	NA	NA	NA	NA	NA	NA	NA	NA	NA	NA	NA	NA	NA	NA	Female	NA	NA	NA	NA	NA	NA	NA	NA	NA	NA	NA	NA	NA	NA	NA	NA	NA	NA	0.0000	Grade 1	NA	NA	NA	NA	NA	NA	NA	NA	NA	18.37	0:LIVING	NA	NA	NA	NA	NA	NA	NA	NA	NA	NA	NA	NA	NA	NA	NA	18.36589536	0:DiseaseFree	NA	NA	NA	NA	NA	NA	NA	NA	NA	NA	NA	NA	NA	NA	NA	NA	NA	NA	NA	NA	NA	NA	NA	NA	NA	NA	NA	NA	NA	NA	NA	NA	NA	NA	NA	NA	NA	NA	NA	NA	NA	NA	NA	NA	NA	NA	NA	NA	NA	NA	NA	NA	NA	NA	NA	NA	NA	NA	NA	NA	NA	NA	NA	NA	NA	NA	NA	NA	NA	NA	NA	NA	NA	NA	NA	NA	NA	NA	NA	NA	NA	NA	NA	NA	NA	NA	NA	NA	NA	NA	NA	NA	NA	NA	NA	NA	NA	NA	NA	NA	Copy-number low (Endometriod)	NA	NA	NA	NA	NA	NA	NA	1	Y	Y	Endometrioid	Y	4	4	0.921320947	0	3	MSI-L	MSI-L	3_HIGHEST	Y	Stage I
ucec_tcga_pan_can_atlas_2018	TCGA-B5-A11Y	TCGA-B5-A11Y-01	Endometrial Cancer	Uterine Endometrioid Carcinoma	NA	NA	NA	NA	951	UEC	White	1	Primary	Matched	31.7	NA	NA	NA	NA	NA	NA	59	NA	NA	NA	NA	NA	NA	NA	NA	NA	NA	NA	NA	NA	NA	NA	NA	NA	NA	NA	NA	NA	NA	NA	NA	NA	NA	NA	NA	NA	NA	NA	NA	NA	NA	NA	NA	NA	NA	NA	NA	NA	NA	NA	NA	NA	NA	NA	NA	NA	NA	NA	NA	NA	NA	NA	NA	NA	NA	NA	NA	NA	NA	NA	NA	NA	NA	NA	NA	NA	NA	NA	NA	NA	NA	NA	NA	NA	NA	NA	NA	NA	NA	NA	NA	NA	NA	NA	NA	NA	NA	NA	NA	NA	NA	NA	NA	NA	NA	NA	NA	NA	NA	NA	NA	NA	NA	NA	NA	NA	NA	NA	NA	NA	NA	NA	NA	NA	NA	NA	NA	NA	NA	NA	NA	NA	NA	NA	NA	NA	NA	NA	NA	NA	NA	NA	NA	NA	NA	NA	Female	NA	NA	NA	NA	NA	NA	NA	NA	NA	NA	NA	NA	NA	NA	NA	NA	NA	NA	0.0000	G1	NA	NA	NA	NA	NA	NA	NA	NA	NA	18.41075714	0:LIVING	NA	NA	NA	NA	NA	NA	NA	2009	NA	NA	NA	NA	NA	0	NA	18.41075714	0:DiseaseFree	NA	NA	NA	3/11/11	NA	NA	NA	NA	NA	No	NA	NA	NA	C54.1	8382/3	C54.1	Yes	NA	NA	NA	NA	NA	NA	NA	NA	NA	NA	NA	NA	NA	NA	NA	No	NA	NA	c0db966b-1024-4ee3-899a-f12e3c71a42c	NA	NA	NA	NA	NA	NA	NA	NA	NA	NA	NA	NA	NA	NA	NA	NA	NA	NA	NA	NA	NA	NA	NA	NA	NA	NA	Duke	NA	NA	NA	NA	63	NA	560	-21860	NA	NA	NA	NA	NA	NA	NA	NA	NA	NA	NA	NA	NA	0	NA	UCEC	18.41075714	0:ALIVE OR DEAD TUMOR FREE	EUR	Yes	0.4514	3.92	Tumor Free	18.41075714	0:CENSORED	NA	No	No	NA	UCEC_CN_LOW	0	No	Yes	B5	Uterus	Endometrioid Endometrial Adenocarcinoma	NA	NA	NA	NA	NA	NA	NA	NA	NA	NA	NA	NA	NA	NA	NA	NA
ucec_tcga_pub	TCGA-B5-A11Z	TCGA-B5-A11Z-01	Endometrial Cancer	Uterine Endometrioid Carcinoma	NA	NA	NA	NA	47	UEC	NA	1	Primary	Matched	1.56666666667	NA	NA	NA	NA	NA	NA	61	NA	NA	NA	NA	NA	NA	NA	NA	NA	NA	NA	NA	NA	NA	NA	NA	NA	NA	NA	NA	NA	NA	NA	NA	NA	NA	NA	NA	NA	NA	NA	NA	NA	NA	NA	NA	NA	NA	NA	NA	NA	NA	NA	NA	NA	NA	NA	NA	NA	NA	NA	NA	NA	NA	NA	NA	NA	NA	NA	NA	NA	NA	NA	NA	NA	NA	NA	NA	NA	NA	NA	NA	NA	NA	NA	NA	NA	NA	NA	NA	NA	NA	NA	NA	NA	NA	NA	NA	NA	NA	NA	NA	NA	NA	NA	NA	NA	NA	NA	NA	NA	NA	NA	NA	NA	NA	NA	NA	NA	NA	NA	NA	NA	NA	NA	NA	NA	NA	NA	NA	NA	NA	NA	NA	NA	NA	NA	NA	NA	NA	NA	NA	NA	NA	NA	NA	NA	NA	NA	Female	NA	NA	NA	NA	NA	NA	NA	NA	NA	NA	NA	NA	NA	NA	NA	NA	NA	NA	0.0343	Grade 1	NA	NA	NA	NA	NA	NA	NA	NA	NA	17.35	0:LIVING	NA	NA	NA	NA	NA	NA	NA	NA	NA	NA	NA	NA	NA	NA	NA	17.34739311	0:DiseaseFree	NA	NA	NA	NA	NA	NA	NA	NA	NA	NA	NA	NA	NA	NA	NA	NA	NA	NA	NA	NA	NA	NA	NA	NA	NA	NA	NA	NA	NA	NA	NA	NA	NA	NA	NA	NA	NA	NA	NA	NA	NA	NA	NA	NA	NA	NA	NA	NA	NA	NA	NA	NA	NA	NA	NA	NA	NA	NA	NA	NA	NA	NA	NA	NA	NA	NA	NA	NA	NA	NA	NA	NA	NA	NA	NA	NA	NA	NA	NA	NA	NA	NA	NA	NA	NA	NA	NA	NA	NA	NA	NA	NA	NA	NA	NA	NA	NA	NA	NA	NA	Copy-number low (Endometriod)	NA	NA	NA	NA	NA	NA	NA	3	Y	Y	Endometrioid	Y	1	5	0.932869329	0	2	MSS	MSS	1_LOW	Y	Stage I
ucec_tcga_pan_can_atlas_2018	TCGA-B5-A11Z	TCGA-B5-A11Z-01	Endometrial Cancer	Uterine Endometrioid Carcinoma	NA	NA	NA	NA	52	UEC	White	1	Primary	Matched	1.733333333	NA	NA	NA	NA	NA	NA	61	NA	NA	NA	NA	NA	NA	NA	NA	NA	NA	NA	NA	NA	NA	NA	NA	NA	NA	NA	NA	NA	NA	NA	NA	NA	NA	NA	NA	NA	NA	NA	NA	NA	NA	NA	NA	NA	NA	NA	NA	NA	NA	NA	NA	NA	NA	NA	NA	NA	NA	NA	NA	NA	NA	NA	NA	NA	NA	NA	NA	NA	NA	NA	NA	NA	NA	NA	NA	NA	NA	NA	NA	NA	NA	NA	NA	NA	NA	NA	NA	NA	NA	NA	NA	NA	NA	NA	NA	NA	NA	NA	NA	NA	NA	NA	NA	NA	NA	NA	NA	NA	NA	NA	NA	NA	NA	NA	NA	NA	NA	NA	NA	NA	NA	NA	NA	NA	NA	NA	NA	NA	NA	NA	NA	NA	NA	NA	NA	NA	NA	NA	NA	NA	NA	NA	NA	NA	NA	NA	Female	NA	NA	NA	NA	NA	NA	NA	NA	NA	NA	NA	NA	NA	NA	NA	NA	NA	NA	0.0343	G1	NA	NA	NA	NA	NA	NA	NA	NA	NA	17.35871388	0:LIVING	NA	NA	NA	NA	NA	NA	NA	2009	NA	NA	NA	NA	NA	0	NA	17.35871388	0:DiseaseFree	NA	NA	NA	3/22/11	NA	NA	NA	NA	NA	No	NA	NA	NA	C54.1	8380/3	C54.1	Yes	NA	NA	NA	NA	NA	NA	NA	NA	NA	NA	NA	NA	NA	NA	NA	No	NA	NA	cc141997-edab-4aae-a056-0c079eaa7362	NA	NA	NA	NA	NA	NA	NA	NA	NA	NA	NA	NA	NA	NA	NA	NA	NA	NA	NA	NA	NA	NA	NA	NA	NA	NA	Duke	NA	NA	NA	NA	84	NA	528	-22505	NA	NA	NA	NA	NA	NA	NA	NA	NA	NA	NA	NA	NA	1	NA	UCEC	17.35871388	0:ALIVE OR DEAD TUMOR FREE	EUR	Yes	0.2746	0.19	Tumor Free	17.35871388	0:CENSORED	NA	No	No	NA	UCEC_CN_LOW	2	No	Yes	B5	Uterus	Endometrioid Endometrial Adenocarcinoma	NA	NA	NA	NA	NA	NA	NA	NA	NA	NA	NA	NA	NA	NA	NA	NA
ucec_tcga_pub	TCGA-B5-A121	TCGA-B5-A121-01	Endometrial Cancer	Uterine Endometrioid Carcinoma	NA	NA	NA	NA	26	UEC	NA	1	Primary	Matched	0.833333333333	NA	NA	NA	NA	NA	NA	57	NA	NA	NA	NA	NA	NA	NA	NA	NA	NA	NA	NA	NA	NA	NA	NA	NA	NA	NA	NA	NA	NA	NA	NA	NA	NA	NA	NA	NA	NA	NA	NA	NA	NA	NA	NA	NA	NA	NA	NA	NA	NA	NA	NA	NA	NA	NA	NA	NA	NA	NA	NA	NA	NA	NA	NA	NA	NA	NA	NA	NA	NA	NA	NA	NA	NA	NA	NA	NA	NA	NA	NA	NA	NA	NA	NA	NA	NA	NA	NA	NA	NA	NA	NA	NA	NA	NA	NA	NA	NA	NA	NA	NA	NA	NA	NA	NA	NA	NA	NA	NA	NA	NA	NA	NA	NA	NA	NA	NA	NA	NA	NA	NA	NA	NA	NA	NA	NA	NA	NA	NA	NA	NA	NA	NA	NA	NA	NA	NA	NA	NA	NA	NA	NA	NA	NA	NA	NA	NA	Female	NA	NA	NA	NA	NA	NA	NA	NA	NA	NA	NA	NA	NA	NA	NA	NA	NA	NA	0.0001	Grade 1	NA	NA	NA	NA	NA	NA	NA	NA	NA	16.56	0:LIVING	NA	NA	NA	NA	NA	NA	NA	NA	NA	NA	NA	NA	NA	NA	NA	16.55887524	0:DiseaseFree	NA	NA	NA	NA	NA	NA	NA	NA	NA	NA	NA	NA	NA	NA	NA	NA	NA	NA	NA	NA	NA	NA	NA	NA	NA	NA	NA	NA	NA	NA	NA	NA	NA	NA	NA	NA	NA	NA	NA	NA	NA	NA	NA	NA	NA	NA	NA	NA	NA	NA	NA	NA	NA	NA	NA	NA	NA	NA	NA	NA	NA	NA	NA	NA	NA	NA	NA	NA	NA	NA	NA	NA	NA	NA	NA	NA	NA	NA	NA	NA	NA	NA	NA	NA	NA	NA	NA	NA	NA	NA	NA	NA	NA	NA	NA	NA	NA	NA	NA	NA	Copy-number low (Endometriod)	NA	NA	NA	NA	NA	NA	NA	1	Y	Y	Endometrioid	Y	4	2	0.953263868	0	2	MSS	MSS	1_LOW	Y	Stage III
ucec_tcga_pan_can_atlas_2018	TCGA-B5-A121	TCGA-B5-A121-01	Endometrial Cancer	Uterine Endometrioid Carcinoma	NA	NA	NA	NA	31	UEC	White	1	Primary	Matched	1.066666667	NA	NA	NA	NA	NA	NA	57	NA	NA	NA	NA	NA	NA	NA	NA	NA	NA	NA	NA	NA	NA	NA	NA	NA	NA	NA	NA	NA	NA	NA	NA	NA	NA	NA	NA	NA	NA	NA	NA	NA	NA	NA	NA	NA	NA	NA	NA	NA	NA	NA	NA	NA	NA	NA	NA	NA	NA	NA	NA	NA	NA	NA	NA	NA	NA	NA	NA	NA	NA	NA	NA	NA	NA	NA	NA	NA	NA	NA	NA	NA	NA	NA	NA	NA	NA	NA	NA	NA	NA	NA	NA	NA	NA	NA	NA	NA	NA	NA	NA	NA	NA	NA	NA	NA	NA	NA	NA	NA	NA	NA	NA	NA	NA	NA	NA	NA	NA	NA	NA	NA	NA	NA	NA	NA	NA	NA	NA	NA	NA	NA	NA	NA	NA	NA	NA	NA	NA	NA	NA	NA	NA	NA	NA	NA	NA	NA	Female	NA	NA	NA	NA	NA	NA	NA	NA	NA	NA	NA	NA	NA	NA	NA	NA	NA	NA	0.0001	G1	NA	NA	NA	NA	NA	NA	NA	NA	NA	16.56968143	0:LIVING	NA	NA	NA	NA	NA	NA	NA	2009	NA	NA	NA	NA	NA	0	NA	16.56968143	0:DiseaseFree	NA	NA	NA	3/23/11	NA	NA	NA	NA	NA	No	NA	NA	NA	C54.1	8380/3	C54.1	Yes	NA	NA	NA	NA	NA	NA	NA	NA	NA	NA	NA	NA	NA	NA	NA	No	NA	NA	19511f9e-7b0e-4a06-998d-c1837d37c6ec	NA	NA	NA	NA	NA	NA	NA	NA	NA	NA	NA	NA	NA	NA	NA	NA	NA	NA	NA	NA	NA	NA	NA	NA	NA	NA	Duke	NA	NA	NA	NA	80	NA	504	-21018	NA	NA	NA	NA	NA	NA	NA	NA	NA	NA	NA	NA	NA	0	NA	UCEC	16.56968143	0:ALIVE OR DEAD TUMOR FREE	EUR	Yes	0.2653	0.13	Tumor Free	16.56968143	0:CENSORED	NA	No	Yes	NA	UCEC_CN_LOW	0	No	Yes	B5	Uterus	Endometrioid Endometrial Adenocarcinoma	NA	NA	NA	NA	NA	NA	NA	NA	NA	NA	NA	NA	NA	NA	NA	NA
ucec_tcga_pan_can_atlas_2018	TCGA-B5-A1MS	TCGA-B5-A1MS-01	Endometrial Cancer	Uterine Serous Carcinoma/Uterine Papillary Serous Carcinoma	Not Hispanic Or Latino	NA	NA	NA	45	USC	White	1	Primary	Matched	1.5	NA	NA	NA	NA	NA	NA	60	NA	NA	NA	NA	NA	NA	NA	NA	NA	NA	NA	NA	NA	NA	NA	NA	NA	NA	NA	NA	NA	NA	NA	NA	NA	NA	NA	NA	NA	NA	NA	NA	NA	NA	NA	NA	NA	NA	NA	NA	NA	NA	NA	NA	NA	NA	NA	NA	NA	NA	NA	NA	NA	NA	NA	NA	NA	NA	NA	NA	NA	NA	NA	NA	NA	NA	NA	NA	NA	NA	NA	NA	NA	NA	NA	NA	NA	NA	NA	NA	NA	NA	NA	NA	NA	NA	NA	NA	NA	NA	NA	NA	NA	NA	NA	NA	NA	NA	NA	NA	NA	NA	NA	NA	NA	NA	NA	NA	NA	NA	NA	NA	NA	NA	NA	NA	NA	NA	NA	NA	NA	NA	NA	NA	NA	NA	NA	NA	NA	NA	NA	NA	NA	NA	NA	NA	NA	NA	NA	Female	NA	NA	NA	NA	NA	NA	NA	NA	NA	NA	NA	NA	NA	NA	NA	NA	NA	NA	0.3454	G3	NA	NA	NA	NA	NA	NA	NA	NA	NA	102.3112076	1:DECEASED	NA	NA	NA	NA	NA	NA	NA	1988	NA	NA	NA	NA	NA	0	NA	NA	NA	NA	NA	NA	5/10/12	NA	NA	NA	NA	NA	No	NA	NA	NA	C54.1	8441/3	C54.1	Yes	NA	NA	NA	NA	NA	NA	NA	NA	NA	NA	NA	NA	NA	NA	NA	Yes	NA	NA	B2AA0220-6387-4EEA-B6D4-A4FA0F15B2D9	NA	NA	NA	NA	NA	NA	NA	NA	NA	NA	NA	NA	NA	NA	NA	NA	NA	NA	NA	NA	NA	NA	NA	NA	NA	NA	Duke	NA	NA	NA	NA	74	NA	NA	-22068	NA	NA	NA	NA	NA	NA	NA	NA	NA	NA	NA	NA	NA	13	-9	UCEC	102.3112076	1:DEAD WITH TUMOR	EUR	Yes	0.3021	0.38	With Tumor	88.96340862	1:PROGRESSION	NA	No	No	0	UCEC_CN_HIGH	214	No	Yes	B5	Uterus	Serous Endometrial Adenocarcinoma	8	NA	NA	NA	NA	NA	NA	NA	NA	NA	NA	NA	NA	NA	NA	NA
ucec_tcga_pan_can_atlas_2018	TCGA-B5-A1MU	TCGA-B5-A1MU-01	Endometrial Cancer	Uterine Serous Carcinoma/Uterine Papillary Serous Carcinoma	NA	NA	NA	NA	32	USC	White	1	Primary	Matched	1.1	NA	NA	NA	NA	NA	NA	79	NA	NA	NA	NA	NA	NA	NA	NA	NA	NA	NA	NA	NA	NA	NA	NA	NA	NA	NA	NA	NA	NA	NA	NA	NA	NA	NA	NA	NA	NA	NA	NA	NA	NA	NA	NA	NA	NA	NA	NA	NA	NA	NA	NA	NA	NA	NA	NA	NA	NA	NA	NA	NA	NA	NA	NA	NA	NA	NA	NA	NA	NA	NA	NA	NA	NA	NA	NA	NA	NA	NA	NA	NA	NA	NA	NA	NA	NA	NA	NA	NA	NA	NA	NA	NA	NA	NA	NA	NA	NA	NA	NA	NA	NA	NA	NA	NA	NA	NA	NA	NA	NA	NA	NA	NA	NA	NA	NA	NA	NA	NA	NA	NA	NA	NA	NA	NA	NA	NA	NA	NA	NA	NA	NA	NA	NA	NA	NA	NA	NA	NA	NA	NA	NA	NA	NA	NA	NA	NA	Female	NA	NA	NA	NA	NA	NA	NA	NA	NA	NA	NA	NA	NA	NA	NA	NA	NA	NA	0.1350	G3	NA	NA	NA	NA	NA	NA	NA	NA	NA	50.89259296	1:DECEASED	NA	NA	NA	NA	NA	NA	NA	1988	NA	NA	NA	NA	NA	0	NA	NA	NA	NA	NA	NA	7/19/11	NA	NA	NA	NA	NA	No	NA	NA	NA	C54.1	8441/3	C54.1	Yes	NA	NA	NA	NA	NA	NA	NA	NA	NA	NA	NA	NA	NA	NA	NA	Yes	NA	NA	f5261330-596e-4632-a5a3-8d3a2aa5de38	NA	NA	NA	NA	NA	NA	NA	NA	NA	NA	NA	NA	NA	NA	NA	NA	NA	NA	NA	NA	NA	NA	NA	NA	NA	NA	Duke	NA	NA	NA	NA	44	NA	NA	-29027	NA	NA	NA	NA	NA	NA	NA	NA	NA	NA	NA	NA	NA	10	NA	UCEC	50.89259296	1:DEAD WITH TUMOR	EUR	Yes	0.3022	0.03	With Tumor	44.87622054	1:PROGRESSION	NA	No	No	NA	UCEC_CN_HIGH	106	No	Yes	B5	Uterus	Serous Endometrial Adenocarcinoma	NA	NA	NA	NA	NA	NA	NA	NA	NA	NA	NA	NA	NA	NA	NA	NA
ucec_tcga_pan_can_atlas_2018	TCGA-B5-A1MV	TCGA-B5-A1MV-01	Endometrial Cancer	Uterine Endometrioid Carcinoma	NA	NA	NA	NA	60	UEC	White	1	Primary	Matched	2.033333333	NA	NA	NA	NA	NA	NA	84	NA	NA	NA	NA	NA	NA	NA	NA	NA	NA	NA	NA	NA	NA	NA	NA	NA	NA	NA	NA	NA	NA	NA	NA	NA	NA	NA	NA	NA	NA	NA	NA	NA	NA	NA	NA	NA	NA	NA	NA	NA	NA	NA	NA	NA	NA	NA	NA	NA	NA	NA	NA	NA	NA	NA	NA	NA	NA	NA	NA	NA	NA	NA	NA	NA	NA	NA	NA	NA	NA	NA	NA	NA	NA	NA	NA	NA	NA	NA	NA	NA	NA	NA	NA	NA	NA	NA	NA	NA	NA	NA	NA	NA	NA	NA	NA	NA	NA	NA	NA	NA	NA	NA	NA	NA	NA	NA	NA	NA	NA	NA	NA	NA	NA	NA	NA	NA	NA	NA	NA	NA	NA	NA	NA	NA	NA	NA	NA	NA	NA	NA	NA	NA	NA	NA	NA	NA	NA	NA	Female	NA	NA	NA	NA	NA	NA	NA	NA	NA	NA	NA	NA	NA	NA	NA	NA	NA	NA	0.1008	G2	NA	NA	NA	NA	NA	NA	NA	NA	NA	51.45149094	0:LIVING	NA	NA	NA	NA	NA	NA	NA	2009	NA	NA	NA	NA	NA	0	NA	51.45149094	0:DiseaseFree	NA	NA	NA	2/15/12	NA	NA	NA	NA	NA	No	NA	NA	NA	C54.1	8380/3	C54.1	Yes	NA	NA	NA	NA	NA	NA	NA	NA	NA	NA	NA	NA	NA	NA	NA	No	NA	NA	0f36c3a2-0ba5-4c43-a3f0-78d125e5d0ac	NA	NA	NA	NA	NA	NA	NA	NA	NA	NA	NA	NA	NA	NA	NA	NA	NA	NA	NA	NA	NA	NA	NA	NA	NA	NA	Duke	NA	NA	NA	NA	72	NA	1565	-30926	NA	NA	NA	NA	NA	NA	NA	NA	NA	NA	NA	NA	NA	4	NA	UCEC	51.45149094	0:ALIVE OR DEAD TUMOR FREE	EUR	Yes	0.3134	0	Tumor Free	51.45149094	0:CENSORED	NA	No	No	NA	UCEC_CN_LOW	0	No	Yes	B5	Uterus	Endometrioid Endometrial Adenocarcinoma	NA	NA	NA	NA	NA	NA	NA	NA	NA	NA	NA	NA	NA	NA	NA	NA
ucec_tcga_pan_can_atlas_2018	TCGA-B5-A1MW	TCGA-B5-A1MW-01	Endometrial Cancer	Uterine Endometrioid Carcinoma	NA	NA	NA	NA	537	UEC	White	1	Primary	Matched	18.03333333	NA	NA	NA	NA	NA	NA	55	NA	NA	NA	NA	NA	NA	NA	NA	NA	NA	NA	NA	NA	NA	NA	NA	NA	NA	NA	NA	NA	NA	NA	NA	NA	NA	NA	NA	NA	NA	NA	NA	NA	NA	NA	NA	NA	NA	NA	NA	NA	NA	NA	NA	NA	NA	NA	NA	NA	NA	NA	NA	NA	NA	NA	NA	NA	NA	NA	NA	NA	NA	NA	NA	NA	NA	NA	NA	NA	NA	NA	NA	NA	NA	NA	NA	NA	NA	NA	NA	NA	NA	NA	NA	NA	NA	NA	NA	NA	NA	NA	NA	NA	NA	NA	NA	NA	NA	NA	NA	NA	NA	NA	NA	NA	NA	NA	NA	NA	NA	NA	NA	NA	NA	NA	NA	NA	NA	NA	NA	NA	NA	NA	NA	NA	NA	NA	NA	NA	NA	NA	NA	NA	NA	NA	NA	NA	NA	NA	Female	NA	NA	NA	NA	NA	NA	NA	NA	NA	NA	NA	NA	NA	NA	NA	NA	NA	NA	0.0499	G3	NA	NA	NA	NA	NA	NA	NA	NA	NA	14.69572936	0:LIVING	NA	NA	NA	NA	NA	NA	NA	2009	NA	NA	NA	NA	NA	0	NA	10.22454548	1:Recurred/Progressed	NA	NA	NA	2/16/12	NA	NA	NA	NA	NA	No	NA	NA	NA	C54.1	8380/3	C54.1	Yes	NA	NA	NA	NA	NA	NA	NA	NA	NA	NA	NA	NA	NA	NA	NA	Yes	NA	NA	E2B48D0D-57CA-400B-8598-55EF132E350E	NA	NA	NA	NA	NA	NA	NA	NA	NA	NA	NA	NA	NA	NA	NA	NA	NA	NA	NA	NA	NA	NA	NA	NA	NA	NA	Duke	NA	NA	NA	NA	62	NA	447	-20183	NA	NA	NA	NA	NA	NA	NA	NA	NA	NA	NA	NA	NA	2	41	UCEC	14.69572936	0:ALIVE OR DEAD TUMOR FREE	EUR	Yes	0.8113	13.94	Tumor Free	10.22454548	1:PROGRESSION	NA	No	Yes	24	UCEC_MSI	2	No	Yes	B5	Uterus	Endometrioid Endometrial Adenocarcinoma	42	NA	NA	NA	NA	NA	NA	NA	NA	NA	NA	NA	NA	NA	NA	NA
ucec_tcga_pan_can_atlas_2018	TCGA-B5-A1MX	TCGA-B5-A1MX-01	Endometrial Cancer	Uterine Endometrioid Carcinoma	NA	NA	NA	NA	5687	UEC	White	1	Primary	Matched	191.2666667	NA	NA	NA	NA	NA	NA	47	NA	NA	NA	NA	NA	NA	NA	NA	NA	NA	NA	NA	NA	NA	NA	NA	NA	NA	NA	NA	NA	NA	NA	NA	NA	NA	NA	NA	NA	NA	NA	NA	NA	NA	NA	NA	NA	NA	NA	NA	NA	NA	NA	NA	NA	NA	NA	NA	NA	NA	NA	NA	NA	NA	NA	NA	NA	NA	NA	NA	NA	NA	NA	NA	NA	NA	NA	NA	NA	NA	NA	NA	NA	NA	NA	NA	NA	NA	NA	NA	NA	NA	NA	NA	NA	NA	NA	NA	NA	NA	NA	NA	NA	NA	NA	NA	NA	NA	NA	NA	NA	NA	NA	NA	NA	NA	NA	NA	NA	NA	NA	NA	NA	NA	NA	NA	NA	NA	NA	NA	NA	NA	NA	NA	NA	NA	NA	NA	NA	NA	NA	NA	NA	NA	NA	NA	NA	NA	NA	Female	NA	NA	NA	NA	NA	NA	NA	NA	NA	NA	NA	NA	NA	NA	NA	NA	NA	NA	0.0008	G3	NA	NA	NA	NA	NA	NA	NA	NA	NA	48.42686656	0:LIVING	NA	NA	NA	NA	NA	NA	NA	2009	NA	NA	NA	NA	NA	0	NA	48.42686656	0:DiseaseFree	NA	NA	NA	2/16/12	NA	NA	NA	NA	NA	No	NA	NA	NA	C54.1	8380/3	C54.1	Yes	NA	NA	NA	NA	NA	NA	NA	NA	NA	NA	NA	NA	NA	NA	NA	No	NA	NA	37bac6ba-be93-42cc-892b-efd0bdb850bd	NA	NA	NA	NA	NA	NA	NA	NA	NA	NA	NA	NA	NA	NA	NA	NA	NA	NA	NA	NA	NA	NA	NA	NA	NA	NA	Duke	NA	NA	NA	NA	58	NA	1473	-17320	NA	NA	NA	NA	NA	NA	NA	NA	NA	NA	NA	NA	NA	0	NA	UCEC	48.42686656	0:ALIVE OR DEAD TUMOR FREE	EUR	Yes	0.8573	16.15	Tumor Free	48.42686656	0:CENSORED	NA	No	Yes	NA	UCEC_MSI	17	No	Yes	B5	Uterus	Endometrioid Endometrial Adenocarcinoma	NA	NA	NA	NA	NA	NA	NA	NA	NA	NA	NA	NA	NA	NA	NA	NA
ucec_tcga_pan_can_atlas_2018	TCGA-B5-A1MY	TCGA-B5-A1MY-01	Endometrial Cancer	Uterine Serous Carcinoma/Uterine Papillary Serous Carcinoma	NA	NA	NA	NA	47	USC	Black or African American	1	Primary	Matched	1.633333333	NA	NA	NA	NA	NA	NA	62	NA	NA	NA	NA	NA	NA	NA	NA	NA	NA	NA	NA	NA	NA	NA	NA	NA	NA	NA	NA	NA	NA	NA	NA	NA	NA	NA	NA	NA	NA	NA	NA	NA	NA	NA	NA	NA	NA	NA	NA	NA	NA	NA	NA	NA	NA	NA	NA	NA	NA	NA	NA	NA	NA	NA	NA	NA	NA	NA	NA	NA	NA	NA	NA	NA	NA	NA	NA	NA	NA	NA	NA	NA	NA	NA	NA	NA	NA	NA	NA	NA	NA	NA	NA	NA	NA	NA	NA	NA	NA	NA	NA	NA	NA	NA	NA	NA	NA	NA	NA	NA	NA	NA	NA	NA	NA	NA	NA	NA	NA	NA	NA	NA	NA	NA	NA	NA	NA	NA	NA	NA	NA	NA	NA	NA	NA	NA	NA	NA	NA	NA	NA	NA	NA	NA	NA	NA	NA	NA	Female	NA	NA	NA	NA	NA	NA	NA	NA	NA	NA	NA	NA	NA	NA	NA	NA	NA	NA	0.5939	G3	NA	NA	NA	NA	NA	NA	NA	NA	NA	11.86836309	1:DECEASED	NA	NA	NA	NA	NA	NA	NA	2009	NA	NA	NA	NA	NA	0	NA	NA	NA	NA	NA	NA	2/17/12	NA	NA	NA	NA	NA	No	NA	NA	NA	C54.1	8441/3	C54.1	Yes	NA	NA	NA	NA	NA	NA	NA	NA	NA	NA	NA	NA	NA	NA	NA	Yes	NA	NA	5d2f1a0f-a01b-48c2-b749-1ca710aa2bb4	NA	NA	NA	NA	NA	NA	NA	NA	NA	NA	NA	NA	NA	NA	NA	NA	NA	NA	NA	NA	NA	NA	NA	NA	NA	NA	Duke	NA	NA	NA	NA	67	NA	NA	-22805	NA	NA	NA	NA	NA	NA	NA	NA	NA	NA	NA	NA	NA	17	NA	UCEC	11.86836309	1:DEAD WITH TUMOR	AFR_ADMIX	Yes	0.3174	0.61	With Tumor	10.94782523	1:PROGRESSION	NA	No	Yes	NA	UCEC_CN_HIGH	271	No	Yes	B5	Uterus	Serous Endometrial Adenocarcinoma	NA	NA	NA	NA	NA	NA	NA	NA	NA	NA	NA	NA	NA	NA	NA	NA
ucec_tcga_pan_can_atlas_2018	TCGA-B5-A1MZ	TCGA-B5-A1MZ-01	Endometrial Cancer	Uterine Endometrioid Carcinoma	NA	NA	NA	NA	52	UEC	White	1	Primary	Matched	1.733333333	NA	NA	NA	NA	NA	NA	54	NA	NA	NA	NA	NA	NA	NA	NA	NA	NA	NA	NA	NA	NA	NA	NA	NA	NA	NA	NA	NA	NA	NA	NA	NA	NA	NA	NA	NA	NA	NA	NA	NA	NA	NA	NA	NA	NA	NA	NA	NA	NA	NA	NA	NA	NA	NA	NA	NA	NA	NA	NA	NA	NA	NA	NA	NA	NA	NA	NA	NA	NA	NA	NA	NA	NA	NA	NA	NA	NA	NA	NA	NA	NA	NA	NA	NA	NA	NA	NA	NA	NA	NA	NA	NA	NA	NA	NA	NA	NA	NA	NA	NA	NA	NA	NA	NA	NA	NA	NA	NA	NA	NA	NA	NA	NA	NA	NA	NA	NA	NA	NA	NA	NA	NA	NA	NA	NA	NA	NA	NA	NA	NA	NA	NA	NA	NA	NA	NA	NA	NA	NA	NA	NA	NA	NA	NA	NA	NA	Female	NA	NA	NA	NA	NA	NA	NA	NA	NA	NA	NA	NA	NA	NA	NA	NA	NA	NA	0.0341	G1	NA	NA	NA	NA	NA	NA	NA	NA	NA	52.53641056	0:LIVING	NA	NA	NA	NA	NA	NA	NA	2009	NA	NA	NA	NA	NA	0	NA	20.1532038	1:Recurred/Progressed	NA	NA	NA	2/22/12	NA	NA	NA	NA	NA	No	NA	NA	NA	C54.1	8380/3	C54.1	Yes	NA	NA	NA	NA	NA	NA	NA	NA	NA	NA	NA	NA	NA	NA	NA	Yes	NA	NA	838fcc2b-48b4-49dd-b8fc-ff27bbd16b17	NA	NA	NA	NA	NA	NA	NA	NA	NA	NA	NA	NA	NA	NA	NA	NA	NA	NA	NA	NA	NA	NA	NA	NA	NA	NA	Duke	NA	NA	NA	NA	114	NA	1598	-19955	NA	NA	NA	NA	NA	NA	NA	NA	NA	NA	NA	NA	NA	1	NA	UCEC	52.53641056	0:ALIVE OR DEAD TUMOR FREE	EUR	Yes	0.2827	0	Tumor Free	20.1532038	1:PROGRESSION	NA	No	Yes	NA	UCEC_CN_LOW	0	No	Yes	B5	Uterus	Endometrioid Endometrial Adenocarcinoma	NA	NA	NA	NA	NA	NA	NA	NA	NA	NA	NA	NA	NA	NA	NA	NA
ucec_tcga_pan_can_atlas_2018	TCGA-B5-A1N2	TCGA-B5-A1N2-01	Endometrial Cancer	Uterine Serous Carcinoma/Uterine Papillary Serous Carcinoma	NA	NA	NA	NA	140	USC	Black or African American	1	Primary	Matched	4.766666667	NA	NA	NA	NA	NA	NA	70	NA	NA	NA	NA	NA	NA	NA	NA	NA	NA	NA	NA	NA	NA	NA	NA	NA	NA	NA	NA	NA	NA	NA	NA	NA	NA	NA	NA	NA	NA	NA	NA	NA	NA	NA	NA	NA	NA	NA	NA	NA	NA	NA	NA	NA	NA	NA	NA	NA	NA	NA	NA	NA	NA	NA	NA	NA	NA	NA	NA	NA	NA	NA	NA	NA	NA	NA	NA	NA	NA	NA	NA	NA	NA	NA	NA	NA	NA	NA	NA	NA	NA	NA	NA	NA	NA	NA	NA	NA	NA	NA	NA	NA	NA	NA	NA	NA	NA	NA	NA	NA	NA	NA	NA	NA	NA	NA	NA	NA	NA	NA	NA	NA	NA	NA	NA	NA	NA	NA	NA	NA	NA	NA	NA	NA	NA	NA	NA	NA	NA	NA	NA	NA	NA	NA	NA	NA	NA	NA	Female	NA	NA	NA	NA	NA	NA	NA	NA	NA	NA	NA	NA	NA	NA	NA	NA	NA	NA	0.5747	G3	NA	NA	NA	NA	NA	NA	NA	NA	NA	31.36403985	1:DECEASED	NA	NA	NA	NA	NA	NA	NA	2009	NA	NA	NA	NA	NA	0	NA	26.43258704	1:Recurred/Progressed	NA	NA	NA	2/22/12	NA	NA	NA	NA	NA	No	NA	NA	NA	C54.1	8441/3	C54.1	Yes	NA	NA	NA	NA	NA	NA	NA	NA	NA	NA	NA	NA	NA	NA	NA	Yes	NA	NA	d79e692c-5053-4484-a180-01a094c5ff45	NA	NA	NA	NA	NA	NA	NA	NA	NA	NA	NA	NA	NA	NA	NA	NA	NA	NA	NA	NA	NA	NA	NA	NA	NA	NA	Duke	NA	NA	NA	NA	114	NA	389	-25612	NA	NA	NA	NA	NA	NA	NA	NA	NA	NA	NA	NA	NA	16	NA	UCEC	31.36403985	1:DEAD WITH TUMOR	AFR	Yes	0.3409	2.02	Tumor Free	26.43258704	1:PROGRESSION	NA	No	Yes	NA	UCEC_CN_HIGH	237	No	Yes	B5	Uterus	Serous Endometrial Adenocarcinoma	NA	NA	NA	NA	NA	NA	NA	NA	NA	NA	NA	NA	NA	NA	NA	NA
ucec_tcga_pan_can_atlas_2018	TCGA-B5-A3F9	TCGA-B5-A3F9-01	Endometrial Cancer	Uterine Endometrioid Carcinoma	NA	NA	NA	NA	57	UEC	Black or African American	1	Primary	Matched	1.966666667	NA	NA	NA	NA	NA	NA	56	NA	NA	NA	NA	NA	NA	NA	NA	NA	NA	NA	NA	NA	NA	NA	NA	NA	NA	NA	NA	NA	NA	NA	NA	NA	NA	NA	NA	NA	NA	NA	NA	NA	NA	NA	NA	NA	NA	NA	NA	NA	NA	NA	NA	NA	NA	NA	NA	NA	NA	NA	NA	NA	NA	NA	NA	NA	NA	NA	NA	NA	NA	NA	NA	NA	NA	NA	NA	NA	NA	NA	NA	NA	NA	NA	NA	NA	NA	NA	NA	NA	NA	NA	NA	NA	NA	NA	NA	NA	NA	NA	NA	NA	NA	NA	NA	NA	NA	NA	NA	NA	NA	NA	NA	NA	NA	NA	NA	NA	NA	NA	NA	NA	NA	NA	NA	NA	NA	NA	NA	NA	NA	NA	NA	NA	NA	NA	NA	NA	NA	NA	NA	NA	NA	NA	NA	NA	NA	NA	Female	NA	NA	NA	NA	NA	NA	NA	NA	NA	NA	NA	NA	NA	NA	NA	NA	NA	NA	0.0636	G3	NA	NA	NA	NA	NA	NA	NA	NA	NA	136.6012427	0:LIVING	NA	NA	NA	NA	NA	NA	NA	1988	NA	NA	NA	NA	NA	0	NA	NA	NA	NA	NA	NA	3/19/12	NA	NA	NA	NA	NA	No	NA	NA	NA	C54.1	8380/3	C54.1	Yes	NA	NA	NA	NA	NA	NA	NA	NA	NA	NA	NA	NA	NA	NA	NA	No	NA	NA	21941181-8ED5-4211-867D-516AD09FBE06	NA	NA	NA	NA	NA	NA	NA	NA	NA	NA	NA	NA	NA	NA	NA	NA	NA	NA	NA	NA	NA	NA	NA	NA	NA	NA	Duke	NA	NA	NA	NA	155	NA	4155	-20523	NA	NA	NA	NA	NA	NA	NA	NA	NA	NA	NA	NA	NA	15	1	UCEC	136.6012427	0:ALIVE OR DEAD TUMOR FREE	AFR	Yes	0.2781	0	Tumor Free	136.6012427	0:CENSORED	NA	No	No	12	UCEC_CN_HIGH	25	No	Yes	B5	Uterus	Endometrioid Endometrial Adenocarcinoma	10	NA	NA	NA	NA	NA	NA	NA	NA	NA	NA	NA	NA	NA	NA	NA
ucec_tcga_pan_can_atlas_2018	TCGA-B5-A3FB	TCGA-B5-A3FB-01	Endometrial Cancer	Uterine Endometrioid Carcinoma	NA	NA	NA	NA	43	UEC	Black or African American	1	Primary	Matched	1.433333333	NA	NA	NA	NA	NA	NA	73	NA	NA	NA	NA	NA	NA	NA	NA	NA	NA	NA	NA	NA	NA	NA	NA	NA	NA	NA	NA	NA	NA	NA	NA	NA	NA	NA	NA	NA	NA	NA	NA	NA	NA	NA	NA	NA	NA	NA	NA	NA	NA	NA	NA	NA	NA	NA	NA	NA	NA	NA	NA	NA	NA	NA	NA	NA	NA	NA	NA	NA	NA	NA	NA	NA	NA	NA	NA	NA	NA	NA	NA	NA	NA	NA	NA	NA	NA	NA	NA	NA	NA	NA	NA	NA	NA	NA	NA	NA	NA	NA	NA	NA	NA	NA	NA	NA	NA	NA	NA	NA	NA	NA	NA	NA	NA	NA	NA	NA	NA	NA	NA	NA	NA	NA	NA	NA	NA	NA	NA	NA	NA	NA	NA	NA	NA	NA	NA	NA	NA	NA	NA	NA	NA	NA	NA	NA	NA	NA	Female	NA	NA	NA	NA	NA	NA	NA	NA	NA	NA	NA	NA	NA	NA	NA	NA	NA	NA	0.0111	G3	NA	NA	NA	NA	NA	NA	NA	NA	NA	93.5003452	0:LIVING	NA	NA	NA	NA	NA	NA	NA	1988	NA	NA	NA	NA	NA	0	NA	NA	NA	NA	NA	NA	3/23/12	NA	NA	NA	NA	NA	No	NA	NA	NA	C54.1	8380/3	C54.1	Yes	NA	NA	NA	NA	NA	NA	NA	NA	NA	NA	NA	NA	NA	NA	NA	No	NA	NA	0C1946A8-EE54-4B9B-8054-9A7BECE74D33	NA	NA	NA	NA	NA	NA	NA	NA	NA	NA	NA	NA	NA	NA	NA	NA	NA	NA	NA	NA	NA	NA	NA	NA	NA	NA	Duke	NA	NA	NA	NA	115	NA	2844	-26779	NA	NA	NA	NA	NA	NA	NA	NA	NA	NA	NA	NA	NA	0	27	UCEC	93.5003452	0:ALIVE OR DEAD TUMOR FREE	AFR	Yes	0.2756	0.02	Tumor Free	93.5003452	0:CENSORED	NA	No	No	12	UCEC_CN_LOW	141	No	Yes	B5	Uterus	Endometrioid Endometrial Adenocarcinoma	30	NA	NA	NA	NA	NA	NA	NA	NA	NA	NA	NA	NA	NA	NA	NA
ucec_tcga_pan_can_atlas_2018	TCGA-B5-A3FD	TCGA-B5-A3FD-01	Endometrial Cancer	Uterine Endometrioid Carcinoma	NA	NA	NA	NA	41	UEC	Black or African American	1	Primary	Matched	1.366666667	NA	NA	NA	NA	NA	NA	70	NA	NA	NA	NA	NA	NA	NA	NA	NA	NA	NA	NA	NA	NA	NA	NA	NA	NA	NA	NA	NA	NA	NA	NA	NA	NA	NA	NA	NA	NA	NA	NA	NA	NA	NA	NA	NA	NA	NA	NA	NA	NA	NA	NA	NA	NA	NA	NA	NA	NA	NA	NA	NA	NA	NA	NA	NA	NA	NA	NA	NA	NA	NA	NA	NA	NA	NA	NA	NA	NA	NA	NA	NA	NA	NA	NA	NA	NA	NA	NA	NA	NA	NA	NA	NA	NA	NA	NA	NA	NA	NA	NA	NA	NA	NA	NA	NA	NA	NA	NA	NA	NA	NA	NA	NA	NA	NA	NA	NA	NA	NA	NA	NA	NA	NA	NA	NA	NA	NA	NA	NA	NA	NA	NA	NA	NA	NA	NA	NA	NA	NA	NA	NA	NA	NA	NA	NA	NA	NA	Female	NA	NA	NA	NA	NA	NA	NA	NA	NA	NA	NA	NA	NA	NA	NA	NA	NA	NA	0.7669	G3	NA	NA	NA	NA	NA	NA	NA	NA	NA	39.35299339	1:DECEASED	NA	NA	NA	NA	NA	NA	NA	2009	NA	NA	NA	NA	NA	0	NA	NA	NA	NA	NA	NA	3/26/12	NA	NA	NA	NA	NA	No	NA	NA	NA	C54.1	8380/3	C54.1	Yes	NA	NA	NA	NA	NA	NA	NA	NA	NA	NA	NA	NA	NA	NA	NA	Yes	NA	NA	EEB327B4-B705-4161-BA94-647F0E14F5B4	NA	NA	NA	NA	NA	NA	NA	NA	NA	NA	NA	NA	NA	NA	NA	NA	NA	NA	NA	NA	NA	NA	NA	NA	NA	NA	Duke	NA	NA	NA	NA	115	NA	1007	-25813	NA	NA	NA	NA	NA	NA	NA	NA	NA	NA	NA	NA	NA	9	15	UCEC	39.35299339	0:ALIVE OR DEAD TUMOR FREE	AFR	Yes	0.2815	0.35	Tumor Free	18.47650985	1:PROGRESSION	NA	No	No	8	UCEC_CN_HIGH	109	No	Yes	B5	Uterus	Endometrioid Endometrial Adenocarcinoma	12	NA	NA	NA	NA	NA	NA	NA	NA	NA	NA	NA	NA	NA	NA	NA
ucec_tcga_pan_can_atlas_2018	TCGA-B5-A3FH	TCGA-B5-A3FH-01	Endometrial Cancer	Uterine Endometrioid Carcinoma	NA	NA	NA	NA	38	UEC	Black or African American	1	Primary	Matched	1.233333333	NA	NA	NA	NA	NA	NA	74	NA	NA	NA	NA	NA	NA	NA	NA	NA	NA	NA	NA	NA	NA	NA	NA	NA	NA	NA	NA	NA	NA	NA	NA	NA	NA	NA	NA	NA	NA	NA	NA	NA	NA	NA	NA	NA	NA	NA	NA	NA	NA	NA	NA	NA	NA	NA	NA	NA	NA	NA	NA	NA	NA	NA	NA	NA	NA	NA	NA	NA	NA	NA	NA	NA	NA	NA	NA	NA	NA	NA	NA	NA	NA	NA	NA	NA	NA	NA	NA	NA	NA	NA	NA	NA	NA	NA	NA	NA	NA	NA	NA	NA	NA	NA	NA	NA	NA	NA	NA	NA	NA	NA	NA	NA	NA	NA	NA	NA	NA	NA	NA	NA	NA	NA	NA	NA	NA	NA	NA	NA	NA	NA	NA	NA	NA	NA	NA	NA	NA	NA	NA	NA	NA	NA	NA	NA	NA	NA	Female	NA	NA	NA	NA	NA	NA	NA	NA	NA	NA	NA	NA	NA	NA	NA	NA	NA	NA	0.0477	G3	NA	NA	NA	NA	NA	NA	NA	NA	NA	27.64901207	0:LIVING	NA	NA	NA	NA	NA	NA	NA	2009	NA	NA	NA	NA	NA	0	NA	27.64901207	0:DiseaseFree	NA	NA	NA	3/23/12	NA	NA	NA	NA	NA	No	NA	NA	NA	C54.1	8380/3	C54.1	Yes	NA	NA	NA	NA	NA	NA	NA	NA	NA	NA	NA	NA	NA	NA	NA	No	NA	NA	139E2C5A-CC0C-43A2-B30E-B8AC17C0B5F2	NA	NA	NA	NA	NA	NA	NA	NA	NA	NA	NA	NA	NA	NA	NA	NA	NA	NA	NA	NA	NA	NA	NA	NA	NA	NA	Duke	NA	NA	NA	NA	85	NA	841	-27221	NA	NA	NA	NA	NA	NA	NA	NA	NA	NA	NA	NA	NA	1	13	UCEC	27.64901207	0:ALIVE OR DEAD TUMOR FREE	AFR	Yes	0.2786	0.04	Tumor Free	27.64901207	0:CENSORED	NA	No	No	4	UCEC_CN_LOW	76	No	Yes	B5	Uterus	Endometrioid Endometrial Adenocarcinoma	18	NA	NA	NA	NA	NA	NA	NA	NA	NA	NA	NA	NA	NA	NA	NA
ucec_tcga_pan_can_atlas_2018	TCGA-B5-A3S1	TCGA-B5-A3S1-01	Endometrial Cancer	Uterine Serous Carcinoma/Uterine Papillary Serous Carcinoma	NA	NA	NA	NA	91	USC	White	1	Primary	Matched	3.033333333	NA	NA	NA	NA	NA	NA	71	NA	NA	NA	NA	NA	NA	NA	NA	NA	NA	NA	NA	NA	NA	NA	NA	NA	NA	NA	NA	NA	NA	NA	NA	NA	NA	NA	NA	NA	NA	NA	NA	NA	NA	NA	NA	NA	NA	NA	NA	NA	NA	NA	NA	NA	NA	NA	NA	NA	NA	NA	NA	NA	NA	NA	NA	NA	NA	NA	NA	NA	NA	NA	NA	NA	NA	NA	NA	NA	NA	NA	NA	NA	NA	NA	NA	NA	NA	NA	NA	NA	NA	NA	NA	NA	NA	NA	NA	NA	NA	NA	NA	NA	NA	NA	NA	NA	NA	NA	NA	NA	NA	NA	NA	NA	NA	NA	NA	NA	NA	NA	NA	NA	NA	NA	NA	NA	NA	NA	NA	NA	NA	NA	NA	NA	NA	NA	NA	NA	NA	NA	NA	NA	NA	NA	NA	NA	NA	NA	Female	NA	NA	NA	NA	NA	NA	NA	NA	NA	NA	NA	NA	NA	NA	NA	NA	NA	NA	0.4083	G3	NA	NA	NA	NA	NA	NA	NA	NA	NA	29.65446954	0:LIVING	NA	NA	NA	NA	NA	NA	NA	2009	NA	NA	NA	NA	NA	0	NA	29.65446954	0:DiseaseFree	NA	NA	NA	5/9/12	NA	NA	NA	NA	NA	No	NA	NA	NA	C54.1	8441/3	C54.1	Yes	NA	NA	NA	NA	NA	NA	NA	NA	NA	NA	NA	NA	NA	NA	NA	No	NA	NA	3789AE3F-286B-42F0-A805-320AD69EA1DF	NA	NA	NA	NA	NA	NA	NA	NA	NA	NA	NA	NA	NA	NA	NA	NA	NA	NA	NA	NA	NA	NA	NA	NA	NA	NA	Duke	NA	NA	NA	NA	68	NA	902	-26031	NA	NA	NA	NA	NA	NA	NA	NA	NA	NA	NA	NA	NA	25	27	UCEC	29.65446954	0:ALIVE OR DEAD TUMOR FREE	EUR	Yes	0.3135	0.24	With Tumor	29.65446954	0:CENSORED	NA	No	Yes	18	UCEC_CN_HIGH	281	No	Yes	B5	Uterus	Serous Endometrial Adenocarcinoma	16	NA	NA	NA	NA	NA	NA	NA	NA	NA	NA	NA	NA	NA	NA	NA
ucec_tcga_pan_can_atlas_2018	TCGA-B5-A5OC	TCGA-B5-A5OC-01	Endometrial Cancer	Uterine Endometrioid Carcinoma	NA	NA	NA	NA	977	UEC	Black or African American	1	Primary	Matched	32.6	NA	NA	NA	NA	NA	NA	71	NA	NA	NA	NA	NA	NA	NA	NA	NA	NA	NA	NA	NA	NA	NA	NA	NA	NA	NA	NA	NA	NA	NA	NA	NA	NA	NA	NA	NA	NA	NA	NA	NA	NA	NA	NA	NA	NA	NA	NA	NA	NA	NA	NA	NA	NA	NA	NA	NA	NA	NA	NA	NA	NA	NA	NA	NA	NA	NA	NA	NA	NA	NA	NA	NA	NA	NA	NA	NA	NA	NA	NA	NA	NA	NA	NA	NA	NA	NA	NA	NA	NA	NA	NA	NA	NA	NA	NA	NA	NA	NA	NA	NA	NA	NA	NA	NA	NA	NA	NA	NA	NA	NA	NA	NA	NA	NA	NA	NA	NA	NA	NA	NA	NA	NA	NA	NA	NA	NA	NA	NA	NA	NA	NA	NA	NA	NA	NA	NA	NA	NA	NA	NA	NA	NA	NA	NA	NA	NA	Female	NA	NA	NA	NA	NA	NA	NA	NA	NA	NA	NA	NA	NA	NA	NA	NA	NA	NA	0.0796	G3	NA	NA	NA	NA	NA	NA	NA	NA	NA	41.0625637	0:LIVING	NA	NA	NA	NA	NA	NA	NA	2009	NA	NA	NA	NA	NA	0	NA	NA	NA	NA	NA	NA	8/20/13	NA	NA	NA	NA	NA	No	NA	NA	NA	C54.1	8380/3	C54.1	Yes	NA	NA	NA	NA	NA	NA	NA	NA	NA	NA	NA	NA	NA	NA	NA	No	NA	NA	AE8A4958-5407-4C01-93C3-8090862533AE	NA	NA	NA	NA	NA	NA	NA	NA	NA	NA	NA	NA	NA	NA	NA	NA	NA	NA	NA	NA	NA	NA	NA	NA	NA	NA	Duke	NA	NA	NA	NA	NA	NA	1249	-26109	NA	NA	NA	NA	NA	NA	NA	NA	NA	NA	NA	NA	NA	3	-9	UCEC	41.0625637	0:ALIVE OR DEAD TUMOR FREE	AFR	Yes	0.6411	13.96	NA	41.0625637	0:CENSORED	NA	No	Yes	2	UCEC_MSI	7	Yes	No	B5	Uterus	Endometrioid Endometrial Adenocarcinoma	-16	NA	NA	NA	NA	NA	NA	NA	NA	NA	NA	NA	NA	NA	NA	NA
ucec_tcga_pan_can_atlas_2018	TCGA-B5-A5OD	TCGA-B5-A5OD-01	Endometrial Cancer	Uterine Serous Carcinoma/Uterine Papillary Serous Carcinoma	NA	NA	NA	NA	50	USC	Black or African American	1	Primary	Matched	1.7	NA	NA	NA	NA	NA	NA	67	NA	NA	NA	NA	NA	NA	NA	NA	NA	NA	NA	NA	NA	NA	NA	NA	NA	NA	NA	NA	NA	NA	NA	NA	NA	NA	NA	NA	NA	NA	NA	NA	NA	NA	NA	NA	NA	NA	NA	NA	NA	NA	NA	NA	NA	NA	NA	NA	NA	NA	NA	NA	NA	NA	NA	NA	NA	NA	NA	NA	NA	NA	NA	NA	NA	NA	NA	NA	NA	NA	NA	NA	NA	NA	NA	NA	NA	NA	NA	NA	NA	NA	NA	NA	NA	NA	NA	NA	NA	NA	NA	NA	NA	NA	NA	NA	NA	NA	NA	NA	NA	NA	NA	NA	NA	NA	NA	NA	NA	NA	NA	NA	NA	NA	NA	NA	NA	NA	NA	NA	NA	NA	NA	NA	NA	NA	NA	NA	NA	NA	NA	NA	NA	NA	NA	NA	NA	NA	NA	Female	NA	NA	NA	NA	NA	NA	NA	NA	NA	NA	NA	NA	NA	NA	NA	NA	NA	NA	0.6366	G3	NA	NA	NA	NA	NA	NA	NA	NA	NA	34.12565342	0:LIVING	NA	NA	NA	NA	NA	NA	NA	2009	NA	NA	NA	NA	NA	0	NA	NA	NA	NA	NA	NA	8/20/13	NA	NA	NA	NA	NA	No	NA	NA	NA	C54.1	8441/3	C54.1	Yes	NA	NA	NA	NA	NA	NA	NA	NA	NA	NA	NA	NA	NA	NA	NA	No	NA	NA	3E240DC0-80B7-41EA-81B3-33ECE2753C2B	NA	NA	NA	NA	NA	NA	NA	NA	NA	NA	NA	NA	NA	NA	NA	NA	NA	NA	NA	NA	NA	NA	NA	NA	NA	NA	Duke	NA	NA	NA	NA	NA	NA	1038	-24775	NA	NA	NA	NA	NA	NA	NA	NA	NA	NA	NA	NA	NA	16	-7	UCEC	34.12565342	0:ALIVE OR DEAD TUMOR FREE	AFR_ADMIX	Yes	0.3578	0.15	NA	34.12565342	0:CENSORED	NA	No	Yes	-6	UCEC_CN_HIGH	339	Yes	No	B5	Uterus	Serous Endometrial Adenocarcinoma	-8	NA	NA	NA	NA	NA	NA	NA	NA	NA	NA	NA	NA	NA	NA	NA
ucec_tcga_pan_can_atlas_2018	TCGA-B5-A5OE	TCGA-B5-A5OE-01	Endometrial Cancer	Uterine Serous Carcinoma/Uterine Papillary Serous Carcinoma	NA	NA	NA	NA	69	USC	Black or African American	1	Primary	Matched	2.333333333	NA	NA	NA	NA	NA	NA	68	NA	NA	NA	NA	NA	NA	NA	NA	NA	NA	NA	NA	NA	NA	NA	NA	NA	NA	NA	NA	NA	NA	NA	NA	NA	NA	NA	NA	NA	NA	NA	NA	NA	NA	NA	NA	NA	NA	NA	NA	NA	NA	NA	NA	NA	NA	NA	NA	NA	NA	NA	NA	NA	NA	NA	NA	NA	NA	NA	NA	NA	NA	NA	NA	NA	NA	NA	NA	NA	NA	NA	NA	NA	NA	NA	NA	NA	NA	NA	NA	NA	NA	NA	NA	NA	NA	NA	NA	NA	NA	NA	NA	NA	NA	NA	NA	NA	NA	NA	NA	NA	NA	NA	NA	NA	NA	NA	NA	NA	NA	NA	NA	NA	NA	NA	NA	NA	NA	NA	NA	NA	NA	NA	NA	NA	NA	NA	NA	NA	NA	NA	NA	NA	NA	NA	NA	NA	NA	NA	Female	NA	NA	NA	NA	NA	NA	NA	NA	NA	NA	NA	NA	NA	NA	NA	NA	NA	NA	0.4046	G3	NA	NA	NA	NA	NA	NA	NA	NA	NA	34.94756222	0:LIVING	NA	NA	NA	NA	NA	NA	NA	2009	NA	NA	NA	NA	NA	0	NA	NA	NA	NA	NA	NA	8/20/13	NA	NA	NA	NA	NA	No	NA	NA	NA	C54.1	8441/3	C54.1	Yes	NA	NA	NA	NA	NA	NA	NA	NA	NA	NA	NA	NA	NA	NA	NA	No	NA	NA	D5EE39E8-A1D2-4244-9C38-07D7C5C1BABA	NA	NA	NA	NA	NA	NA	NA	NA	NA	NA	NA	NA	NA	NA	NA	NA	NA	NA	NA	NA	NA	NA	NA	NA	NA	NA	Duke	NA	NA	NA	NA	NA	NA	1063	-24905	NA	NA	NA	NA	NA	NA	NA	NA	NA	NA	NA	NA	NA	10	35	UCEC	34.94756222	0:ALIVE OR DEAD TUMOR FREE	AFR	Yes	0.3429	0.33	NA	34.94756222	0:CENSORED	NA	No	No	16	UCEC_CN_HIGH	292	Yes	No	B5	Uterus	Serous Endometrial Adenocarcinoma	32	NA	NA	NA	NA	NA	NA	NA	NA	NA	NA	NA	NA	NA	NA	NA
ucec_tcga_pan_can_atlas_2018	TCGA-BG-A0LW	TCGA-BG-A0LW-01	Endometrial Cancer	Uterine Endometrioid Carcinoma	Not Hispanic Or Latino	NA	NA	NA	30	UEC	White	1	Primary	Matched	1	NA	NA	NA	NA	NA	NA	47	NA	NA	NA	NA	NA	NA	NA	NA	NA	NA	NA	NA	NA	NA	NA	NA	NA	NA	NA	NA	NA	NA	NA	NA	NA	NA	NA	NA	NA	NA	NA	NA	NA	NA	NA	NA	NA	NA	NA	NA	NA	NA	NA	NA	NA	NA	NA	NA	NA	NA	NA	NA	NA	NA	NA	NA	NA	NA	NA	NA	NA	NA	NA	NA	NA	NA	NA	NA	NA	NA	NA	NA	NA	NA	NA	NA	NA	NA	NA	NA	NA	NA	NA	NA	NA	NA	NA	NA	NA	NA	NA	NA	NA	NA	NA	NA	NA	NA	NA	NA	NA	NA	NA	NA	NA	NA	NA	NA	NA	NA	NA	NA	NA	NA	NA	NA	NA	NA	NA	NA	NA	NA	NA	NA	NA	NA	NA	NA	NA	NA	NA	NA	NA	NA	NA	NA	NA	NA	NA	Female	NA	NA	NA	NA	NA	NA	NA	NA	NA	NA	NA	NA	NA	NA	NA	NA	NA	NA	0.0001	G2	NA	NA	NA	NA	NA	NA	NA	NA	NA	18.60801526	0:LIVING	NA	NA	NA	NA	NA	NA	NA	2009	NA	NA	NA	NA	NA	0	NA	18.60801526	0:DiseaseFree	NA	NA	NA	12/1/10	NA	NA	NA	NA	NA	No	NA	NA	NA	C54.1	8380/3	C54.1	Yes	NA	NA	NA	NA	NA	NA	NA	NA	NA	NA	NA	NA	NA	NA	NA	No	NA	NA	68181bc9-aa8b-44ec-8601-564b30ea0561	NA	NA	NA	NA	NA	NA	NA	NA	NA	NA	NA	NA	NA	NA	NA	NA	NA	NA	NA	NA	NA	NA	NA	NA	NA	NA	University of Pittsburgh	NA	NA	NA	NA	141	NA	566	-17369	NA	NA	NA	NA	NA	NA	NA	NA	NA	NA	NA	NA	NA	0	NA	UCEC	18.60801526	0:ALIVE OR DEAD TUMOR FREE	EUR	Yes	0.2465	0.22	Tumor Free	18.60801526	0:CENSORED	NA	No	No	NA	UCEC_CN_LOW	0	No	Yes	BG	Uterus	Endometrioid Endometrial Adenocarcinoma	NA	NA	NA	NA	NA	NA	NA	NA	NA	NA	NA	NA	NA	NA	NA	NA
ucec_tcga_pub	TCGA-BG-A0LW	TCGA-BG-A0LW-01	Endometrial Cancer	Uterine Endometrioid Carcinoma	NA	NA	NA	NA	27	UEC	NA	1	Primary	Matched	0.9	NA	NA	NA	NA	NA	NA	47	NA	NA	NA	NA	NA	NA	NA	NA	NA	NA	NA	NA	NA	NA	NA	NA	NA	NA	NA	NA	NA	NA	NA	NA	NA	NA	NA	NA	NA	NA	NA	NA	NA	NA	NA	NA	NA	NA	NA	NA	NA	NA	NA	NA	NA	NA	NA	NA	NA	NA	NA	NA	NA	NA	NA	NA	NA	NA	NA	NA	NA	NA	NA	NA	NA	NA	NA	NA	NA	NA	NA	NA	NA	NA	NA	NA	NA	NA	NA	NA	NA	NA	NA	NA	NA	NA	NA	NA	NA	NA	NA	NA	NA	NA	NA	NA	NA	NA	NA	NA	NA	NA	NA	NA	NA	NA	NA	NA	NA	NA	NA	NA	NA	NA	NA	NA	NA	NA	NA	NA	NA	NA	NA	NA	NA	NA	NA	NA	NA	NA	NA	NA	NA	NA	NA	NA	NA	NA	NA	Female	NA	NA	NA	NA	NA	NA	NA	NA	NA	NA	NA	NA	NA	NA	NA	NA	NA	NA	0.0001	Grade 2	NA	NA	NA	NA	NA	NA	NA	NA	NA	18.56	0:LIVING	NA	NA	NA	NA	NA	NA	NA	NA	NA	NA	NA	NA	NA	NA	NA	18.56302483	0:DiseaseFree	NA	NA	NA	NA	NA	NA	NA	NA	NA	NA	NA	NA	NA	NA	NA	NA	NA	NA	NA	NA	NA	NA	NA	NA	NA	NA	NA	NA	NA	NA	NA	NA	NA	NA	NA	NA	NA	NA	NA	NA	NA	NA	NA	NA	NA	NA	NA	NA	NA	NA	NA	NA	NA	NA	NA	NA	NA	NA	NA	NA	NA	NA	NA	NA	NA	NA	NA	NA	NA	NA	NA	NA	NA	NA	NA	NA	NA	NA	NA	NA	NA	NA	NA	NA	NA	NA	NA	NA	NA	NA	NA	NA	NA	NA	NA	NA	NA	NA	NA	NA	Copy-number low (Endometriod)	NA	NA	NA	NA	NA	NA	NA	1	Y	Y	Endometrioid	Y	4	5	0.932869329	0	2	MSS	MSS	1_LOW	Y	Stage I
ucec_tcga_pan_can_atlas_2018	TCGA-BG-A0LX	TCGA-BG-A0LX-01	Endometrial Cancer	Uterine Endometrioid Carcinoma	Not Hispanic Or Latino	NA	NA	NA	448	UEC	White	1	Primary	Matched	15	NA	NA	NA	NA	NA	NA	57	NA	NA	NA	NA	NA	NA	NA	NA	NA	NA	NA	NA	NA	NA	NA	NA	NA	NA	NA	NA	NA	NA	NA	NA	NA	NA	NA	NA	NA	NA	NA	NA	NA	NA	NA	NA	NA	NA	NA	NA	NA	NA	NA	NA	NA	NA	NA	NA	NA	NA	NA	NA	NA	NA	NA	NA	NA	NA	NA	NA	NA	NA	NA	NA	NA	NA	NA	NA	NA	NA	NA	NA	NA	NA	NA	NA	NA	NA	NA	NA	NA	NA	NA	NA	NA	NA	NA	NA	NA	NA	NA	NA	NA	NA	NA	NA	NA	NA	NA	NA	NA	NA	NA	NA	NA	NA	NA	NA	NA	NA	NA	NA	NA	NA	NA	NA	NA	NA	NA	NA	NA	NA	NA	NA	NA	NA	NA	NA	NA	NA	NA	NA	NA	NA	NA	NA	NA	NA	NA	Female	NA	NA	NA	NA	NA	NA	NA	NA	NA	NA	NA	NA	NA	NA	NA	NA	NA	NA	0.0811	G2	NA	NA	NA	NA	NA	NA	NA	NA	NA	20.18608015	0:LIVING	NA	NA	NA	NA	NA	NA	NA	2009	NA	NA	NA	NA	NA	0	NA	20.18608015	0:DiseaseFree	NA	NA	NA	12/1/10	NA	NA	NA	NA	NA	No	NA	NA	NA	C54.1	8380/3	C54.1	Yes	NA	NA	NA	NA	NA	NA	NA	NA	NA	NA	NA	NA	NA	NA	NA	No	NA	NA	ac1d3946-fe6c-4bd8-b02c-638799cb0f67	NA	NA	NA	NA	NA	NA	NA	NA	NA	NA	NA	NA	NA	NA	NA	NA	NA	NA	NA	NA	NA	NA	NA	NA	NA	NA	University of Pittsburgh	NA	NA	NA	NA	96	NA	614	-20928	NA	NA	NA	NA	NA	NA	NA	NA	NA	NA	NA	NA	NA	3	NA	UCEC	20.18608015	0:ALIVE OR DEAD TUMOR FREE	EUR	Yes	0.8188	26.46	Tumor Free	20.18608015	0:CENSORED	NA	No	Yes	NA	UCEC_MSI	2	No	Yes	BG	Uterus	Endometrioid Endometrial Adenocarcinoma	NA	NA	NA	NA	NA	NA	NA	NA	NA	NA	NA	NA	NA	NA	NA	NA
ucec_tcga_pan_can_atlas_2018	TCGA-BG-A0M0	TCGA-BG-A0M0-01	Endometrial Cancer	Uterine Endometrioid Carcinoma	Not Hispanic Or Latino	NA	NA	NA	138	UEC	White	1	Primary	Matched	4.6	NA	NA	NA	NA	NA	NA	66	NA	NA	NA	NA	NA	NA	NA	NA	NA	NA	NA	NA	NA	NA	NA	NA	NA	NA	NA	NA	NA	NA	NA	NA	NA	NA	NA	NA	NA	NA	NA	NA	NA	NA	NA	NA	NA	NA	NA	NA	NA	NA	NA	NA	NA	NA	NA	NA	NA	NA	NA	NA	NA	NA	NA	NA	NA	NA	NA	NA	NA	NA	NA	NA	NA	NA	NA	NA	NA	NA	NA	NA	NA	NA	NA	NA	NA	NA	NA	NA	NA	NA	NA	NA	NA	NA	NA	NA	NA	NA	NA	NA	NA	NA	NA	NA	NA	NA	NA	NA	NA	NA	NA	NA	NA	NA	NA	NA	NA	NA	NA	NA	NA	NA	NA	NA	NA	NA	NA	NA	NA	NA	NA	NA	NA	NA	NA	NA	NA	NA	NA	NA	NA	NA	NA	NA	NA	NA	NA	Female	NA	NA	NA	NA	NA	NA	NA	NA	NA	NA	NA	NA	NA	NA	NA	NA	NA	NA	0.1187	G1	NA	NA	NA	NA	NA	NA	NA	NA	NA	19.331295	0:LIVING	NA	NA	NA	NA	NA	NA	NA	2009	NA	NA	NA	NA	NA	0	NA	19.331295	0:DiseaseFree	NA	NA	NA	12/1/10	NA	NA	NA	NA	NA	No	NA	NA	NA	C54.1	8380/3	C54.1	Yes	NA	NA	NA	NA	NA	NA	NA	NA	NA	NA	NA	NA	NA	NA	NA	No	NA	NA	8bf0b156-6eb4-45e8-9cbb-0979efbea898	NA	NA	NA	NA	NA	NA	NA	NA	NA	NA	NA	NA	NA	NA	NA	NA	NA	NA	NA	NA	NA	NA	NA	NA	NA	NA	University of Pittsburgh	NA	NA	NA	NA	117	NA	588	-24427	NA	NA	NA	NA	NA	NA	NA	NA	NA	NA	NA	NA	NA	4	NA	UCEC	19.331295	0:ALIVE OR DEAD TUMOR FREE	EUR	Yes	0.4648	9.83	Tumor Free	19.331295	0:CENSORED	NA	No	No	NA	UCEC_MSI	2	No	Yes	BG	Uterus	Endometrioid Endometrial Adenocarcinoma	NA	NA	NA	NA	NA	NA	NA	NA	NA	NA	NA	NA	NA	NA	NA	NA
ucec_tcga_pan_can_atlas_2018	TCGA-BG-A0M2	TCGA-BG-A0M2-01	Endometrial Cancer	Uterine Endometrioid Carcinoma	Not Hispanic Or Latino	NA	NA	NA	27	UEC	White	1	Primary	Matched	0.933333333	NA	NA	NA	NA	NA	NA	62	NA	NA	NA	NA	NA	NA	NA	NA	NA	NA	NA	NA	NA	NA	NA	NA	NA	NA	NA	NA	NA	NA	NA	NA	NA	NA	NA	NA	NA	NA	NA	NA	NA	NA	NA	NA	NA	NA	NA	NA	NA	NA	NA	NA	NA	NA	NA	NA	NA	NA	NA	NA	NA	NA	NA	NA	NA	NA	NA	NA	NA	NA	NA	NA	NA	NA	NA	NA	NA	NA	NA	NA	NA	NA	NA	NA	NA	NA	NA	NA	NA	NA	NA	NA	NA	NA	NA	NA	NA	NA	NA	NA	NA	NA	NA	NA	NA	NA	NA	NA	NA	NA	NA	NA	NA	NA	NA	NA	NA	NA	NA	NA	NA	NA	NA	NA	NA	NA	NA	NA	NA	NA	NA	NA	NA	NA	NA	NA	NA	NA	NA	NA	NA	NA	NA	NA	NA	NA	NA	Female	NA	NA	NA	NA	NA	NA	NA	NA	NA	NA	NA	NA	NA	NA	NA	NA	NA	NA	0.3315	G2	NA	NA	NA	NA	NA	NA	NA	NA	NA	20.94223625	0:LIVING	NA	NA	NA	NA	NA	NA	NA	2009	NA	NA	NA	NA	NA	0	NA	20.94223625	0:DiseaseFree	NA	NA	NA	12/1/10	NA	NA	NA	NA	NA	No	NA	NA	NA	C54.1	8380/3	C54.1	Yes	NA	NA	NA	NA	NA	NA	NA	NA	NA	NA	NA	NA	NA	NA	NA	No	NA	NA	9731e0b3-c62d-43cb-8ae7-8f973d69ab19	NA	NA	NA	NA	NA	NA	NA	NA	NA	NA	NA	NA	NA	NA	NA	NA	NA	NA	NA	NA	NA	NA	NA	NA	NA	NA	University of Pittsburgh	NA	NA	NA	NA	76	NA	637	-22822	NA	NA	NA	NA	NA	NA	NA	NA	NA	NA	NA	NA	NA	10	NA	UCEC	20.94223625	0:ALIVE OR DEAD TUMOR FREE	EUR	Yes	0.2688	0.83	Tumor Free	20.94223625	0:CENSORED	NA	No	Yes	NA	UCEC_CN_LOW	7	No	Yes	BG	Uterus	Endometrioid Endometrial Adenocarcinoma	NA	NA	NA	NA	NA	NA	NA	NA	NA	NA	NA	NA	NA	NA	NA	NA
ucec_tcga_pub	TCGA-BG-A0M2	TCGA-BG-A0M2-01	Endometrial Cancer	Uterine Endometrioid Carcinoma	NA	NA	NA	NA	25	UEC	NA	1	Primary	Matched	0.8	NA	NA	NA	NA	NA	NA	62	NA	NA	NA	NA	NA	NA	NA	NA	NA	NA	NA	NA	NA	NA	NA	NA	NA	NA	NA	NA	NA	NA	NA	NA	NA	NA	NA	NA	NA	NA	NA	NA	NA	NA	NA	NA	NA	NA	NA	NA	NA	NA	NA	NA	NA	NA	NA	NA	NA	NA	NA	NA	NA	NA	NA	NA	NA	NA	NA	NA	NA	NA	NA	NA	NA	NA	NA	NA	NA	NA	NA	NA	NA	NA	NA	NA	NA	NA	NA	NA	NA	NA	NA	NA	NA	NA	NA	NA	NA	NA	NA	NA	NA	NA	NA	NA	NA	NA	NA	NA	NA	NA	NA	NA	NA	NA	NA	NA	NA	NA	NA	NA	NA	NA	NA	NA	NA	NA	NA	NA	NA	NA	NA	NA	NA	NA	NA	NA	NA	NA	NA	NA	NA	NA	NA	NA	NA	NA	NA	Female	NA	NA	NA	NA	NA	NA	NA	NA	NA	NA	NA	NA	NA	NA	NA	NA	NA	NA	0.3315	Grade 2	NA	NA	NA	NA	NA	NA	NA	NA	NA	20.9	0:LIVING	NA	NA	NA	NA	NA	NA	NA	NA	NA	NA	NA	NA	NA	NA	NA	20.89572352	0:DiseaseFree	NA	NA	NA	NA	NA	NA	NA	NA	NA	NA	NA	NA	NA	NA	NA	NA	NA	NA	NA	NA	NA	NA	NA	NA	NA	NA	NA	NA	NA	NA	NA	NA	NA	NA	NA	NA	NA	NA	NA	NA	NA	NA	NA	NA	NA	NA	NA	NA	NA	NA	NA	NA	NA	NA	NA	NA	NA	NA	NA	NA	NA	NA	NA	NA	NA	NA	NA	NA	NA	NA	NA	NA	NA	NA	NA	NA	NA	NA	NA	NA	NA	NA	NA	NA	NA	NA	NA	NA	NA	NA	NA	NA	NA	NA	NA	NA	NA	NA	NA	NA	Copy-number low (Endometriod)	NA	NA	NA	NA	NA	NA	NA	2	Y	Y	Endometrioid	Y	4	6	0.936182815	0	2	MSS	MSS	1_LOW	Y	Stage I
ucec_tcga_pub	TCGA-BG-A0M3	TCGA-BG-A0M3-01	Endometrial Cancer	Uterine Endometrioid Carcinoma	NA	NA	NA	NA	59	UEC	NA	1	Primary	Matched	1.96666666667	NA	NA	NA	NA	NA	NA	74	NA	NA	NA	NA	NA	NA	NA	NA	NA	NA	NA	NA	NA	NA	NA	NA	NA	NA	NA	NA	NA	NA	NA	NA	NA	NA	NA	NA	NA	NA	NA	NA	NA	NA	NA	NA	NA	NA	NA	NA	NA	NA	NA	NA	NA	NA	NA	NA	NA	NA	NA	NA	NA	NA	NA	NA	NA	NA	NA	NA	NA	NA	NA	NA	NA	NA	NA	NA	NA	NA	NA	NA	NA	NA	NA	NA	NA	NA	NA	NA	NA	NA	NA	NA	NA	NA	NA	NA	NA	NA	NA	NA	NA	NA	NA	NA	NA	NA	NA	NA	NA	NA	NA	NA	NA	NA	NA	NA	NA	NA	NA	NA	NA	NA	NA	NA	NA	NA	NA	NA	NA	NA	NA	NA	NA	NA	NA	NA	NA	NA	NA	NA	NA	NA	NA	NA	NA	NA	NA	Female	NA	NA	NA	NA	NA	NA	NA	NA	NA	NA	NA	NA	NA	NA	NA	NA	NA	NA	0.1516	Grade 2	NA	NA	NA	NA	NA	NA	NA	NA	NA	35.19	0:LIVING	NA	NA	NA	NA	NA	NA	NA	NA	NA	NA	NA	NA	NA	NA	NA	35.1876099	0:DiseaseFree	NA	NA	NA	NA	NA	NA	NA	NA	NA	NA	NA	NA	NA	NA	NA	NA	NA	NA	NA	NA	NA	NA	NA	NA	NA	NA	NA	NA	NA	NA	NA	NA	NA	NA	NA	NA	NA	NA	NA	NA	NA	NA	NA	NA	NA	NA	NA	NA	NA	NA	NA	NA	NA	NA	NA	NA	NA	NA	NA	NA	NA	NA	NA	NA	NA	NA	NA	NA	NA	NA	NA	NA	NA	NA	NA	NA	NA	NA	NA	NA	NA	NA	NA	NA	NA	NA	NA	NA	NA	NA	NA	NA	NA	NA	NA	NA	NA	NA	NA	NA	Copy-number low (Endometriod)	NA	NA	NA	NA	NA	NA	NA	3	Y	Y	Endometrioid	Y	1	5	0.396873131	0	2	MSS	MSS	1_LOW	Y	Stage I
ucec_tcga_pan_can_atlas_2018	TCGA-BG-A0M3	TCGA-BG-A0M3-01	Endometrial Cancer	Uterine Endometrioid Carcinoma	Not Hispanic Or Latino	NA	NA	NA	58	UEC	White	1	Primary	Matched	1.933333333	NA	NA	NA	NA	NA	NA	74	NA	NA	NA	NA	NA	NA	NA	NA	NA	NA	NA	NA	NA	NA	NA	NA	NA	NA	NA	NA	NA	NA	NA	NA	NA	NA	NA	NA	NA	NA	NA	NA	NA	NA	NA	NA	NA	NA	NA	NA	NA	NA	NA	NA	NA	NA	NA	NA	NA	NA	NA	NA	NA	NA	NA	NA	NA	NA	NA	NA	NA	NA	NA	NA	NA	NA	NA	NA	NA	NA	NA	NA	NA	NA	NA	NA	NA	NA	NA	NA	NA	NA	NA	NA	NA	NA	NA	NA	NA	NA	NA	NA	NA	NA	NA	NA	NA	NA	NA	NA	NA	NA	NA	NA	NA	NA	NA	NA	NA	NA	NA	NA	NA	NA	NA	NA	NA	NA	NA	NA	NA	NA	NA	NA	NA	NA	NA	NA	NA	NA	NA	NA	NA	NA	NA	NA	NA	NA	NA	Female	NA	NA	NA	NA	NA	NA	NA	NA	NA	NA	NA	NA	NA	NA	NA	NA	NA	NA	0.1516	G2	NA	NA	NA	NA	NA	NA	NA	NA	NA	35.21057304	0:LIVING	NA	NA	NA	NA	NA	NA	NA	1988	NA	NA	NA	NA	NA	0	NA	35.21057304	0:DiseaseFree	NA	NA	NA	12/1/10	NA	NA	NA	NA	NA	No	NA	NA	NA	C54.1	8380/3	C54.1	Yes	NA	NA	NA	NA	NA	NA	NA	NA	NA	NA	NA	NA	NA	NA	NA	No	NA	NA	8bdd4e0e-5bec-43f2-b9fa-d6e94a72fe05	NA	NA	NA	NA	NA	NA	NA	NA	NA	NA	NA	NA	NA	NA	NA	NA	NA	NA	NA	NA	NA	NA	NA	NA	NA	NA	University of Pittsburgh	NA	NA	NA	NA	75	NA	1071	-27183	NA	NA	NA	NA	NA	NA	NA	NA	NA	NA	NA	NA	NA	6	NA	UCEC	35.21057304	0:ALIVE OR DEAD TUMOR FREE	EUR	Yes	0.277	0.18	Tumor Free	35.21057304	0:CENSORED	NA	No	Yes	NA	UCEC_CN_LOW	3	No	Yes	BG	Uterus	Endometrioid Endometrial Adenocarcinoma	NA	NA	NA	NA	NA	NA	NA	NA	NA	NA	NA	NA	NA	NA	NA	NA
ucec_tcga_pan_can_atlas_2018	TCGA-BG-A0M4	TCGA-BG-A0M4-01	Endometrial Cancer	Uterine Endometrioid Carcinoma	Not Hispanic Or Latino	NA	NA	NA	582	UEC	White	1	Primary	Matched	19.5	NA	NA	NA	NA	NA	NA	60	NA	NA	NA	NA	NA	NA	NA	NA	NA	NA	NA	NA	NA	NA	NA	NA	NA	NA	NA	NA	NA	NA	NA	NA	NA	NA	NA	NA	NA	NA	NA	NA	NA	NA	NA	NA	NA	NA	NA	NA	NA	NA	NA	NA	NA	NA	NA	NA	NA	NA	NA	NA	NA	NA	NA	NA	NA	NA	NA	NA	NA	NA	NA	NA	NA	NA	NA	NA	NA	NA	NA	NA	NA	NA	NA	NA	NA	NA	NA	NA	NA	NA	NA	NA	NA	NA	NA	NA	NA	NA	NA	NA	NA	NA	NA	NA	NA	NA	NA	NA	NA	NA	NA	NA	NA	NA	NA	NA	NA	NA	NA	NA	NA	NA	NA	NA	NA	NA	NA	NA	NA	NA	NA	NA	NA	NA	NA	NA	NA	NA	NA	NA	NA	NA	NA	NA	NA	NA	NA	Female	NA	NA	NA	NA	NA	NA	NA	NA	NA	NA	NA	NA	NA	NA	NA	NA	NA	NA	0.1939	G3	NA	NA	NA	NA	NA	NA	NA	NA	NA	71.24305487	0:LIVING	NA	NA	NA	NA	NA	NA	NA	1988	NA	NA	NA	NA	NA	0	NA	71.24305487	0:DiseaseFree	NA	NA	NA	12/1/10	NA	NA	NA	NA	NA	No	NA	NA	NA	C54.1	8380/3	C54.1	Yes	NA	NA	NA	NA	NA	NA	NA	NA	NA	NA	NA	NA	NA	NA	NA	No	NA	NA	73e5310d-ba8c-4cbc-aa4f-e06206f898f4	NA	NA	NA	NA	NA	NA	NA	NA	NA	NA	NA	NA	NA	NA	NA	NA	NA	NA	NA	NA	NA	NA	NA	NA	NA	NA	University of Pittsburgh	NA	NA	NA	NA	97	NA	2167	-22090	NA	NA	NA	NA	NA	NA	NA	NA	NA	NA	NA	NA	NA	8	NA	UCEC	71.24305487	0:ALIVE OR DEAD TUMOR FREE	EUR	Yes	0.8536	28.95	Tumor Free	71.24305487	0:CENSORED	NA	No	No	NA	UCEC_MSI	6	Yes	No	BG	Uterus	Endometrioid Endometrial Adenocarcinoma	NA	NA	NA	NA	NA	NA	NA	NA	NA	NA	NA	NA	NA	NA	NA	NA
ucec_tcga_pan_can_atlas_2018	TCGA-BG-A0M6	TCGA-BG-A0M6-01	Endometrial Cancer	Uterine Serous Carcinoma/Uterine Papillary Serous Carcinoma	Not Hispanic Or Latino	NA	NA	NA	45	USC	White	1	Primary	Matched	1.5	NA	NA	NA	NA	NA	NA	73	NA	NA	NA	NA	NA	NA	NA	NA	NA	NA	NA	NA	NA	NA	NA	NA	NA	NA	NA	NA	NA	NA	NA	NA	NA	NA	NA	NA	NA	NA	NA	NA	NA	NA	NA	NA	NA	NA	NA	NA	NA	NA	NA	NA	NA	NA	NA	NA	NA	NA	NA	NA	NA	NA	NA	NA	NA	NA	NA	NA	NA	NA	NA	NA	NA	NA	NA	NA	NA	NA	NA	NA	NA	NA	NA	NA	NA	NA	NA	NA	NA	NA	NA	NA	NA	NA	NA	NA	NA	NA	NA	NA	NA	NA	NA	NA	NA	NA	NA	NA	NA	NA	NA	NA	NA	NA	NA	NA	NA	NA	NA	NA	NA	NA	NA	NA	NA	NA	NA	NA	NA	NA	NA	NA	NA	NA	NA	NA	NA	NA	NA	NA	NA	NA	NA	NA	NA	NA	NA	Female	NA	NA	NA	NA	NA	NA	NA	NA	NA	NA	NA	NA	NA	NA	NA	NA	NA	NA	0.6552	G3	NA	NA	NA	NA	NA	NA	NA	NA	NA	22.06003222	1:DECEASED	NA	NA	NA	NA	NA	NA	NA	1988	NA	NA	NA	NA	NA	0	NA	22.06003222	0:DiseaseFree	NA	NA	NA	12/1/10	NA	NA	NA	NA	NA	No	NA	NA	NA	C54.1	8441/3	C54.1	Yes	NA	NA	NA	NA	NA	NA	NA	NA	NA	NA	NA	NA	NA	NA	NA	No	NA	NA	002724fa-7051-49fa-9c58-4bcb7eba4ac6	NA	NA	NA	NA	NA	NA	NA	NA	NA	NA	NA	NA	NA	NA	NA	NA	NA	NA	NA	NA	NA	NA	NA	NA	NA	NA	University of Pittsburgh	NA	NA	NA	NA	55	NA	241	-26666	NA	NA	NA	NA	NA	NA	NA	NA	NA	NA	NA	NA	NA	19	NA	UCEC	22.06003222	0:ALIVE OR DEAD TUMOR FREE	EUR	Yes	0.3034	0.63	Tumor Free	22.06003222	0:CENSORED	NA	Yes	Yes	NA	UCEC_CN_HIGH	180	No	Yes	BG	Uterus	Serous Endometrial Adenocarcinoma	NA	NA	NA	NA	NA	NA	NA	NA	NA	NA	NA	NA	NA	NA	NA	NA
ucec_tcga_pub	TCGA-BG-A0M7	TCGA-BG-A0M7-01	Endometrial Cancer	Uterine Endometrioid Carcinoma	NA	NA	NA	NA	45	UEC	NA	1	Primary	Matched	1.5	NA	NA	NA	NA	NA	NA	60	NA	NA	NA	NA	NA	NA	NA	NA	NA	NA	NA	NA	NA	NA	NA	NA	NA	NA	NA	NA	NA	NA	NA	NA	NA	NA	NA	NA	NA	NA	NA	NA	NA	NA	NA	NA	NA	NA	NA	NA	NA	NA	NA	NA	NA	NA	NA	NA	NA	NA	NA	NA	NA	NA	NA	NA	NA	NA	NA	NA	NA	NA	NA	NA	NA	NA	NA	NA	NA	NA	NA	NA	NA	NA	NA	NA	NA	NA	NA	NA	NA	NA	NA	NA	NA	NA	NA	NA	NA	NA	NA	NA	NA	NA	NA	NA	NA	NA	NA	NA	NA	NA	NA	NA	NA	NA	NA	NA	NA	NA	NA	NA	NA	NA	NA	NA	NA	NA	NA	NA	NA	NA	NA	NA	NA	NA	NA	NA	NA	NA	NA	NA	NA	NA	NA	NA	NA	NA	NA	Female	NA	NA	NA	NA	NA	NA	NA	NA	NA	NA	NA	NA	NA	NA	NA	NA	NA	NA	0.0001	Grade 2	NA	NA	NA	NA	NA	NA	NA	NA	NA	38.34	0:LIVING	NA	NA	NA	NA	NA	NA	NA	NA	NA	NA	NA	NA	NA	NA	NA	38.34168137	0:DiseaseFree	NA	NA	NA	NA	NA	NA	NA	NA	NA	NA	NA	NA	NA	NA	NA	NA	NA	NA	NA	NA	NA	NA	NA	NA	NA	NA	NA	NA	NA	NA	NA	NA	NA	NA	NA	NA	NA	NA	NA	NA	NA	NA	NA	NA	NA	NA	NA	NA	NA	NA	NA	NA	NA	NA	NA	NA	NA	NA	NA	NA	NA	NA	NA	NA	NA	NA	NA	NA	NA	NA	NA	NA	NA	NA	NA	NA	NA	NA	NA	NA	NA	NA	NA	NA	NA	NA	NA	NA	NA	NA	NA	NA	NA	NA	NA	NA	NA	NA	NA	NA	Copy-number low (Endometriod)	NA	NA	NA	NA	NA	NA	NA	1	Y	Y	Endometrioid	Y	2	4	0.190161319	0	3	MSS	MSS	1_LOW	Y	Stage III
ucec_tcga_pan_can_atlas_2018	TCGA-BG-A0M7	TCGA-BG-A0M7-01	Endometrial Cancer	Uterine Endometrioid Carcinoma	Not Hispanic Or Latino	NA	NA	NA	63	UEC	White	1	Primary	Matched	2.1	NA	NA	NA	NA	NA	NA	60	NA	NA	NA	NA	NA	NA	NA	NA	NA	NA	NA	NA	NA	NA	NA	NA	NA	NA	NA	NA	NA	NA	NA	NA	NA	NA	NA	NA	NA	NA	NA	NA	NA	NA	NA	NA	NA	NA	NA	NA	NA	NA	NA	NA	NA	NA	NA	NA	NA	NA	NA	NA	NA	NA	NA	NA	NA	NA	NA	NA	NA	NA	NA	NA	NA	NA	NA	NA	NA	NA	NA	NA	NA	NA	NA	NA	NA	NA	NA	NA	NA	NA	NA	NA	NA	NA	NA	NA	NA	NA	NA	NA	NA	NA	NA	NA	NA	NA	NA	NA	NA	NA	NA	NA	NA	NA	NA	NA	NA	NA	NA	NA	NA	NA	NA	NA	NA	NA	NA	NA	NA	NA	NA	NA	NA	NA	NA	NA	NA	NA	NA	NA	NA	NA	NA	NA	NA	NA	NA	Female	NA	NA	NA	NA	NA	NA	NA	NA	NA	NA	NA	NA	NA	NA	NA	NA	NA	NA	0.0001	G2	NA	NA	NA	NA	NA	NA	NA	NA	NA	63.6814939	0:LIVING	NA	NA	NA	NA	NA	NA	NA	1988	NA	NA	NA	NA	NA	0	NA	63.6814939	0:DiseaseFree	NA	NA	NA	12/1/10	NA	NA	NA	NA	NA	No	NA	NA	NA	C54.1	8380/3	C54.1	Yes	NA	NA	NA	NA	NA	NA	NA	NA	NA	NA	NA	NA	NA	NA	NA	No	NA	NA	1d9c2113-ddcb-4440-89c3-cd21cee6d401	NA	NA	NA	NA	NA	NA	NA	NA	NA	NA	NA	NA	NA	NA	NA	NA	NA	NA	NA	NA	NA	NA	NA	NA	NA	NA	University of Pittsburgh	NA	NA	NA	NA	102	NA	1937	-22096	NA	NA	NA	NA	NA	NA	NA	NA	NA	NA	NA	NA	NA	0	NA	UCEC	63.6814939	0:ALIVE OR DEAD TUMOR FREE	EUR	Yes	0.2483	0.21	Tumor Free	63.6814939	0:CENSORED	NA	No	Yes	NA	UCEC_CN_LOW	0	No	Yes	BG	Uterus	Endometrioid Endometrial Adenocarcinoma	NA	NA	NA	NA	NA	NA	NA	NA	NA	NA	NA	NA	NA	NA	NA	NA
ucec_tcga_pub	TCGA-BG-A0M9	TCGA-BG-A0M9-01	Endometrial Cancer	Uterine Endometrioid Carcinoma	NA	NA	NA	NA	47	UEC	NA	1	Primary	Matched	1.53333333333	NA	NA	NA	NA	NA	NA	73	NA	NA	NA	NA	NA	NA	NA	NA	NA	NA	NA	NA	NA	NA	NA	NA	NA	NA	NA	NA	NA	NA	NA	NA	NA	NA	NA	NA	NA	NA	NA	NA	NA	NA	NA	NA	NA	NA	NA	NA	NA	NA	NA	NA	NA	NA	NA	NA	NA	NA	NA	NA	NA	NA	NA	NA	NA	NA	NA	NA	NA	NA	NA	NA	NA	NA	NA	NA	NA	NA	NA	NA	NA	NA	NA	NA	NA	NA	NA	NA	NA	NA	NA	NA	NA	NA	NA	NA	NA	NA	NA	NA	NA	NA	NA	NA	NA	NA	NA	NA	NA	NA	NA	NA	NA	NA	NA	NA	NA	NA	NA	NA	NA	NA	NA	NA	NA	NA	NA	NA	NA	NA	NA	NA	NA	NA	NA	NA	NA	NA	NA	NA	NA	NA	NA	NA	NA	NA	NA	Female	NA	NA	NA	NA	NA	NA	NA	NA	NA	NA	NA	NA	NA	NA	NA	NA	NA	NA	0.0498	Grade 2	NA	NA	NA	NA	NA	NA	NA	NA	NA	28.26	0:LIVING	NA	NA	NA	NA	NA	NA	NA	NA	NA	NA	NA	NA	NA	NA	NA	28.25522363	0:DiseaseFree	NA	NA	NA	NA	NA	NA	NA	NA	NA	NA	NA	NA	NA	NA	NA	NA	NA	NA	NA	NA	NA	NA	NA	NA	NA	NA	NA	NA	NA	NA	NA	NA	NA	NA	NA	NA	NA	NA	NA	NA	NA	NA	NA	NA	NA	NA	NA	NA	NA	NA	NA	NA	NA	NA	NA	NA	NA	NA	NA	NA	NA	NA	NA	NA	NA	NA	NA	NA	NA	NA	NA	NA	NA	NA	NA	NA	NA	NA	NA	NA	NA	NA	NA	NA	NA	NA	NA	NA	NA	NA	NA	NA	NA	NA	NA	NA	NA	NA	NA	NA	Copy-number low (Endometriod)	NA	NA	NA	NA	NA	NA	NA	2	Y	Y	Endometrioid	Y	2	6	0.576051552	0	3	MSS	MSS	1_LOW	Y	Stage I
ucec_tcga_pan_can_atlas_2018	TCGA-BG-A0M9	TCGA-BG-A0M9-01	Endometrial Cancer	Uterine Endometrioid Carcinoma	Not Hispanic Or Latino	NA	NA	NA	57	UEC	White	1	Primary	Matched	1.933333333	NA	NA	NA	NA	NA	NA	73	NA	NA	NA	NA	NA	NA	NA	NA	NA	NA	NA	NA	NA	NA	NA	NA	NA	NA	NA	NA	NA	NA	NA	NA	NA	NA	NA	NA	NA	NA	NA	NA	NA	NA	NA	NA	NA	NA	NA	NA	NA	NA	NA	NA	NA	NA	NA	NA	NA	NA	NA	NA	NA	NA	NA	NA	NA	NA	NA	NA	NA	NA	NA	NA	NA	NA	NA	NA	NA	NA	NA	NA	NA	NA	NA	NA	NA	NA	NA	NA	NA	NA	NA	NA	NA	NA	NA	NA	NA	NA	NA	NA	NA	NA	NA	NA	NA	NA	NA	NA	NA	NA	NA	NA	NA	NA	NA	NA	NA	NA	NA	NA	NA	NA	NA	NA	NA	NA	NA	NA	NA	NA	NA	NA	NA	NA	NA	NA	NA	NA	NA	NA	NA	NA	NA	NA	NA	NA	NA	Female	NA	NA	NA	NA	NA	NA	NA	NA	NA	NA	NA	NA	NA	NA	NA	NA	NA	NA	0.0498	G2	NA	NA	NA	NA	NA	NA	NA	NA	NA	74.62931913	0:LIVING	NA	NA	NA	NA	NA	NA	NA	1988	NA	NA	NA	NA	NA	0	NA	74.62931913	0:DiseaseFree	NA	NA	NA	12/8/10	NA	NA	NA	NA	NA	No	NA	NA	NA	C54.1	8380/3	C54.1	Yes	NA	NA	NA	NA	NA	NA	NA	NA	NA	NA	NA	NA	NA	NA	NA	No	NA	NA	4fd1cb59-6c50-4355-9d37-a341e1f4fad9	NA	NA	NA	NA	NA	NA	NA	NA	NA	NA	NA	NA	NA	NA	NA	NA	NA	NA	NA	NA	NA	NA	NA	NA	NA	NA	University of Pittsburgh	NA	NA	NA	NA	93	NA	2270	-26708	NA	NA	NA	NA	NA	NA	NA	NA	NA	NA	NA	NA	NA	NA	NA	UCEC	74.62931913	0:ALIVE OR DEAD TUMOR FREE	EUR	Yes	0.2818	0.16	Tumor Free	74.62931913	0:CENSORED	NA	No	No	NA	UCEC_CN_LOW	1	No	Yes	BG	Uterus	Endometrioid Endometrial Adenocarcinoma	NA	NA	NA	NA	NA	NA	NA	NA	NA	NA	NA	NA	NA	NA	NA	NA
ucec_tcga_pan_can_atlas_2018	TCGA-BG-A0MA	TCGA-BG-A0MA-01	Endometrial Cancer	Uterine Endometrioid Carcinoma	Not Hispanic Or Latino	NA	NA	NA	44	UEC	White	1	Primary	Matched	1.466666667	NA	NA	NA	NA	NA	NA	60	NA	NA	NA	NA	NA	NA	NA	NA	NA	NA	NA	NA	NA	NA	NA	NA	NA	NA	NA	NA	NA	NA	NA	NA	NA	NA	NA	NA	NA	NA	NA	NA	NA	NA	NA	NA	NA	NA	NA	NA	NA	NA	NA	NA	NA	NA	NA	NA	NA	NA	NA	NA	NA	NA	NA	NA	NA	NA	NA	NA	NA	NA	NA	NA	NA	NA	NA	NA	NA	NA	NA	NA	NA	NA	NA	NA	NA	NA	NA	NA	NA	NA	NA	NA	NA	NA	NA	NA	NA	NA	NA	NA	NA	NA	NA	NA	NA	NA	NA	NA	NA	NA	NA	NA	NA	NA	NA	NA	NA	NA	NA	NA	NA	NA	NA	NA	NA	NA	NA	NA	NA	NA	NA	NA	NA	NA	NA	NA	NA	NA	NA	NA	NA	NA	NA	NA	NA	NA	NA	Female	NA	NA	NA	NA	NA	NA	NA	NA	NA	NA	NA	NA	NA	NA	NA	NA	NA	NA	0.0499	G3	NA	NA	NA	NA	NA	NA	NA	NA	NA	10.71769077	1:DECEASED	NA	NA	NA	NA	NA	NA	NA	1988	NA	NA	NA	NA	NA	0	NA	NA	NA	NA	NA	NA	12/8/10	NA	NA	NA	NA	NA	No	NA	NA	NA	C54.1	8380/3	C54.1	Yes	NA	NA	NA	NA	NA	NA	NA	NA	NA	NA	NA	NA	NA	NA	NA	Yes	NA	NA	F85BC60B-AB07-4B24-820B-6860B198E910	NA	NA	NA	NA	NA	NA	NA	NA	NA	NA	NA	NA	NA	NA	NA	NA	NA	NA	NA	NA	NA	NA	NA	NA	NA	NA	University of Pittsburgh	NA	NA	NA	NA	111	NA	NA	-22036	NA	NA	NA	NA	NA	NA	NA	NA	NA	NA	NA	NA	NA	2	NA	UCEC	10.71769077	1:DEAD WITH TUMOR	EUR	Yes	0.2841	0.03	With Tumor	2.301344643	1:PROGRESSION	NA	No	No	NA	UCEC_CN_LOW	1	No	Yes	BG	Uterus	Endometrioid Endometrial Adenocarcinoma	NA	NA	NA	NA	NA	NA	NA	NA	NA	NA	NA	NA	NA	NA	NA	NA
ucec_tcga_pan_can_atlas_2018	TCGA-BG-A0MC	TCGA-BG-A0MC-01	Endometrial Cancer	Uterine Endometrioid Carcinoma	Not Hispanic Or Latino	NA	NA	NA	50	UEC	White	1	Primary	Matched	1.7	NA	NA	NA	NA	NA	NA	74	NA	NA	NA	NA	NA	NA	NA	NA	NA	NA	NA	NA	NA	NA	NA	NA	NA	NA	NA	NA	NA	NA	NA	NA	NA	NA	NA	NA	NA	NA	NA	NA	NA	NA	NA	NA	NA	NA	NA	NA	NA	NA	NA	NA	NA	NA	NA	NA	NA	NA	NA	NA	NA	NA	NA	NA	NA	NA	NA	NA	NA	NA	NA	NA	NA	NA	NA	NA	NA	NA	NA	NA	NA	NA	NA	NA	NA	NA	NA	NA	NA	NA	NA	NA	NA	NA	NA	NA	NA	NA	NA	NA	NA	NA	NA	NA	NA	NA	NA	NA	NA	NA	NA	NA	NA	NA	NA	NA	NA	NA	NA	NA	NA	NA	NA	NA	NA	NA	NA	NA	NA	NA	NA	NA	NA	NA	NA	NA	NA	NA	NA	NA	NA	NA	NA	NA	NA	NA	NA	Female	NA	NA	NA	NA	NA	NA	NA	NA	NA	NA	NA	NA	NA	NA	NA	NA	NA	NA	0.0296	G1	NA	NA	NA	NA	NA	NA	NA	NA	NA	41.52283263	0:LIVING	NA	NA	NA	NA	NA	NA	NA	1988	NA	NA	NA	NA	NA	0	NA	41.52283263	0:DiseaseFree	NA	NA	NA	12/8/10	NA	NA	NA	NA	NA	No	NA	NA	NA	C54.1	8380/3	C54.1	Yes	NA	NA	NA	NA	NA	NA	NA	NA	NA	NA	NA	NA	NA	NA	NA	No	NA	NA	884fd57d-bd8e-40e7-82f6-0ba1c71101a9	NA	NA	NA	NA	NA	NA	NA	NA	NA	NA	NA	NA	NA	NA	NA	NA	NA	NA	NA	NA	NA	NA	NA	NA	NA	NA	University of Pittsburgh	NA	NA	NA	NA	135	NA	1263	-27136	NA	NA	NA	NA	NA	NA	NA	NA	NA	NA	NA	NA	NA	0	NA	UCEC	41.52283263	0:ALIVE OR DEAD TUMOR FREE	EUR	Yes	0.2669	0.05	Tumor Free	41.52283263	0:CENSORED	NA	No	No	NA	UCEC_CN_LOW	11	No	Yes	BG	Uterus	Endometrioid Endometrial Adenocarcinoma	NA	NA	NA	NA	NA	NA	NA	NA	NA	NA	NA	NA	NA	NA	NA	NA
ucec_tcga_pub	TCGA-BG-A0MC	TCGA-BG-A0MC-01	Endometrial Cancer	Uterine Endometrioid Carcinoma	NA	NA	NA	NA	44	UEC	NA	1	Primary	Matched	1.46666666667	NA	NA	NA	NA	NA	NA	74	NA	NA	NA	NA	NA	NA	NA	NA	NA	NA	NA	NA	NA	NA	NA	NA	NA	NA	NA	NA	NA	NA	NA	NA	NA	NA	NA	NA	NA	NA	NA	NA	NA	NA	NA	NA	NA	NA	NA	NA	NA	NA	NA	NA	NA	NA	NA	NA	NA	NA	NA	NA	NA	NA	NA	NA	NA	NA	NA	NA	NA	NA	NA	NA	NA	NA	NA	NA	NA	NA	NA	NA	NA	NA	NA	NA	NA	NA	NA	NA	NA	NA	NA	NA	NA	NA	NA	NA	NA	NA	NA	NA	NA	NA	NA	NA	NA	NA	NA	NA	NA	NA	NA	NA	NA	NA	NA	NA	NA	NA	NA	NA	NA	NA	NA	NA	NA	NA	NA	NA	NA	NA	NA	NA	NA	NA	NA	NA	NA	NA	NA	NA	NA	NA	NA	NA	NA	NA	NA	Female	NA	NA	NA	NA	NA	NA	NA	NA	NA	NA	NA	NA	NA	NA	NA	NA	NA	NA	0.0296	Grade 1	NA	NA	NA	NA	NA	NA	NA	NA	NA	41.5	0:LIVING	NA	NA	NA	NA	NA	NA	NA	NA	NA	NA	NA	NA	NA	NA	NA	41.49575285	0:DiseaseFree	NA	NA	NA	NA	NA	NA	NA	NA	NA	NA	NA	NA	NA	NA	NA	NA	NA	NA	NA	NA	NA	NA	NA	NA	NA	NA	NA	NA	NA	NA	NA	NA	NA	NA	NA	NA	NA	NA	NA	NA	NA	NA	NA	NA	NA	NA	NA	NA	NA	NA	NA	NA	NA	NA	NA	NA	NA	NA	NA	NA	NA	NA	NA	NA	NA	NA	NA	NA	NA	NA	NA	NA	NA	NA	NA	NA	NA	NA	NA	NA	NA	NA	NA	NA	NA	NA	NA	NA	NA	NA	NA	NA	NA	NA	NA	NA	NA	NA	NA	NA	Copy-number low (Endometriod)	NA	NA	NA	NA	NA	NA	NA	2	Y	Y	Endometrioid	Y	2	4	0.739984154	0	3	MSS	MSS	1_LOW	Y	Stage I
ucec_tcga_pub	TCGA-BG-A0MG	TCGA-BG-A0MG-01	Endometrial Cancer	Uterine Endometrioid Carcinoma	NA	NA	NA	NA	84	UEC	NA	1	Primary	Matched	2.83333333333	NA	NA	NA	NA	NA	NA	73	NA	NA	NA	NA	NA	NA	NA	NA	NA	NA	NA	NA	NA	NA	NA	NA	NA	NA	NA	NA	NA	NA	NA	NA	NA	NA	NA	NA	NA	NA	NA	NA	NA	NA	NA	NA	NA	NA	NA	NA	NA	NA	NA	NA	NA	NA	NA	NA	NA	NA	NA	NA	NA	NA	NA	NA	NA	NA	NA	NA	NA	NA	NA	NA	NA	NA	NA	NA	NA	NA	NA	NA	NA	NA	NA	NA	NA	NA	NA	NA	NA	NA	NA	NA	NA	NA	NA	NA	NA	NA	NA	NA	NA	NA	NA	NA	NA	NA	NA	NA	NA	NA	NA	NA	NA	NA	NA	NA	NA	NA	NA	NA	NA	NA	NA	NA	NA	NA	NA	NA	NA	NA	NA	NA	NA	NA	NA	NA	NA	NA	NA	NA	NA	NA	NA	NA	NA	NA	NA	Female	NA	NA	NA	NA	NA	NA	NA	NA	NA	NA	NA	NA	NA	NA	NA	NA	NA	NA	0.0938	Grade 1	NA	NA	NA	NA	NA	NA	NA	NA	NA	48.53	0:LIVING	NA	NA	NA	NA	NA	NA	NA	NA	NA	NA	NA	NA	NA	NA	NA	48.52670384	0:DiseaseFree	NA	NA	NA	NA	NA	NA	NA	NA	NA	NA	NA	NA	NA	NA	NA	NA	NA	NA	NA	NA	NA	NA	NA	NA	NA	NA	NA	NA	NA	NA	NA	NA	NA	NA	NA	NA	NA	NA	NA	NA	NA	NA	NA	NA	NA	NA	NA	NA	NA	NA	NA	NA	NA	NA	NA	NA	NA	NA	NA	NA	NA	NA	NA	NA	NA	NA	NA	NA	NA	NA	NA	NA	NA	NA	NA	NA	NA	NA	NA	NA	NA	NA	NA	NA	NA	NA	NA	NA	NA	NA	NA	NA	NA	NA	NA	NA	NA	NA	NA	NA	Copy-number low (Endometriod)	NA	NA	NA	NA	NA	NA	NA	2	Y	Y	Endometrioid	Y	2	4	0.798974359	0	1	MSS	MSS	1_LOW	Y	Stage I
ucec_tcga_pan_can_atlas_2018	TCGA-BG-A0MG	TCGA-BG-A0MG-01	Endometrial Cancer	Uterine Endometrioid Carcinoma	Not Hispanic Or Latino	NA	NA	NA	101	UEC	White	1	Primary	Matched	3.333333333	NA	NA	NA	NA	NA	NA	73	NA	NA	NA	NA	NA	NA	NA	NA	NA	NA	NA	NA	NA	NA	NA	NA	NA	NA	NA	NA	NA	NA	NA	NA	NA	NA	NA	NA	NA	NA	NA	NA	NA	NA	NA	NA	NA	NA	NA	NA	NA	NA	NA	NA	NA	NA	NA	NA	NA	NA	NA	NA	NA	NA	NA	NA	NA	NA	NA	NA	NA	NA	NA	NA	NA	NA	NA	NA	NA	NA	NA	NA	NA	NA	NA	NA	NA	NA	NA	NA	NA	NA	NA	NA	NA	NA	NA	NA	NA	NA	NA	NA	NA	NA	NA	NA	NA	NA	NA	NA	NA	NA	NA	NA	NA	NA	NA	NA	NA	NA	NA	NA	NA	NA	NA	NA	NA	NA	NA	NA	NA	NA	NA	NA	NA	NA	NA	NA	NA	NA	NA	NA	NA	NA	NA	NA	NA	NA	NA	Female	NA	NA	NA	NA	NA	NA	NA	NA	NA	NA	NA	NA	NA	NA	NA	NA	NA	NA	0.0938	G1	NA	NA	NA	NA	NA	NA	NA	NA	NA	48.55837196	0:LIVING	NA	NA	NA	NA	NA	NA	NA	1988	NA	NA	NA	NA	NA	0	NA	48.55837196	0:DiseaseFree	NA	NA	NA	12/8/10	NA	NA	NA	NA	NA	No	NA	NA	NA	C54.1	8380/3	C54.1	Yes	NA	NA	NA	NA	NA	NA	NA	NA	NA	NA	NA	NA	NA	NA	NA	No	NA	NA	9cde90c8-2be0-4328-a032-ff1dc19e66fd	NA	NA	NA	NA	NA	NA	NA	NA	NA	NA	NA	NA	NA	NA	NA	NA	NA	NA	NA	NA	NA	NA	NA	NA	NA	NA	University of Pittsburgh	NA	NA	NA	NA	61	NA	1477	-26957	NA	NA	NA	NA	NA	NA	NA	NA	NA	NA	NA	NA	NA	4	NA	UCEC	48.55837196	0:ALIVE OR DEAD TUMOR FREE	EUR	Yes	0.2676	0.4	Tumor Free	48.55837196	0:CENSORED	NA	No	No	NA	UCEC_CN_LOW	24	No	Yes	BG	Uterus	Endometrioid Endometrial Adenocarcinoma	NA	NA	NA	NA	NA	NA	NA	NA	NA	NA	NA	NA	NA	NA	NA	NA
ucec_tcga_pub	TCGA-BG-A0MI	TCGA-BG-A0MI-01	Endometrial Cancer	Uterine Endometrioid Carcinoma	NA	NA	NA	NA	51	UEC	NA	1	Primary	Matched	1.66666666667	NA	NA	NA	NA	NA	NA	83	NA	NA	NA	NA	NA	NA	NA	NA	NA	NA	NA	NA	NA	NA	NA	NA	NA	NA	NA	NA	NA	NA	NA	NA	NA	NA	NA	NA	NA	NA	NA	NA	NA	NA	NA	NA	NA	NA	NA	NA	NA	NA	NA	NA	NA	NA	NA	NA	NA	NA	NA	NA	NA	NA	NA	NA	NA	NA	NA	NA	NA	NA	NA	NA	NA	NA	NA	NA	NA	NA	NA	NA	NA	NA	NA	NA	NA	NA	NA	NA	NA	NA	NA	NA	NA	NA	NA	NA	NA	NA	NA	NA	NA	NA	NA	NA	NA	NA	NA	NA	NA	NA	NA	NA	NA	NA	NA	NA	NA	NA	NA	NA	NA	NA	NA	NA	NA	NA	NA	NA	NA	NA	NA	NA	NA	NA	NA	NA	NA	NA	NA	NA	NA	NA	NA	NA	NA	NA	NA	Female	NA	NA	NA	NA	NA	NA	NA	NA	NA	NA	NA	NA	NA	NA	NA	NA	NA	NA	0.0000	Grade 2	NA	NA	NA	NA	NA	NA	NA	NA	NA	23.46	1:DECEASED	NA	NA	NA	NA	NA	NA	NA	NA	NA	NA	NA	NA	NA	NA	NA	23.4584066	0:DiseaseFree	NA	NA	NA	NA	NA	NA	NA	NA	NA	NA	NA	NA	NA	NA	NA	NA	NA	NA	NA	NA	NA	NA	NA	NA	NA	NA	NA	NA	NA	NA	NA	NA	NA	NA	NA	NA	NA	NA	NA	NA	NA	NA	NA	NA	NA	NA	NA	NA	NA	NA	NA	NA	NA	NA	NA	NA	NA	NA	NA	NA	NA	NA	NA	NA	NA	NA	NA	NA	NA	NA	NA	NA	NA	NA	NA	NA	NA	NA	NA	NA	NA	NA	NA	NA	NA	NA	NA	NA	NA	NA	NA	NA	NA	NA	NA	NA	NA	NA	NA	NA	Copy-number low (Endometriod)	NA	NA	NA	NA	NA	NA	NA	1	Y	Y	Endometrioid	Y	2	5	0.932869329	0	3	MSS	MSS	1_LOW	Y	Stage I
ucec_tcga_pan_can_atlas_2018	TCGA-BG-A0MI	TCGA-BG-A0MI-01	Endometrial Cancer	Uterine Endometrioid Carcinoma	Not Hispanic Or Latino	NA	NA	NA	52	UEC	White	1	Primary	Matched	1.766666667	NA	NA	NA	NA	NA	NA	83	NA	NA	NA	NA	NA	NA	NA	NA	NA	NA	NA	NA	NA	NA	NA	NA	NA	NA	NA	NA	NA	NA	NA	NA	NA	NA	NA	NA	NA	NA	NA	NA	NA	NA	NA	NA	NA	NA	NA	NA	NA	NA	NA	NA	NA	NA	NA	NA	NA	NA	NA	NA	NA	NA	NA	NA	NA	NA	NA	NA	NA	NA	NA	NA	NA	NA	NA	NA	NA	NA	NA	NA	NA	NA	NA	NA	NA	NA	NA	NA	NA	NA	NA	NA	NA	NA	NA	NA	NA	NA	NA	NA	NA	NA	NA	NA	NA	NA	NA	NA	NA	NA	NA	NA	NA	NA	NA	NA	NA	NA	NA	NA	NA	NA	NA	NA	NA	NA	NA	NA	NA	NA	NA	NA	NA	NA	NA	NA	NA	NA	NA	NA	NA	NA	NA	NA	NA	NA	NA	Female	NA	NA	NA	NA	NA	NA	NA	NA	NA	NA	NA	NA	NA	NA	NA	NA	NA	NA	0.0000	G2	NA	NA	NA	NA	NA	NA	NA	NA	NA	23.47371536	1:DECEASED	NA	NA	NA	NA	NA	NA	NA	1988	NA	NA	NA	NA	NA	0	NA	NA	NA	NA	NA	NA	12/8/10	NA	NA	NA	NA	NA	No	NA	NA	NA	C54.1	8380/3	C54.1	Yes	NA	NA	NA	NA	NA	NA	NA	NA	NA	NA	NA	NA	NA	NA	NA	No	NA	NA	b8588e0f-aad6-4ded-845e-3cff67a48d8f	NA	NA	NA	NA	NA	NA	NA	NA	NA	NA	NA	NA	NA	NA	NA	NA	NA	NA	NA	NA	NA	NA	NA	NA	NA	NA	University of Pittsburgh	NA	NA	NA	NA	101	NA	NA	-30334	NA	NA	NA	NA	NA	NA	NA	NA	NA	NA	NA	NA	NA	0	NA	UCEC	23.47371536	0:ALIVE OR DEAD TUMOR FREE	EUR	Yes	0.2475	0.21	Tumor Free	23.47371536	0:CENSORED	NA	No	No	NA	UCEC_CN_LOW	0	No	Yes	BG	Uterus	Endometrioid Endometrial Adenocarcinoma	NA	NA	NA	NA	NA	NA	NA	NA	NA	NA	NA	NA	NA	NA	NA	NA
ucec_tcga_pan_can_atlas_2018	TCGA-BG-A0MK	TCGA-BG-A0MK-01	Endometrial Cancer	Uterine Endometrioid Carcinoma	Not Hispanic Or Latino	NA	NA	NA	80	UEC	Black or African American	1	Primary	Matched	2.7	NA	NA	NA	NA	NA	NA	52	NA	NA	NA	NA	NA	NA	NA	NA	NA	NA	NA	NA	NA	NA	NA	NA	NA	NA	NA	NA	NA	NA	NA	NA	NA	NA	NA	NA	NA	NA	NA	NA	NA	NA	NA	NA	NA	NA	NA	NA	NA	NA	NA	NA	NA	NA	NA	NA	NA	NA	NA	NA	NA	NA	NA	NA	NA	NA	NA	NA	NA	NA	NA	NA	NA	NA	NA	NA	NA	NA	NA	NA	NA	NA	NA	NA	NA	NA	NA	NA	NA	NA	NA	NA	NA	NA	NA	NA	NA	NA	NA	NA	NA	NA	NA	NA	NA	NA	NA	NA	NA	NA	NA	NA	NA	NA	NA	NA	NA	NA	NA	NA	NA	NA	NA	NA	NA	NA	NA	NA	NA	NA	NA	NA	NA	NA	NA	NA	NA	NA	NA	NA	NA	NA	NA	NA	NA	NA	NA	Female	NA	NA	NA	NA	NA	NA	NA	NA	NA	NA	NA	NA	NA	NA	NA	NA	NA	NA	0.0002	G3	NA	NA	NA	NA	NA	NA	NA	NA	NA	43.29815564	1:DECEASED	NA	NA	NA	NA	NA	NA	NA	1995	NA	NA	NA	NA	NA	0	NA	NA	NA	NA	NA	NA	3/29/12	NA	NA	NA	NA	NA	No	NA	NA	NA	C54.1	8380/3	C54.1	Yes	NA	NA	NA	NA	NA	NA	NA	NA	NA	NA	NA	NA	NA	NA	NA	No	NA	NA	1F9B1B71-8753-4CD5-A585-708BEA8FF1FA	NA	NA	NA	NA	NA	NA	NA	NA	NA	NA	NA	NA	NA	NA	NA	NA	NA	NA	NA	NA	NA	NA	NA	NA	NA	NA	University of Pittsburgh	NA	NA	NA	NA	NA	NA	NA	-19034	NA	NA	NA	NA	NA	NA	NA	NA	NA	NA	NA	NA	NA	0	-19	UCEC	43.29815564	1:DEAD WITH TUMOR	AFR	Yes	0.3119	0	With Tumor	43.29815564	1:PROGRESSION	NA	No	Yes	-10	UCEC_CN_LOW	0	Yes	No	BG	Uterus	Endometrioid Endometrial Adenocarcinoma	0	NA	NA	NA	NA	NA	NA	NA	NA	NA	NA	NA	NA	NA	NA	NA
ucec_tcga_pan_can_atlas_2018	TCGA-BG-A0MO	TCGA-BG-A0MO-01	Endometrial Cancer	Uterine Endometrioid Carcinoma	Not Hispanic Or Latino	NA	NA	NA	39	UEC	White	1	Primary	Matched	1.333333333	NA	NA	NA	NA	NA	NA	63	NA	NA	NA	NA	NA	NA	NA	NA	NA	NA	NA	NA	NA	NA	NA	NA	NA	NA	NA	NA	NA	NA	NA	NA	NA	NA	NA	NA	NA	NA	NA	NA	NA	NA	NA	NA	NA	NA	NA	NA	NA	NA	NA	NA	NA	NA	NA	NA	NA	NA	NA	NA	NA	NA	NA	NA	NA	NA	NA	NA	NA	NA	NA	NA	NA	NA	NA	NA	NA	NA	NA	NA	NA	NA	NA	NA	NA	NA	NA	NA	NA	NA	NA	NA	NA	NA	NA	NA	NA	NA	NA	NA	NA	NA	NA	NA	NA	NA	NA	NA	NA	NA	NA	NA	NA	NA	NA	NA	NA	NA	NA	NA	NA	NA	NA	NA	NA	NA	NA	NA	NA	NA	NA	NA	NA	NA	NA	NA	NA	NA	NA	NA	NA	NA	NA	NA	NA	NA	NA	Female	NA	NA	NA	NA	NA	NA	NA	NA	NA	NA	NA	NA	NA	NA	NA	NA	NA	NA	0.0433	G1	NA	NA	NA	NA	NA	NA	NA	NA	NA	43.03514482	0:LIVING	NA	NA	NA	NA	NA	NA	NA	1988	NA	NA	NA	NA	NA	0	NA	43.03514482	0:DiseaseFree	NA	NA	NA	12/9/10	NA	NA	NA	NA	NA	No	NA	NA	NA	C54.1	8380/3	C54.1	Yes	NA	NA	NA	NA	NA	NA	NA	NA	NA	NA	NA	NA	NA	NA	NA	No	NA	NA	734ef97f-807c-480e-8df9-feaf041032d2	NA	NA	NA	NA	NA	NA	NA	NA	NA	NA	NA	NA	NA	NA	NA	NA	NA	NA	NA	NA	NA	NA	NA	NA	NA	NA	University of Pittsburgh	NA	NA	NA	NA	83	NA	1309	-23287	NA	NA	NA	NA	NA	NA	NA	NA	NA	NA	NA	NA	NA	2	NA	UCEC	43.03514482	0:ALIVE OR DEAD TUMOR FREE	EUR	Yes	0.237	0.04	Tumor Free	43.03514482	0:CENSORED	NA	No	Yes	NA	UCEC_CN_LOW	2	No	Yes	BG	Uterus	Endometrioid Endometrial Adenocarcinoma	NA	NA	NA	NA	NA	NA	NA	NA	NA	NA	NA	NA	NA	NA	NA	NA
ucec_tcga_pub	TCGA-BG-A0MO	TCGA-BG-A0MO-01	Endometrial Cancer	Uterine Endometrioid Carcinoma	NA	NA	NA	NA	36	UEC	NA	1	Primary	Matched	1.2	NA	NA	NA	NA	NA	NA	63	NA	NA	NA	NA	NA	NA	NA	NA	NA	NA	NA	NA	NA	NA	NA	NA	NA	NA	NA	NA	NA	NA	NA	NA	NA	NA	NA	NA	NA	NA	NA	NA	NA	NA	NA	NA	NA	NA	NA	NA	NA	NA	NA	NA	NA	NA	NA	NA	NA	NA	NA	NA	NA	NA	NA	NA	NA	NA	NA	NA	NA	NA	NA	NA	NA	NA	NA	NA	NA	NA	NA	NA	NA	NA	NA	NA	NA	NA	NA	NA	NA	NA	NA	NA	NA	NA	NA	NA	NA	NA	NA	NA	NA	NA	NA	NA	NA	NA	NA	NA	NA	NA	NA	NA	NA	NA	NA	NA	NA	NA	NA	NA	NA	NA	NA	NA	NA	NA	NA	NA	NA	NA	NA	NA	NA	NA	NA	NA	NA	NA	NA	NA	NA	NA	NA	NA	NA	NA	NA	Female	NA	NA	NA	NA	NA	NA	NA	NA	NA	NA	NA	NA	NA	NA	NA	NA	NA	NA	0.0433	Grade 1	NA	NA	NA	NA	NA	NA	NA	NA	NA	42.97	0:LIVING	NA	NA	NA	NA	NA	NA	NA	NA	NA	NA	NA	NA	NA	NA	NA	NA	NA	NA	NA	NA	NA	NA	NA	NA	NA	NA	NA	NA	NA	NA	NA	NA	NA	NA	NA	NA	NA	NA	NA	NA	NA	NA	NA	NA	NA	NA	NA	NA	NA	NA	NA	NA	NA	NA	NA	NA	NA	NA	NA	NA	NA	NA	NA	NA	NA	NA	NA	NA	NA	NA	NA	NA	NA	NA	NA	NA	NA	NA	NA	NA	NA	NA	NA	NA	NA	NA	NA	NA	NA	NA	NA	NA	NA	NA	NA	NA	NA	NA	NA	NA	NA	NA	NA	NA	NA	NA	NA	NA	NA	NA	NA	NA	NA	NA	NA	NA	NA	Copy-number low (Endometriod)	NA	NA	NA	NA	NA	NA	NA	2	Y	Y	Endometrioid	Y	2	5	0.900509523	0	2	MSS	MSS	1_LOW	Y	Stage I
ucec_tcga_pan_can_atlas_2018	TCGA-BG-A0MQ	TCGA-BG-A0MQ-01	Endometrial Cancer	Uterine Endometrioid Carcinoma	Not Hispanic Or Latino	NA	NA	NA	603	UEC	White	1	Primary	Matched	20.2	NA	NA	NA	NA	NA	NA	71	NA	NA	NA	NA	NA	NA	NA	NA	NA	NA	NA	NA	NA	NA	NA	NA	NA	NA	NA	NA	NA	NA	NA	NA	NA	NA	NA	NA	NA	NA	NA	NA	NA	NA	NA	NA	NA	NA	NA	NA	NA	NA	NA	NA	NA	NA	NA	NA	NA	NA	NA	NA	NA	NA	NA	NA	NA	NA	NA	NA	NA	NA	NA	NA	NA	NA	NA	NA	NA	NA	NA	NA	NA	NA	NA	NA	NA	NA	NA	NA	NA	NA	NA	NA	NA	NA	NA	NA	NA	NA	NA	NA	NA	NA	NA	NA	NA	NA	NA	NA	NA	NA	NA	NA	NA	NA	NA	NA	NA	NA	NA	NA	NA	NA	NA	NA	NA	NA	NA	NA	NA	NA	NA	NA	NA	NA	NA	NA	NA	NA	NA	NA	NA	NA	NA	NA	NA	NA	NA	Female	NA	NA	NA	NA	NA	NA	NA	NA	NA	NA	NA	NA	NA	NA	NA	NA	NA	NA	0.0493	G1	NA	NA	NA	NA	NA	NA	NA	NA	NA	59.73633166	0:LIVING	NA	NA	NA	NA	NA	NA	NA	1988	NA	NA	NA	NA	NA	0	NA	NA	NA	NA	NA	NA	12/9/10	NA	NA	NA	NA	NA	No	NA	NA	NA	C54.1	8380/3	C54.1	Yes	NA	NA	NA	NA	NA	NA	NA	NA	NA	NA	NA	NA	NA	NA	NA	No	NA	NA	12d36a1d-9922-4311-bbda-71f32ac2c03b	NA	NA	NA	NA	NA	NA	NA	NA	NA	NA	NA	NA	NA	NA	NA	NA	NA	NA	NA	NA	NA	NA	NA	NA	NA	NA	University of Pittsburgh	NA	NA	NA	NA	101	NA	1817	-26284	NA	NA	NA	NA	NA	NA	NA	NA	NA	NA	NA	NA	NA	2	NA	UCEC	59.73633166	0:ALIVE OR DEAD TUMOR FREE	EUR	Yes	0.8335	23.55	With Tumor	59.73633166	0:CENSORED	NA	No	Yes	NA	UCEC_MSI	4	No	Yes	BG	Uterus	Endometrioid Endometrial Adenocarcinoma	NA	NA	NA	NA	NA	NA	NA	NA	NA	NA	NA	NA	NA	NA	NA	NA
ucec_tcga_pub	TCGA-BG-A0MS	TCGA-BG-A0MS-01	Endometrial Cancer	Uterine Endometrioid Carcinoma	NA	NA	NA	NA	41	UEC	NA	1	Primary	Matched	1.3	NA	NA	NA	NA	NA	NA	53	NA	NA	NA	NA	NA	NA	NA	NA	NA	NA	NA	NA	NA	NA	NA	NA	NA	NA	NA	NA	NA	NA	NA	NA	NA	NA	NA	NA	NA	NA	NA	NA	NA	NA	NA	NA	NA	NA	NA	NA	NA	NA	NA	NA	NA	NA	NA	NA	NA	NA	NA	NA	NA	NA	NA	NA	NA	NA	NA	NA	NA	NA	NA	NA	NA	NA	NA	NA	NA	NA	NA	NA	NA	NA	NA	NA	NA	NA	NA	NA	NA	NA	NA	NA	NA	NA	NA	NA	NA	NA	NA	NA	NA	NA	NA	NA	NA	NA	NA	NA	NA	NA	NA	NA	NA	NA	NA	NA	NA	NA	NA	NA	NA	NA	NA	NA	NA	NA	NA	NA	NA	NA	NA	NA	NA	NA	NA	NA	NA	NA	NA	NA	NA	NA	NA	NA	NA	NA	NA	Female	NA	NA	NA	NA	NA	NA	NA	NA	NA	NA	NA	NA	NA	NA	NA	NA	NA	NA	0.1663	Grade 3	NA	NA	NA	NA	NA	NA	NA	NA	NA	30.79	0:LIVING	NA	NA	NA	NA	NA	NA	NA	NA	NA	NA	NA	NA	NA	NA	NA	30.78505179	0:DiseaseFree	NA	NA	NA	NA	NA	NA	NA	NA	NA	NA	NA	NA	NA	NA	NA	NA	NA	NA	NA	NA	NA	NA	NA	NA	NA	NA	NA	NA	NA	NA	NA	NA	NA	NA	NA	NA	NA	NA	NA	NA	NA	NA	NA	NA	NA	NA	NA	NA	NA	NA	NA	NA	NA	NA	NA	NA	NA	NA	NA	NA	NA	NA	NA	NA	NA	NA	NA	NA	NA	NA	NA	NA	NA	NA	NA	NA	NA	NA	NA	NA	NA	NA	NA	NA	NA	NA	NA	NA	NA	NA	NA	NA	NA	NA	NA	NA	NA	NA	NA	NA	Copy-number low (Endometriod)	NA	NA	NA	NA	NA	NA	NA	3	Y	Y	Endometrioid	Y	2	5	0.932869329	0	2	MSS	MSS	1_LOW	Y	Stage III
ucec_tcga_pan_can_atlas_2018	TCGA-BG-A0MT	TCGA-BG-A0MT-01	Endometrial Cancer	Uterine Endometrioid Carcinoma	Not Hispanic Or Latino	NA	NA	NA	33	UEC	White	1	Primary	Matched	1.1	NA	NA	NA	NA	NA	NA	64	NA	NA	NA	NA	NA	NA	NA	NA	NA	NA	NA	NA	NA	NA	NA	NA	NA	NA	NA	NA	NA	NA	NA	NA	NA	NA	NA	NA	NA	NA	NA	NA	NA	NA	NA	NA	NA	NA	NA	NA	NA	NA	NA	NA	NA	NA	NA	NA	NA	NA	NA	NA	NA	NA	NA	NA	NA	NA	NA	NA	NA	NA	NA	NA	NA	NA	NA	NA	NA	NA	NA	NA	NA	NA	NA	NA	NA	NA	NA	NA	NA	NA	NA	NA	NA	NA	NA	NA	NA	NA	NA	NA	NA	NA	NA	NA	NA	NA	NA	NA	NA	NA	NA	NA	NA	NA	NA	NA	NA	NA	NA	NA	NA	NA	NA	NA	NA	NA	NA	NA	NA	NA	NA	NA	NA	NA	NA	NA	NA	NA	NA	NA	NA	NA	NA	NA	NA	NA	NA	Female	NA	NA	NA	NA	NA	NA	NA	NA	NA	NA	NA	NA	NA	NA	NA	NA	NA	NA	0.1556	G2	NA	NA	NA	NA	NA	NA	NA	NA	NA	21.17237071	0:LIVING	NA	NA	NA	NA	NA	NA	NA	2009	NA	NA	NA	NA	NA	0	NA	NA	NA	NA	NA	NA	12/9/10	NA	NA	NA	NA	NA	No	NA	NA	NA	C54.1	8380/3	C54.1	Yes	NA	NA	NA	NA	NA	NA	NA	NA	NA	NA	NA	NA	NA	NA	NA	Yes	NA	NA	082e32c5-7f82-466a-b52d-a3293a8f8e57	NA	NA	NA	NA	NA	NA	NA	NA	NA	NA	NA	NA	NA	NA	NA	NA	NA	NA	NA	NA	NA	NA	NA	NA	NA	NA	University of Pittsburgh	NA	NA	NA	NA	73	NA	644	-23574	NA	NA	NA	NA	NA	NA	NA	NA	NA	NA	NA	NA	NA	4	NA	UCEC	21.17237071	0:ALIVE OR DEAD TUMOR FREE	EUR	Yes	0.2661	0.32	Tumor Free	18.5751389	1:PROGRESSION	NA	No	Yes	NA	UCEC_CN_LOW	38	No	Yes	BG	Uterus	Endometrioid Endometrial Adenocarcinoma	NA	NA	NA	NA	NA	NA	NA	NA	NA	NA	NA	NA	NA	NA	NA	NA
ucec_tcga_pub	TCGA-BG-A0MT	TCGA-BG-A0MT-01	Endometrial Cancer	Uterine Endometrioid Carcinoma	NA	NA	NA	NA	41	UEC	NA	1	Primary	Matched	1.36666666667	NA	NA	NA	NA	NA	NA	64	NA	NA	NA	NA	NA	NA	NA	NA	NA	NA	NA	NA	NA	NA	NA	NA	NA	NA	NA	NA	NA	NA	NA	NA	NA	NA	NA	NA	NA	NA	NA	NA	NA	NA	NA	NA	NA	NA	NA	NA	NA	NA	NA	NA	NA	NA	NA	NA	NA	NA	NA	NA	NA	NA	NA	NA	NA	NA	NA	NA	NA	NA	NA	NA	NA	NA	NA	NA	NA	NA	NA	NA	NA	NA	NA	NA	NA	NA	NA	NA	NA	NA	NA	NA	NA	NA	NA	NA	NA	NA	NA	NA	NA	NA	NA	NA	NA	NA	NA	NA	NA	NA	NA	NA	NA	NA	NA	NA	NA	NA	NA	NA	NA	NA	NA	NA	NA	NA	NA	NA	NA	NA	NA	NA	NA	NA	NA	NA	NA	NA	NA	NA	NA	NA	NA	NA	NA	NA	NA	Female	NA	NA	NA	NA	NA	NA	NA	NA	NA	NA	NA	NA	NA	NA	NA	NA	NA	NA	0.1556	Grade 2	NA	NA	NA	NA	NA	NA	NA	NA	NA	21.16	0:LIVING	NA	NA	NA	NA	NA	NA	NA	NA	NA	NA	NA	NA	NA	NA	NA	18.56302483	1:Recurred	NA	NA	NA	NA	NA	NA	NA	NA	NA	NA	NA	NA	NA	NA	NA	NA	NA	NA	NA	NA	NA	NA	NA	NA	NA	NA	NA	NA	NA	NA	NA	NA	NA	NA	NA	NA	NA	NA	NA	NA	NA	NA	NA	NA	NA	NA	NA	NA	NA	NA	NA	NA	NA	NA	NA	NA	NA	NA	NA	NA	NA	NA	NA	NA	NA	NA	NA	NA	NA	NA	NA	NA	NA	NA	NA	NA	NA	NA	NA	NA	NA	NA	NA	NA	NA	NA	NA	NA	NA	NA	NA	NA	NA	NA	NA	NA	NA	NA	NA	NA	Copy-number low (Endometriod)	NA	NA	NA	NA	NA	NA	NA	3	Y	Y	Endometrioid	Y	4	6	0.936182815	0	2	MSS	MSS	1_LOW	Y	Stage I
ucec_tcga_pan_can_atlas_2018	TCGA-BG-A0MU	TCGA-BG-A0MU-01	Endometrial Cancer	Uterine Endometrioid Carcinoma	Not Hispanic Or Latino	NA	NA	NA	53	UEC	White	1	Primary	Matched	1.8	NA	NA	NA	NA	NA	NA	78	NA	NA	NA	NA	NA	NA	NA	NA	NA	NA	NA	NA	NA	NA	NA	NA	NA	NA	NA	NA	NA	NA	NA	NA	NA	NA	NA	NA	NA	NA	NA	NA	NA	NA	NA	NA	NA	NA	NA	NA	NA	NA	NA	NA	NA	NA	NA	NA	NA	NA	NA	NA	NA	NA	NA	NA	NA	NA	NA	NA	NA	NA	NA	NA	NA	NA	NA	NA	NA	NA	NA	NA	NA	NA	NA	NA	NA	NA	NA	NA	NA	NA	NA	NA	NA	NA	NA	NA	NA	NA	NA	NA	NA	NA	NA	NA	NA	NA	NA	NA	NA	NA	NA	NA	NA	NA	NA	NA	NA	NA	NA	NA	NA	NA	NA	NA	NA	NA	NA	NA	NA	NA	NA	NA	NA	NA	NA	NA	NA	NA	NA	NA	NA	NA	NA	NA	NA	NA	NA	Female	NA	NA	NA	NA	NA	NA	NA	NA	NA	NA	NA	NA	NA	NA	NA	NA	NA	NA	0.0495	G1	NA	NA	NA	NA	NA	NA	NA	NA	NA	20.28470921	0:LIVING	NA	NA	NA	NA	NA	NA	NA	2009	NA	NA	NA	NA	NA	0	NA	20.28470921	0:DiseaseFree	NA	NA	NA	12/9/10	NA	NA	NA	NA	NA	No	NA	NA	NA	C54.1	8380/3	C54.1	Yes	NA	NA	NA	NA	NA	NA	NA	NA	NA	NA	NA	NA	NA	NA	NA	No	NA	NA	a7329910-b1c7-4a18-b28e-8fad79121339	NA	NA	NA	NA	NA	NA	NA	NA	NA	NA	NA	NA	NA	NA	NA	NA	NA	NA	NA	NA	NA	NA	NA	NA	NA	NA	University of Pittsburgh	NA	NA	NA	NA	68	NA	617	-28621	NA	NA	NA	NA	NA	NA	NA	NA	NA	NA	NA	NA	NA	2	NA	UCEC	20.28470921	0:ALIVE OR DEAD TUMOR FREE	EUR	Yes	0.2799	0.31	Tumor Free	20.28470921	0:CENSORED	NA	No	Yes	NA	UCEC_CN_LOW	3	No	Yes	BG	Uterus	Endometrioid Endometrial Adenocarcinoma	NA	NA	NA	NA	NA	NA	NA	NA	NA	NA	NA	NA	NA	NA	NA	NA
ucec_tcga_pub	TCGA-BG-A0MU	TCGA-BG-A0MU-01	Endometrial Cancer	Uterine Endometrioid Carcinoma	NA	NA	NA	NA	52	UEC	NA	1	Primary	Matched	1.7	NA	NA	NA	NA	NA	NA	78	NA	NA	NA	NA	NA	NA	NA	NA	NA	NA	NA	NA	NA	NA	NA	NA	NA	NA	NA	NA	NA	NA	NA	NA	NA	NA	NA	NA	NA	NA	NA	NA	NA	NA	NA	NA	NA	NA	NA	NA	NA	NA	NA	NA	NA	NA	NA	NA	NA	NA	NA	NA	NA	NA	NA	NA	NA	NA	NA	NA	NA	NA	NA	NA	NA	NA	NA	NA	NA	NA	NA	NA	NA	NA	NA	NA	NA	NA	NA	NA	NA	NA	NA	NA	NA	NA	NA	NA	NA	NA	NA	NA	NA	NA	NA	NA	NA	NA	NA	NA	NA	NA	NA	NA	NA	NA	NA	NA	NA	NA	NA	NA	NA	NA	NA	NA	NA	NA	NA	NA	NA	NA	NA	NA	NA	NA	NA	NA	NA	NA	NA	NA	NA	NA	NA	NA	NA	NA	NA	Female	NA	NA	NA	NA	NA	NA	NA	NA	NA	NA	NA	NA	NA	NA	NA	NA	NA	NA	0.0495	Grade 1	NA	NA	NA	NA	NA	NA	NA	NA	NA	7.59	0:LIVING	NA	NA	NA	NA	NA	NA	NA	NA	NA	NA	NA	NA	NA	NA	NA	7.589484487	0:DiseaseFree	NA	NA	NA	NA	NA	NA	NA	NA	NA	NA	NA	NA	NA	NA	NA	NA	NA	NA	NA	NA	NA	NA	NA	NA	NA	NA	NA	NA	NA	NA	NA	NA	NA	NA	NA	NA	NA	NA	NA	NA	NA	NA	NA	NA	NA	NA	NA	NA	NA	NA	NA	NA	NA	NA	NA	NA	NA	NA	NA	NA	NA	NA	NA	NA	NA	NA	NA	NA	NA	NA	NA	NA	NA	NA	NA	NA	NA	NA	NA	NA	NA	NA	NA	NA	NA	NA	NA	NA	NA	NA	NA	NA	NA	NA	NA	NA	NA	NA	NA	NA	Copy-number low (Endometriod)	NA	NA	NA	NA	NA	NA	NA	2	Y	Y	Endometrioid	Y	1	5	0.932869329	0	2	MSS	MSS	1_LOW	Y	Stage III
ucec_tcga_pan_can_atlas_2018	TCGA-BG-A0RY	TCGA-BG-A0RY-01	Endometrial Cancer	Uterine Endometrioid Carcinoma	Not Hispanic Or Latino	NA	NA	NA	45	UEC	White	1	Primary	Matched	1.533333333	NA	NA	NA	NA	NA	NA	68	NA	NA	NA	NA	NA	NA	NA	NA	NA	NA	NA	NA	NA	NA	NA	NA	NA	NA	NA	NA	NA	NA	NA	NA	NA	NA	NA	NA	NA	NA	NA	NA	NA	NA	NA	NA	NA	NA	NA	NA	NA	NA	NA	NA	NA	NA	NA	NA	NA	NA	NA	NA	NA	NA	NA	NA	NA	NA	NA	NA	NA	NA	NA	NA	NA	NA	NA	NA	NA	NA	NA	NA	NA	NA	NA	NA	NA	NA	NA	NA	NA	NA	NA	NA	NA	NA	NA	NA	NA	NA	NA	NA	NA	NA	NA	NA	NA	NA	NA	NA	NA	NA	NA	NA	NA	NA	NA	NA	NA	NA	NA	NA	NA	NA	NA	NA	NA	NA	NA	NA	NA	NA	NA	NA	NA	NA	NA	NA	NA	NA	NA	NA	NA	NA	NA	NA	NA	NA	NA	Female	NA	NA	NA	NA	NA	NA	NA	NA	NA	NA	NA	NA	NA	NA	NA	NA	NA	NA	0.3342	G2	NA	NA	NA	NA	NA	NA	NA	NA	NA	15.41900911	0:LIVING	NA	NA	NA	NA	NA	NA	NA	2009	NA	NA	NA	NA	NA	0	NA	15.41900911	0:DiseaseFree	NA	NA	NA	12/9/10	NA	NA	NA	NA	NA	No	NA	NA	NA	C54.1	8380/3	C54.1	Yes	NA	NA	NA	NA	NA	NA	NA	NA	NA	NA	NA	NA	NA	NA	NA	No	NA	NA	f299ad43-bb16-46ce-9617-48cc6c6f29e7	NA	NA	NA	NA	NA	NA	NA	NA	NA	NA	NA	NA	NA	NA	NA	NA	NA	NA	NA	NA	NA	NA	NA	NA	NA	NA	University of Pittsburgh	NA	NA	NA	NA	118	NA	469	-24952	NA	NA	NA	NA	NA	NA	NA	NA	NA	NA	NA	NA	NA	9	NA	UCEC	15.41900911	0:ALIVE OR DEAD TUMOR FREE	EUR	Yes	0.2835	0.18	Tumor Free	15.41900911	0:CENSORED	NA	No	Yes	NA	UCEC_CN_LOW	2	No	Yes	BG	Uterus	Endometrioid Endometrial Adenocarcinoma	NA	NA	NA	NA	NA	NA	NA	NA	NA	NA	NA	NA	NA	NA	NA	NA
ucec_tcga_pub	TCGA-BG-A0RY	TCGA-BG-A0RY-01	Endometrial Cancer	Uterine Endometrioid Carcinoma	NA	NA	NA	NA	44	UEC	NA	1	Primary	Matched	1.46666666667	NA	NA	NA	NA	NA	NA	68	NA	NA	NA	NA	NA	NA	NA	NA	NA	NA	NA	NA	NA	NA	NA	NA	NA	NA	NA	NA	NA	NA	NA	NA	NA	NA	NA	NA	NA	NA	NA	NA	NA	NA	NA	NA	NA	NA	NA	NA	NA	NA	NA	NA	NA	NA	NA	NA	NA	NA	NA	NA	NA	NA	NA	NA	NA	NA	NA	NA	NA	NA	NA	NA	NA	NA	NA	NA	NA	NA	NA	NA	NA	NA	NA	NA	NA	NA	NA	NA	NA	NA	NA	NA	NA	NA	NA	NA	NA	NA	NA	NA	NA	NA	NA	NA	NA	NA	NA	NA	NA	NA	NA	NA	NA	NA	NA	NA	NA	NA	NA	NA	NA	NA	NA	NA	NA	NA	NA	NA	NA	NA	NA	NA	NA	NA	NA	NA	NA	NA	NA	NA	NA	NA	NA	NA	NA	NA	NA	Female	NA	NA	NA	NA	NA	NA	NA	NA	NA	NA	NA	NA	NA	NA	NA	NA	NA	NA	0.3342	Grade 2	NA	NA	NA	NA	NA	NA	NA	NA	NA	15.41	0:LIVING	NA	NA	NA	NA	NA	NA	NA	NA	NA	NA	NA	NA	NA	NA	NA	15.40895335	0:DiseaseFree	NA	NA	NA	NA	NA	NA	NA	NA	NA	NA	NA	NA	NA	NA	NA	NA	NA	NA	NA	NA	NA	NA	NA	NA	NA	NA	NA	NA	NA	NA	NA	NA	NA	NA	NA	NA	NA	NA	NA	NA	NA	NA	NA	NA	NA	NA	NA	NA	NA	NA	NA	NA	NA	NA	NA	NA	NA	NA	NA	NA	NA	NA	NA	NA	NA	NA	NA	NA	NA	NA	NA	NA	NA	NA	NA	NA	NA	NA	NA	NA	NA	NA	NA	NA	NA	NA	NA	NA	NA	NA	NA	NA	NA	NA	NA	NA	NA	NA	NA	NA	Copy-number low (Endometriod)	NA	NA	NA	NA	NA	NA	NA	3	Y	Y	Endometrioid	Y	2	5	0.875250932	0	3	MSS	MSS	1_LOW	Y	Stage I
ucec_tcga_pan_can_atlas_2018	TCGA-BG-A0VT	TCGA-BG-A0VT-01	Endometrial Cancer	Uterine Endometrioid Carcinoma	Not Hispanic Or Latino	NA	NA	NA	32	UEC	White	1	Primary	Matched	1.066666667	NA	NA	NA	NA	NA	NA	56	NA	NA	NA	NA	NA	NA	NA	NA	NA	NA	NA	NA	NA	NA	NA	NA	NA	NA	NA	NA	NA	NA	NA	NA	NA	NA	NA	NA	NA	NA	NA	NA	NA	NA	NA	NA	NA	NA	NA	NA	NA	NA	NA	NA	NA	NA	NA	NA	NA	NA	NA	NA	NA	NA	NA	NA	NA	NA	NA	NA	NA	NA	NA	NA	NA	NA	NA	NA	NA	NA	NA	NA	NA	NA	NA	NA	NA	NA	NA	NA	NA	NA	NA	NA	NA	NA	NA	NA	NA	NA	NA	NA	NA	NA	NA	NA	NA	NA	NA	NA	NA	NA	NA	NA	NA	NA	NA	NA	NA	NA	NA	NA	NA	NA	NA	NA	NA	NA	NA	NA	NA	NA	NA	NA	NA	NA	NA	NA	NA	NA	NA	NA	NA	NA	NA	NA	NA	NA	NA	Female	NA	NA	NA	NA	NA	NA	NA	NA	NA	NA	NA	NA	NA	NA	NA	NA	NA	NA	0.0492	G2	NA	NA	NA	NA	NA	NA	NA	NA	NA	51.55012	0:LIVING	NA	NA	NA	NA	NA	NA	NA	2009	NA	NA	NA	NA	NA	0	NA	51.55012	0:DiseaseFree	NA	NA	NA	3/16/11	NA	NA	NA	NA	NA	No	NA	NA	NA	C54.1	8380/3	C54.1	Yes	NA	NA	NA	NA	NA	NA	NA	NA	NA	NA	NA	NA	NA	NA	NA	No	NA	NA	cc058b8c-df40-4f9e-88e3-3d1131b22b41	NA	NA	NA	NA	NA	NA	NA	NA	NA	NA	NA	NA	NA	NA	NA	NA	NA	NA	NA	NA	NA	NA	NA	NA	NA	NA	University of Pittsburgh	NA	NA	NA	NA	144	NA	1568	-20602	NA	NA	NA	NA	NA	NA	NA	NA	NA	NA	NA	NA	NA	2	NA	UCEC	51.55012	0:ALIVE OR DEAD TUMOR FREE	EUR	Yes	0.2866	0.12	Tumor Free	51.55012	0:CENSORED	NA	No	No	NA	UCEC_CN_LOW	1	No	Yes	BG	Uterus	Endometrioid Endometrial Adenocarcinoma	NA	NA	NA	NA	NA	NA	NA	NA	NA	NA	NA	NA	NA	NA	NA	NA
ucec_tcga_pub	TCGA-BG-A0VT	TCGA-BG-A0VT-01	Endometrial Cancer	Uterine Endometrioid Carcinoma	NA	NA	NA	NA	28	UEC	NA	1	Primary	Matched	0.866666666667	NA	NA	NA	NA	NA	NA	56	NA	NA	NA	NA	NA	NA	NA	NA	NA	NA	NA	NA	NA	NA	NA	NA	NA	NA	NA	NA	NA	NA	NA	NA	NA	NA	NA	NA	NA	NA	NA	NA	NA	NA	NA	NA	NA	NA	NA	NA	NA	NA	NA	NA	NA	NA	NA	NA	NA	NA	NA	NA	NA	NA	NA	NA	NA	NA	NA	NA	NA	NA	NA	NA	NA	NA	NA	NA	NA	NA	NA	NA	NA	NA	NA	NA	NA	NA	NA	NA	NA	NA	NA	NA	NA	NA	NA	NA	NA	NA	NA	NA	NA	NA	NA	NA	NA	NA	NA	NA	NA	NA	NA	NA	NA	NA	NA	NA	NA	NA	NA	NA	NA	NA	NA	NA	NA	NA	NA	NA	NA	NA	NA	NA	NA	NA	NA	NA	NA	NA	NA	NA	NA	NA	NA	NA	NA	NA	NA	Female	NA	NA	NA	NA	NA	NA	NA	NA	NA	NA	NA	NA	NA	NA	NA	NA	NA	NA	0.0492	Grade 2	NA	NA	NA	NA	NA	NA	NA	NA	NA	7.36	0:LIVING	NA	NA	NA	NA	NA	NA	NA	NA	NA	NA	NA	NA	NA	NA	NA	7.359500109	0:DiseaseFree	NA	NA	NA	NA	NA	NA	NA	NA	NA	NA	NA	NA	NA	NA	NA	NA	NA	NA	NA	NA	NA	NA	NA	NA	NA	NA	NA	NA	NA	NA	NA	NA	NA	NA	NA	NA	NA	NA	NA	NA	NA	NA	NA	NA	NA	NA	NA	NA	NA	NA	NA	NA	NA	NA	NA	NA	NA	NA	NA	NA	NA	NA	NA	NA	NA	NA	NA	NA	NA	NA	NA	NA	NA	NA	NA	NA	NA	NA	NA	NA	NA	NA	NA	NA	NA	NA	NA	NA	NA	NA	NA	NA	NA	NA	NA	NA	NA	NA	NA	NA	Copy-number low (Endometriod)	NA	NA	NA	NA	NA	NA	NA	2	Y	Y	Endometrioid	Y	4	5	0.930343034	0	2	MSS	MSS	1_LOW	Y	Stage III
ucec_tcga_pub	TCGA-BG-A0VV	TCGA-BG-A0VV-01	Endometrial Cancer	Uterine Endometrioid Carcinoma	NA	NA	NA	NA	35	UEC	NA	1	Primary	Matched	1.16666666667	NA	NA	NA	NA	NA	NA	53	NA	NA	NA	NA	NA	NA	NA	NA	NA	NA	NA	NA	NA	NA	NA	NA	NA	NA	NA	NA	NA	NA	NA	NA	NA	NA	NA	NA	NA	NA	NA	NA	NA	NA	NA	NA	NA	NA	NA	NA	NA	NA	NA	NA	NA	NA	NA	NA	NA	NA	NA	NA	NA	NA	NA	NA	NA	NA	NA	NA	NA	NA	NA	NA	NA	NA	NA	NA	NA	NA	NA	NA	NA	NA	NA	NA	NA	NA	NA	NA	NA	NA	NA	NA	NA	NA	NA	NA	NA	NA	NA	NA	NA	NA	NA	NA	NA	NA	NA	NA	NA	NA	NA	NA	NA	NA	NA	NA	NA	NA	NA	NA	NA	NA	NA	NA	NA	NA	NA	NA	NA	NA	NA	NA	NA	NA	NA	NA	NA	NA	NA	NA	NA	NA	NA	NA	NA	NA	NA	Female	NA	NA	NA	NA	NA	NA	NA	NA	NA	NA	NA	NA	NA	NA	NA	NA	NA	NA	0.0342	Grade 1	NA	NA	NA	NA	NA	NA	NA	NA	NA	8.54	0:LIVING	NA	NA	NA	NA	NA	NA	NA	NA	NA	NA	NA	NA	NA	NA	NA	8.542276912	0:DiseaseFree	NA	NA	NA	NA	NA	NA	NA	NA	NA	NA	NA	NA	NA	NA	NA	NA	NA	NA	NA	NA	NA	NA	NA	NA	NA	NA	NA	NA	NA	NA	NA	NA	NA	NA	NA	NA	NA	NA	NA	NA	NA	NA	NA	NA	NA	NA	NA	NA	NA	NA	NA	NA	NA	NA	NA	NA	NA	NA	NA	NA	NA	NA	NA	NA	NA	NA	NA	NA	NA	NA	NA	NA	NA	NA	NA	NA	NA	NA	NA	NA	NA	NA	NA	NA	NA	NA	NA	NA	NA	NA	NA	NA	NA	NA	NA	NA	NA	NA	NA	NA	Copy-number low (Endometriod)	NA	NA	NA	NA	NA	NA	NA	2	Y	Y	Endometrioid	Y	4	6	0.936182815	0	2	MSS	MSS	1_LOW	Y	Stage I
ucec_tcga_pan_can_atlas_2018	TCGA-BG-A0VV	TCGA-BG-A0VV-01	Endometrial Cancer	Uterine Endometrioid Carcinoma	Not Hispanic Or Latino	NA	NA	NA	42	UEC	White	1	Primary	Matched	1.4	NA	NA	NA	NA	NA	NA	53	NA	NA	NA	NA	NA	NA	NA	NA	NA	NA	NA	NA	NA	NA	NA	NA	NA	NA	NA	NA	NA	NA	NA	NA	NA	NA	NA	NA	NA	NA	NA	NA	NA	NA	NA	NA	NA	NA	NA	NA	NA	NA	NA	NA	NA	NA	NA	NA	NA	NA	NA	NA	NA	NA	NA	NA	NA	NA	NA	NA	NA	NA	NA	NA	NA	NA	NA	NA	NA	NA	NA	NA	NA	NA	NA	NA	NA	NA	NA	NA	NA	NA	NA	NA	NA	NA	NA	NA	NA	NA	NA	NA	NA	NA	NA	NA	NA	NA	NA	NA	NA	NA	NA	NA	NA	NA	NA	NA	NA	NA	NA	NA	NA	NA	NA	NA	NA	NA	NA	NA	NA	NA	NA	NA	NA	NA	NA	NA	NA	NA	NA	NA	NA	NA	NA	NA	NA	NA	NA	Female	NA	NA	NA	NA	NA	NA	NA	NA	NA	NA	NA	NA	NA	NA	NA	NA	NA	NA	0.0342	G1	NA	NA	NA	NA	NA	NA	NA	NA	NA	51.05697472	0:LIVING	NA	NA	NA	NA	NA	NA	NA	2009	NA	NA	NA	NA	NA	0	NA	51.05697472	0:DiseaseFree	NA	NA	NA	3/16/11	NA	NA	NA	NA	NA	No	NA	NA	NA	C54.1	8380/3	C54.1	Yes	NA	NA	NA	NA	NA	NA	NA	NA	NA	NA	NA	NA	NA	NA	NA	No	NA	NA	6164588a-d03a-46fc-82fb-a32cbaa54cac	NA	NA	NA	NA	NA	NA	NA	NA	NA	NA	NA	NA	NA	NA	NA	NA	NA	NA	NA	NA	NA	NA	NA	NA	NA	NA	University of Pittsburgh	NA	NA	NA	NA	147	NA	1553	-19581	NA	NA	NA	NA	NA	NA	NA	NA	NA	NA	NA	NA	NA	1	NA	UCEC	51.05697472	0:ALIVE OR DEAD TUMOR FREE	EUR	Yes	0.2528	0.05	Tumor Free	51.05697472	0:CENSORED	NA	No	No	NA	UCEC_CN_LOW	1	No	Yes	BG	Uterus	Endometrioid Endometrial Adenocarcinoma	NA	NA	NA	NA	NA	NA	NA	NA	NA	NA	NA	NA	NA	NA	NA	NA
ucec_tcga_pan_can_atlas_2018	TCGA-BG-A0VW	TCGA-BG-A0VW-01	Endometrial Cancer	Uterine Endometrioid Carcinoma	Not Hispanic Or Latino	NA	NA	NA	435	UEC	White	1	Primary	Matched	14.7	NA	NA	NA	NA	NA	NA	77	NA	NA	NA	NA	NA	NA	NA	NA	NA	NA	NA	NA	NA	NA	NA	NA	NA	NA	NA	NA	NA	NA	NA	NA	NA	NA	NA	NA	NA	NA	NA	NA	NA	NA	NA	NA	NA	NA	NA	NA	NA	NA	NA	NA	NA	NA	NA	NA	NA	NA	NA	NA	NA	NA	NA	NA	NA	NA	NA	NA	NA	NA	NA	NA	NA	NA	NA	NA	NA	NA	NA	NA	NA	NA	NA	NA	NA	NA	NA	NA	NA	NA	NA	NA	NA	NA	NA	NA	NA	NA	NA	NA	NA	NA	NA	NA	NA	NA	NA	NA	NA	NA	NA	NA	NA	NA	NA	NA	NA	NA	NA	NA	NA	NA	NA	NA	NA	NA	NA	NA	NA	NA	NA	NA	NA	NA	NA	NA	NA	NA	NA	NA	NA	NA	NA	NA	NA	NA	NA	Female	NA	NA	NA	NA	NA	NA	NA	NA	NA	NA	NA	NA	NA	NA	NA	NA	NA	NA	0.0117	G1	NA	NA	NA	NA	NA	NA	NA	NA	NA	52.01038893	0:LIVING	NA	NA	NA	NA	NA	NA	NA	2009	NA	NA	NA	NA	NA	0	NA	52.01038893	0:DiseaseFree	NA	NA	NA	3/16/11	NA	NA	NA	NA	NA	No	NA	NA	NA	C54.1	8380/3	C54.1	Yes	NA	NA	NA	NA	NA	NA	NA	NA	NA	NA	NA	NA	NA	NA	NA	No	NA	NA	62d71839-4fba-42e9-9929-8d937f0fe287	NA	NA	NA	NA	NA	NA	NA	NA	NA	NA	NA	NA	NA	NA	NA	NA	NA	NA	NA	NA	NA	NA	NA	NA	NA	NA	University of Pittsburgh	NA	NA	NA	NA	93	NA	1582	-28383	NA	NA	NA	NA	NA	NA	NA	NA	NA	NA	NA	NA	NA	0	NA	UCEC	52.01038893	0:ALIVE OR DEAD TUMOR FREE	EUR	Yes	0.5605	18.29	Tumor Free	52.01038893	0:CENSORED	NA	No	No	NA	UCEC_MSI	3	No	Yes	BG	Uterus	Endometrioid Endometrial Adenocarcinoma	NA	NA	NA	NA	NA	NA	NA	NA	NA	NA	NA	NA	NA	NA	NA	NA
ucec_tcga_pub	TCGA-BG-A0VX	TCGA-BG-A0VX-01	Endometrial Cancer	Uterine Endometrioid Carcinoma	NA	NA	NA	NA	162	UEC	NA	1	Primary	Matched	5.4	NA	NA	NA	NA	NA	NA	58	NA	NA	NA	NA	NA	NA	NA	NA	NA	NA	NA	NA	NA	NA	NA	NA	NA	NA	NA	NA	NA	NA	NA	NA	NA	NA	NA	NA	NA	NA	NA	NA	NA	NA	NA	NA	NA	NA	NA	NA	NA	NA	NA	NA	NA	NA	NA	NA	NA	NA	NA	NA	NA	NA	NA	NA	NA	NA	NA	NA	NA	NA	NA	NA	NA	NA	NA	NA	NA	NA	NA	NA	NA	NA	NA	NA	NA	NA	NA	NA	NA	NA	NA	NA	NA	NA	NA	NA	NA	NA	NA	NA	NA	NA	NA	NA	NA	NA	NA	NA	NA	NA	NA	NA	NA	NA	NA	NA	NA	NA	NA	NA	NA	NA	NA	NA	NA	NA	NA	NA	NA	NA	NA	NA	NA	NA	NA	NA	NA	NA	NA	NA	NA	NA	NA	NA	NA	NA	NA	Female	NA	NA	NA	NA	NA	NA	NA	NA	NA	NA	NA	NA	NA	NA	NA	NA	NA	NA	0.0000	Grade 1	NA	NA	NA	NA	NA	NA	NA	NA	NA	16.1	0:LIVING	NA	NA	NA	NA	NA	NA	NA	NA	NA	NA	NA	NA	NA	NA	NA	16.09890649	0:DiseaseFree	NA	NA	NA	NA	NA	NA	NA	NA	NA	NA	NA	NA	NA	NA	NA	NA	NA	NA	NA	NA	NA	NA	NA	NA	NA	NA	NA	NA	NA	NA	NA	NA	NA	NA	NA	NA	NA	NA	NA	NA	NA	NA	NA	NA	NA	NA	NA	NA	NA	NA	NA	NA	NA	NA	NA	NA	NA	NA	NA	NA	NA	NA	NA	NA	NA	NA	NA	NA	NA	NA	NA	NA	NA	NA	NA	NA	NA	NA	NA	NA	NA	NA	NA	NA	NA	NA	NA	NA	NA	NA	NA	NA	NA	NA	NA	NA	NA	NA	NA	NA	Copy-number low (Endometriod)	NA	NA	NA	NA	NA	NA	NA	1	Y	Y	Endometrioid	Y	4	4	0.918013002	0	3	MSS	MSS	2_HIGH	Y	Stage I
ucec_tcga_pan_can_atlas_2018	TCGA-BG-A0VZ	TCGA-BG-A0VZ-01	Endometrial Cancer	Uterine Endometrioid Carcinoma	Not Hispanic Or Latino	NA	NA	NA	332	UEC	White	1	Primary	Matched	11	NA	NA	NA	NA	NA	NA	58	NA	NA	NA	NA	NA	NA	NA	NA	NA	NA	NA	NA	NA	NA	NA	NA	NA	NA	NA	NA	NA	NA	NA	NA	NA	NA	NA	NA	NA	NA	NA	NA	NA	NA	NA	NA	NA	NA	NA	NA	NA	NA	NA	NA	NA	NA	NA	NA	NA	NA	NA	NA	NA	NA	NA	NA	NA	NA	NA	NA	NA	NA	NA	NA	NA	NA	NA	NA	NA	NA	NA	NA	NA	NA	NA	NA	NA	NA	NA	NA	NA	NA	NA	NA	NA	NA	NA	NA	NA	NA	NA	NA	NA	NA	NA	NA	NA	NA	NA	NA	NA	NA	NA	NA	NA	NA	NA	NA	NA	NA	NA	NA	NA	NA	NA	NA	NA	NA	NA	NA	NA	NA	NA	NA	NA	NA	NA	NA	NA	NA	NA	NA	NA	NA	NA	NA	NA	NA	NA	Female	NA	NA	NA	NA	NA	NA	NA	NA	NA	NA	NA	NA	NA	NA	NA	NA	NA	NA	0.0026	G1	NA	NA	NA	NA	NA	NA	NA	NA	NA	52.63503962	0:LIVING	NA	NA	NA	NA	NA	NA	NA	1988	NA	NA	NA	NA	NA	0	NA	52.63503962	0:DiseaseFree	NA	NA	NA	3/17/11	NA	NA	NA	NA	NA	No	NA	NA	NA	C54.1	8380/3	C54.1	Yes	NA	NA	NA	NA	NA	NA	NA	NA	NA	NA	NA	NA	NA	NA	NA	No	NA	NA	edee2bf5-284c-4d77-823a-d037fe4c4b9e	NA	NA	NA	NA	NA	NA	NA	NA	NA	NA	NA	NA	NA	NA	NA	NA	NA	NA	NA	NA	NA	NA	NA	NA	NA	NA	University of Pittsburgh	NA	NA	NA	NA	109	NA	1601	-21414	NA	NA	NA	NA	NA	NA	NA	NA	NA	NA	NA	NA	NA	0	NA	UCEC	52.63503962	0:ALIVE OR DEAD TUMOR FREE	EUR	Yes	0.757	22.9	Tumor Free	52.63503962	0:CENSORED	NA	No	No	NA	UCEC_MSI	1	No	Yes	BG	Uterus	Endometrioid Endometrial Adenocarcinoma	NA	NA	NA	NA	NA	NA	NA	NA	NA	NA	NA	NA	NA	NA	NA	NA
ucec_tcga_pub	TCGA-BG-A0W1	TCGA-BG-A0W1-01	Endometrial Cancer	Uterine Endometrioid Carcinoma	NA	NA	NA	NA	63	UEC	NA	1	Primary	Matched	2.1	NA	NA	NA	NA	NA	NA	89	NA	NA	NA	NA	NA	NA	NA	NA	NA	NA	NA	NA	NA	NA	NA	NA	NA	NA	NA	NA	NA	NA	NA	NA	NA	NA	NA	NA	NA	NA	NA	NA	NA	NA	NA	NA	NA	NA	NA	NA	NA	NA	NA	NA	NA	NA	NA	NA	NA	NA	NA	NA	NA	NA	NA	NA	NA	NA	NA	NA	NA	NA	NA	NA	NA	NA	NA	NA	NA	NA	NA	NA	NA	NA	NA	NA	NA	NA	NA	NA	NA	NA	NA	NA	NA	NA	NA	NA	NA	NA	NA	NA	NA	NA	NA	NA	NA	NA	NA	NA	NA	NA	NA	NA	NA	NA	NA	NA	NA	NA	NA	NA	NA	NA	NA	NA	NA	NA	NA	NA	NA	NA	NA	NA	NA	NA	NA	NA	NA	NA	NA	NA	NA	NA	NA	NA	NA	NA	NA	Female	NA	NA	NA	NA	NA	NA	NA	NA	NA	NA	NA	NA	NA	NA	NA	NA	NA	NA	0.1698	Grade 2	NA	NA	NA	NA	NA	NA	NA	NA	NA	29.8	0:LIVING	NA	NA	NA	NA	NA	NA	NA	NA	NA	NA	NA	NA	NA	NA	NA	29.79940446	0:DiseaseFree	NA	NA	NA	NA	NA	NA	NA	NA	NA	NA	NA	NA	NA	NA	NA	NA	NA	NA	NA	NA	NA	NA	NA	NA	NA	NA	NA	NA	NA	NA	NA	NA	NA	NA	NA	NA	NA	NA	NA	NA	NA	NA	NA	NA	NA	NA	NA	NA	NA	NA	NA	NA	NA	NA	NA	NA	NA	NA	NA	NA	NA	NA	NA	NA	NA	NA	NA	NA	NA	NA	NA	NA	NA	NA	NA	NA	NA	NA	NA	NA	NA	NA	NA	NA	NA	NA	NA	NA	NA	NA	NA	NA	NA	NA	NA	NA	NA	NA	NA	NA	Copy-number low (Endometriod)	NA	NA	NA	NA	NA	NA	NA	3	Y	Y	Endometrioid	Y	1	6	0.936182815	0	2	MSS	MSS	1_LOW	Y	Stage I
ucec_tcga_pan_can_atlas_2018	TCGA-BG-A0W1	TCGA-BG-A0W1-01	Endometrial Cancer	Uterine Endometrioid Carcinoma	Not Hispanic Or Latino	NA	NA	NA	66	UEC	White	1	Primary	Matched	2.2	NA	NA	NA	NA	NA	NA	89	NA	NA	NA	NA	NA	NA	NA	NA	NA	NA	NA	NA	NA	NA	NA	NA	NA	NA	NA	NA	NA	NA	NA	NA	NA	NA	NA	NA	NA	NA	NA	NA	NA	NA	NA	NA	NA	NA	NA	NA	NA	NA	NA	NA	NA	NA	NA	NA	NA	NA	NA	NA	NA	NA	NA	NA	NA	NA	NA	NA	NA	NA	NA	NA	NA	NA	NA	NA	NA	NA	NA	NA	NA	NA	NA	NA	NA	NA	NA	NA	NA	NA	NA	NA	NA	NA	NA	NA	NA	NA	NA	NA	NA	NA	NA	NA	NA	NA	NA	NA	NA	NA	NA	NA	NA	NA	NA	NA	NA	NA	NA	NA	NA	NA	NA	NA	NA	NA	NA	NA	NA	NA	NA	NA	NA	NA	NA	NA	NA	NA	NA	NA	NA	NA	NA	NA	NA	NA	NA	Female	NA	NA	NA	NA	NA	NA	NA	NA	NA	NA	NA	NA	NA	NA	NA	NA	NA	NA	0.1698	G2	NA	NA	NA	NA	NA	NA	NA	NA	NA	52.83229773	0:LIVING	NA	NA	NA	NA	NA	NA	NA	1988	NA	NA	NA	NA	NA	0	NA	52.83229773	0:DiseaseFree	NA	NA	NA	3/18/11	NA	NA	NA	NA	NA	No	NA	NA	NA	C54.1	8380/3	C54.1	Yes	NA	NA	NA	NA	NA	NA	NA	NA	NA	NA	NA	NA	NA	NA	NA	No	NA	NA	2d750c67-24a2-4b12-b4f2-dbd65f2f27f0	NA	NA	NA	NA	NA	NA	NA	NA	NA	NA	NA	NA	NA	NA	NA	NA	NA	NA	NA	NA	NA	NA	NA	NA	NA	NA	University of Pittsburgh	NA	NA	NA	NA	56	NA	1607	-32750	NA	NA	NA	NA	NA	NA	NA	NA	NA	NA	NA	NA	NA	7	NA	UCEC	52.83229773	0:ALIVE OR DEAD TUMOR FREE	EUR	Yes	0.3122	0.35	Tumor Free	52.83229773	0:CENSORED	NA	No	No	NA	UCEC_CN_LOW	2	No	Yes	BG	Uterus	Endometrioid Endometrial Adenocarcinoma	NA	NA	NA	NA	NA	NA	NA	NA	NA	NA	NA	NA	NA	NA	NA	NA
ucec_tcga_pub	TCGA-BG-A0W2	TCGA-BG-A0W2-01	Endometrial Cancer	Uterine Endometrioid Carcinoma	NA	NA	NA	NA	34	UEC	NA	1	Primary	Matched	1.1	NA	NA	NA	NA	NA	NA	57	NA	NA	NA	NA	NA	NA	NA	NA	NA	NA	NA	NA	NA	NA	NA	NA	NA	NA	NA	NA	NA	NA	NA	NA	NA	NA	NA	NA	NA	NA	NA	NA	NA	NA	NA	NA	NA	NA	NA	NA	NA	NA	NA	NA	NA	NA	NA	NA	NA	NA	NA	NA	NA	NA	NA	NA	NA	NA	NA	NA	NA	NA	NA	NA	NA	NA	NA	NA	NA	NA	NA	NA	NA	NA	NA	NA	NA	NA	NA	NA	NA	NA	NA	NA	NA	NA	NA	NA	NA	NA	NA	NA	NA	NA	NA	NA	NA	NA	NA	NA	NA	NA	NA	NA	NA	NA	NA	NA	NA	NA	NA	NA	NA	NA	NA	NA	NA	NA	NA	NA	NA	NA	NA	NA	NA	NA	NA	NA	NA	NA	NA	NA	NA	NA	NA	NA	NA	NA	NA	Female	NA	NA	NA	NA	NA	NA	NA	NA	NA	NA	NA	NA	NA	NA	NA	NA	NA	NA	0.0465	Grade 1	NA	NA	NA	NA	NA	NA	NA	NA	NA	37.82	0:LIVING	NA	NA	NA	NA	NA	NA	NA	NA	NA	NA	NA	NA	NA	NA	NA	37.81600279	0:DiseaseFree	NA	NA	NA	NA	NA	NA	NA	NA	NA	NA	NA	NA	NA	NA	NA	NA	NA	NA	NA	NA	NA	NA	NA	NA	NA	NA	NA	NA	NA	NA	NA	NA	NA	NA	NA	NA	NA	NA	NA	NA	NA	NA	NA	NA	NA	NA	NA	NA	NA	NA	NA	NA	NA	NA	NA	NA	NA	NA	NA	NA	NA	NA	NA	NA	NA	NA	NA	NA	NA	NA	NA	NA	NA	NA	NA	NA	NA	NA	NA	NA	NA	NA	NA	NA	NA	NA	NA	NA	NA	NA	NA	NA	NA	NA	NA	NA	NA	NA	NA	NA	Copy-number low (Endometriod)	NA	NA	NA	NA	NA	NA	NA	2	Y	Y	Endometrioid	Y	4	6	0.936182815	0	2	MSS	MSS	1_LOW	Y	Stage I
ucec_tcga_pan_can_atlas_2018	TCGA-BG-A0W2	TCGA-BG-A0W2-01	Endometrial Cancer	Uterine Endometrioid Carcinoma	NA	NA	NA	NA	30	UEC	White	1	Primary	Matched	1.066666667	NA	NA	NA	NA	NA	NA	57	NA	NA	NA	NA	NA	NA	NA	NA	NA	NA	NA	NA	NA	NA	NA	NA	NA	NA	NA	NA	NA	NA	NA	NA	NA	NA	NA	NA	NA	NA	NA	NA	NA	NA	NA	NA	NA	NA	NA	NA	NA	NA	NA	NA	NA	NA	NA	NA	NA	NA	NA	NA	NA	NA	NA	NA	NA	NA	NA	NA	NA	NA	NA	NA	NA	NA	NA	NA	NA	NA	NA	NA	NA	NA	NA	NA	NA	NA	NA	NA	NA	NA	NA	NA	NA	NA	NA	NA	NA	NA	NA	NA	NA	NA	NA	NA	NA	NA	NA	NA	NA	NA	NA	NA	NA	NA	NA	NA	NA	NA	NA	NA	NA	NA	NA	NA	NA	NA	NA	NA	NA	NA	NA	NA	NA	NA	NA	NA	NA	NA	NA	NA	NA	NA	NA	NA	NA	NA	NA	Female	NA	NA	NA	NA	NA	NA	NA	NA	NA	NA	NA	NA	NA	NA	NA	NA	NA	NA	0.0465	G1	NA	NA	NA	NA	NA	NA	NA	NA	NA	56.58020186	0:LIVING	NA	NA	NA	NA	NA	NA	NA	1988	NA	NA	NA	NA	NA	0	NA	56.58020186	0:DiseaseFree	NA	NA	NA	3/18/11	NA	NA	NA	NA	NA	No	NA	NA	NA	C54.1	8380/3	C54.1	Yes	NA	NA	NA	NA	NA	NA	NA	NA	NA	NA	NA	NA	NA	NA	NA	No	NA	NA	f47df5f9-7c60-4b1a-b574-7036245af341	NA	NA	NA	NA	NA	NA	NA	NA	NA	NA	NA	NA	NA	NA	NA	NA	NA	NA	NA	NA	NA	NA	NA	NA	NA	NA	University of Pittsburgh	NA	NA	NA	NA	121	NA	1721	-20998	NA	NA	NA	NA	NA	NA	NA	NA	NA	NA	NA	NA	NA	2	NA	UCEC	56.58020186	0:ALIVE OR DEAD TUMOR FREE	EUR	Yes	0.2844	0.06	Tumor Free	56.58020186	0:CENSORED	NA	No	No	NA	UCEC_CN_LOW	4	No	Yes	BG	Uterus	Endometrioid Endometrial Adenocarcinoma	NA	NA	NA	NA	NA	NA	NA	NA	NA	NA	NA	NA	NA	NA	NA	NA
ucec_tcga_pan_can_atlas_2018	TCGA-BG-A0YU	TCGA-BG-A0YU-01	Endometrial Cancer	Uterine Endometrioid Carcinoma	Not Hispanic Or Latino	NA	NA	NA	18	UEC	White	1	Primary	Matched	0.6	NA	NA	NA	NA	NA	NA	37	NA	NA	NA	NA	NA	NA	NA	NA	NA	NA	NA	NA	NA	NA	NA	NA	NA	NA	NA	NA	NA	NA	NA	NA	NA	NA	NA	NA	NA	NA	NA	NA	NA	NA	NA	NA	NA	NA	NA	NA	NA	NA	NA	NA	NA	NA	NA	NA	NA	NA	NA	NA	NA	NA	NA	NA	NA	NA	NA	NA	NA	NA	NA	NA	NA	NA	NA	NA	NA	NA	NA	NA	NA	NA	NA	NA	NA	NA	NA	NA	NA	NA	NA	NA	NA	NA	NA	NA	NA	NA	NA	NA	NA	NA	NA	NA	NA	NA	NA	NA	NA	NA	NA	NA	NA	NA	NA	NA	NA	NA	NA	NA	NA	NA	NA	NA	NA	NA	NA	NA	NA	NA	NA	NA	NA	NA	NA	NA	NA	NA	NA	NA	NA	NA	NA	NA	NA	NA	NA	Female	NA	NA	NA	NA	NA	NA	NA	NA	NA	NA	NA	NA	NA	NA	NA	NA	NA	NA	0.0495	G1	NA	NA	NA	NA	NA	NA	NA	NA	NA	14.82723477	0:LIVING	NA	NA	NA	NA	NA	NA	NA	2009	NA	NA	NA	NA	NA	0	NA	14.82723477	0:DiseaseFree	NA	NA	NA	3/16/11	NA	NA	NA	NA	NA	No	NA	NA	NA	C54.1	8380/3	C54.1	Yes	NA	NA	NA	NA	NA	NA	NA	NA	NA	NA	NA	NA	NA	NA	NA	No	NA	NA	957ac10a-7365-47b1-bbed-47e5d42fbfdf	NA	NA	NA	NA	NA	NA	NA	NA	NA	NA	NA	NA	NA	NA	NA	NA	NA	NA	NA	NA	NA	NA	NA	NA	NA	NA	University of Pittsburgh	NA	NA	NA	NA	107	NA	451	-13644	NA	NA	NA	NA	NA	NA	NA	NA	NA	NA	NA	NA	NA	0	NA	UCEC	14.82723477	0:ALIVE OR DEAD TUMOR FREE	EUR	Yes	0.2784	0.05	Tumor Free	14.82723477	0:CENSORED	NA	No	No	NA	UCEC_CN_LOW	2	No	Yes	BG	Uterus	Endometrioid Endometrial Adenocarcinoma	NA	NA	NA	NA	NA	NA	NA	NA	NA	NA	NA	NA	NA	NA	NA	NA
ucec_tcga_pub	TCGA-BG-A0YU	TCGA-BG-A0YU-01	Endometrial Cancer	Uterine Endometrioid Carcinoma	NA	NA	NA	NA	15	UEC	NA	1	Primary	Matched	0.5	NA	NA	NA	NA	NA	NA	37	NA	NA	NA	NA	NA	NA	NA	NA	NA	NA	NA	NA	NA	NA	NA	NA	NA	NA	NA	NA	NA	NA	NA	NA	NA	NA	NA	NA	NA	NA	NA	NA	NA	NA	NA	NA	NA	NA	NA	NA	NA	NA	NA	NA	NA	NA	NA	NA	NA	NA	NA	NA	NA	NA	NA	NA	NA	NA	NA	NA	NA	NA	NA	NA	NA	NA	NA	NA	NA	NA	NA	NA	NA	NA	NA	NA	NA	NA	NA	NA	NA	NA	NA	NA	NA	NA	NA	NA	NA	NA	NA	NA	NA	NA	NA	NA	NA	NA	NA	NA	NA	NA	NA	NA	NA	NA	NA	NA	NA	NA	NA	NA	NA	NA	NA	NA	NA	NA	NA	NA	NA	NA	NA	NA	NA	NA	NA	NA	NA	NA	NA	NA	NA	NA	NA	NA	NA	NA	NA	Female	NA	NA	NA	NA	NA	NA	NA	NA	NA	NA	NA	NA	NA	NA	NA	NA	NA	NA	0.0495	Grade 1	NA	NA	NA	NA	NA	NA	NA	NA	NA	14.82	0:LIVING	NA	NA	NA	NA	NA	NA	NA	NA	NA	NA	NA	NA	NA	NA	NA	14.81756495	0:DiseaseFree	NA	NA	NA	NA	NA	NA	NA	NA	NA	NA	NA	NA	NA	NA	NA	NA	NA	NA	NA	NA	NA	NA	NA	NA	NA	NA	NA	NA	NA	NA	NA	NA	NA	NA	NA	NA	NA	NA	NA	NA	NA	NA	NA	NA	NA	NA	NA	NA	NA	NA	NA	NA	NA	NA	NA	NA	NA	NA	NA	NA	NA	NA	NA	NA	NA	NA	NA	NA	NA	NA	NA	NA	NA	NA	NA	NA	NA	NA	NA	NA	NA	NA	NA	NA	NA	NA	NA	NA	NA	NA	NA	NA	NA	NA	NA	NA	NA	NA	NA	NA	Copy-number low (Endometriod)	NA	NA	NA	NA	NA	NA	NA	2	Y	Y	Endometrioid	Y	3	3	0.897648505	0	2	MSS	MSS	1_LOW	Y	Stage I
ucec_tcga_pan_can_atlas_2018	TCGA-BG-A0YV	TCGA-BG-A0YV-01	Endometrial Cancer	Uterine Serous Carcinoma/Uterine Papillary Serous Carcinoma	Not Hispanic Or Latino	NA	NA	NA	72	USC	White	1	Primary	Matched	2.366666667	NA	NA	NA	NA	NA	NA	67	NA	NA	NA	NA	NA	NA	NA	NA	NA	NA	NA	NA	NA	NA	NA	NA	NA	NA	NA	NA	NA	NA	NA	NA	NA	NA	NA	NA	NA	NA	NA	NA	NA	NA	NA	NA	NA	NA	NA	NA	NA	NA	NA	NA	NA	NA	NA	NA	NA	NA	NA	NA	NA	NA	NA	NA	NA	NA	NA	NA	NA	NA	NA	NA	NA	NA	NA	NA	NA	NA	NA	NA	NA	NA	NA	NA	NA	NA	NA	NA	NA	NA	NA	NA	NA	NA	NA	NA	NA	NA	NA	NA	NA	NA	NA	NA	NA	NA	NA	NA	NA	NA	NA	NA	NA	NA	NA	NA	NA	NA	NA	NA	NA	NA	NA	NA	NA	NA	NA	NA	NA	NA	NA	NA	NA	NA	NA	NA	NA	NA	NA	NA	NA	NA	NA	NA	NA	NA	NA	Female	NA	NA	NA	NA	NA	NA	NA	NA	NA	NA	NA	NA	NA	NA	NA	NA	NA	NA	0.2432	G3	NA	NA	NA	NA	NA	NA	NA	NA	NA	12.55876648	0:LIVING	NA	NA	NA	NA	NA	NA	NA	2009	NA	NA	NA	NA	NA	0	NA	12.55876648	0:DiseaseFree	NA	NA	NA	3/16/11	NA	NA	NA	NA	NA	No	NA	NA	NA	C54.1	8441/3	C54.1	Yes	NA	NA	NA	NA	NA	NA	NA	NA	NA	NA	NA	NA	NA	NA	NA	No	NA	NA	d8e57746-37a1-482a-a3d3-a11bd00cdc11	NA	NA	NA	NA	NA	NA	NA	NA	NA	NA	NA	NA	NA	NA	NA	NA	NA	NA	NA	NA	NA	NA	NA	NA	NA	NA	University of Pittsburgh	NA	NA	NA	NA	54	NA	382	-24567	NA	NA	NA	NA	NA	NA	NA	NA	NA	NA	NA	NA	NA	14	NA	UCEC	12.55876648	0:ALIVE OR DEAD TUMOR FREE	EUR	Yes	0.2924	0.25	Tumor Free	12.55876648	0:CENSORED	NA	Yes	Yes	NA	UCEC_CN_HIGH	136	No	Yes	BG	Uterus	Serous Endometrial Adenocarcinoma	NA	NA	NA	NA	NA	NA	NA	NA	NA	NA	NA	NA	NA	NA	NA	NA
ucec_tcga_pub	TCGA-BG-A186	TCGA-BG-A186-01	Endometrial Cancer	Uterine Endometrioid Carcinoma	NA	NA	NA	NA	28	UEC	NA	1	Primary	Matched	0.9	NA	NA	NA	NA	NA	NA	61	NA	NA	NA	NA	NA	NA	NA	NA	NA	NA	NA	NA	NA	NA	NA	NA	NA	NA	NA	NA	NA	NA	NA	NA	NA	NA	NA	NA	NA	NA	NA	NA	NA	NA	NA	NA	NA	NA	NA	NA	NA	NA	NA	NA	NA	NA	NA	NA	NA	NA	NA	NA	NA	NA	NA	NA	NA	NA	NA	NA	NA	NA	NA	NA	NA	NA	NA	NA	NA	NA	NA	NA	NA	NA	NA	NA	NA	NA	NA	NA	NA	NA	NA	NA	NA	NA	NA	NA	NA	NA	NA	NA	NA	NA	NA	NA	NA	NA	NA	NA	NA	NA	NA	NA	NA	NA	NA	NA	NA	NA	NA	NA	NA	NA	NA	NA	NA	NA	NA	NA	NA	NA	NA	NA	NA	NA	NA	NA	NA	NA	NA	NA	NA	NA	NA	NA	NA	NA	NA	Female	NA	NA	NA	NA	NA	NA	NA	NA	NA	NA	NA	NA	NA	NA	NA	NA	NA	NA	0.0496	Grade 2	NA	NA	NA	NA	NA	NA	NA	NA	NA	13.77	0:LIVING	NA	NA	NA	NA	NA	NA	NA	NA	NA	NA	NA	NA	NA	NA	NA	13.76620779	0:DiseaseFree	NA	NA	NA	NA	NA	NA	NA	NA	NA	NA	NA	NA	NA	NA	NA	NA	NA	NA	NA	NA	NA	NA	NA	NA	NA	NA	NA	NA	NA	NA	NA	NA	NA	NA	NA	NA	NA	NA	NA	NA	NA	NA	NA	NA	NA	NA	NA	NA	NA	NA	NA	NA	NA	NA	NA	NA	NA	NA	NA	NA	NA	NA	NA	NA	NA	NA	NA	NA	NA	NA	NA	NA	NA	NA	NA	NA	NA	NA	NA	NA	NA	NA	NA	NA	NA	NA	NA	NA	NA	NA	NA	NA	NA	NA	NA	NA	NA	NA	NA	NA	Copy-number low (Endometriod)	NA	NA	NA	NA	NA	NA	NA	2	Y	Y	Endometrioid	Y	4	5	0.932869329	0	2	MSS	MSS	1_LOW	Y	Stage III
ucec_tcga_pan_can_atlas_2018	TCGA-BG-A186	TCGA-BG-A186-01	Endometrial Cancer	Uterine Endometrioid Carcinoma	Not Hispanic Or Latino	NA	NA	NA	30	UEC	Black or African American	1	Primary	Matched	1.033333333	NA	NA	NA	NA	NA	NA	61	NA	NA	NA	NA	NA	NA	NA	NA	NA	NA	NA	NA	NA	NA	NA	NA	NA	NA	NA	NA	NA	NA	NA	NA	NA	NA	NA	NA	NA	NA	NA	NA	NA	NA	NA	NA	NA	NA	NA	NA	NA	NA	NA	NA	NA	NA	NA	NA	NA	NA	NA	NA	NA	NA	NA	NA	NA	NA	NA	NA	NA	NA	NA	NA	NA	NA	NA	NA	NA	NA	NA	NA	NA	NA	NA	NA	NA	NA	NA	NA	NA	NA	NA	NA	NA	NA	NA	NA	NA	NA	NA	NA	NA	NA	NA	NA	NA	NA	NA	NA	NA	NA	NA	NA	NA	NA	NA	NA	NA	NA	NA	NA	NA	NA	NA	NA	NA	NA	NA	NA	NA	NA	NA	NA	NA	NA	NA	NA	NA	NA	NA	NA	NA	NA	NA	NA	NA	NA	NA	Female	NA	NA	NA	NA	NA	NA	NA	NA	NA	NA	NA	NA	NA	NA	NA	NA	NA	NA	0.0496	G2	NA	NA	NA	NA	NA	NA	NA	NA	NA	13.77519151	0:LIVING	NA	NA	NA	NA	NA	NA	NA	2009	NA	NA	NA	NA	NA	0	NA	13.77519151	0:DiseaseFree	NA	NA	NA	5/13/11	NA	NA	NA	NA	NA	No	NA	NA	NA	C54.1	8380/3	C54.1	Yes	NA	NA	NA	NA	NA	NA	NA	NA	NA	NA	NA	NA	NA	NA	NA	No	NA	NA	fe4db898-3a9f-4dff-adcb-7b8c30137350	NA	NA	NA	NA	NA	NA	NA	NA	NA	NA	NA	NA	NA	NA	NA	NA	NA	NA	NA	NA	NA	NA	NA	NA	NA	NA	University of Pittsburgh	NA	NA	NA	NA	75	NA	419	-22370	NA	NA	NA	NA	NA	NA	NA	NA	NA	NA	NA	NA	NA	2	NA	UCEC	13.77519151	0:ALIVE OR DEAD TUMOR FREE	AFR	Yes	0.2865	0.08	Tumor Free	13.77519151	0:CENSORED	NA	No	Yes	NA	UCEC_CN_LOW	2	No	Yes	BG	Uterus	Endometrioid Endometrial Adenocarcinoma	NA	NA	NA	NA	NA	NA	NA	NA	NA	NA	NA	NA	NA	NA	NA	NA
ucec_tcga_pan_can_atlas_2018	TCGA-BG-A187	TCGA-BG-A187-01	Endometrial Cancer	Uterine Endometrioid Carcinoma	Not Hispanic Or Latino	NA	NA	NA	80	UEC	White	1	Primary	Matched	2.7	NA	NA	NA	NA	NA	NA	65	NA	NA	NA	NA	NA	NA	NA	NA	NA	NA	NA	NA	NA	NA	NA	NA	NA	NA	NA	NA	NA	NA	NA	NA	NA	NA	NA	NA	NA	NA	NA	NA	NA	NA	NA	NA	NA	NA	NA	NA	NA	NA	NA	NA	NA	NA	NA	NA	NA	NA	NA	NA	NA	NA	NA	NA	NA	NA	NA	NA	NA	NA	NA	NA	NA	NA	NA	NA	NA	NA	NA	NA	NA	NA	NA	NA	NA	NA	NA	NA	NA	NA	NA	NA	NA	NA	NA	NA	NA	NA	NA	NA	NA	NA	NA	NA	NA	NA	NA	NA	NA	NA	NA	NA	NA	NA	NA	NA	NA	NA	NA	NA	NA	NA	NA	NA	NA	NA	NA	NA	NA	NA	NA	NA	NA	NA	NA	NA	NA	NA	NA	NA	NA	NA	NA	NA	NA	NA	NA	Female	NA	NA	NA	NA	NA	NA	NA	NA	NA	NA	NA	NA	NA	NA	NA	NA	NA	NA	0.0465	G2	NA	NA	NA	NA	NA	NA	NA	NA	NA	14.72860571	0:LIVING	NA	NA	NA	NA	NA	NA	NA	2009	NA	NA	NA	NA	NA	0	NA	14.72860571	0:DiseaseFree	NA	NA	NA	5/16/11	NA	NA	NA	NA	NA	No	NA	NA	NA	C54.1	8380/3	C54.1	Yes	NA	NA	NA	NA	NA	NA	NA	NA	NA	NA	NA	NA	NA	NA	NA	No	NA	NA	0f59bb0a-135c-4793-b1a7-5ad5172ed82d	NA	NA	NA	NA	NA	NA	NA	NA	NA	NA	NA	NA	NA	NA	NA	NA	NA	NA	NA	NA	NA	NA	NA	NA	NA	NA	University of Pittsburgh	NA	NA	NA	NA	61	NA	448	-24099	NA	NA	NA	NA	NA	NA	NA	NA	NA	NA	NA	NA	NA	2	NA	UCEC	14.72860571	0:ALIVE OR DEAD TUMOR FREE	EUR	Yes	0.2921	0.09	NA	14.72860571	0:CENSORED	NA	No	Yes	NA	UCEC_CN_LOW	0	No	Yes	BG	Uterus	Endometrioid Endometrial Adenocarcinoma	NA	NA	NA	NA	NA	NA	NA	NA	NA	NA	NA	NA	NA	NA	NA	NA
ucec_tcga_pub	TCGA-BG-A187	TCGA-BG-A187-01	Endometrial Cancer	Uterine Endometrioid Carcinoma	NA	NA	NA	NA	79	UEC	NA	1	Primary	Matched	2.6	NA	NA	NA	NA	NA	NA	65	NA	NA	NA	NA	NA	NA	NA	NA	NA	NA	NA	NA	NA	NA	NA	NA	NA	NA	NA	NA	NA	NA	NA	NA	NA	NA	NA	NA	NA	NA	NA	NA	NA	NA	NA	NA	NA	NA	NA	NA	NA	NA	NA	NA	NA	NA	NA	NA	NA	NA	NA	NA	NA	NA	NA	NA	NA	NA	NA	NA	NA	NA	NA	NA	NA	NA	NA	NA	NA	NA	NA	NA	NA	NA	NA	NA	NA	NA	NA	NA	NA	NA	NA	NA	NA	NA	NA	NA	NA	NA	NA	NA	NA	NA	NA	NA	NA	NA	NA	NA	NA	NA	NA	NA	NA	NA	NA	NA	NA	NA	NA	NA	NA	NA	NA	NA	NA	NA	NA	NA	NA	NA	NA	NA	NA	NA	NA	NA	NA	NA	NA	NA	NA	NA	NA	NA	NA	NA	NA	Female	NA	NA	NA	NA	NA	NA	NA	NA	NA	NA	NA	NA	NA	NA	NA	NA	NA	NA	0.0465	Grade 2	NA	NA	NA	NA	NA	NA	NA	NA	NA	14.72	0:LIVING	NA	NA	NA	NA	NA	NA	NA	NA	NA	NA	NA	NA	NA	NA	NA	14.71900022	0:DiseaseFree	NA	NA	NA	NA	NA	NA	NA	NA	NA	NA	NA	NA	NA	NA	NA	NA	NA	NA	NA	NA	NA	NA	NA	NA	NA	NA	NA	NA	NA	NA	NA	NA	NA	NA	NA	NA	NA	NA	NA	NA	NA	NA	NA	NA	NA	NA	NA	NA	NA	NA	NA	NA	NA	NA	NA	NA	NA	NA	NA	NA	NA	NA	NA	NA	NA	NA	NA	NA	NA	NA	NA	NA	NA	NA	NA	NA	NA	NA	NA	NA	NA	NA	NA	NA	NA	NA	NA	NA	NA	NA	NA	NA	NA	NA	NA	NA	NA	NA	NA	NA	Copy-number low (Endometriod)	NA	NA	NA	NA	NA	NA	NA	2	Y	Y	Endometrioid	Y	1	6	0.936182815	0	3	MSI-L	MSI-L	1_LOW	Y	Stage I
ucec_tcga_pan_can_atlas_2018	TCGA-BG-A18A	TCGA-BG-A18A-01	Endometrial Cancer	Uterine Endometrioid Carcinoma	Not Hispanic Or Latino	NA	NA	NA	54	UEC	White	1	Primary	Matched	1.8	NA	NA	NA	NA	NA	NA	74	NA	NA	NA	NA	NA	NA	NA	NA	NA	NA	NA	NA	NA	NA	NA	NA	NA	NA	NA	NA	NA	NA	NA	NA	NA	NA	NA	NA	NA	NA	NA	NA	NA	NA	NA	NA	NA	NA	NA	NA	NA	NA	NA	NA	NA	NA	NA	NA	NA	NA	NA	NA	NA	NA	NA	NA	NA	NA	NA	NA	NA	NA	NA	NA	NA	NA	NA	NA	NA	NA	NA	NA	NA	NA	NA	NA	NA	NA	NA	NA	NA	NA	NA	NA	NA	NA	NA	NA	NA	NA	NA	NA	NA	NA	NA	NA	NA	NA	NA	NA	NA	NA	NA	NA	NA	NA	NA	NA	NA	NA	NA	NA	NA	NA	NA	NA	NA	NA	NA	NA	NA	NA	NA	NA	NA	NA	NA	NA	NA	NA	NA	NA	NA	NA	NA	NA	NA	NA	NA	Female	NA	NA	NA	NA	NA	NA	NA	NA	NA	NA	NA	NA	NA	NA	NA	NA	NA	NA	0.0464	G1	NA	NA	NA	NA	NA	NA	NA	NA	NA	14.00532597	0:LIVING	NA	NA	NA	NA	NA	NA	NA	2009	NA	NA	NA	NA	NA	0	NA	14.00532597	0:DiseaseFree	NA	NA	NA	5/19/11	NA	NA	NA	NA	NA	No	NA	NA	NA	C54.1	8380/3	C54.1	Yes	NA	NA	NA	NA	NA	NA	NA	NA	NA	NA	NA	NA	NA	NA	NA	No	NA	NA	feb3e930-3638-44b4-ac0f-a5dcb01fed76	NA	NA	NA	NA	NA	NA	NA	NA	NA	NA	NA	NA	NA	NA	NA	NA	NA	NA	NA	NA	NA	NA	NA	NA	NA	NA	University of Pittsburgh	NA	NA	NA	NA	84	NA	426	-27086	NA	NA	NA	NA	NA	NA	NA	NA	NA	NA	NA	NA	NA	2	NA	UCEC	14.00532597	0:ALIVE OR DEAD TUMOR FREE	EUR	Yes	0.2765	0.02	Tumor Free	14.00532597	0:CENSORED	NA	No	Yes	NA	UCEC_CN_LOW	0	No	Yes	BG	Uterus	Endometrioid Endometrial Adenocarcinoma	NA	NA	NA	NA	NA	NA	NA	NA	NA	NA	NA	NA	NA	NA	NA	NA
ucec_tcga_pub	TCGA-BG-A18A	TCGA-BG-A18A-01	Endometrial Cancer	Uterine Endometrioid Carcinoma	NA	NA	NA	NA	51	UEC	NA	1	Primary	Matched	1.7	NA	NA	NA	NA	NA	NA	74	NA	NA	NA	NA	NA	NA	NA	NA	NA	NA	NA	NA	NA	NA	NA	NA	NA	NA	NA	NA	NA	NA	NA	NA	NA	NA	NA	NA	NA	NA	NA	NA	NA	NA	NA	NA	NA	NA	NA	NA	NA	NA	NA	NA	NA	NA	NA	NA	NA	NA	NA	NA	NA	NA	NA	NA	NA	NA	NA	NA	NA	NA	NA	NA	NA	NA	NA	NA	NA	NA	NA	NA	NA	NA	NA	NA	NA	NA	NA	NA	NA	NA	NA	NA	NA	NA	NA	NA	NA	NA	NA	NA	NA	NA	NA	NA	NA	NA	NA	NA	NA	NA	NA	NA	NA	NA	NA	NA	NA	NA	NA	NA	NA	NA	NA	NA	NA	NA	NA	NA	NA	NA	NA	NA	NA	NA	NA	NA	NA	NA	NA	NA	NA	NA	NA	NA	NA	NA	NA	Female	NA	NA	NA	NA	NA	NA	NA	NA	NA	NA	NA	NA	NA	NA	NA	NA	NA	NA	0.0464	Grade 1	NA	NA	NA	NA	NA	NA	NA	NA	NA	14	0:LIVING	NA	NA	NA	NA	NA	NA	NA	NA	NA	NA	NA	NA	NA	NA	NA	13.99619217	0:DiseaseFree	NA	NA	NA	NA	NA	NA	NA	NA	NA	NA	NA	NA	NA	NA	NA	NA	NA	NA	NA	NA	NA	NA	NA	NA	NA	NA	NA	NA	NA	NA	NA	NA	NA	NA	NA	NA	NA	NA	NA	NA	NA	NA	NA	NA	NA	NA	NA	NA	NA	NA	NA	NA	NA	NA	NA	NA	NA	NA	NA	NA	NA	NA	NA	NA	NA	NA	NA	NA	NA	NA	NA	NA	NA	NA	NA	NA	NA	NA	NA	NA	NA	NA	NA	NA	NA	NA	NA	NA	NA	NA	NA	NA	NA	NA	NA	NA	NA	NA	NA	NA	Copy-number low (Endometriod)	NA	NA	NA	NA	NA	NA	NA	2	Y	Y	Endometrioid	Y	2	2	0.953263868	0	3	MSS	MSS	1_LOW	Y	Stage I
ucec_tcga_pan_can_atlas_2018	TCGA-BG-A18B	TCGA-BG-A18B-01	Endometrial Cancer	Uterine Endometrioid Carcinoma	Not Hispanic Or Latino	NA	NA	NA	371	UEC	White	1	Primary	Matched	12.46666667	NA	NA	NA	NA	NA	NA	53	NA	NA	NA	NA	NA	NA	NA	NA	NA	NA	NA	NA	NA	NA	NA	NA	NA	NA	NA	NA	NA	NA	NA	NA	NA	NA	NA	NA	NA	NA	NA	NA	NA	NA	NA	NA	NA	NA	NA	NA	NA	NA	NA	NA	NA	NA	NA	NA	NA	NA	NA	NA	NA	NA	NA	NA	NA	NA	NA	NA	NA	NA	NA	NA	NA	NA	NA	NA	NA	NA	NA	NA	NA	NA	NA	NA	NA	NA	NA	NA	NA	NA	NA	NA	NA	NA	NA	NA	NA	NA	NA	NA	NA	NA	NA	NA	NA	NA	NA	NA	NA	NA	NA	NA	NA	NA	NA	NA	NA	NA	NA	NA	NA	NA	NA	NA	NA	NA	NA	NA	NA	NA	NA	NA	NA	NA	NA	NA	NA	NA	NA	NA	NA	NA	NA	NA	NA	NA	NA	Female	NA	NA	NA	NA	NA	NA	NA	NA	NA	NA	NA	NA	NA	NA	NA	NA	NA	NA	0.0005	G2	NA	NA	NA	NA	NA	NA	NA	NA	NA	15.45188546	0:LIVING	NA	NA	NA	NA	NA	NA	NA	2009	NA	NA	NA	NA	NA	0	NA	15.45188546	0:DiseaseFree	NA	NA	NA	5/19/11	NA	NA	NA	NA	NA	No	NA	NA	NA	C54.1	8380/3	C54.1	Yes	NA	NA	NA	NA	NA	NA	NA	NA	NA	NA	NA	NA	NA	NA	NA	No	NA	NA	62ae3bb1-8102-4693-aee6-4d8d0d2bc515	NA	NA	NA	NA	NA	NA	NA	NA	NA	NA	NA	NA	NA	NA	NA	NA	NA	NA	NA	NA	NA	NA	NA	NA	NA	NA	University of Pittsburgh	NA	NA	NA	NA	116	NA	470	-19550	NA	NA	NA	NA	NA	NA	NA	NA	NA	NA	NA	NA	NA	0	NA	UCEC	15.45188546	0:ALIVE OR DEAD TUMOR FREE	EUR	Yes	0.8185	23.12	Tumor Free	15.45188546	0:CENSORED	NA	No	No	NA	UCEC_MSI	1	No	Yes	BG	Uterus	Endometrioid Endometrial Adenocarcinoma	NA	NA	NA	NA	NA	NA	NA	NA	NA	NA	NA	NA	NA	NA	NA	NA
ucec_tcga_pan_can_atlas_2018	TCGA-BG-A18C	TCGA-BG-A18C-01	Endometrial Cancer	Uterine Endometrioid Carcinoma	Not Hispanic Or Latino	NA	NA	NA	49	UEC	White	1	Primary	Matched	1.6	NA	NA	NA	NA	NA	NA	72	NA	NA	NA	NA	NA	NA	NA	NA	NA	NA	NA	NA	NA	NA	NA	NA	NA	NA	NA	NA	NA	NA	NA	NA	NA	NA	NA	NA	NA	NA	NA	NA	NA	NA	NA	NA	NA	NA	NA	NA	NA	NA	NA	NA	NA	NA	NA	NA	NA	NA	NA	NA	NA	NA	NA	NA	NA	NA	NA	NA	NA	NA	NA	NA	NA	NA	NA	NA	NA	NA	NA	NA	NA	NA	NA	NA	NA	NA	NA	NA	NA	NA	NA	NA	NA	NA	NA	NA	NA	NA	NA	NA	NA	NA	NA	NA	NA	NA	NA	NA	NA	NA	NA	NA	NA	NA	NA	NA	NA	NA	NA	NA	NA	NA	NA	NA	NA	NA	NA	NA	NA	NA	NA	NA	NA	NA	NA	NA	NA	NA	NA	NA	NA	NA	NA	NA	NA	NA	NA	Female	NA	NA	NA	NA	NA	NA	NA	NA	NA	NA	NA	NA	NA	NA	NA	NA	NA	NA	0.8304	G2	NA	NA	NA	NA	NA	NA	NA	NA	NA	15.45188546	0:LIVING	NA	NA	NA	NA	NA	NA	NA	2009	NA	NA	NA	NA	NA	0	NA	15.45188546	0:DiseaseFree	NA	NA	NA	5/27/11	NA	NA	NA	NA	NA	No	NA	NA	NA	C54.1	8380/3	C54.1	Yes	NA	NA	NA	NA	NA	NA	NA	NA	NA	NA	NA	NA	NA	NA	NA	No	NA	NA	66e305ca-8a16-44f0-b837-85e529b7ad55	NA	NA	NA	NA	NA	NA	NA	NA	NA	NA	NA	NA	NA	NA	NA	NA	NA	NA	NA	NA	NA	NA	NA	NA	NA	NA	University of Pittsburgh	NA	NA	NA	NA	96	NA	470	-26602	NA	NA	NA	NA	NA	NA	NA	NA	NA	NA	NA	NA	NA	16	NA	UCEC	15.45188546	0:ALIVE OR DEAD TUMOR FREE	EUR	Yes	0.2796	2.12	NA	15.45188546	0:CENSORED	NA	No	No	NA	UCEC_CN_HIGH	55	No	Yes	BG	Uterus	Endometrioid Endometrial Adenocarcinoma	NA	NA	NA	NA	NA	NA	NA	NA	NA	NA	NA	NA	NA	NA	NA	NA
ucec_tcga_pan_can_atlas_2018	TCGA-BG-A222	TCGA-BG-A222-01	Endometrial Cancer	Uterine Endometrioid Carcinoma	Not Hispanic Or Latino	NA	NA	NA	4260	UEC	White	1	Primary	Matched	143.4666667	NA	NA	NA	NA	NA	NA	49	NA	NA	NA	NA	NA	NA	NA	NA	NA	NA	NA	NA	NA	NA	NA	NA	NA	NA	NA	NA	NA	NA	NA	NA	NA	NA	NA	NA	NA	NA	NA	NA	NA	NA	NA	NA	NA	NA	NA	NA	NA	NA	NA	NA	NA	NA	NA	NA	NA	NA	NA	NA	NA	NA	NA	NA	NA	NA	NA	NA	NA	NA	NA	NA	NA	NA	NA	NA	NA	NA	NA	NA	NA	NA	NA	NA	NA	NA	NA	NA	NA	NA	NA	NA	NA	NA	NA	NA	NA	NA	NA	NA	NA	NA	NA	NA	NA	NA	NA	NA	NA	NA	NA	NA	NA	NA	NA	NA	NA	NA	NA	NA	NA	NA	NA	NA	NA	NA	NA	NA	NA	NA	NA	NA	NA	NA	NA	NA	NA	NA	NA	NA	NA	NA	NA	NA	NA	NA	NA	Female	NA	NA	NA	NA	NA	NA	NA	NA	NA	NA	NA	NA	NA	NA	NA	NA	NA	NA	0.0443	G3	NA	NA	NA	NA	NA	NA	NA	NA	NA	9.567018444	0:LIVING	NA	NA	NA	NA	NA	NA	NA	2009	NA	NA	NA	NA	NA	0	NA	9.567018444	0:DiseaseFree	NA	NA	NA	9/28/11	NA	NA	NA	NA	NA	No	NA	NA	NA	C54.1	8380/3	C54.1	Yes	NA	NA	NA	NA	NA	NA	NA	NA	NA	NA	NA	NA	NA	NA	NA	No	NA	NA	397b2672-d014-4b57-88dd-17e66ff8be4d	NA	NA	NA	NA	NA	NA	NA	NA	NA	NA	NA	NA	NA	NA	NA	NA	NA	NA	NA	NA	NA	NA	NA	NA	NA	NA	University of Pittsburgh	NA	NA	NA	NA	132	NA	291	-18220	NA	NA	NA	NA	NA	NA	NA	NA	NA	NA	NA	NA	NA	1	NA	UCEC	9.567018444	0:ALIVE OR DEAD TUMOR FREE	EUR	Yes	1.1195	25.38	NA	9.567018444	0:CENSORED	NA	No	Yes	NA	UCEC_MSI	7	No	Yes	BG	Uterus	Endometrioid Endometrial Adenocarcinoma	NA	NA	NA	NA	NA	NA	NA	NA	NA	NA	NA	NA	NA	NA	NA	NA
ucec_tcga_pub	TCGA-BG-A2AE	TCGA-BG-A2AE-01	Endometrial Cancer	Uterine Endometrioid Carcinoma	NA	NA	NA	NA	47	UEC	NA	1	Primary	Matched	1.56666666667	NA	NA	NA	NA	NA	NA	57	NA	NA	NA	NA	NA	NA	NA	NA	NA	NA	NA	NA	NA	NA	NA	NA	NA	NA	NA	NA	NA	NA	NA	NA	NA	NA	NA	NA	NA	NA	NA	NA	NA	NA	NA	NA	NA	NA	NA	NA	NA	NA	NA	NA	NA	NA	NA	NA	NA	NA	NA	NA	NA	NA	NA	NA	NA	NA	NA	NA	NA	NA	NA	NA	NA	NA	NA	NA	NA	NA	NA	NA	NA	NA	NA	NA	NA	NA	NA	NA	NA	NA	NA	NA	NA	NA	NA	NA	NA	NA	NA	NA	NA	NA	NA	NA	NA	NA	NA	NA	NA	NA	NA	NA	NA	NA	NA	NA	NA	NA	NA	NA	NA	NA	NA	NA	NA	NA	NA	NA	NA	NA	NA	NA	NA	NA	NA	NA	NA	NA	NA	NA	NA	NA	NA	NA	NA	NA	NA	Female	NA	NA	NA	NA	NA	NA	NA	NA	NA	NA	NA	NA	NA	NA	NA	NA	NA	NA	0.2380	Grade 3	NA	NA	NA	NA	NA	NA	NA	NA	NA	0.53	0:LIVING	NA	NA	NA	NA	NA	NA	NA	NA	NA	NA	NA	NA	NA	NA	NA	NA	NA	NA	NA	NA	NA	NA	NA	NA	NA	NA	NA	NA	NA	NA	NA	NA	NA	NA	NA	NA	NA	NA	NA	NA	NA	NA	NA	NA	NA	NA	NA	NA	NA	NA	NA	NA	NA	NA	NA	NA	NA	NA	NA	NA	NA	NA	NA	NA	NA	NA	NA	NA	NA	NA	NA	NA	NA	NA	NA	NA	NA	NA	NA	NA	NA	NA	NA	NA	NA	NA	NA	NA	NA	NA	NA	NA	NA	NA	NA	NA	NA	NA	NA	NA	NA	NA	NA	NA	NA	NA	NA	NA	NA	NA	NA	NA	NA	NA	NA	NA	NA	Copy-number low (Endometriod)	NA	NA	NA	NA	NA	NA	NA	2	Y	Y	Endometrioid	Y	2	3	0.822827613	0	1	MSS	MSS	1_LOW	Y	Stage I
ucec_tcga_pan_can_atlas_2018	TCGA-BG-A2AE	TCGA-BG-A2AE-01	Endometrial Cancer	Uterine Endometrioid Carcinoma	Not Hispanic Or Latino	NA	NA	NA	55	UEC	White	1	Primary	Matched	3.666666667	NA	NA	NA	NA	NA	NA	57	NA	NA	NA	NA	NA	NA	NA	NA	NA	NA	NA	NA	NA	NA	NA	NA	NA	NA	NA	NA	NA	NA	NA	NA	NA	NA	NA	NA	NA	NA	NA	NA	NA	NA	NA	NA	NA	NA	NA	NA	NA	NA	NA	NA	NA	NA	NA	NA	NA	NA	NA	NA	NA	NA	NA	NA	NA	NA	NA	NA	NA	NA	NA	NA	NA	NA	NA	NA	NA	NA	NA	NA	NA	NA	NA	NA	NA	NA	NA	NA	NA	NA	NA	NA	NA	NA	NA	NA	NA	NA	NA	NA	NA	NA	NA	NA	NA	NA	NA	NA	NA	NA	NA	NA	NA	NA	NA	NA	NA	NA	NA	NA	NA	NA	NA	NA	NA	NA	NA	NA	NA	NA	NA	NA	NA	NA	NA	NA	NA	NA	NA	NA	NA	NA	NA	NA	NA	NA	NA	Female	NA	NA	NA	NA	NA	NA	NA	NA	NA	NA	NA	NA	NA	NA	NA	NA	NA	NA	0.2380	G3	NA	NA	NA	NA	NA	NA	NA	NA	NA	23.70384982	0:LIVING	NA	NA	NA	NA	NA	NA	NA	2009	NA	NA	NA	NA	NA	0	NA	23.70384982	0:DiseaseFree	NA	NA	NA	9/28/11	NA	NA	NA	NA	NA	No	NA	NA	NA	C54.1	8441/3	C54.1	Yes	NA	NA	NA	NA	NA	NA	NA	NA	NA	NA	NA	NA	NA	NA	NA	No	NA	NA	f384eb3f-92ab-4327-87eb-45b5f72a1580	NA	NA	NA	NA	NA	NA	NA	NA	NA	NA	NA	NA	NA	NA	NA	NA	NA	NA	NA	NA	NA	NA	NA	NA	NA	NA	University of Pittsburgh	NA	NA	NA	NA	135	NA	721	-21069	NA	NA	NA	NA	NA	NA	NA	NA	NA	NA	NA	NA	NA	6	NA	UCEC	23.70384982	0:ALIVE OR DEAD TUMOR FREE	EUR	Yes	0.3042	0.01	NA	23.70384982	0:CENSORED	NA	No	Yes	NA	UCEC_CN_LOW	17	No	Yes	BG	Uterus	Endometrioid Endometrial Adenocarcinoma	NA	NA	NA	NA	NA	NA	NA	NA	NA	NA	NA	NA	NA	NA	NA	NA
ucec_tcga_pan_can_atlas_2018	TCGA-BG-A2L7	TCGA-BG-A2L7-01	Endometrial Cancer	Uterine Endometrioid Carcinoma	Not Hispanic Or Latino	NA	NA	NA	618	UEC	White	1	Primary	Matched	39.76666667	NA	NA	NA	NA	NA	NA	68	NA	NA	NA	NA	NA	NA	NA	NA	NA	NA	NA	NA	NA	NA	NA	NA	NA	NA	NA	NA	NA	NA	NA	NA	NA	NA	NA	NA	NA	NA	NA	NA	NA	NA	NA	NA	NA	NA	NA	NA	NA	NA	NA	NA	NA	NA	NA	NA	NA	NA	NA	NA	NA	NA	NA	NA	NA	NA	NA	NA	NA	NA	NA	NA	NA	NA	NA	NA	NA	NA	NA	NA	NA	NA	NA	NA	NA	NA	NA	NA	NA	NA	NA	NA	NA	NA	NA	NA	NA	NA	NA	NA	NA	NA	NA	NA	NA	NA	NA	NA	NA	NA	NA	NA	NA	NA	NA	NA	NA	NA	NA	NA	NA	NA	NA	NA	NA	NA	NA	NA	NA	NA	NA	NA	NA	NA	NA	NA	NA	NA	NA	NA	NA	NA	NA	NA	NA	NA	NA	Female	NA	NA	NA	NA	NA	NA	NA	NA	NA	NA	NA	NA	NA	NA	NA	NA	NA	NA	0.0004	G3	NA	NA	NA	NA	NA	NA	NA	NA	NA	20.12032745	0:LIVING	NA	NA	NA	NA	NA	NA	NA	2009	NA	NA	NA	NA	NA	0	NA	20.12032745	0:DiseaseFree	NA	NA	NA	1/18/12	NA	NA	NA	NA	NA	No	NA	NA	NA	C54.1	8380/3	C54.1	Yes	NA	NA	NA	NA	NA	NA	NA	NA	NA	NA	NA	NA	NA	NA	NA	No	NA	NA	214A09BB-CE52-4055-B036-065E8CB7AC7D	NA	NA	NA	NA	NA	NA	NA	NA	NA	NA	NA	NA	NA	NA	NA	NA	NA	NA	NA	NA	NA	NA	NA	NA	NA	NA	University of Pittsburgh	NA	NA	NA	NA	NA	NA	612	-25091	NA	NA	NA	NA	NA	NA	NA	NA	NA	NA	NA	NA	NA	0	NA	UCEC	20.12032745	0:ALIVE OR DEAD TUMOR FREE	EUR	Yes	0.8115	17.46	Tumor Free	20.12032745	0:CENSORED	NA	No	Yes	NA	UCEC_MSI	3	No	Yes	BG	Uterus	Endometrioid Endometrial Adenocarcinoma	NA	NA	NA	NA	NA	NA	NA	NA	NA	NA	NA	NA	NA	NA	NA	NA
ucec_tcga_pan_can_atlas_2018	TCGA-BG-A3EW	TCGA-BG-A3EW-01	Endometrial Cancer	Uterine Endometrioid Carcinoma	Not Hispanic Or Latino	NA	NA	NA	447	UEC	White	1	Primary	Matched	15.06666667	NA	NA	NA	NA	NA	NA	62	NA	NA	NA	NA	NA	NA	NA	NA	NA	NA	NA	NA	NA	NA	NA	NA	NA	NA	NA	NA	NA	NA	NA	NA	NA	NA	NA	NA	NA	NA	NA	NA	NA	NA	NA	NA	NA	NA	NA	NA	NA	NA	NA	NA	NA	NA	NA	NA	NA	NA	NA	NA	NA	NA	NA	NA	NA	NA	NA	NA	NA	NA	NA	NA	NA	NA	NA	NA	NA	NA	NA	NA	NA	NA	NA	NA	NA	NA	NA	NA	NA	NA	NA	NA	NA	NA	NA	NA	NA	NA	NA	NA	NA	NA	NA	NA	NA	NA	NA	NA	NA	NA	NA	NA	NA	NA	NA	NA	NA	NA	NA	NA	NA	NA	NA	NA	NA	NA	NA	NA	NA	NA	NA	NA	NA	NA	NA	NA	NA	NA	NA	NA	NA	NA	NA	NA	NA	NA	NA	Female	NA	NA	NA	NA	NA	NA	NA	NA	NA	NA	NA	NA	NA	NA	NA	NA	NA	NA	0.0349	G3	NA	NA	NA	NA	NA	NA	NA	NA	NA	11.3094651	0:LIVING	NA	NA	NA	NA	NA	NA	NA	2009	NA	NA	NA	NA	NA	0	NA	11.3094651	0:DiseaseFree	NA	NA	NA	3/28/12	NA	NA	NA	NA	NA	No	NA	NA	NA	C54.1	8380/3	C54.1	Yes	NA	NA	NA	NA	NA	NA	NA	NA	NA	NA	NA	NA	NA	NA	NA	No	NA	NA	A31554AF-D77A-4862-8AED-4581FB2BD877	NA	NA	NA	NA	NA	NA	NA	NA	NA	NA	NA	NA	NA	NA	NA	NA	NA	NA	NA	NA	NA	NA	NA	NA	NA	NA	University of Pittsburgh	NA	NA	NA	NA	126	NA	344	-22705	NA	NA	NA	NA	NA	NA	NA	NA	NA	NA	NA	NA	NA	1	23	UCEC	11.3094651	0:ALIVE OR DEAD TUMOR FREE	EUR	Yes	0.7928	16.14	Tumor Free	11.3094651	0:CENSORED	NA	No	Yes	22	UCEC_MSI	7	Yes	No	BG	Uterus	Endometrioid Endometrial Adenocarcinoma	28	NA	NA	NA	NA	NA	NA	NA	NA	NA	NA	NA	NA	NA	NA	NA
ucec_tcga_pan_can_atlas_2018	TCGA-BG-A3PP	TCGA-BG-A3PP-01	Endometrial Cancer	Uterine Serous Carcinoma/Uterine Papillary Serous Carcinoma	Not Hispanic Or Latino	NA	NA	NA	46	USC	White	1	Primary	Matched	3.033333333	NA	NA	NA	NA	NA	NA	82	NA	NA	NA	NA	NA	NA	NA	NA	NA	NA	NA	NA	NA	NA	NA	NA	NA	NA	NA	NA	NA	NA	NA	NA	NA	NA	NA	NA	NA	NA	NA	NA	NA	NA	NA	NA	NA	NA	NA	NA	NA	NA	NA	NA	NA	NA	NA	NA	NA	NA	NA	NA	NA	NA	NA	NA	NA	NA	NA	NA	NA	NA	NA	NA	NA	NA	NA	NA	NA	NA	NA	NA	NA	NA	NA	NA	NA	NA	NA	NA	NA	NA	NA	NA	NA	NA	NA	NA	NA	NA	NA	NA	NA	NA	NA	NA	NA	NA	NA	NA	NA	NA	NA	NA	NA	NA	NA	NA	NA	NA	NA	NA	NA	NA	NA	NA	NA	NA	NA	NA	NA	NA	NA	NA	NA	NA	NA	NA	NA	NA	NA	NA	NA	NA	NA	NA	NA	NA	NA	Female	NA	NA	NA	NA	NA	NA	NA	NA	NA	NA	NA	NA	NA	NA	NA	NA	NA	NA	0.4180	G3	NA	NA	NA	NA	NA	NA	NA	NA	NA	22.38879574	0:LIVING	NA	NA	NA	NA	NA	NA	NA	2009	NA	NA	NA	NA	NA	0	NA	NA	NA	NA	NA	NA	7/2/12	NA	NA	NA	NA	NA	No	NA	NA	NA	C54.1	8441/3	C54.1	Yes	NA	NA	NA	NA	NA	NA	NA	NA	NA	NA	NA	NA	NA	NA	NA	Yes	NA	NA	9F92080F-F6E0-42DB-A02B-B3069664F6D0	NA	NA	NA	NA	NA	NA	NA	NA	NA	NA	NA	NA	NA	NA	NA	NA	NA	NA	NA	NA	NA	NA	NA	NA	NA	NA	University of Pittsburgh	NA	NA	NA	NA	NA	NA	681	-30227	NA	NA	NA	NA	NA	NA	NA	NA	NA	NA	NA	NA	NA	18	41	UCEC	22.38879574	0:ALIVE OR DEAD TUMOR FREE	EUR	Yes	0.2949	0.04	Tumor Free	21.86277411	1:PROGRESSION	NA	No	Yes	12	UCEC_CN_HIGH	249	Yes	No	BG	Uterus	Serous Endometrial Adenocarcinoma	48	NA	NA	NA	NA	NA	NA	NA	NA	NA	NA	NA	NA	NA	NA	NA
ucec_tcga_pan_can_atlas_2018	TCGA-BK-A0C9	TCGA-BK-A0C9-01	Endometrial Cancer	Uterine Endometrioid Carcinoma	Not Hispanic Or Latino	NA	NA	NA	587	UEC	White	1	Primary	Matched	19.63333333	NA	NA	NA	NA	NA	NA	57	NA	NA	NA	NA	NA	NA	NA	NA	NA	NA	NA	NA	NA	NA	NA	NA	NA	NA	NA	NA	NA	NA	NA	NA	NA	NA	NA	NA	NA	NA	NA	NA	NA	NA	NA	NA	NA	NA	NA	NA	NA	NA	NA	NA	NA	NA	NA	NA	NA	NA	NA	NA	NA	NA	NA	NA	NA	NA	NA	NA	NA	NA	NA	NA	NA	NA	NA	NA	NA	NA	NA	NA	NA	NA	NA	NA	NA	NA	NA	NA	NA	NA	NA	NA	NA	NA	NA	NA	NA	NA	NA	NA	NA	NA	NA	NA	NA	NA	NA	NA	NA	NA	NA	NA	NA	NA	NA	NA	NA	NA	NA	NA	NA	NA	NA	NA	NA	NA	NA	NA	NA	NA	NA	NA	NA	NA	NA	NA	NA	NA	NA	NA	NA	NA	NA	NA	NA	NA	NA	Female	NA	NA	NA	NA	NA	NA	NA	NA	NA	NA	NA	NA	NA	NA	NA	NA	NA	NA	0.5839	G1	NA	NA	NA	NA	NA	NA	NA	NA	NA	35.90097643	0:LIVING	NA	NA	NA	NA	NA	NA	NA	NA	NA	NA	NA	NA	NA	0	NA	35.90097643	0:DiseaseFree	NA	NA	NA	10/8/10	NA	NA	NA	NA	NA	No	NA	NA	NA	C54.1	8380/3	C54.1	Yes	NA	NA	NA	NA	NA	NA	NA	NA	NA	NA	NA	NA	NA	NA	NA	No	NA	NA	92a2cae3-b8ee-4ebb-ac5c-01e58749448f	NA	NA	NA	NA	NA	NA	NA	NA	NA	NA	NA	NA	NA	NA	NA	NA	NA	NA	NA	NA	NA	NA	NA	NA	NA	NA	Christiana Healthcare	NA	NA	NA	NA	127	NA	1092	-20876	NA	NA	NA	NA	NA	NA	NA	NA	NA	NA	NA	NA	NA	12	NA	UCEC	35.90097643	0:ALIVE OR DEAD TUMOR FREE	AFR	Yes	0.5893	19.92	Tumor Free	35.90097643	0:CENSORED	NA	No	No	NA	UCEC_MSI	3	Yes	No	BK	Uterus	Endometrioid Endometrial Adenocarcinoma	NA	NA	NA	NA	NA	NA	NA	NA	NA	NA	NA	NA	NA	NA	NA	NA
ucec_tcga_pub	TCGA-BK-A0CA	TCGA-BK-A0CA-01	Endometrial Cancer	Endometrial Carcinoma	NA	NA	NA	NA	37	UCEC	NA	1	Primary	Matched	1.23333333333	NA	NA	NA	NA	NA	NA	61	NA	NA	NA	NA	NA	NA	NA	NA	NA	NA	NA	NA	NA	NA	NA	NA	NA	NA	NA	NA	NA	NA	NA	NA	NA	NA	NA	NA	NA	NA	NA	NA	NA	NA	NA	NA	NA	NA	NA	NA	NA	NA	NA	NA	NA	NA	NA	NA	NA	NA	NA	NA	NA	NA	NA	NA	NA	NA	NA	NA	NA	NA	NA	NA	NA	NA	NA	NA	NA	NA	NA	NA	NA	NA	NA	NA	NA	NA	NA	NA	NA	NA	NA	NA	NA	NA	NA	NA	NA	NA	NA	NA	NA	NA	NA	NA	NA	NA	NA	NA	NA	NA	NA	NA	NA	NA	NA	NA	NA	NA	NA	NA	NA	NA	NA	NA	NA	NA	NA	NA	NA	NA	NA	NA	NA	NA	NA	NA	NA	NA	NA	NA	NA	NA	NA	NA	NA	NA	NA	Female	NA	NA	NA	NA	NA	NA	NA	NA	NA	NA	NA	NA	NA	NA	NA	NA	NA	NA	0.0011	Grade 3	NA	NA	NA	NA	NA	NA	NA	NA	NA	12.19	0:LIVING	NA	NA	NA	NA	NA	NA	NA	NA	NA	NA	NA	NA	NA	NA	NA	12.18917206	0:DiseaseFree	NA	NA	NA	NA	NA	NA	NA	NA	NA	NA	NA	NA	NA	NA	NA	NA	NA	NA	NA	NA	NA	NA	NA	NA	NA	NA	NA	NA	NA	NA	NA	NA	NA	NA	NA	NA	NA	NA	NA	NA	NA	NA	NA	NA	NA	NA	NA	NA	NA	NA	NA	NA	NA	NA	NA	NA	NA	NA	NA	NA	NA	NA	NA	NA	NA	NA	NA	NA	NA	NA	NA	NA	NA	NA	NA	NA	NA	NA	NA	NA	NA	NA	NA	NA	NA	NA	NA	NA	NA	NA	NA	NA	NA	NA	NA	NA	NA	NA	NA	NA	Copy-number low (Endometriod)	NA	NA	NA	NA	NA	NA	NA	1	Y	Y	Mixed	Y	4	2	0.953263868	0	2	MSS	MSS	1_LOW	Y	Stage III
ucec_tcga_pan_can_atlas_2018	TCGA-BK-A0CA	TCGA-BK-A0CA-01	Endometrial Cancer	Uterine Mixed Endometrial Carcinoma	Not Hispanic Or Latino	NA	NA	NA	48	UMEC	White	1	Primary	Matched	1.633333333	NA	NA	NA	NA	NA	NA	61	NA	NA	NA	NA	NA	NA	NA	NA	NA	NA	NA	NA	NA	NA	NA	NA	NA	NA	NA	NA	NA	NA	NA	NA	NA	NA	NA	NA	NA	NA	NA	NA	NA	NA	NA	NA	NA	NA	NA	NA	NA	NA	NA	NA	NA	NA	NA	NA	NA	NA	NA	NA	NA	NA	NA	NA	NA	NA	NA	NA	NA	NA	NA	NA	NA	NA	NA	NA	NA	NA	NA	NA	NA	NA	NA	NA	NA	NA	NA	NA	NA	NA	NA	NA	NA	NA	NA	NA	NA	NA	NA	NA	NA	NA	NA	NA	NA	NA	NA	NA	NA	NA	NA	NA	NA	NA	NA	NA	NA	NA	NA	NA	NA	NA	NA	NA	NA	NA	NA	NA	NA	NA	NA	NA	NA	NA	NA	NA	NA	NA	NA	NA	NA	NA	NA	NA	NA	NA	NA	Female	NA	NA	NA	NA	NA	NA	NA	NA	NA	NA	NA	NA	NA	NA	NA	NA	NA	NA	NA	G3	NA	NA	NA	NA	NA	NA	NA	NA	NA	34.98043857	0:LIVING	NA	NA	NA	NA	NA	NA	NA	NA	NA	NA	NA	NA	NA	0	NA	34.98043857	0:DiseaseFree	NA	NA	NA	2/8/11	NA	NA	NA	NA	NA	No	NA	NA	NA	C54.1	8441/3	C54.1	Yes	NA	NA	NA	NA	NA	NA	NA	NA	NA	NA	NA	NA	NA	NA	NA	No	NA	NA	51bd85e2-2c60-4654-bfcb-83dccef8964b	NA	NA	NA	NA	NA	NA	NA	NA	NA	NA	NA	NA	NA	NA	NA	NA	NA	NA	NA	NA	NA	NA	NA	NA	NA	NA	Christiana Healthcare	NA	NA	NA	NA	NA	NA	1064	-22378	NA	NA	NA	NA	NA	NA	NA	NA	NA	NA	NA	NA	NA	0	NA	UCEC	34.98043857	0:ALIVE OR DEAD TUMOR FREE	EUR	Yes	0.3061	0.01	Tumor Free	34.98043857	0:CENSORED	NA	No	No	NA	UCEC_CN_LOW	11.3	Yes	No	BK	Uterus	Mixed Serous and Endometrioid Carcinoma	NA	NA	NA	NA	NA	NA	NA	NA	NA	NA	NA	NA	NA	NA	NA	NA
ucec_tcga_pub	TCGA-BK-A0CB	TCGA-BK-A0CB-01	Endometrial Cancer	Uterine Endometrioid Carcinoma	NA	NA	NA	NA	56	UEC	NA	1	Primary	Matched	1.83333333333	NA	NA	NA	NA	NA	NA	60	NA	NA	NA	NA	NA	NA	NA	NA	NA	NA	NA	NA	NA	NA	NA	NA	NA	NA	NA	NA	NA	NA	NA	NA	NA	NA	NA	NA	NA	NA	NA	NA	NA	NA	NA	NA	NA	NA	NA	NA	NA	NA	NA	NA	NA	NA	NA	NA	NA	NA	NA	NA	NA	NA	NA	NA	NA	NA	NA	NA	NA	NA	NA	NA	NA	NA	NA	NA	NA	NA	NA	NA	NA	NA	NA	NA	NA	NA	NA	NA	NA	NA	NA	NA	NA	NA	NA	NA	NA	NA	NA	NA	NA	NA	NA	NA	NA	NA	NA	NA	NA	NA	NA	NA	NA	NA	NA	NA	NA	NA	NA	NA	NA	NA	NA	NA	NA	NA	NA	NA	NA	NA	NA	NA	NA	NA	NA	NA	NA	NA	NA	NA	NA	NA	NA	NA	NA	NA	NA	Female	NA	NA	NA	NA	NA	NA	NA	NA	NA	NA	NA	NA	NA	NA	NA	NA	NA	NA	0.0500	Grade 2	NA	NA	NA	NA	NA	NA	NA	NA	NA	6.18	0:LIVING	NA	NA	NA	NA	NA	NA	NA	NA	NA	NA	NA	NA	NA	NA	NA	6.176723306	0:DiseaseFree	NA	NA	NA	NA	NA	NA	NA	NA	NA	NA	NA	NA	NA	NA	NA	NA	NA	NA	NA	NA	NA	NA	NA	NA	NA	NA	NA	NA	NA	NA	NA	NA	NA	NA	NA	NA	NA	NA	NA	NA	NA	NA	NA	NA	NA	NA	NA	NA	NA	NA	NA	NA	NA	NA	NA	NA	NA	NA	NA	NA	NA	NA	NA	NA	NA	NA	NA	NA	NA	NA	NA	NA	NA	NA	NA	NA	NA	NA	NA	NA	NA	NA	NA	NA	NA	NA	NA	NA	NA	NA	NA	NA	NA	NA	NA	NA	NA	NA	NA	NA	Copy-number low (Endometriod)	NA	NA	NA	NA	NA	NA	NA	2	Y	Y	Endometrioid	Y	4	NA	NA	0	3	MSS	MSS	1_LOW	Y	Unknown
ucec_tcga_pan_can_atlas_2018	TCGA-BK-A0CB	TCGA-BK-A0CB-01	Endometrial Cancer	Uterine Endometrioid Carcinoma	Not Hispanic Or Latino	NA	NA	NA	53	UEC	White	1	Primary	Matched	1.766666667	NA	NA	NA	NA	NA	NA	60	NA	NA	NA	NA	NA	NA	NA	NA	NA	NA	NA	NA	NA	NA	NA	NA	NA	NA	NA	NA	NA	NA	NA	NA	NA	NA	NA	NA	NA	NA	NA	NA	NA	NA	NA	NA	NA	NA	NA	NA	NA	NA	NA	NA	NA	NA	NA	NA	NA	NA	NA	NA	NA	NA	NA	NA	NA	NA	NA	NA	NA	NA	NA	NA	NA	NA	NA	NA	NA	NA	NA	NA	NA	NA	NA	NA	NA	NA	NA	NA	NA	NA	NA	NA	NA	NA	NA	NA	NA	NA	NA	NA	NA	NA	NA	NA	NA	NA	NA	NA	NA	NA	NA	NA	NA	NA	NA	NA	NA	NA	NA	NA	NA	NA	NA	NA	NA	NA	NA	NA	NA	NA	NA	NA	NA	NA	NA	NA	NA	NA	NA	NA	NA	NA	NA	NA	NA	NA	NA	Female	NA	NA	NA	NA	NA	NA	NA	NA	NA	NA	NA	NA	NA	NA	NA	NA	NA	NA	0.0500	G2	NA	NA	NA	NA	NA	NA	NA	NA	NA	35.90097643	0:LIVING	NA	NA	NA	NA	NA	NA	NA	NA	NA	NA	NA	NA	NA	0	NA	35.90097643	0:DiseaseFree	NA	NA	NA	10/8/10	NA	NA	NA	NA	NA	No	NA	NA	NA	C54.1	8380/3	C54.1	Yes	NA	NA	NA	NA	NA	NA	NA	NA	NA	NA	NA	NA	NA	NA	NA	No	NA	NA	59e9029a-8ddd-4447-b35a-72bc39f82a30	NA	NA	NA	NA	NA	NA	NA	NA	NA	NA	NA	NA	NA	NA	NA	NA	NA	NA	NA	NA	NA	NA	NA	NA	NA	NA	Christiana Healthcare	NA	NA	NA	NA	111	NA	1092	-21930	NA	NA	NA	NA	NA	NA	NA	NA	NA	NA	NA	NA	NA	0	NA	UCEC	35.90097643	0:ALIVE OR DEAD TUMOR FREE	EUR	Yes	0.2778	0.09	Tumor Free	35.90097643	0:CENSORED	NA	No	No	NA	UCEC_CN_LOW	4	Yes	No	BK	Uterus	Endometrioid Endometrial Adenocarcinoma	NA	NA	NA	NA	NA	NA	NA	NA	NA	NA	NA	NA	NA	NA	NA	NA
ucec_tcga_pan_can_atlas_2018	TCGA-BK-A0CC	TCGA-BK-A0CC-01	Endometrial Cancer	Uterine Serous Carcinoma/Uterine Papillary Serous Carcinoma	Hispanic Or Latino	NA	NA	NA	52	USC	Black or African American	1	Primary	Matched	1.766666667	NA	NA	NA	NA	NA	NA	69	NA	NA	NA	NA	NA	NA	NA	NA	NA	NA	NA	NA	NA	NA	NA	NA	NA	NA	NA	NA	NA	NA	NA	NA	NA	NA	NA	NA	NA	NA	NA	NA	NA	NA	NA	NA	NA	NA	NA	NA	NA	NA	NA	NA	NA	NA	NA	NA	NA	NA	NA	NA	NA	NA	NA	NA	NA	NA	NA	NA	NA	NA	NA	NA	NA	NA	NA	NA	NA	NA	NA	NA	NA	NA	NA	NA	NA	NA	NA	NA	NA	NA	NA	NA	NA	NA	NA	NA	NA	NA	NA	NA	NA	NA	NA	NA	NA	NA	NA	NA	NA	NA	NA	NA	NA	NA	NA	NA	NA	NA	NA	NA	NA	NA	NA	NA	NA	NA	NA	NA	NA	NA	NA	NA	NA	NA	NA	NA	NA	NA	NA	NA	NA	NA	NA	NA	NA	NA	NA	Female	NA	NA	NA	NA	NA	NA	NA	NA	NA	NA	NA	NA	NA	NA	NA	NA	NA	NA	NA	G3	NA	NA	NA	NA	NA	NA	NA	NA	NA	35.07906763	0:LIVING	NA	NA	NA	NA	NA	NA	NA	NA	NA	NA	NA	NA	NA	0	NA	33.20511556	1:Recurred/Progressed	NA	NA	NA	10/8/10	NA	NA	NA	NA	NA	No	NA	NA	NA	C54.1	8441/3	C54.1	Yes	NA	NA	NA	NA	NA	NA	NA	NA	NA	NA	NA	NA	NA	NA	NA	Yes	NA	NA	2b865f8c-539f-4cb2-8f08-41709e9511e5	NA	NA	NA	NA	NA	NA	NA	NA	NA	NA	NA	NA	NA	NA	NA	NA	NA	NA	NA	NA	NA	NA	NA	NA	NA	NA	Christiana Healthcare	NA	NA	NA	NA	72	NA	1067	-25479	NA	NA	NA	NA	NA	NA	NA	NA	NA	NA	NA	NA	NA	16	NA	UCEC	35.07906763	0:ALIVE OR DEAD TUMOR FREE	AFR	Yes	0.3195	5.36	With Tumor	33.20511556	1:PROGRESSION	NA	No	Yes	NA	UCEC_CN_HIGH	168.7	Yes	No	BK	Uterus	Serous Endometrial Adenocarcinoma	NA	NA	NA	NA	NA	NA	NA	NA	NA	NA	NA	NA	NA	NA	NA	NA
ucec_tcga_pan_can_atlas_2018	TCGA-BK-A139	TCGA-BK-A139-01	Endometrial Cancer	Uterine Endometrioid Carcinoma	Not Hispanic Or Latino	NA	NA	NA	125	UEC	White	1	Primary	Matched	4.2	NA	NA	NA	NA	NA	NA	74	NA	NA	NA	NA	NA	NA	NA	NA	NA	NA	NA	NA	NA	NA	NA	NA	NA	NA	NA	NA	NA	NA	NA	NA	NA	NA	NA	NA	NA	NA	NA	NA	NA	NA	NA	NA	NA	NA	NA	NA	NA	NA	NA	NA	NA	NA	NA	NA	NA	NA	NA	NA	NA	NA	NA	NA	NA	NA	NA	NA	NA	NA	NA	NA	NA	NA	NA	NA	NA	NA	NA	NA	NA	NA	NA	NA	NA	NA	NA	NA	NA	NA	NA	NA	NA	NA	NA	NA	NA	NA	NA	NA	NA	NA	NA	NA	NA	NA	NA	NA	NA	NA	NA	NA	NA	NA	NA	NA	NA	NA	NA	NA	NA	NA	NA	NA	NA	NA	NA	NA	NA	NA	NA	NA	NA	NA	NA	NA	NA	NA	NA	NA	NA	NA	NA	NA	NA	NA	NA	Female	NA	NA	NA	NA	NA	NA	NA	NA	NA	NA	NA	NA	NA	NA	NA	NA	NA	NA	NA	G3	NA	NA	NA	NA	NA	NA	NA	NA	NA	31.00239997	1:DECEASED	NA	NA	NA	NA	NA	NA	NA	NA	NA	NA	NA	NA	NA	0	NA	NA	NA	NA	NA	NA	2/23/11	NA	NA	NA	NA	NA	No	NA	NA	NA	C54.1	8380/3	C54.1	Yes	NA	NA	NA	NA	NA	NA	NA	NA	NA	NA	NA	NA	NA	NA	NA	Yes	NA	NA	8d9e4917-334b-4c76-aee1-1e22be772db0	NA	NA	NA	NA	NA	NA	NA	NA	NA	NA	NA	NA	NA	NA	NA	NA	NA	NA	NA	NA	NA	NA	NA	NA	NA	NA	Christiana Healthcare	NA	NA	NA	NA	59	NA	309	-27077	NA	NA	NA	NA	NA	NA	NA	NA	NA	NA	NA	NA	NA	25	35	UCEC	31.00239997	1:DEAD WITH TUMOR	EUR	Yes	0.2959	0.73	Tumor Free	22.4874248	1:PROGRESSION	NA	No	No	14	UCEC_CN_HIGH	267	Yes	No	BK	Uterus	Endometrioid Endometrial Adenocarcinoma	30	NA	NA	NA	NA	NA	NA	NA	NA	NA	NA	NA	NA	NA	NA	NA
ucec_tcga_pan_can_atlas_2018	TCGA-BK-A13B	TCGA-BK-A13B-01	Endometrial Cancer	Uterine Endometrioid Carcinoma	Not Hispanic Or Latino	NA	NA	NA	633	UEC	Black or African American	1	Primary	Matched	21.33333333	NA	NA	NA	NA	NA	NA	58	NA	NA	NA	NA	NA	NA	NA	NA	NA	NA	NA	NA	NA	NA	NA	NA	NA	NA	NA	NA	NA	NA	NA	NA	NA	NA	NA	NA	NA	NA	NA	NA	NA	NA	NA	NA	NA	NA	NA	NA	NA	NA	NA	NA	NA	NA	NA	NA	NA	NA	NA	NA	NA	NA	NA	NA	NA	NA	NA	NA	NA	NA	NA	NA	NA	NA	NA	NA	NA	NA	NA	NA	NA	NA	NA	NA	NA	NA	NA	NA	NA	NA	NA	NA	NA	NA	NA	NA	NA	NA	NA	NA	NA	NA	NA	NA	NA	NA	NA	NA	NA	NA	NA	NA	NA	NA	NA	NA	NA	NA	NA	NA	NA	NA	NA	NA	NA	NA	NA	NA	NA	NA	NA	NA	NA	NA	NA	NA	NA	NA	NA	NA	NA	NA	NA	NA	NA	NA	NA	Female	NA	NA	NA	NA	NA	NA	NA	NA	NA	NA	NA	NA	NA	NA	NA	NA	NA	NA	0.0344	G3	NA	NA	NA	NA	NA	NA	NA	NA	NA	31.75855607	0:LIVING	NA	NA	NA	NA	NA	NA	NA	2009	NA	NA	NA	NA	NA	0	NA	24.98602755	1:Recurred/Progressed	NA	NA	NA	2/1/12	NA	NA	NA	NA	NA	No	NA	NA	NA	C54.1	8380/3	C54.1	Yes	NA	NA	NA	NA	NA	NA	NA	NA	NA	NA	NA	NA	NA	NA	NA	Yes	NA	NA	E71B3CE1-41E0-4CFC-9570-367B8C2124C1	NA	NA	NA	NA	NA	NA	NA	NA	NA	NA	NA	NA	NA	NA	NA	NA	NA	NA	NA	NA	NA	NA	NA	NA	NA	NA	Christiana Healthcare	NA	NA	NA	NA	131	NA	966	-21493	NA	NA	NA	NA	NA	NA	NA	NA	NA	NA	NA	NA	NA	1	25	UCEC	31.75855607	0:ALIVE OR DEAD TUMOR FREE	AFR	Yes	0.8641	22.97	Tumor Free	24.98602755	1:PROGRESSION	NA	No	Yes	2	UCEC_MSI	2	Yes	No	BK	Uterus	Endometrioid Endometrial Adenocarcinoma	20	NA	NA	NA	NA	NA	NA	NA	NA	NA	NA	NA	NA	NA	NA	NA
ucec_tcga_pan_can_atlas_2018	TCGA-BK-A13C	TCGA-BK-A13C-01	Endometrial Cancer	Uterine Endometrioid Carcinoma	Not Hispanic Or Latino	NA	NA	NA	44	UEC	Black or African American	1	Primary	Matched	2.933333333	NA	NA	NA	NA	NA	NA	47	NA	NA	NA	NA	NA	NA	NA	NA	NA	NA	NA	NA	NA	NA	NA	NA	NA	NA	NA	NA	NA	NA	NA	NA	NA	NA	NA	NA	NA	NA	NA	NA	NA	NA	NA	NA	NA	NA	NA	NA	NA	NA	NA	NA	NA	NA	NA	NA	NA	NA	NA	NA	NA	NA	NA	NA	NA	NA	NA	NA	NA	NA	NA	NA	NA	NA	NA	NA	NA	NA	NA	NA	NA	NA	NA	NA	NA	NA	NA	NA	NA	NA	NA	NA	NA	NA	NA	NA	NA	NA	NA	NA	NA	NA	NA	NA	NA	NA	NA	NA	NA	NA	NA	NA	NA	NA	NA	NA	NA	NA	NA	NA	NA	NA	NA	NA	NA	NA	NA	NA	NA	NA	NA	NA	NA	NA	NA	NA	NA	NA	NA	NA	NA	NA	NA	NA	NA	NA	NA	Female	NA	NA	NA	NA	NA	NA	NA	NA	NA	NA	NA	NA	NA	NA	NA	NA	NA	NA	0.0343	G2	NA	NA	NA	NA	NA	NA	NA	NA	NA	24.98602755	0:LIVING	NA	NA	NA	NA	NA	NA	NA	NA	NA	NA	NA	NA	NA	0	NA	24.98602755	0:DiseaseFree	NA	NA	NA	2/17/11	NA	NA	NA	NA	NA	No	NA	NA	NA	C54.1	8380/3	C54.1	Yes	NA	NA	NA	NA	NA	NA	NA	NA	NA	NA	NA	NA	NA	NA	NA	No	NA	NA	ce73d0aa-bb3d-4aa3-8ed3-e9912cf25d38	NA	NA	NA	NA	NA	NA	NA	NA	NA	NA	NA	NA	NA	NA	NA	NA	NA	NA	NA	NA	NA	NA	NA	NA	NA	NA	Christiana Healthcare	NA	NA	NA	NA	93	NA	760	-17317	NA	NA	NA	NA	NA	NA	NA	NA	NA	NA	NA	NA	NA	1	NA	UCEC	24.98602755	0:ALIVE OR DEAD TUMOR FREE	AFR_ADMIX	Yes	0.2743	0.36	Tumor Free	24.98602755	0:CENSORED	NA	No	No	NA	UCEC_CN_LOW	2	Yes	No	BK	Uterus	Endometrioid Endometrial Adenocarcinoma	NA	NA	NA	NA	NA	NA	NA	NA	NA	NA	NA	NA	NA	NA	NA	NA
ucec_tcga_pub	TCGA-BK-A13C	TCGA-BK-A13C-01	Endometrial Cancer	Uterine Endometrioid Carcinoma	NA	NA	NA	NA	38	UEC	NA	1	Primary	Matched	1.23333333333	NA	NA	NA	NA	NA	NA	47	NA	NA	NA	NA	NA	NA	NA	NA	NA	NA	NA	NA	NA	NA	NA	NA	NA	NA	NA	NA	NA	NA	NA	NA	NA	NA	NA	NA	NA	NA	NA	NA	NA	NA	NA	NA	NA	NA	NA	NA	NA	NA	NA	NA	NA	NA	NA	NA	NA	NA	NA	NA	NA	NA	NA	NA	NA	NA	NA	NA	NA	NA	NA	NA	NA	NA	NA	NA	NA	NA	NA	NA	NA	NA	NA	NA	NA	NA	NA	NA	NA	NA	NA	NA	NA	NA	NA	NA	NA	NA	NA	NA	NA	NA	NA	NA	NA	NA	NA	NA	NA	NA	NA	NA	NA	NA	NA	NA	NA	NA	NA	NA	NA	NA	NA	NA	NA	NA	NA	NA	NA	NA	NA	NA	NA	NA	NA	NA	NA	NA	NA	NA	NA	NA	NA	NA	NA	NA	NA	Female	NA	NA	NA	NA	NA	NA	NA	NA	NA	NA	NA	NA	NA	NA	NA	NA	NA	NA	0.0343	Grade 2	NA	NA	NA	NA	NA	NA	NA	NA	NA	13.54	0:LIVING	NA	NA	NA	NA	NA	NA	NA	NA	NA	NA	NA	NA	NA	NA	NA	13.53622341	0:DiseaseFree	NA	NA	NA	NA	NA	NA	NA	NA	NA	NA	NA	NA	NA	NA	NA	NA	NA	NA	NA	NA	NA	NA	NA	NA	NA	NA	NA	NA	NA	NA	NA	NA	NA	NA	NA	NA	NA	NA	NA	NA	NA	NA	NA	NA	NA	NA	NA	NA	NA	NA	NA	NA	NA	NA	NA	NA	NA	NA	NA	NA	NA	NA	NA	NA	NA	NA	NA	NA	NA	NA	NA	NA	NA	NA	NA	NA	NA	NA	NA	NA	NA	NA	NA	NA	NA	NA	NA	NA	NA	NA	NA	NA	NA	NA	NA	NA	NA	NA	NA	NA	Copy-number low (Endometriod)	NA	NA	NA	NA	NA	NA	NA	3	Y	Y	Endometrioid	Y	2	6	0.936182815	0	2	MSS	MSS	1_LOW	Y	Stage I
ucec_tcga_pan_can_atlas_2018	TCGA-BK-A26L	TCGA-BK-A26L-01	Endometrial Cancer	Uterine Serous Carcinoma/Uterine Papillary Serous Carcinoma	Not Hispanic Or Latino	NA	NA	NA	74	USC	White	1	Primary	Matched	2.466666667	NA	NA	NA	NA	NA	NA	71	NA	NA	NA	NA	NA	NA	NA	NA	NA	NA	NA	NA	NA	NA	NA	NA	NA	NA	NA	NA	NA	NA	NA	NA	NA	NA	NA	NA	NA	NA	NA	NA	NA	NA	NA	NA	NA	NA	NA	NA	NA	NA	NA	NA	NA	NA	NA	NA	NA	NA	NA	NA	NA	NA	NA	NA	NA	NA	NA	NA	NA	NA	NA	NA	NA	NA	NA	NA	NA	NA	NA	NA	NA	NA	NA	NA	NA	NA	NA	NA	NA	NA	NA	NA	NA	NA	NA	NA	NA	NA	NA	NA	NA	NA	NA	NA	NA	NA	NA	NA	NA	NA	NA	NA	NA	NA	NA	NA	NA	NA	NA	NA	NA	NA	NA	NA	NA	NA	NA	NA	NA	NA	NA	NA	NA	NA	NA	NA	NA	NA	NA	NA	NA	NA	NA	NA	NA	NA	NA	Female	NA	NA	NA	NA	NA	NA	NA	NA	NA	NA	NA	NA	NA	NA	NA	NA	NA	NA	NA	G3	NA	NA	NA	NA	NA	NA	NA	NA	NA	24.1312424	0:LIVING	NA	NA	NA	NA	NA	NA	NA	2009	NA	NA	NA	NA	NA	0	NA	24.1312424	0:DiseaseFree	NA	NA	NA	8/8/11	NA	NA	NA	NA	NA	No	NA	NA	NA	C54.1	8441/3	C54.1	Yes	NA	NA	NA	NA	NA	NA	NA	NA	NA	NA	NA	NA	NA	NA	NA	No	NA	NA	ab7adf74-6e87-4117-9742-54e323348e06	NA	NA	NA	NA	NA	NA	NA	NA	NA	NA	NA	NA	NA	NA	NA	NA	NA	NA	NA	NA	NA	NA	NA	NA	NA	NA	Christiana Healthcare	NA	NA	NA	NA	75	NA	734	-26002	NA	NA	NA	NA	NA	NA	NA	NA	NA	NA	NA	NA	NA	23	NA	UCEC	24.1312424	0:ALIVE OR DEAD TUMOR FREE	EUR	Yes	0.3083	0.39	NA	24.1312424	0:CENSORED	NA	No	Yes	NA	UCEC_CN_HIGH	168.3	Yes	No	BK	Uterus	Serous Endometrial Adenocarcinoma	NA	NA	NA	NA	NA	NA	NA	NA	NA	NA	NA	NA	NA	NA	NA	NA
ucec_tcga_pan_can_atlas_2018	TCGA-BK-A4ZD	TCGA-BK-A4ZD-01	Endometrial Cancer	Uterine Endometrioid Carcinoma	Not Hispanic Or Latino	NA	NA	NA	70	UEC	Black or African American	1	Primary	Matched	4.733333333	NA	NA	NA	NA	NA	NA	42	NA	NA	NA	NA	NA	NA	NA	NA	NA	NA	NA	NA	NA	NA	NA	NA	NA	NA	NA	NA	NA	NA	NA	NA	NA	NA	NA	NA	NA	NA	NA	NA	NA	NA	NA	NA	NA	NA	NA	NA	NA	NA	NA	NA	NA	NA	NA	NA	NA	NA	NA	NA	NA	NA	NA	NA	NA	NA	NA	NA	NA	NA	NA	NA	NA	NA	NA	NA	NA	NA	NA	NA	NA	NA	NA	NA	NA	NA	NA	NA	NA	NA	NA	NA	NA	NA	NA	NA	NA	NA	NA	NA	NA	NA	NA	NA	NA	NA	NA	NA	NA	NA	NA	NA	NA	NA	NA	NA	NA	NA	NA	NA	NA	NA	NA	NA	NA	NA	NA	NA	NA	NA	NA	NA	NA	NA	NA	NA	NA	NA	NA	NA	NA	NA	NA	NA	NA	NA	NA	Female	NA	NA	NA	NA	NA	NA	NA	NA	NA	NA	NA	NA	NA	NA	NA	NA	NA	NA	0.8106	G3	NA	NA	NA	NA	NA	NA	NA	NA	NA	16.63543413	0:LIVING	NA	NA	NA	NA	NA	NA	NA	2009	NA	NA	NA	NA	NA	0	NA	16.63543413	0:DiseaseFree	NA	NA	NA	2/28/13	NA	NA	NA	NA	NA	No	NA	NA	NA	C54.1	8380/3	C54.1	Yes	NA	NA	NA	NA	NA	NA	NA	NA	NA	NA	NA	NA	NA	NA	NA	No	NA	NA	1C4D225E-E065-4E26-9413-78F54A7E0CF5	NA	NA	NA	NA	NA	NA	NA	NA	NA	NA	NA	NA	NA	NA	NA	NA	NA	NA	NA	NA	NA	NA	NA	NA	NA	NA	Christiana Healthcare	NA	NA	NA	NA	142	NA	506	-15536	NA	NA	NA	NA	NA	NA	NA	NA	NA	NA	NA	NA	NA	27	-9	UCEC	16.63543413	0:ALIVE OR DEAD TUMOR FREE	AFR	Yes	0.3226	0.32	Tumor Free	16.63543413	0:CENSORED	NA	No	No	2	UCEC_CN_HIGH	114	Yes	No	BK	Uterus	Endometrioid Endometrial Adenocarcinoma	-22	NA	NA	NA	NA	NA	NA	NA	NA	NA	NA	NA	NA	NA	NA	NA
ucec_tcga_pan_can_atlas_2018	TCGA-BK-A56F	TCGA-BK-A56F-01	Endometrial Cancer	Uterine Endometrioid Carcinoma	Not Hispanic Or Latino	NA	NA	NA	54	UEC	Black or African American	1	Primary	Matched	1.833333333	NA	NA	NA	NA	NA	NA	75	NA	NA	NA	NA	NA	NA	NA	NA	NA	NA	NA	NA	NA	NA	NA	NA	NA	NA	NA	NA	NA	NA	NA	NA	NA	NA	NA	NA	NA	NA	NA	NA	NA	NA	NA	NA	NA	NA	NA	NA	NA	NA	NA	NA	NA	NA	NA	NA	NA	NA	NA	NA	NA	NA	NA	NA	NA	NA	NA	NA	NA	NA	NA	NA	NA	NA	NA	NA	NA	NA	NA	NA	NA	NA	NA	NA	NA	NA	NA	NA	NA	NA	NA	NA	NA	NA	NA	NA	NA	NA	NA	NA	NA	NA	NA	NA	NA	NA	NA	NA	NA	NA	NA	NA	NA	NA	NA	NA	NA	NA	NA	NA	NA	NA	NA	NA	NA	NA	NA	NA	NA	NA	NA	NA	NA	NA	NA	NA	NA	NA	NA	NA	NA	NA	NA	NA	NA	NA	NA	Female	NA	NA	NA	NA	NA	NA	NA	NA	NA	NA	NA	NA	NA	NA	NA	NA	NA	NA	0.0024	G1	NA	NA	NA	NA	NA	NA	NA	NA	NA	13.18341717	0:LIVING	NA	NA	NA	NA	NA	NA	NA	2009	NA	NA	NA	NA	NA	0	NA	13.18341717	0:DiseaseFree	NA	NA	NA	4/2/13	NA	NA	NA	NA	NA	No	NA	NA	NA	C54.1	8380/3	C54.1	Yes	NA	NA	NA	NA	NA	NA	NA	NA	NA	NA	NA	NA	NA	NA	NA	No	NA	NA	2D166DC0-8890-4B00-AB73-9E2DBB6C530D	NA	NA	NA	NA	NA	NA	NA	NA	NA	NA	NA	NA	NA	NA	NA	NA	NA	NA	NA	NA	NA	NA	NA	NA	NA	NA	Christiana Healthcare	NA	NA	NA	NA	84	NA	401	-27523	NA	NA	NA	NA	NA	NA	NA	NA	NA	NA	NA	NA	NA	0	-21	UCEC	13.18341717	0:ALIVE OR DEAD TUMOR FREE	NA	Yes	0.297	0	Tumor Free	13.18341717	0:CENSORED	NA	No	Yes	10	UCEC_CN_LOW	4	Yes	No	BK	Uterus	Endometrioid Endometrial Adenocarcinoma	-14	NA	NA	NA	NA	NA	NA	NA	NA	NA	NA	NA	NA	NA	NA	NA
ucec_tcga_pan_can_atlas_2018	TCGA-BK-A6W4	TCGA-BK-A6W4-01	Endometrial Cancer	Uterine Endometrioid Carcinoma	Not Hispanic Or Latino	NA	NA	NA	24	UEC	Black or African American	1	Primary	Matched	0.8	NA	NA	NA	NA	NA	NA	62	NA	NA	NA	NA	NA	NA	NA	NA	NA	NA	NA	NA	NA	NA	NA	NA	NA	NA	NA	NA	NA	NA	NA	NA	NA	NA	NA	NA	NA	NA	NA	NA	NA	NA	NA	NA	NA	NA	NA	NA	NA	NA	NA	NA	NA	NA	NA	NA	NA	NA	NA	NA	NA	NA	NA	NA	NA	NA	NA	NA	NA	NA	NA	NA	NA	NA	NA	NA	NA	NA	NA	NA	NA	NA	NA	NA	NA	NA	NA	NA	NA	NA	NA	NA	NA	NA	NA	NA	NA	NA	NA	NA	NA	NA	NA	NA	NA	NA	NA	NA	NA	NA	NA	NA	NA	NA	NA	NA	NA	NA	NA	NA	NA	NA	NA	NA	NA	NA	NA	NA	NA	NA	NA	NA	NA	NA	NA	NA	NA	NA	NA	NA	NA	NA	NA	NA	NA	NA	NA	Female	NA	NA	NA	NA	NA	NA	NA	NA	NA	NA	NA	NA	NA	NA	NA	NA	NA	NA	0.0000	G2	NA	NA	NA	NA	NA	NA	NA	NA	NA	9.862905612	0:LIVING	NA	NA	NA	NA	NA	NA	NA	2009	NA	NA	NA	NA	NA	0	NA	9.862905612	0:DiseaseFree	NA	NA	NA	12/5/13	NA	NA	NA	NA	NA	No	NA	NA	NA	C54.1	8380/3	C54.1	Yes	NA	NA	NA	NA	NA	NA	NA	NA	NA	NA	NA	NA	NA	NA	NA	No	NA	NA	8E7792B3-2B6C-47AC-ACBE-3DA7462A8321	NA	NA	NA	NA	NA	NA	NA	NA	NA	NA	NA	NA	NA	NA	NA	NA	NA	NA	NA	NA	NA	NA	NA	NA	NA	NA	Christiana Healthcare	NA	NA	NA	NA	107	NA	300	-22766	NA	NA	NA	NA	NA	NA	NA	NA	NA	NA	NA	NA	NA	0	-5	UCEC	9.862905612	0:ALIVE OR DEAD TUMOR FREE	AFR	Yes	0.3301	0	Tumor Free	9.862905612	0:CENSORED	NA	No	Yes	8	UCEC_CN_LOW	1	Yes	No	BK	Uterus	Endometrioid Endometrial Adenocarcinoma	-8	NA	NA	NA	NA	NA	NA	NA	NA	NA	NA	NA	NA	NA	NA	NA
ucec_tcga_pan_can_atlas_2018	TCGA-BS-A0T9	TCGA-BS-A0T9-01	Endometrial Cancer	Uterine Endometrioid Carcinoma	Not Hispanic Or Latino	NA	NA	NA	58	UEC	Native Hawaiian or Other Pacific Islander	1	Primary	Matched	1.933333333	NA	NA	NA	NA	NA	NA	39	NA	NA	NA	NA	NA	NA	NA	NA	NA	NA	NA	NA	NA	NA	NA	NA	NA	NA	NA	NA	NA	NA	NA	NA	NA	NA	NA	NA	NA	NA	NA	NA	NA	NA	NA	NA	NA	NA	NA	NA	NA	NA	NA	NA	NA	NA	NA	NA	NA	NA	NA	NA	NA	NA	NA	NA	NA	NA	NA	NA	NA	NA	NA	NA	NA	NA	NA	NA	NA	NA	NA	NA	NA	NA	NA	NA	NA	NA	NA	NA	NA	NA	NA	NA	NA	NA	NA	NA	NA	NA	NA	NA	NA	NA	NA	NA	NA	NA	NA	NA	NA	NA	NA	NA	NA	NA	NA	NA	NA	NA	NA	NA	NA	NA	NA	NA	NA	NA	NA	NA	NA	NA	NA	NA	NA	NA	NA	NA	NA	NA	NA	NA	NA	NA	NA	NA	NA	NA	NA	Female	NA	NA	NA	NA	NA	NA	NA	NA	NA	NA	NA	NA	NA	NA	NA	NA	NA	NA	0.0504	G3	NA	NA	NA	NA	NA	NA	NA	NA	NA	46.94743071	1:DECEASED	NA	NA	NA	NA	NA	NA	NA	1988	NA	NA	NA	NA	NA	0	NA	NA	NA	NA	NA	NA	11/19/10	NA	NA	NA	NA	NA	No	NA	NA	NA	C54.1	8380/3	C54.1	Yes	NA	NA	NA	NA	NA	NA	NA	NA	NA	NA	NA	NA	NA	NA	NA	NA	NA	NA	4eb95566-0e73-4260-853e-f7df650667a0	NA	NA	NA	NA	NA	NA	NA	NA	NA	NA	NA	NA	NA	NA	NA	NA	NA	NA	NA	NA	NA	NA	NA	NA	NA	NA	University of Hawaii	NA	NA	NA	NA	109	NA	NA	-14253	NA	NA	NA	NA	NA	NA	NA	NA	NA	NA	NA	NA	NA	4	NA	UCEC	46.94743071	1:DEAD WITH TUMOR	EAS_ADMIX	Yes	0.2737	0.01	With Tumor	20.84360719	1:PROGRESSION	NA	No	No	NA	UCEC_CN_LOW	15	No	Yes	BS	Uterus	Endometrioid Endometrial Adenocarcinoma	NA	NA	NA	NA	NA	NA	NA	NA	NA	NA	NA	NA	NA	NA	NA	NA
ucec_tcga_pub	TCGA-BS-A0T9	TCGA-BS-A0T9-01	Endometrial Cancer	Uterine Endometrioid Carcinoma	NA	NA	NA	NA	52	UEC	NA	1	Primary	Matched	1.73333333333	NA	NA	NA	NA	NA	NA	39	NA	NA	NA	NA	NA	NA	NA	NA	NA	NA	NA	NA	NA	NA	NA	NA	NA	NA	NA	NA	NA	NA	NA	NA	NA	NA	NA	NA	NA	NA	NA	NA	NA	NA	NA	NA	NA	NA	NA	NA	NA	NA	NA	NA	NA	NA	NA	NA	NA	NA	NA	NA	NA	NA	NA	NA	NA	NA	NA	NA	NA	NA	NA	NA	NA	NA	NA	NA	NA	NA	NA	NA	NA	NA	NA	NA	NA	NA	NA	NA	NA	NA	NA	NA	NA	NA	NA	NA	NA	NA	NA	NA	NA	NA	NA	NA	NA	NA	NA	NA	NA	NA	NA	NA	NA	NA	NA	NA	NA	NA	NA	NA	NA	NA	NA	NA	NA	NA	NA	NA	NA	NA	NA	NA	NA	NA	NA	NA	NA	NA	NA	NA	NA	NA	NA	NA	NA	NA	NA	Female	NA	NA	NA	NA	NA	NA	NA	NA	NA	NA	NA	NA	NA	NA	NA	NA	NA	NA	0.0504	Grade 3	NA	NA	NA	NA	NA	NA	NA	NA	NA	46.92	1:DECEASED	NA	NA	NA	NA	NA	NA	NA	NA	NA	NA	NA	NA	NA	NA	NA	20.79715879	1:Recurred	NA	NA	NA	NA	NA	NA	NA	NA	NA	NA	NA	NA	NA	NA	NA	NA	NA	NA	NA	NA	NA	NA	NA	NA	NA	NA	NA	NA	NA	NA	NA	NA	NA	NA	NA	NA	NA	NA	NA	NA	NA	NA	NA	NA	NA	NA	NA	NA	NA	NA	NA	NA	NA	NA	NA	NA	NA	NA	NA	NA	NA	NA	NA	NA	NA	NA	NA	NA	NA	NA	NA	NA	NA	NA	NA	NA	NA	NA	NA	NA	NA	NA	NA	NA	NA	NA	NA	NA	NA	NA	NA	NA	NA	NA	NA	NA	NA	NA	NA	NA	Copy-number low (Endometriod)	NA	NA	NA	NA	NA	NA	NA	2	Y	Y	Endometrioid	Y	4	4	0.877287726	0	3	MSS	MSS	1_LOW	Y	Stage IV
ucec_tcga_pan_can_atlas_2018	TCGA-BS-A0TA	TCGA-BS-A0TA-01	Endometrial Cancer	Uterine Endometrioid Carcinoma	Hispanic Or Latino	NA	NA	NA	472	UEC	Native Hawaiian or Other Pacific Islander	1	Primary	Matched	15.93333333	NA	NA	NA	NA	NA	NA	58	NA	NA	NA	NA	NA	NA	NA	NA	NA	NA	NA	NA	NA	NA	NA	NA	NA	NA	NA	NA	NA	NA	NA	NA	NA	NA	NA	NA	NA	NA	NA	NA	NA	NA	NA	NA	NA	NA	NA	NA	NA	NA	NA	NA	NA	NA	NA	NA	NA	NA	NA	NA	NA	NA	NA	NA	NA	NA	NA	NA	NA	NA	NA	NA	NA	NA	NA	NA	NA	NA	NA	NA	NA	NA	NA	NA	NA	NA	NA	NA	NA	NA	NA	NA	NA	NA	NA	NA	NA	NA	NA	NA	NA	NA	NA	NA	NA	NA	NA	NA	NA	NA	NA	NA	NA	NA	NA	NA	NA	NA	NA	NA	NA	NA	NA	NA	NA	NA	NA	NA	NA	NA	NA	NA	NA	NA	NA	NA	NA	NA	NA	NA	NA	NA	NA	NA	NA	NA	NA	Female	NA	NA	NA	NA	NA	NA	NA	NA	NA	NA	NA	NA	NA	NA	NA	NA	NA	NA	0.0005	G3	NA	NA	NA	NA	NA	NA	NA	NA	NA	24.32850051	1:DECEASED	NA	NA	NA	NA	NA	NA	NA	1988	NA	NA	NA	NA	NA	0	NA	NA	NA	NA	NA	NA	11/19/10	NA	NA	NA	NA	NA	No	NA	NA	NA	C54.1	8380/3	C54.1	Yes	NA	NA	NA	NA	NA	NA	NA	NA	NA	NA	NA	NA	NA	NA	NA	Yes	NA	NA	ad3d8420-f562-4cbe-ac82-c968bd4f782d	NA	NA	NA	NA	NA	NA	NA	NA	NA	NA	NA	NA	NA	NA	NA	NA	NA	NA	NA	NA	NA	NA	NA	NA	NA	NA	University of Hawaii	NA	NA	NA	NA	90	NA	714	-21505	NA	NA	NA	NA	NA	NA	NA	NA	NA	NA	NA	NA	NA	0	NA	UCEC	24.32850051	1:DEAD WITH TUMOR	EAS	Yes	0.5657	19.35	With Tumor	12.9532827	1:PROGRESSION	NA	No	Yes	NA	UCEC_MSI	5	No	Yes	BS	Uterus	Endometrioid Endometrial Adenocarcinoma	NA	NA	NA	NA	NA	NA	NA	NA	NA	NA	NA	NA	NA	NA	NA	NA
ucec_tcga_pub	TCGA-BS-A0TD	TCGA-BS-A0TD-01	Endometrial Cancer	Uterine Endometrioid Carcinoma	NA	NA	NA	NA	28	UEC	NA	1	Primary	Matched	0.933333333333	NA	NA	NA	NA	NA	NA	65	NA	NA	NA	NA	NA	NA	NA	NA	NA	NA	NA	NA	NA	NA	NA	NA	NA	NA	NA	NA	NA	NA	NA	NA	NA	NA	NA	NA	NA	NA	NA	NA	NA	NA	NA	NA	NA	NA	NA	NA	NA	NA	NA	NA	NA	NA	NA	NA	NA	NA	NA	NA	NA	NA	NA	NA	NA	NA	NA	NA	NA	NA	NA	NA	NA	NA	NA	NA	NA	NA	NA	NA	NA	NA	NA	NA	NA	NA	NA	NA	NA	NA	NA	NA	NA	NA	NA	NA	NA	NA	NA	NA	NA	NA	NA	NA	NA	NA	NA	NA	NA	NA	NA	NA	NA	NA	NA	NA	NA	NA	NA	NA	NA	NA	NA	NA	NA	NA	NA	NA	NA	NA	NA	NA	NA	NA	NA	NA	NA	NA	NA	NA	NA	NA	NA	NA	NA	NA	NA	Female	NA	NA	NA	NA	NA	NA	NA	NA	NA	NA	NA	NA	NA	NA	NA	NA	NA	NA	0.0001	Grade 1	NA	NA	NA	NA	NA	NA	NA	NA	NA	65.78	0:LIVING	NA	NA	NA	NA	NA	NA	NA	NA	NA	NA	NA	NA	NA	NA	NA	65.77553222	0:DiseaseFree	NA	NA	NA	NA	NA	NA	NA	NA	NA	NA	NA	NA	NA	NA	NA	NA	NA	NA	NA	NA	NA	NA	NA	NA	NA	NA	NA	NA	NA	NA	NA	NA	NA	NA	NA	NA	NA	NA	NA	NA	NA	NA	NA	NA	NA	NA	NA	NA	NA	NA	NA	NA	NA	NA	NA	NA	NA	NA	NA	NA	NA	NA	NA	NA	NA	NA	NA	NA	NA	NA	NA	NA	NA	NA	NA	NA	NA	NA	NA	NA	NA	NA	NA	NA	NA	NA	NA	NA	NA	NA	NA	NA	NA	NA	NA	NA	NA	NA	NA	NA	Copy-number low (Endometriod)	NA	NA	NA	NA	NA	NA	NA	1	Y	Y	Endometrioid	Y	4	4	0.923555802	0	3	MSS	MSS	1_LOW	Y	Stage I
ucec_tcga_pan_can_atlas_2018	TCGA-BS-A0TD	TCGA-BS-A0TD-01	Endometrial Cancer	Uterine Endometrioid Carcinoma	Not Hispanic Or Latino	NA	NA	NA	35	UEC	Asian	1	Primary	Matched	1.166666667	NA	NA	NA	NA	NA	NA	65	NA	NA	NA	NA	NA	NA	NA	NA	NA	NA	NA	NA	NA	NA	NA	NA	NA	NA	NA	NA	NA	NA	NA	NA	NA	NA	NA	NA	NA	NA	NA	NA	NA	NA	NA	NA	NA	NA	NA	NA	NA	NA	NA	NA	NA	NA	NA	NA	NA	NA	NA	NA	NA	NA	NA	NA	NA	NA	NA	NA	NA	NA	NA	NA	NA	NA	NA	NA	NA	NA	NA	NA	NA	NA	NA	NA	NA	NA	NA	NA	NA	NA	NA	NA	NA	NA	NA	NA	NA	NA	NA	NA	NA	NA	NA	NA	NA	NA	NA	NA	NA	NA	NA	NA	NA	NA	NA	NA	NA	NA	NA	NA	NA	NA	NA	NA	NA	NA	NA	NA	NA	NA	NA	NA	NA	NA	NA	NA	NA	NA	NA	NA	NA	NA	NA	NA	NA	NA	NA	Female	NA	NA	NA	NA	NA	NA	NA	NA	NA	NA	NA	NA	NA	NA	NA	NA	NA	NA	0.0001	G1	NA	NA	NA	NA	NA	NA	NA	NA	NA	78.2128415	0:LIVING	NA	NA	NA	NA	NA	NA	NA	1988	NA	NA	NA	NA	NA	0	NA	78.2128415	0:DiseaseFree	NA	NA	NA	11/19/10	NA	NA	NA	NA	NA	No	NA	NA	NA	C54.9	8380/3	C54.9	Yes	NA	NA	NA	NA	NA	NA	NA	NA	NA	NA	NA	NA	NA	NA	NA	NA	NA	NA	ffaa98a0-2b69-46dc-aee5-c5c3f2abbc38	NA	NA	NA	NA	NA	NA	NA	NA	NA	NA	NA	NA	NA	NA	NA	NA	NA	NA	NA	NA	NA	NA	NA	NA	NA	NA	University of Hawaii	NA	NA	NA	NA	85	NA	2379	-23950	NA	NA	NA	NA	NA	NA	NA	NA	NA	NA	NA	NA	NA	0	NA	UCEC	78.2128415	0:ALIVE OR DEAD TUMOR FREE	EAS	Yes	0.2691	0.03	Tumor Free	78.2128415	0:CENSORED	NA	No	No	NA	UCEC_CN_LOW	3	No	Yes	BS	Uterus	Endometrioid Endometrial Adenocarcinoma	NA	NA	NA	NA	NA	NA	NA	NA	NA	NA	NA	NA	NA	NA	NA	NA
ucec_tcga_pan_can_atlas_2018	TCGA-BS-A0TE	TCGA-BS-A0TE-01	Endometrial Cancer	Uterine Endometrioid Carcinoma	Not Hispanic Or Latino	NA	NA	NA	299	UEC	Asian	1	Primary	Matched	10	NA	NA	NA	NA	NA	NA	35	NA	NA	NA	NA	NA	NA	NA	NA	NA	NA	NA	NA	NA	NA	NA	NA	NA	NA	NA	NA	NA	NA	NA	NA	NA	NA	NA	NA	NA	NA	NA	NA	NA	NA	NA	NA	NA	NA	NA	NA	NA	NA	NA	NA	NA	NA	NA	NA	NA	NA	NA	NA	NA	NA	NA	NA	NA	NA	NA	NA	NA	NA	NA	NA	NA	NA	NA	NA	NA	NA	NA	NA	NA	NA	NA	NA	NA	NA	NA	NA	NA	NA	NA	NA	NA	NA	NA	NA	NA	NA	NA	NA	NA	NA	NA	NA	NA	NA	NA	NA	NA	NA	NA	NA	NA	NA	NA	NA	NA	NA	NA	NA	NA	NA	NA	NA	NA	NA	NA	NA	NA	NA	NA	NA	NA	NA	NA	NA	NA	NA	NA	NA	NA	NA	NA	NA	NA	NA	NA	Female	NA	NA	NA	NA	NA	NA	NA	NA	NA	NA	NA	NA	NA	NA	NA	NA	NA	NA	0.6335	G3	NA	NA	NA	NA	NA	NA	NA	NA	NA	4.799947398	1:DECEASED	NA	NA	NA	NA	NA	NA	NA	1988	NA	NA	NA	NA	NA	0	NA	NA	NA	NA	NA	NA	11/19/10	NA	NA	NA	NA	NA	No	NA	NA	NA	C54.9	8380/3	C54.9	Yes	NA	NA	NA	NA	NA	NA	NA	NA	NA	NA	NA	NA	NA	NA	NA	NA	NA	NA	09066fbf-6a1d-46c9-a4c5-c53340c3d1ba	NA	NA	NA	NA	NA	NA	NA	NA	NA	NA	NA	NA	NA	NA	NA	NA	NA	NA	NA	NA	NA	NA	NA	NA	NA	NA	University of Hawaii	NA	NA	NA	NA	91	NA	NA	-12983	NA	NA	NA	NA	NA	NA	NA	NA	NA	NA	NA	NA	NA	14	NA	UCEC	4.799947398	1:DEAD WITH TUMOR	EAS	Yes	0.4882	4.84	With Tumor	1.906828418	1:PROGRESSION	NA	No	No	NA	UCEC_MSI	65	No	Yes	BS	Uterus	Endometrioid Endometrial Adenocarcinoma	NA	NA	NA	NA	NA	NA	NA	NA	NA	NA	NA	NA	NA	NA	NA	NA
ucec_tcga_pub	TCGA-BS-A0TG	TCGA-BS-A0TG-01	Endometrial Cancer	Uterine Endometrioid Carcinoma	NA	NA	NA	NA	34	UEC	NA	1	Primary	Matched	1.16666666667	NA	NA	NA	NA	NA	NA	60	NA	NA	NA	NA	NA	NA	NA	NA	NA	NA	NA	NA	NA	NA	NA	NA	NA	NA	NA	NA	NA	NA	NA	NA	NA	NA	NA	NA	NA	NA	NA	NA	NA	NA	NA	NA	NA	NA	NA	NA	NA	NA	NA	NA	NA	NA	NA	NA	NA	NA	NA	NA	NA	NA	NA	NA	NA	NA	NA	NA	NA	NA	NA	NA	NA	NA	NA	NA	NA	NA	NA	NA	NA	NA	NA	NA	NA	NA	NA	NA	NA	NA	NA	NA	NA	NA	NA	NA	NA	NA	NA	NA	NA	NA	NA	NA	NA	NA	NA	NA	NA	NA	NA	NA	NA	NA	NA	NA	NA	NA	NA	NA	NA	NA	NA	NA	NA	NA	NA	NA	NA	NA	NA	NA	NA	NA	NA	NA	NA	NA	NA	NA	NA	NA	NA	NA	NA	NA	NA	Female	NA	NA	NA	NA	NA	NA	NA	NA	NA	NA	NA	NA	NA	NA	NA	NA	NA	NA	0.0498	Grade 2	NA	NA	NA	NA	NA	NA	NA	NA	NA	61.77	0:LIVING	NA	NA	NA	NA	NA	NA	NA	NA	NA	NA	NA	NA	NA	NA	NA	NA	1:Recurred	NA	NA	NA	NA	NA	NA	NA	NA	NA	NA	NA	NA	NA	NA	NA	NA	NA	NA	NA	NA	NA	NA	NA	NA	NA	NA	NA	NA	NA	NA	NA	NA	NA	NA	NA	NA	NA	NA	NA	NA	NA	NA	NA	NA	NA	NA	NA	NA	NA	NA	NA	NA	NA	NA	NA	NA	NA	NA	NA	NA	NA	NA	NA	NA	NA	NA	NA	NA	NA	NA	NA	NA	NA	NA	NA	NA	NA	NA	NA	NA	NA	NA	NA	NA	NA	NA	NA	NA	NA	NA	NA	NA	NA	NA	NA	NA	NA	NA	NA	NA	Copy-number low (Endometriod)	NA	NA	NA	NA	NA	NA	NA	2	Y	Y	Endometrioid	Y	4	4	0.923555802	0	3	MSS	MSS	1_LOW	Y	Stage I
ucec_tcga_pan_can_atlas_2018	TCGA-BS-A0TG	TCGA-BS-A0TG-01	Endometrial Cancer	Uterine Endometrioid Carcinoma	Not Hispanic Or Latino	NA	NA	NA	39	UEC	White	1	Primary	Matched	1.266666667	NA	NA	NA	NA	NA	NA	60	NA	NA	NA	NA	NA	NA	NA	NA	NA	NA	NA	NA	NA	NA	NA	NA	NA	NA	NA	NA	NA	NA	NA	NA	NA	NA	NA	NA	NA	NA	NA	NA	NA	NA	NA	NA	NA	NA	NA	NA	NA	NA	NA	NA	NA	NA	NA	NA	NA	NA	NA	NA	NA	NA	NA	NA	NA	NA	NA	NA	NA	NA	NA	NA	NA	NA	NA	NA	NA	NA	NA	NA	NA	NA	NA	NA	NA	NA	NA	NA	NA	NA	NA	NA	NA	NA	NA	NA	NA	NA	NA	NA	NA	NA	NA	NA	NA	NA	NA	NA	NA	NA	NA	NA	NA	NA	NA	NA	NA	NA	NA	NA	NA	NA	NA	NA	NA	NA	NA	NA	NA	NA	NA	NA	NA	NA	NA	NA	NA	NA	NA	NA	NA	NA	NA	NA	NA	NA	NA	Female	NA	NA	NA	NA	NA	NA	NA	NA	NA	NA	NA	NA	NA	NA	NA	NA	NA	NA	0.0498	G2	NA	NA	NA	NA	NA	NA	NA	NA	NA	77.94983069	0:LIVING	NA	NA	NA	NA	NA	NA	NA	1988	NA	NA	NA	NA	NA	0	NA	77.94983069	0:DiseaseFree	NA	NA	NA	11/19/10	NA	NA	NA	NA	NA	No	NA	NA	NA	C54.1	8380/3	C54.1	Yes	NA	NA	NA	NA	NA	NA	NA	NA	NA	NA	NA	NA	NA	NA	NA	NA	NA	NA	13f31bcb-befd-4ed2-adc0-dc9e9ce52b75	NA	NA	NA	NA	NA	NA	NA	NA	NA	NA	NA	NA	NA	NA	NA	NA	NA	NA	NA	NA	NA	NA	NA	NA	NA	NA	University of Hawaii	NA	NA	NA	NA	64	NA	2371	-22043	NA	NA	NA	NA	NA	NA	NA	NA	NA	NA	NA	NA	NA	2	NA	UCEC	77.94983069	0:ALIVE OR DEAD TUMOR FREE	EUR	Yes	0.2899	0.17	Tumor Free	77.94983069	0:CENSORED	NA	No	Yes	NA	UCEC_CN_LOW	0	No	Yes	BS	Uterus	Endometrioid Endometrial Adenocarcinoma	NA	NA	NA	NA	NA	NA	NA	NA	NA	NA	NA	NA	NA	NA	NA	NA
ucec_tcga_pan_can_atlas_2018	TCGA-BS-A0TI	TCGA-BS-A0TI-01	Endometrial Cancer	Uterine Endometrioid Carcinoma	Not Hispanic Or Latino	NA	NA	NA	84	UEC	White	1	Primary	Matched	2.8	NA	NA	NA	NA	NA	NA	64	NA	NA	NA	NA	NA	NA	NA	NA	NA	NA	NA	NA	NA	NA	NA	NA	NA	NA	NA	NA	NA	NA	NA	NA	NA	NA	NA	NA	NA	NA	NA	NA	NA	NA	NA	NA	NA	NA	NA	NA	NA	NA	NA	NA	NA	NA	NA	NA	NA	NA	NA	NA	NA	NA	NA	NA	NA	NA	NA	NA	NA	NA	NA	NA	NA	NA	NA	NA	NA	NA	NA	NA	NA	NA	NA	NA	NA	NA	NA	NA	NA	NA	NA	NA	NA	NA	NA	NA	NA	NA	NA	NA	NA	NA	NA	NA	NA	NA	NA	NA	NA	NA	NA	NA	NA	NA	NA	NA	NA	NA	NA	NA	NA	NA	NA	NA	NA	NA	NA	NA	NA	NA	NA	NA	NA	NA	NA	NA	NA	NA	NA	NA	NA	NA	NA	NA	NA	NA	NA	Female	NA	NA	NA	NA	NA	NA	NA	NA	NA	NA	NA	NA	NA	NA	NA	NA	NA	NA	0.3669	G3	NA	NA	NA	NA	NA	NA	NA	NA	NA	61.87329454	0:LIVING	NA	NA	NA	NA	NA	NA	NA	1988	NA	NA	NA	NA	NA	0	NA	61.87329454	0:DiseaseFree	NA	NA	NA	11/19/10	NA	NA	NA	NA	NA	No	NA	NA	NA	C54.1	8380/3	C54.1	Yes	NA	NA	NA	NA	NA	NA	NA	NA	NA	NA	NA	NA	NA	NA	NA	NA	NA	NA	df857bc6-fd6a-4713-bef9-6ee1301e5fb1	NA	NA	NA	NA	NA	NA	NA	NA	NA	NA	NA	NA	NA	NA	NA	NA	NA	NA	NA	NA	NA	NA	NA	NA	NA	NA	University of Hawaii	NA	NA	NA	NA	59	NA	1882	-23705	NA	NA	NA	NA	NA	NA	NA	NA	NA	NA	NA	NA	NA	7	NA	UCEC	61.87329454	0:ALIVE OR DEAD TUMOR FREE	EUR	Yes	0.3761	0.9	Tumor Free	61.87329454	0:CENSORED	NA	No	No	NA	UCEC_CN_HIGH	125	No	Yes	BS	Uterus	Endometrioid Endometrial Adenocarcinoma	NA	NA	NA	NA	NA	NA	NA	NA	NA	NA	NA	NA	NA	NA	NA	NA
ucec_tcga_pan_can_atlas_2018	TCGA-BS-A0TJ	TCGA-BS-A0TJ-01	Endometrial Cancer	Uterine Endometrioid Carcinoma	Not Hispanic Or Latino	NA	NA	NA	701	UEC	Asian	1	Primary	Matched	23.46666667	NA	NA	NA	NA	NA	NA	59	NA	NA	NA	NA	NA	NA	NA	NA	NA	NA	NA	NA	NA	NA	NA	NA	NA	NA	NA	NA	NA	NA	NA	NA	NA	NA	NA	NA	NA	NA	NA	NA	NA	NA	NA	NA	NA	NA	NA	NA	NA	NA	NA	NA	NA	NA	NA	NA	NA	NA	NA	NA	NA	NA	NA	NA	NA	NA	NA	NA	NA	NA	NA	NA	NA	NA	NA	NA	NA	NA	NA	NA	NA	NA	NA	NA	NA	NA	NA	NA	NA	NA	NA	NA	NA	NA	NA	NA	NA	NA	NA	NA	NA	NA	NA	NA	NA	NA	NA	NA	NA	NA	NA	NA	NA	NA	NA	NA	NA	NA	NA	NA	NA	NA	NA	NA	NA	NA	NA	NA	NA	NA	NA	NA	NA	NA	NA	NA	NA	NA	NA	NA	NA	NA	NA	NA	NA	NA	NA	Female	NA	NA	NA	NA	NA	NA	NA	NA	NA	NA	NA	NA	NA	NA	NA	NA	NA	NA	0.0002	G3	NA	NA	NA	NA	NA	NA	NA	NA	NA	67.98829602	0:LIVING	NA	NA	NA	NA	NA	NA	NA	1988	NA	NA	NA	NA	NA	0	NA	67.98829602	0:DiseaseFree	NA	NA	NA	11/19/10	NA	NA	NA	NA	NA	No	NA	NA	NA	C54.1	8380/3	C54.1	Yes	NA	NA	NA	NA	NA	NA	NA	NA	NA	NA	NA	NA	NA	NA	NA	NA	NA	NA	f74da4c6-4291-46d2-abd4-7d7f6ef03b00	NA	NA	NA	NA	NA	NA	NA	NA	NA	NA	NA	NA	NA	NA	NA	NA	NA	NA	NA	NA	NA	NA	NA	NA	NA	NA	University of Hawaii	NA	NA	NA	NA	88	NA	2068	-21663	NA	NA	NA	NA	NA	NA	NA	NA	NA	NA	NA	NA	NA	0	NA	UCEC	67.98829602	0:ALIVE OR DEAD TUMOR FREE	EAS	Yes	0.9925	32.67	Tumor Free	67.98829602	0:CENSORED	NA	No	Yes	NA	UCEC_MSI	4	No	Yes	BS	Uterus	Endometrioid Endometrial Adenocarcinoma	NA	NA	NA	NA	NA	NA	NA	NA	NA	NA	NA	NA	NA	NA	NA	NA
ucec_tcga_pub	TCGA-BS-A0U5	TCGA-BS-A0U5-01	Endometrial Cancer	Uterine Endometrioid Carcinoma	NA	NA	NA	NA	57	UEC	NA	1	Primary	Matched	1.93333333333	NA	NA	NA	NA	NA	NA	76	NA	NA	NA	NA	NA	NA	NA	NA	NA	NA	NA	NA	NA	NA	NA	NA	NA	NA	NA	NA	NA	NA	NA	NA	NA	NA	NA	NA	NA	NA	NA	NA	NA	NA	NA	NA	NA	NA	NA	NA	NA	NA	NA	NA	NA	NA	NA	NA	NA	NA	NA	NA	NA	NA	NA	NA	NA	NA	NA	NA	NA	NA	NA	NA	NA	NA	NA	NA	NA	NA	NA	NA	NA	NA	NA	NA	NA	NA	NA	NA	NA	NA	NA	NA	NA	NA	NA	NA	NA	NA	NA	NA	NA	NA	NA	NA	NA	NA	NA	NA	NA	NA	NA	NA	NA	NA	NA	NA	NA	NA	NA	NA	NA	NA	NA	NA	NA	NA	NA	NA	NA	NA	NA	NA	NA	NA	NA	NA	NA	NA	NA	NA	NA	NA	NA	NA	NA	NA	NA	Female	NA	NA	NA	NA	NA	NA	NA	NA	NA	NA	NA	NA	NA	NA	NA	NA	NA	NA	0.0001	Grade 1	NA	NA	NA	NA	NA	NA	NA	NA	NA	72.41	0:LIVING	NA	NA	NA	NA	NA	NA	NA	NA	NA	NA	NA	NA	NA	NA	NA	72.41222428	0:DiseaseFree	NA	NA	NA	NA	NA	NA	NA	NA	NA	NA	NA	NA	NA	NA	NA	NA	NA	NA	NA	NA	NA	NA	NA	NA	NA	NA	NA	NA	NA	NA	NA	NA	NA	NA	NA	NA	NA	NA	NA	NA	NA	NA	NA	NA	NA	NA	NA	NA	NA	NA	NA	NA	NA	NA	NA	NA	NA	NA	NA	NA	NA	NA	NA	NA	NA	NA	NA	NA	NA	NA	NA	NA	NA	NA	NA	NA	NA	NA	NA	NA	NA	NA	NA	NA	NA	NA	NA	NA	NA	NA	NA	NA	NA	NA	NA	NA	NA	NA	NA	NA	Copy-number low (Endometriod)	NA	NA	NA	NA	NA	NA	NA	2	Y	Y	Endometrioid	Y	4	4	0.869465256	0	2	MSS	MSS	1_LOW	Y	Stage I
ucec_tcga_pan_can_atlas_2018	TCGA-BS-A0U5	TCGA-BS-A0U5-01	Endometrial Cancer	Uterine Endometrioid Carcinoma	Not Hispanic Or Latino	NA	NA	NA	58	UEC	White	1	Primary	Matched	1.933333333	NA	NA	NA	NA	NA	NA	76	NA	NA	NA	NA	NA	NA	NA	NA	NA	NA	NA	NA	NA	NA	NA	NA	NA	NA	NA	NA	NA	NA	NA	NA	NA	NA	NA	NA	NA	NA	NA	NA	NA	NA	NA	NA	NA	NA	NA	NA	NA	NA	NA	NA	NA	NA	NA	NA	NA	NA	NA	NA	NA	NA	NA	NA	NA	NA	NA	NA	NA	NA	NA	NA	NA	NA	NA	NA	NA	NA	NA	NA	NA	NA	NA	NA	NA	NA	NA	NA	NA	NA	NA	NA	NA	NA	NA	NA	NA	NA	NA	NA	NA	NA	NA	NA	NA	NA	NA	NA	NA	NA	NA	NA	NA	NA	NA	NA	NA	NA	NA	NA	NA	NA	NA	NA	NA	NA	NA	NA	NA	NA	NA	NA	NA	NA	NA	NA	NA	NA	NA	NA	NA	NA	NA	NA	NA	NA	NA	Female	NA	NA	NA	NA	NA	NA	NA	NA	NA	NA	NA	NA	NA	NA	NA	NA	NA	NA	0.0001	G1	NA	NA	NA	NA	NA	NA	NA	NA	NA	96.49209324	0:LIVING	NA	NA	NA	NA	NA	NA	NA	1988	NA	NA	NA	NA	NA	0	NA	96.49209324	0:DiseaseFree	NA	NA	NA	3/25/11	NA	NA	NA	NA	NA	No	NA	NA	NA	C54.1	8380/3	C54.1	Yes	NA	NA	NA	NA	NA	NA	NA	NA	NA	NA	NA	NA	NA	NA	NA	No	NA	NA	c306d7e8-5486-41d3-84dd-9311ce3e2069	NA	NA	NA	NA	NA	NA	NA	NA	NA	NA	NA	NA	NA	NA	NA	NA	NA	NA	NA	NA	NA	NA	NA	NA	NA	NA	University of Hawaii	NA	NA	NA	NA	59	NA	2935	-27945	NA	NA	NA	NA	NA	NA	NA	NA	NA	NA	NA	NA	NA	0	NA	UCEC	96.49209324	0:ALIVE OR DEAD TUMOR FREE	EUR	Yes	0.2767	0.17	Tumor Free	96.49209324	0:CENSORED	NA	No	No	NA	UCEC_CN_LOW	1	No	Yes	BS	Uterus	Endometrioid Endometrial Adenocarcinoma	NA	NA	NA	NA	NA	NA	NA	NA	NA	NA	NA	NA	NA	NA	NA	NA
ucec_tcga_pan_can_atlas_2018	TCGA-BS-A0U7	TCGA-BS-A0U7-01	Endometrial Cancer	Uterine Endometrioid Carcinoma	Not Hispanic Or Latino	NA	NA	NA	185	UEC	White	1	Primary	Matched	6.2	NA	NA	NA	NA	NA	NA	63	NA	NA	NA	NA	NA	NA	NA	NA	NA	NA	NA	NA	NA	NA	NA	NA	NA	NA	NA	NA	NA	NA	NA	NA	NA	NA	NA	NA	NA	NA	NA	NA	NA	NA	NA	NA	NA	NA	NA	NA	NA	NA	NA	NA	NA	NA	NA	NA	NA	NA	NA	NA	NA	NA	NA	NA	NA	NA	NA	NA	NA	NA	NA	NA	NA	NA	NA	NA	NA	NA	NA	NA	NA	NA	NA	NA	NA	NA	NA	NA	NA	NA	NA	NA	NA	NA	NA	NA	NA	NA	NA	NA	NA	NA	NA	NA	NA	NA	NA	NA	NA	NA	NA	NA	NA	NA	NA	NA	NA	NA	NA	NA	NA	NA	NA	NA	NA	NA	NA	NA	NA	NA	NA	NA	NA	NA	NA	NA	NA	NA	NA	NA	NA	NA	NA	NA	NA	NA	NA	Female	NA	NA	NA	NA	NA	NA	NA	NA	NA	NA	NA	NA	NA	NA	NA	NA	NA	NA	0.0908	G2	NA	NA	NA	NA	NA	NA	NA	NA	NA	30.73938916	1:DECEASED	NA	NA	NA	NA	NA	NA	NA	1988	NA	NA	NA	NA	NA	0	NA	30.73938916	0:DiseaseFree	NA	NA	NA	3/25/11	NA	NA	NA	NA	NA	No	NA	NA	NA	C54.1	8380/3	C54.1	Yes	NA	NA	NA	NA	NA	NA	NA	NA	NA	NA	NA	NA	NA	NA	NA	No	NA	NA	282ddc43-922d-4f1f-80c7-6ba2de23b7bc	NA	NA	NA	NA	NA	NA	NA	NA	NA	NA	NA	NA	NA	NA	NA	NA	NA	NA	NA	NA	NA	NA	NA	NA	NA	NA	University of Hawaii	NA	NA	NA	NA	66	NA	NA	-23166	NA	NA	NA	NA	NA	NA	NA	NA	NA	NA	NA	NA	NA	3	NA	UCEC	30.73938916	0:ALIVE OR DEAD TUMOR FREE	EUR	Yes	0.3873	3.2	Tumor Free	30.73938916	0:CENSORED	NA	No	No	NA	UCEC_CN_LOW	2	No	Yes	BS	Uterus	Endometrioid Endometrial Adenocarcinoma	NA	NA	NA	NA	NA	NA	NA	NA	NA	NA	NA	NA	NA	NA	NA	NA
ucec_tcga_pan_can_atlas_2018	TCGA-BS-A0U8	TCGA-BS-A0U8-01	Endometrial Cancer	Uterine Endometrioid Carcinoma	Not Hispanic Or Latino	NA	NA	NA	425	UEC	White	1	Primary	Matched	14.2	NA	NA	NA	NA	NA	NA	55	NA	NA	NA	NA	NA	NA	NA	NA	NA	NA	NA	NA	NA	NA	NA	NA	NA	NA	NA	NA	NA	NA	NA	NA	NA	NA	NA	NA	NA	NA	NA	NA	NA	NA	NA	NA	NA	NA	NA	NA	NA	NA	NA	NA	NA	NA	NA	NA	NA	NA	NA	NA	NA	NA	NA	NA	NA	NA	NA	NA	NA	NA	NA	NA	NA	NA	NA	NA	NA	NA	NA	NA	NA	NA	NA	NA	NA	NA	NA	NA	NA	NA	NA	NA	NA	NA	NA	NA	NA	NA	NA	NA	NA	NA	NA	NA	NA	NA	NA	NA	NA	NA	NA	NA	NA	NA	NA	NA	NA	NA	NA	NA	NA	NA	NA	NA	NA	NA	NA	NA	NA	NA	NA	NA	NA	NA	NA	NA	NA	NA	NA	NA	NA	NA	NA	NA	NA	NA	NA	Female	NA	NA	NA	NA	NA	NA	NA	NA	NA	NA	NA	NA	NA	NA	NA	NA	NA	NA	0.0034	G1	NA	NA	NA	NA	NA	NA	NA	NA	NA	97.41263109	0:LIVING	NA	NA	NA	NA	NA	NA	NA	1988	NA	NA	NA	NA	NA	0	NA	97.41263109	0:DiseaseFree	NA	NA	NA	3/25/11	NA	NA	NA	NA	NA	No	NA	NA	NA	C54.1	8380/3	C54.1	Yes	NA	NA	NA	NA	NA	NA	NA	NA	NA	NA	NA	NA	NA	NA	NA	No	NA	NA	fb7475df-30cc-4316-b9ac-37cbeeb6ba2b	NA	NA	NA	NA	NA	NA	NA	NA	NA	NA	NA	NA	NA	NA	NA	NA	NA	NA	NA	NA	NA	NA	NA	NA	NA	NA	University of Hawaii	NA	NA	NA	NA	82	NA	2963	-20402	NA	NA	NA	NA	NA	NA	NA	NA	NA	NA	NA	NA	NA	0	NA	UCEC	97.41263109	0:ALIVE OR DEAD TUMOR FREE	EUR	Yes	0.8033	24.27	Tumor Free	97.41263109	0:CENSORED	NA	No	Yes	NA	UCEC_MSI	24	No	Yes	BS	Uterus	Endometrioid Endometrial Adenocarcinoma	NA	NA	NA	NA	NA	NA	NA	NA	NA	NA	NA	NA	NA	NA	NA	NA
ucec_tcga_pan_can_atlas_2018	TCGA-BS-A0U9	TCGA-BS-A0U9-01	Endometrial Cancer	Uterine Endometrioid Carcinoma	Not Hispanic Or Latino	NA	NA	NA	36	UEC	Native Hawaiian or Other Pacific Islander	1	Primary	Matched	1.2	NA	NA	NA	NA	NA	NA	59	NA	NA	NA	NA	NA	NA	NA	NA	NA	NA	NA	NA	NA	NA	NA	NA	NA	NA	NA	NA	NA	NA	NA	NA	NA	NA	NA	NA	NA	NA	NA	NA	NA	NA	NA	NA	NA	NA	NA	NA	NA	NA	NA	NA	NA	NA	NA	NA	NA	NA	NA	NA	NA	NA	NA	NA	NA	NA	NA	NA	NA	NA	NA	NA	NA	NA	NA	NA	NA	NA	NA	NA	NA	NA	NA	NA	NA	NA	NA	NA	NA	NA	NA	NA	NA	NA	NA	NA	NA	NA	NA	NA	NA	NA	NA	NA	NA	NA	NA	NA	NA	NA	NA	NA	NA	NA	NA	NA	NA	NA	NA	NA	NA	NA	NA	NA	NA	NA	NA	NA	NA	NA	NA	NA	NA	NA	NA	NA	NA	NA	NA	NA	NA	NA	NA	NA	NA	NA	NA	Female	NA	NA	NA	NA	NA	NA	NA	NA	NA	NA	NA	NA	NA	NA	NA	NA	NA	NA	0.6511	G3	NA	NA	NA	NA	NA	NA	NA	NA	NA	92.87569451	0:LIVING	NA	NA	NA	NA	NA	NA	NA	1988	NA	NA	NA	NA	NA	0	NA	92.87569451	0:DiseaseFree	NA	NA	NA	3/28/11	NA	NA	NA	NA	NA	No	NA	NA	NA	C54.1	8380/3	C54.1	Yes	NA	NA	NA	NA	NA	NA	NA	NA	NA	NA	NA	NA	NA	NA	NA	No	NA	NA	5ffa2ec6-2d94-4b09-8fb9-3591cf38fa4f	NA	NA	NA	NA	NA	NA	NA	NA	NA	NA	NA	NA	NA	NA	NA	NA	NA	NA	NA	NA	NA	NA	NA	NA	NA	NA	University of Hawaii	NA	NA	NA	NA	99	NA	2825	-21580	NA	NA	NA	NA	NA	NA	NA	NA	NA	NA	NA	NA	NA	18	NA	UCEC	92.87569451	0:ALIVE OR DEAD TUMOR FREE	EAS	Yes	NA	0.49	Tumor Free	92.87569451	0:CENSORED	NA	No	No	NA	UCEC_CN_HIGH	191	No	Yes	BS	Uterus	Endometrioid Endometrial Adenocarcinoma	NA	NA	NA	NA	NA	NA	NA	NA	NA	NA	NA	NA	NA	NA	NA	NA
ucec_tcga_pan_can_atlas_2018	TCGA-BS-A0UA	TCGA-BS-A0UA-01	Endometrial Cancer	Uterine Endometrioid Carcinoma	Not Hispanic Or Latino	NA	NA	NA	321	UEC	White	1	Primary	Matched	10.73333333	NA	NA	NA	NA	NA	NA	68	NA	NA	NA	NA	NA	NA	NA	NA	NA	NA	NA	NA	NA	NA	NA	NA	NA	NA	NA	NA	NA	NA	NA	NA	NA	NA	NA	NA	NA	NA	NA	NA	NA	NA	NA	NA	NA	NA	NA	NA	NA	NA	NA	NA	NA	NA	NA	NA	NA	NA	NA	NA	NA	NA	NA	NA	NA	NA	NA	NA	NA	NA	NA	NA	NA	NA	NA	NA	NA	NA	NA	NA	NA	NA	NA	NA	NA	NA	NA	NA	NA	NA	NA	NA	NA	NA	NA	NA	NA	NA	NA	NA	NA	NA	NA	NA	NA	NA	NA	NA	NA	NA	NA	NA	NA	NA	NA	NA	NA	NA	NA	NA	NA	NA	NA	NA	NA	NA	NA	NA	NA	NA	NA	NA	NA	NA	NA	NA	NA	NA	NA	NA	NA	NA	NA	NA	NA	NA	NA	Female	NA	NA	NA	NA	NA	NA	NA	NA	NA	NA	NA	NA	NA	NA	NA	NA	NA	NA	0.0000	G1	NA	NA	NA	NA	NA	NA	NA	NA	NA	114.9028504	0:LIVING	NA	NA	NA	NA	NA	NA	NA	1988	NA	NA	NA	NA	NA	0	NA	17.09570306	1:Recurred/Progressed	NA	NA	NA	3/25/11	NA	NA	NA	NA	NA	No	NA	NA	NA	C54.1	8380/3	C54.1	Yes	NA	NA	NA	NA	NA	NA	NA	NA	NA	NA	NA	NA	NA	NA	NA	Yes	NA	NA	a1a0177d-e670-4f2f-a99d-6f668a2f9e8a	NA	NA	NA	NA	NA	NA	NA	NA	NA	NA	NA	NA	NA	NA	NA	NA	NA	NA	NA	NA	NA	NA	NA	NA	NA	NA	University of Hawaii	NA	NA	NA	NA	64	NA	2687	-24872	NA	NA	NA	NA	NA	NA	NA	NA	NA	NA	NA	NA	NA	0	NA	UCEC	114.9028504	0:ALIVE OR DEAD TUMOR FREE	EUR	Yes	0.5364	16.89	Tumor Free	17.09570306	1:PROGRESSION	NA	No	No	NA	UCEC_MSI	0	No	Yes	BS	Uterus	Endometrioid Endometrial Adenocarcinoma	NA	NA	NA	NA	NA	NA	NA	NA	NA	NA	NA	NA	NA	NA	NA	NA
ucec_tcga_pan_can_atlas_2018	TCGA-BS-A0UJ	TCGA-BS-A0UJ-01	Endometrial Cancer	Uterine Endometrioid Carcinoma	Not Hispanic Or Latino	NA	NA	NA	1583	UEC	Asian	1	Primary	Matched	52.83333333	NA	NA	NA	NA	NA	NA	68	NA	NA	NA	NA	NA	NA	NA	NA	NA	NA	NA	NA	NA	NA	NA	NA	NA	NA	NA	NA	NA	NA	NA	NA	NA	NA	NA	NA	NA	NA	NA	NA	NA	NA	NA	NA	NA	NA	NA	NA	NA	NA	NA	NA	NA	NA	NA	NA	NA	NA	NA	NA	NA	NA	NA	NA	NA	NA	NA	NA	NA	NA	NA	NA	NA	NA	NA	NA	NA	NA	NA	NA	NA	NA	NA	NA	NA	NA	NA	NA	NA	NA	NA	NA	NA	NA	NA	NA	NA	NA	NA	NA	NA	NA	NA	NA	NA	NA	NA	NA	NA	NA	NA	NA	NA	NA	NA	NA	NA	NA	NA	NA	NA	NA	NA	NA	NA	NA	NA	NA	NA	NA	NA	NA	NA	NA	NA	NA	NA	NA	NA	NA	NA	NA	NA	NA	NA	NA	NA	Female	NA	NA	NA	NA	NA	NA	NA	NA	NA	NA	NA	NA	NA	NA	NA	NA	NA	NA	0.0001	G1	NA	NA	NA	NA	NA	NA	NA	NA	NA	82.38813821	0:LIVING	NA	NA	NA	NA	NA	NA	NA	1988	NA	NA	NA	NA	NA	0	NA	82.38813821	0:DiseaseFree	NA	NA	NA	3/25/11	NA	NA	NA	NA	NA	No	NA	NA	NA	C54.1	8380/3	C54.1	Yes	NA	NA	NA	NA	NA	NA	NA	NA	NA	NA	NA	NA	NA	NA	NA	No	NA	NA	ff82548a-f1bb-4daa-a8f7-b3831b5843ad	NA	NA	NA	NA	NA	NA	NA	NA	NA	NA	NA	NA	NA	NA	NA	NA	NA	NA	NA	NA	NA	NA	NA	NA	NA	NA	University of Hawaii	NA	NA	NA	NA	52	NA	2506	-25149	NA	NA	NA	NA	NA	NA	NA	NA	NA	NA	NA	NA	NA	0	NA	UCEC	82.38813821	0:ALIVE OR DEAD TUMOR FREE	EAS	Yes	0.3517	5.03	Tumor Free	82.38813821	0:CENSORED	NA	No	No	NA	UCEC_MSI	0	No	Yes	BS	Uterus	Endometrioid Endometrial Adenocarcinoma	NA	NA	NA	NA	NA	NA	NA	NA	NA	NA	NA	NA	NA	NA	NA	NA
ucec_tcga_pan_can_atlas_2018	TCGA-BS-A0UL	TCGA-BS-A0UL-01	Endometrial Cancer	Uterine Endometrioid Carcinoma	Not Hispanic Or Latino	NA	NA	NA	388	UEC	Native Hawaiian or Other Pacific Islander	1	Primary	Matched	13	NA	NA	NA	NA	NA	NA	54	NA	NA	NA	NA	NA	NA	NA	NA	NA	NA	NA	NA	NA	NA	NA	NA	NA	NA	NA	NA	NA	NA	NA	NA	NA	NA	NA	NA	NA	NA	NA	NA	NA	NA	NA	NA	NA	NA	NA	NA	NA	NA	NA	NA	NA	NA	NA	NA	NA	NA	NA	NA	NA	NA	NA	NA	NA	NA	NA	NA	NA	NA	NA	NA	NA	NA	NA	NA	NA	NA	NA	NA	NA	NA	NA	NA	NA	NA	NA	NA	NA	NA	NA	NA	NA	NA	NA	NA	NA	NA	NA	NA	NA	NA	NA	NA	NA	NA	NA	NA	NA	NA	NA	NA	NA	NA	NA	NA	NA	NA	NA	NA	NA	NA	NA	NA	NA	NA	NA	NA	NA	NA	NA	NA	NA	NA	NA	NA	NA	NA	NA	NA	NA	NA	NA	NA	NA	NA	NA	Female	NA	NA	NA	NA	NA	NA	NA	NA	NA	NA	NA	NA	NA	NA	NA	NA	NA	NA	0.0001	G1	NA	NA	NA	NA	NA	NA	NA	NA	NA	81.56622941	0:LIVING	NA	NA	NA	NA	NA	NA	NA	1988	NA	NA	NA	NA	NA	0	NA	81.56622941	0:DiseaseFree	NA	NA	NA	3/25/11	NA	NA	NA	NA	NA	No	NA	NA	NA	C54.1	8380/3	C54.1	Yes	NA	NA	NA	NA	NA	NA	NA	NA	NA	NA	NA	NA	NA	NA	NA	No	NA	NA	5428c4b2-37c2-4f8c-a474-39fe1aacb26b	NA	NA	NA	NA	NA	NA	NA	NA	NA	NA	NA	NA	NA	NA	NA	NA	NA	NA	NA	NA	NA	NA	NA	NA	NA	NA	University of Hawaii	NA	NA	NA	NA	114	NA	2481	-19982	NA	NA	NA	NA	NA	NA	NA	NA	NA	NA	NA	NA	NA	0	NA	UCEC	81.56622941	0:ALIVE OR DEAD TUMOR FREE	EAS	Yes	0.4699	12.99	Tumor Free	81.56622941	0:CENSORED	NA	No	No	NA	UCEC_MSI	4	No	Yes	BS	Uterus	Endometrioid Endometrial Adenocarcinoma	NA	NA	NA	NA	NA	NA	NA	NA	NA	NA	NA	NA	NA	NA	NA	NA
ucec_tcga_pub	TCGA-BS-A0UT	TCGA-BS-A0UT-01	Endometrial Cancer	Uterine Endometrioid Carcinoma	NA	NA	NA	NA	41	UEC	NA	1	Primary	Matched	1.36666666667	NA	NA	NA	NA	NA	NA	62	NA	NA	NA	NA	NA	NA	NA	NA	NA	NA	NA	NA	NA	NA	NA	NA	NA	NA	NA	NA	NA	NA	NA	NA	NA	NA	NA	NA	NA	NA	NA	NA	NA	NA	NA	NA	NA	NA	NA	NA	NA	NA	NA	NA	NA	NA	NA	NA	NA	NA	NA	NA	NA	NA	NA	NA	NA	NA	NA	NA	NA	NA	NA	NA	NA	NA	NA	NA	NA	NA	NA	NA	NA	NA	NA	NA	NA	NA	NA	NA	NA	NA	NA	NA	NA	NA	NA	NA	NA	NA	NA	NA	NA	NA	NA	NA	NA	NA	NA	NA	NA	NA	NA	NA	NA	NA	NA	NA	NA	NA	NA	NA	NA	NA	NA	NA	NA	NA	NA	NA	NA	NA	NA	NA	NA	NA	NA	NA	NA	NA	NA	NA	NA	NA	NA	NA	NA	NA	NA	Female	NA	NA	NA	NA	NA	NA	NA	NA	NA	NA	NA	NA	NA	NA	NA	NA	NA	NA	0.1947	Grade 2	NA	NA	NA	NA	NA	NA	NA	NA	NA	19.55	0:LIVING	NA	NA	NA	NA	NA	NA	NA	NA	NA	NA	NA	NA	NA	NA	NA	19.54867216	0:DiseaseFree	NA	NA	NA	NA	NA	NA	NA	NA	NA	NA	NA	NA	NA	NA	NA	NA	NA	NA	NA	NA	NA	NA	NA	NA	NA	NA	NA	NA	NA	NA	NA	NA	NA	NA	NA	NA	NA	NA	NA	NA	NA	NA	NA	NA	NA	NA	NA	NA	NA	NA	NA	NA	NA	NA	NA	NA	NA	NA	NA	NA	NA	NA	NA	NA	NA	NA	NA	NA	NA	NA	NA	NA	NA	NA	NA	NA	NA	NA	NA	NA	NA	NA	NA	NA	NA	NA	NA	NA	NA	NA	NA	NA	NA	NA	NA	NA	NA	NA	NA	NA	Copy-number low (Endometriod)	NA	NA	NA	NA	NA	NA	NA	3	Y	Y	Endometrioid	Y	4	5	0.81473312	0	3	MSS	MSS	1_LOW	Y	Stage II
ucec_tcga_pan_can_atlas_2018	TCGA-BS-A0UT	TCGA-BS-A0UT-01	Endometrial Cancer	Uterine Endometrioid Carcinoma	Not Hispanic Or Latino	NA	NA	NA	39	UEC	Asian	1	Primary	Matched	1.266666667	NA	NA	NA	NA	NA	NA	62	NA	NA	NA	NA	NA	NA	NA	NA	NA	NA	NA	NA	NA	NA	NA	NA	NA	NA	NA	NA	NA	NA	NA	NA	NA	NA	NA	NA	NA	NA	NA	NA	NA	NA	NA	NA	NA	NA	NA	NA	NA	NA	NA	NA	NA	NA	NA	NA	NA	NA	NA	NA	NA	NA	NA	NA	NA	NA	NA	NA	NA	NA	NA	NA	NA	NA	NA	NA	NA	NA	NA	NA	NA	NA	NA	NA	NA	NA	NA	NA	NA	NA	NA	NA	NA	NA	NA	NA	NA	NA	NA	NA	NA	NA	NA	NA	NA	NA	NA	NA	NA	NA	NA	NA	NA	NA	NA	NA	NA	NA	NA	NA	NA	NA	NA	NA	NA	NA	NA	NA	NA	NA	NA	NA	NA	NA	NA	NA	NA	NA	NA	NA	NA	NA	NA	NA	NA	NA	NA	Female	NA	NA	NA	NA	NA	NA	NA	NA	NA	NA	NA	NA	NA	NA	NA	NA	NA	NA	0.1947	G2	NA	NA	NA	NA	NA	NA	NA	NA	NA	72.72249071	0:LIVING	NA	NA	NA	NA	NA	NA	NA	1988	NA	NA	NA	NA	NA	0	NA	72.72249071	0:DiseaseFree	NA	NA	NA	3/25/11	NA	NA	NA	NA	NA	No	NA	NA	NA	C54.1	8380/3	C54.1	Yes	NA	NA	NA	NA	NA	NA	NA	NA	NA	NA	NA	NA	NA	NA	NA	No	NA	NA	e2b1d0de-5221-44a1-8fad-9708a3cada14	NA	NA	NA	NA	NA	NA	NA	NA	NA	NA	NA	NA	NA	NA	NA	NA	NA	NA	NA	NA	NA	NA	NA	NA	NA	NA	University of Hawaii	NA	NA	NA	NA	65	NA	2212	-22775	NA	NA	NA	NA	NA	NA	NA	NA	NA	NA	NA	NA	NA	7	NA	UCEC	72.72249071	0:ALIVE OR DEAD TUMOR FREE	EAS	Yes	0.2888	0.19	Tumor Free	72.72249071	0:CENSORED	NA	No	No	NA	UCEC_CN_LOW	0	No	Yes	BS	Uterus	Endometrioid Endometrial Adenocarcinoma	NA	NA	NA	NA	NA	NA	NA	NA	NA	NA	NA	NA	NA	NA	NA	NA
ucec_tcga_pan_can_atlas_2018	TCGA-BS-A0V4	TCGA-BS-A0V4-01	Endometrial Cancer	Uterine Endometrioid Carcinoma	Not Hispanic Or Latino	NA	NA	NA	325	UEC	White	1	Primary	Matched	10.8	NA	NA	NA	NA	NA	NA	56	NA	NA	NA	NA	NA	NA	NA	NA	NA	NA	NA	NA	NA	NA	NA	NA	NA	NA	NA	NA	NA	NA	NA	NA	NA	NA	NA	NA	NA	NA	NA	NA	NA	NA	NA	NA	NA	NA	NA	NA	NA	NA	NA	NA	NA	NA	NA	NA	NA	NA	NA	NA	NA	NA	NA	NA	NA	NA	NA	NA	NA	NA	NA	NA	NA	NA	NA	NA	NA	NA	NA	NA	NA	NA	NA	NA	NA	NA	NA	NA	NA	NA	NA	NA	NA	NA	NA	NA	NA	NA	NA	NA	NA	NA	NA	NA	NA	NA	NA	NA	NA	NA	NA	NA	NA	NA	NA	NA	NA	NA	NA	NA	NA	NA	NA	NA	NA	NA	NA	NA	NA	NA	NA	NA	NA	NA	NA	NA	NA	NA	NA	NA	NA	NA	NA	NA	NA	NA	NA	Female	NA	NA	NA	NA	NA	NA	NA	NA	NA	NA	NA	NA	NA	NA	NA	NA	NA	NA	0.0307	G1	NA	NA	NA	NA	NA	NA	NA	NA	NA	59.50619719	0:LIVING	NA	NA	NA	NA	NA	NA	NA	1988	NA	NA	NA	NA	NA	0	NA	59.50619719	0:DiseaseFree	NA	NA	NA	3/25/11	NA	NA	NA	NA	NA	No	NA	NA	NA	C54.1	8380/3	C54.1	Yes	NA	NA	NA	NA	NA	NA	NA	NA	NA	NA	NA	NA	NA	NA	NA	No	NA	NA	e3f515f8-a940-40d1-86b0-baed0f410f2c	NA	NA	NA	NA	NA	NA	NA	NA	NA	NA	NA	NA	NA	NA	NA	NA	NA	NA	NA	NA	NA	NA	NA	NA	NA	NA	University of Hawaii	NA	NA	NA	NA	96	NA	1810	-20777	NA	NA	NA	NA	NA	NA	NA	NA	NA	NA	NA	NA	NA	1	-13	UCEC	59.50619719	0:ALIVE OR DEAD TUMOR FREE	EUR	Yes	0.6106	6.86	Tumor Free	59.50619719	0:CENSORED	NA	No	No	-12	UCEC_MSI	14	No	Yes	BS	Uterus	Endometrioid Endometrial Adenocarcinoma	-12	NA	NA	NA	NA	NA	NA	NA	NA	NA	NA	NA	NA	NA	NA	NA
ucec_tcga_pan_can_atlas_2018	TCGA-BS-A0V6	TCGA-BS-A0V6-01	Endometrial Cancer	Uterine Endometrioid Carcinoma	Not Hispanic Or Latino	NA	NA	NA	51	UEC	Asian	1	Primary	Matched	1.766666667	NA	NA	NA	NA	NA	NA	55	NA	NA	NA	NA	NA	NA	NA	NA	NA	NA	NA	NA	NA	NA	NA	NA	NA	NA	NA	NA	NA	NA	NA	NA	NA	NA	NA	NA	NA	NA	NA	NA	NA	NA	NA	NA	NA	NA	NA	NA	NA	NA	NA	NA	NA	NA	NA	NA	NA	NA	NA	NA	NA	NA	NA	NA	NA	NA	NA	NA	NA	NA	NA	NA	NA	NA	NA	NA	NA	NA	NA	NA	NA	NA	NA	NA	NA	NA	NA	NA	NA	NA	NA	NA	NA	NA	NA	NA	NA	NA	NA	NA	NA	NA	NA	NA	NA	NA	NA	NA	NA	NA	NA	NA	NA	NA	NA	NA	NA	NA	NA	NA	NA	NA	NA	NA	NA	NA	NA	NA	NA	NA	NA	NA	NA	NA	NA	NA	NA	NA	NA	NA	NA	NA	NA	NA	NA	NA	NA	Female	NA	NA	NA	NA	NA	NA	NA	NA	NA	NA	NA	NA	NA	NA	NA	NA	NA	NA	0.0002	G1	NA	NA	NA	NA	NA	NA	NA	NA	NA	89.58805931	0:LIVING	NA	NA	NA	NA	NA	NA	NA	1988	NA	NA	NA	NA	NA	0	NA	89.58805931	0:DiseaseFree	NA	NA	NA	3/28/11	NA	NA	NA	NA	NA	No	NA	NA	NA	C54.1	8380/3	C54.1	Yes	NA	NA	NA	NA	NA	NA	NA	NA	NA	NA	NA	NA	NA	NA	NA	No	NA	NA	a9b6cd65-f042-4073-9000-4143a2c55373	NA	NA	NA	NA	NA	NA	NA	NA	NA	NA	NA	NA	NA	NA	NA	NA	NA	NA	NA	NA	NA	NA	NA	NA	NA	NA	University of Hawaii	NA	NA	NA	NA	83	NA	2725	-20369	NA	NA	NA	NA	NA	NA	NA	NA	NA	NA	NA	NA	NA	0	NA	UCEC	89.58805931	0:ALIVE OR DEAD TUMOR FREE	EAS	Yes	0.2612	0.01	Tumor Free	89.58805931	0:CENSORED	NA	No	No	NA	UCEC_CN_LOW	4	No	Yes	BS	Uterus	Endometrioid Endometrial Adenocarcinoma	NA	NA	NA	NA	NA	NA	NA	NA	NA	NA	NA	NA	NA	NA	NA	NA
ucec_tcga_pub	TCGA-BS-A0V6	TCGA-BS-A0V6-01	Endometrial Cancer	Uterine Endometrioid Carcinoma	NA	NA	NA	NA	42	UEC	NA	1	Primary	Matched	1.43333333333	NA	NA	NA	NA	NA	NA	55	NA	NA	NA	NA	NA	NA	NA	NA	NA	NA	NA	NA	NA	NA	NA	NA	NA	NA	NA	NA	NA	NA	NA	NA	NA	NA	NA	NA	NA	NA	NA	NA	NA	NA	NA	NA	NA	NA	NA	NA	NA	NA	NA	NA	NA	NA	NA	NA	NA	NA	NA	NA	NA	NA	NA	NA	NA	NA	NA	NA	NA	NA	NA	NA	NA	NA	NA	NA	NA	NA	NA	NA	NA	NA	NA	NA	NA	NA	NA	NA	NA	NA	NA	NA	NA	NA	NA	NA	NA	NA	NA	NA	NA	NA	NA	NA	NA	NA	NA	NA	NA	NA	NA	NA	NA	NA	NA	NA	NA	NA	NA	NA	NA	NA	NA	NA	NA	NA	NA	NA	NA	NA	NA	NA	NA	NA	NA	NA	NA	NA	NA	NA	NA	NA	NA	NA	NA	NA	NA	Female	NA	NA	NA	NA	NA	NA	NA	NA	NA	NA	NA	NA	NA	NA	NA	NA	NA	NA	0.0002	Grade 1	NA	NA	NA	NA	NA	NA	NA	NA	NA	54.21	0:LIVING	NA	NA	NA	NA	NA	NA	NA	NA	NA	NA	NA	NA	NA	NA	NA	54.21060348	0:DiseaseFree	NA	NA	NA	NA	NA	NA	NA	NA	NA	NA	NA	NA	NA	NA	NA	NA	NA	NA	NA	NA	NA	NA	NA	NA	NA	NA	NA	NA	NA	NA	NA	NA	NA	NA	NA	NA	NA	NA	NA	NA	NA	NA	NA	NA	NA	NA	NA	NA	NA	NA	NA	NA	NA	NA	NA	NA	NA	NA	NA	NA	NA	NA	NA	NA	NA	NA	NA	NA	NA	NA	NA	NA	NA	NA	NA	NA	NA	NA	NA	NA	NA	NA	NA	NA	NA	NA	NA	NA	NA	NA	NA	NA	NA	NA	NA	NA	NA	NA	NA	NA	Copy-number low (Endometriod)	NA	NA	NA	NA	NA	NA	NA	2	Y	Y	Endometrioid	Y	2	2	0.936305291	0	2	MSS	MSS	1_LOW	Y	Stage I
ucec_tcga_pan_can_atlas_2018	TCGA-BS-A0V7	TCGA-BS-A0V7-01	Endometrial Cancer	Uterine Endometrioid Carcinoma	Not Hispanic Or Latino	NA	NA	NA	59	UEC	Native Hawaiian or Other Pacific Islander	1	Primary	Matched	2	NA	NA	NA	NA	NA	NA	48	NA	NA	NA	NA	NA	NA	NA	NA	NA	NA	NA	NA	NA	NA	NA	NA	NA	NA	NA	NA	NA	NA	NA	NA	NA	NA	NA	NA	NA	NA	NA	NA	NA	NA	NA	NA	NA	NA	NA	NA	NA	NA	NA	NA	NA	NA	NA	NA	NA	NA	NA	NA	NA	NA	NA	NA	NA	NA	NA	NA	NA	NA	NA	NA	NA	NA	NA	NA	NA	NA	NA	NA	NA	NA	NA	NA	NA	NA	NA	NA	NA	NA	NA	NA	NA	NA	NA	NA	NA	NA	NA	NA	NA	NA	NA	NA	NA	NA	NA	NA	NA	NA	NA	NA	NA	NA	NA	NA	NA	NA	NA	NA	NA	NA	NA	NA	NA	NA	NA	NA	NA	NA	NA	NA	NA	NA	NA	NA	NA	NA	NA	NA	NA	NA	NA	NA	NA	NA	NA	Female	NA	NA	NA	NA	NA	NA	NA	NA	NA	NA	NA	NA	NA	NA	NA	NA	NA	NA	0.0001	G1	NA	NA	NA	NA	NA	NA	NA	NA	NA	63.58286485	0:LIVING	NA	NA	NA	NA	NA	NA	NA	1988	NA	NA	NA	NA	NA	0	NA	63.58286485	0:DiseaseFree	NA	NA	NA	3/28/11	NA	NA	NA	NA	NA	No	NA	NA	NA	C54.1	8380/3	C54.1	Yes	NA	NA	NA	NA	NA	NA	NA	NA	NA	NA	NA	NA	NA	NA	NA	No	NA	NA	ca858743-1f06-40e3-accf-395d08375b63	NA	NA	NA	NA	NA	NA	NA	NA	NA	NA	NA	NA	NA	NA	NA	NA	NA	NA	NA	NA	NA	NA	NA	NA	NA	NA	University of Hawaii	NA	NA	NA	NA	102	NA	1934	-17810	NA	NA	NA	NA	NA	NA	NA	NA	NA	NA	NA	NA	NA	5	-41	UCEC	63.58286485	0:ALIVE OR DEAD TUMOR FREE	EAS	Yes	0.2599	0	Tumor Free	63.58286485	0:CENSORED	NA	No	No	-20	UCEC_CN_LOW	2	No	Yes	BS	Uterus	Endometrioid Endometrial Adenocarcinoma	-24	NA	NA	NA	NA	NA	NA	NA	NA	NA	NA	NA	NA	NA	NA	NA
ucec_tcga_pan_can_atlas_2018	TCGA-BS-A0V8	TCGA-BS-A0V8-01	Endometrial Cancer	Uterine Endometrioid Carcinoma	Not Hispanic Or Latino	NA	NA	NA	76	UEC	Native Hawaiian or Other Pacific Islander	1	Primary	Matched	2.533333333	NA	NA	NA	NA	NA	NA	68	NA	NA	NA	NA	NA	NA	NA	NA	NA	NA	NA	NA	NA	NA	NA	NA	NA	NA	NA	NA	NA	NA	NA	NA	NA	NA	NA	NA	NA	NA	NA	NA	NA	NA	NA	NA	NA	NA	NA	NA	NA	NA	NA	NA	NA	NA	NA	NA	NA	NA	NA	NA	NA	NA	NA	NA	NA	NA	NA	NA	NA	NA	NA	NA	NA	NA	NA	NA	NA	NA	NA	NA	NA	NA	NA	NA	NA	NA	NA	NA	NA	NA	NA	NA	NA	NA	NA	NA	NA	NA	NA	NA	NA	NA	NA	NA	NA	NA	NA	NA	NA	NA	NA	NA	NA	NA	NA	NA	NA	NA	NA	NA	NA	NA	NA	NA	NA	NA	NA	NA	NA	NA	NA	NA	NA	NA	NA	NA	NA	NA	NA	NA	NA	NA	NA	NA	NA	NA	NA	Female	NA	NA	NA	NA	NA	NA	NA	NA	NA	NA	NA	NA	NA	NA	NA	NA	NA	NA	0.5415	G2	NA	NA	NA	NA	NA	NA	NA	NA	NA	83.63743959	0:LIVING	NA	NA	NA	NA	NA	NA	NA	1988	NA	NA	NA	NA	NA	0	NA	83.63743959	0:DiseaseFree	NA	NA	NA	3/28/11	NA	NA	NA	NA	NA	No	NA	NA	NA	C54.1	8380/3	C54.1	Yes	NA	NA	NA	NA	NA	NA	NA	NA	NA	NA	NA	NA	NA	NA	NA	No	NA	NA	2b76cc9c-c379-43e4-9c3f-56197a3353be	NA	NA	NA	NA	NA	NA	NA	NA	NA	NA	NA	NA	NA	NA	NA	NA	NA	NA	NA	NA	NA	NA	NA	NA	NA	NA	University of Hawaii	NA	NA	NA	NA	85	NA	2544	-24981	NA	NA	NA	NA	NA	NA	NA	NA	NA	NA	NA	NA	NA	18	NA	UCEC	83.63743959	0:ALIVE OR DEAD TUMOR FREE	EAS	Yes	0.2631	0.36	Tumor Free	83.63743959	0:CENSORED	NA	No	Yes	NA	UCEC_CN_HIGH	284	No	Yes	BS	Uterus	Endometrioid Endometrial Adenocarcinoma	NA	NA	NA	NA	NA	NA	NA	NA	NA	NA	NA	NA	NA	NA	NA	NA
ucec_tcga_pan_can_atlas_2018	TCGA-BS-A0VI	TCGA-BS-A0VI-01	Endometrial Cancer	Uterine Endometrioid Carcinoma	Not Hispanic Or Latino	NA	NA	NA	308	UEC	White	1	Primary	Matched	10.33333333	NA	NA	NA	NA	NA	NA	58	NA	NA	NA	NA	NA	NA	NA	NA	NA	NA	NA	NA	NA	NA	NA	NA	NA	NA	NA	NA	NA	NA	NA	NA	NA	NA	NA	NA	NA	NA	NA	NA	NA	NA	NA	NA	NA	NA	NA	NA	NA	NA	NA	NA	NA	NA	NA	NA	NA	NA	NA	NA	NA	NA	NA	NA	NA	NA	NA	NA	NA	NA	NA	NA	NA	NA	NA	NA	NA	NA	NA	NA	NA	NA	NA	NA	NA	NA	NA	NA	NA	NA	NA	NA	NA	NA	NA	NA	NA	NA	NA	NA	NA	NA	NA	NA	NA	NA	NA	NA	NA	NA	NA	NA	NA	NA	NA	NA	NA	NA	NA	NA	NA	NA	NA	NA	NA	NA	NA	NA	NA	NA	NA	NA	NA	NA	NA	NA	NA	NA	NA	NA	NA	NA	NA	NA	NA	NA	NA	Female	NA	NA	NA	NA	NA	NA	NA	NA	NA	NA	NA	NA	NA	NA	NA	NA	NA	NA	0.0440	G3	NA	NA	NA	NA	NA	NA	NA	NA	NA	86.9908275	0:LIVING	NA	NA	NA	NA	NA	NA	NA	1988	NA	NA	NA	NA	NA	0	NA	86.9908275	0:DiseaseFree	NA	NA	NA	3/28/11	NA	NA	NA	NA	NA	No	NA	NA	NA	C54.1	8380/3	C54.1	Yes	NA	NA	NA	NA	NA	NA	NA	NA	NA	NA	NA	NA	NA	NA	NA	No	NA	NA	3405c549-7da5-48ee-ba48-177a67bbcc5d	NA	NA	NA	NA	NA	NA	NA	NA	NA	NA	NA	NA	NA	NA	NA	NA	NA	NA	NA	NA	NA	NA	NA	NA	NA	NA	University of Hawaii	NA	NA	NA	NA	91	NA	2646	-21198	NA	NA	NA	NA	NA	NA	NA	NA	NA	NA	NA	NA	NA	1	NA	UCEC	86.9908275	0:ALIVE OR DEAD TUMOR FREE	EUR	Yes	0.5701	7.04	Tumor Free	86.9908275	0:CENSORED	NA	No	No	NA	UCEC_MSI	3	No	Yes	BS	Uterus	Endometrioid Endometrial Adenocarcinoma	NA	NA	NA	NA	NA	NA	NA	NA	NA	NA	NA	NA	NA	NA	NA	NA
ucec_tcga_pan_can_atlas_2018	TCGA-BS-A0WQ	TCGA-BS-A0WQ-01	Endometrial Cancer	Uterine Endometrioid Carcinoma	Not Hispanic Or Latino	NA	NA	NA	42	UEC	Asian	1	Primary	Matched	1.433333333	NA	NA	NA	NA	NA	NA	55	NA	NA	NA	NA	NA	NA	NA	NA	NA	NA	NA	NA	NA	NA	NA	NA	NA	NA	NA	NA	NA	NA	NA	NA	NA	NA	NA	NA	NA	NA	NA	NA	NA	NA	NA	NA	NA	NA	NA	NA	NA	NA	NA	NA	NA	NA	NA	NA	NA	NA	NA	NA	NA	NA	NA	NA	NA	NA	NA	NA	NA	NA	NA	NA	NA	NA	NA	NA	NA	NA	NA	NA	NA	NA	NA	NA	NA	NA	NA	NA	NA	NA	NA	NA	NA	NA	NA	NA	NA	NA	NA	NA	NA	NA	NA	NA	NA	NA	NA	NA	NA	NA	NA	NA	NA	NA	NA	NA	NA	NA	NA	NA	NA	NA	NA	NA	NA	NA	NA	NA	NA	NA	NA	NA	NA	NA	NA	NA	NA	NA	NA	NA	NA	NA	NA	NA	NA	NA	NA	Female	NA	NA	NA	NA	NA	NA	NA	NA	NA	NA	NA	NA	NA	NA	NA	NA	NA	NA	0.0471	G2	NA	NA	NA	NA	NA	NA	NA	NA	NA	66.47598383	0:LIVING	NA	NA	NA	NA	NA	NA	NA	1988	NA	NA	NA	NA	NA	0	NA	66.47598383	0:DiseaseFree	NA	NA	NA	3/25/11	NA	NA	NA	NA	NA	No	NA	NA	NA	C54.1	8380/3	C54.1	Yes	NA	NA	NA	NA	NA	NA	NA	NA	NA	NA	NA	NA	NA	NA	NA	No	NA	NA	e095a927-d985-4fbd-8093-46c1c6ace4de	NA	NA	NA	NA	NA	NA	NA	NA	NA	NA	NA	NA	NA	NA	NA	NA	NA	NA	NA	NA	NA	NA	NA	NA	NA	NA	University of Hawaii	NA	NA	NA	NA	93	NA	2022	-20131	NA	NA	NA	NA	NA	NA	NA	NA	NA	NA	NA	NA	NA	2	NA	UCEC	66.47598383	0:ALIVE OR DEAD TUMOR FREE	EAS	Yes	0.2671	0.06	Tumor Free	66.47598383	0:CENSORED	NA	No	No	NA	UCEC_CN_LOW	5	No	Yes	BS	Uterus	Endometrioid Endometrial Adenocarcinoma	NA	NA	NA	NA	NA	NA	NA	NA	NA	NA	NA	NA	NA	NA	NA	NA
ucec_tcga_pub	TCGA-BS-A0WQ	TCGA-BS-A0WQ-01	Endometrial Cancer	Uterine Endometrioid Carcinoma	NA	NA	NA	NA	41	UEC	NA	1	Primary	Matched	1.36666666667	NA	NA	NA	NA	NA	NA	55	NA	NA	NA	NA	NA	NA	NA	NA	NA	NA	NA	NA	NA	NA	NA	NA	NA	NA	NA	NA	NA	NA	NA	NA	NA	NA	NA	NA	NA	NA	NA	NA	NA	NA	NA	NA	NA	NA	NA	NA	NA	NA	NA	NA	NA	NA	NA	NA	NA	NA	NA	NA	NA	NA	NA	NA	NA	NA	NA	NA	NA	NA	NA	NA	NA	NA	NA	NA	NA	NA	NA	NA	NA	NA	NA	NA	NA	NA	NA	NA	NA	NA	NA	NA	NA	NA	NA	NA	NA	NA	NA	NA	NA	NA	NA	NA	NA	NA	NA	NA	NA	NA	NA	NA	NA	NA	NA	NA	NA	NA	NA	NA	NA	NA	NA	NA	NA	NA	NA	NA	NA	NA	NA	NA	NA	NA	NA	NA	NA	NA	NA	NA	NA	NA	NA	NA	NA	NA	NA	Female	NA	NA	NA	NA	NA	NA	NA	NA	NA	NA	NA	NA	NA	NA	NA	NA	NA	NA	0.0471	Grade 2	NA	NA	NA	NA	NA	NA	NA	NA	NA	39.66	0:LIVING	NA	NA	NA	NA	NA	NA	NA	NA	NA	NA	NA	NA	NA	NA	NA	39.65587782	0:DiseaseFree	NA	NA	NA	NA	NA	NA	NA	NA	NA	NA	NA	NA	NA	NA	NA	NA	NA	NA	NA	NA	NA	NA	NA	NA	NA	NA	NA	NA	NA	NA	NA	NA	NA	NA	NA	NA	NA	NA	NA	NA	NA	NA	NA	NA	NA	NA	NA	NA	NA	NA	NA	NA	NA	NA	NA	NA	NA	NA	NA	NA	NA	NA	NA	NA	NA	NA	NA	NA	NA	NA	NA	NA	NA	NA	NA	NA	NA	NA	NA	NA	NA	NA	NA	NA	NA	NA	NA	NA	NA	NA	NA	NA	NA	NA	NA	NA	NA	NA	NA	NA	Copy-number low (Endometriod)	NA	NA	NA	NA	NA	NA	NA	2	Y	Y	Endometrioid	Y	4	6	0.936182815	0	3	MSS	MSS	1_LOW	Y	Stage I
ucec_tcga_pub	TCGA-D1-A0ZN	TCGA-D1-A0ZN-01	Endometrial Cancer	Uterine Endometrioid Carcinoma	NA	NA	NA	NA	38	UEC	NA	1	Primary	Matched	1.26666666667	NA	NA	NA	NA	NA	NA	60	NA	NA	NA	NA	NA	NA	NA	NA	NA	NA	NA	NA	NA	NA	NA	NA	NA	NA	NA	NA	NA	NA	NA	NA	NA	NA	NA	NA	NA	NA	NA	NA	NA	NA	NA	NA	NA	NA	NA	NA	NA	NA	NA	NA	NA	NA	NA	NA	NA	NA	NA	NA	NA	NA	NA	NA	NA	NA	NA	NA	NA	NA	NA	NA	NA	NA	NA	NA	NA	NA	NA	NA	NA	NA	NA	NA	NA	NA	NA	NA	NA	NA	NA	NA	NA	NA	NA	NA	NA	NA	NA	NA	NA	NA	NA	NA	NA	NA	NA	NA	NA	NA	NA	NA	NA	NA	NA	NA	NA	NA	NA	NA	NA	NA	NA	NA	NA	NA	NA	NA	NA	NA	NA	NA	NA	NA	NA	NA	NA	NA	NA	NA	NA	NA	NA	NA	NA	NA	NA	Female	NA	NA	NA	NA	NA	NA	NA	NA	NA	NA	NA	NA	NA	NA	NA	NA	NA	NA	0.0767	Grade 1	NA	NA	NA	NA	NA	NA	NA	NA	NA	16.82	0:LIVING	NA	NA	NA	NA	NA	NA	NA	NA	NA	NA	NA	NA	NA	NA	NA	14.71900022	1:Recurred	NA	NA	NA	NA	NA	NA	NA	NA	NA	NA	NA	NA	NA	NA	NA	NA	NA	NA	NA	NA	NA	NA	NA	NA	NA	NA	NA	NA	NA	NA	NA	NA	NA	NA	NA	NA	NA	NA	NA	NA	NA	NA	NA	NA	NA	NA	NA	NA	NA	NA	NA	NA	NA	NA	NA	NA	NA	NA	NA	NA	NA	NA	NA	NA	NA	NA	NA	NA	NA	NA	NA	NA	NA	NA	NA	NA	NA	NA	NA	NA	NA	NA	NA	NA	NA	NA	NA	NA	NA	NA	NA	NA	NA	NA	NA	NA	NA	NA	NA	NA	Copy-number low (Endometriod)	NA	NA	NA	NA	NA	NA	NA	2	Y	Y	Endometrioid	Y	1	5	0.677581832	0	2	MSS	MSS	1_LOW	Y	Stage I
ucec_tcga_pan_can_atlas_2018	TCGA-D1-A0ZN	TCGA-D1-A0ZN-01	Endometrial Cancer	Uterine Endometrioid Carcinoma	Not Hispanic Or Latino	NA	NA	NA	42	UEC	White	1	Primary	Matched	1.4	NA	NA	NA	NA	NA	NA	60	NA	NA	NA	NA	NA	NA	NA	NA	NA	NA	NA	NA	NA	NA	NA	NA	NA	NA	NA	NA	NA	NA	NA	NA	NA	NA	NA	NA	NA	NA	NA	NA	NA	NA	NA	NA	NA	NA	NA	NA	NA	NA	NA	NA	NA	NA	NA	NA	NA	NA	NA	NA	NA	NA	NA	NA	NA	NA	NA	NA	NA	NA	NA	NA	NA	NA	NA	NA	NA	NA	NA	NA	NA	NA	NA	NA	NA	NA	NA	NA	NA	NA	NA	NA	NA	NA	NA	NA	NA	NA	NA	NA	NA	NA	NA	NA	NA	NA	NA	NA	NA	NA	NA	NA	NA	NA	NA	NA	NA	NA	NA	NA	NA	NA	NA	NA	NA	NA	NA	NA	NA	NA	NA	NA	NA	NA	NA	NA	NA	NA	NA	NA	NA	NA	NA	NA	NA	NA	NA	Female	NA	NA	NA	NA	NA	NA	NA	NA	NA	NA	NA	NA	NA	NA	NA	NA	NA	NA	0.0767	G1	NA	NA	NA	NA	NA	NA	NA	NA	NA	16.83269224	0:LIVING	NA	NA	NA	NA	NA	NA	NA	NA	NA	NA	NA	NA	NA	0	NA	16.83269224	0:DiseaseFree	NA	NA	NA	3/4/11	NA	NA	NA	NA	NA	No	NA	NA	NA	C54.1	8380/3	C54.1	Yes	NA	NA	NA	NA	NA	NA	NA	NA	NA	NA	NA	NA	NA	NA	NA	Yes	NA	NA	916ccf0d-02ef-4ccb-824b-6b4294095a08	NA	NA	NA	NA	NA	NA	NA	NA	NA	NA	NA	NA	NA	NA	NA	NA	NA	NA	NA	NA	NA	NA	NA	NA	NA	NA	Mayo Clinic	NA	NA	NA	NA	82	NA	512	-22026	NA	NA	NA	NA	NA	NA	NA	NA	NA	NA	NA	NA	NA	2	NA	UCEC	16.83269224	0:ALIVE OR DEAD TUMOR FREE	EUR	Yes	0.2645	0.14	Tumor Free	14.72860571	1:PROGRESSION	NA	No	Yes	NA	UCEC_CN_LOW	1	No	Yes	D1	Uterus	Endometrioid Endometrial Adenocarcinoma	NA	NA	NA	NA	NA	NA	NA	NA	NA	NA	NA	NA	NA	NA	NA	NA
ucec_tcga_pan_can_atlas_2018	TCGA-D1-A0ZO	TCGA-D1-A0ZO-01	Endometrial Cancer	Uterine Endometrioid Carcinoma	Not Hispanic Or Latino	NA	NA	NA	630	UEC	White	1	Primary	Matched	21.03333333	NA	NA	NA	NA	NA	NA	75	NA	NA	NA	NA	NA	NA	NA	NA	NA	NA	NA	NA	NA	NA	NA	NA	NA	NA	NA	NA	NA	NA	NA	NA	NA	NA	NA	NA	NA	NA	NA	NA	NA	NA	NA	NA	NA	NA	NA	NA	NA	NA	NA	NA	NA	NA	NA	NA	NA	NA	NA	NA	NA	NA	NA	NA	NA	NA	NA	NA	NA	NA	NA	NA	NA	NA	NA	NA	NA	NA	NA	NA	NA	NA	NA	NA	NA	NA	NA	NA	NA	NA	NA	NA	NA	NA	NA	NA	NA	NA	NA	NA	NA	NA	NA	NA	NA	NA	NA	NA	NA	NA	NA	NA	NA	NA	NA	NA	NA	NA	NA	NA	NA	NA	NA	NA	NA	NA	NA	NA	NA	NA	NA	NA	NA	NA	NA	NA	NA	NA	NA	NA	NA	NA	NA	NA	NA	NA	NA	Female	NA	NA	NA	NA	NA	NA	NA	NA	NA	NA	NA	NA	NA	NA	NA	NA	NA	NA	0.0834	G1	NA	NA	NA	NA	NA	NA	NA	NA	NA	19.79156393	0:LIVING	NA	NA	NA	NA	NA	NA	NA	NA	NA	NA	NA	NA	NA	0	NA	19.79156393	0:DiseaseFree	NA	NA	NA	3/4/11	NA	NA	NA	NA	NA	No	NA	NA	NA	C54.1	8380/3	C54.1	Yes	NA	NA	NA	NA	NA	NA	NA	NA	NA	NA	NA	NA	NA	NA	NA	No	NA	NA	b3d635b3-d7ac-4cf8-a318-0a9dd0073e89	NA	NA	NA	NA	NA	NA	NA	NA	NA	NA	NA	NA	NA	NA	NA	NA	NA	NA	NA	NA	NA	NA	NA	NA	NA	NA	Mayo Clinic	NA	NA	NA	NA	110	NA	602	-27482	NA	NA	NA	NA	NA	NA	NA	NA	NA	NA	NA	NA	NA	2	NA	UCEC	19.79156393	0:ALIVE OR DEAD TUMOR FREE	EUR	Yes	0.7496	28.32	Tumor Free	19.79156393	0:CENSORED	NA	Yes	No	NA	UCEC_MSI	0	No	Yes	D1	Uterus	Endometrioid Endometrial Adenocarcinoma	NA	NA	NA	NA	NA	NA	NA	NA	NA	NA	NA	NA	NA	NA	NA	NA
ucec_tcga_pan_can_atlas_2018	TCGA-D1-A0ZP	TCGA-D1-A0ZP-01	Endometrial Cancer	Uterine Serous Carcinoma/Uterine Papillary Serous Carcinoma	Not Hispanic Or Latino	NA	NA	NA	30	USC	White	1	Primary	Matched	1.066666667	NA	NA	NA	NA	NA	NA	59	NA	NA	NA	NA	NA	NA	NA	NA	NA	NA	NA	NA	NA	NA	NA	NA	NA	NA	NA	NA	NA	NA	NA	NA	NA	NA	NA	NA	NA	NA	NA	NA	NA	NA	NA	NA	NA	NA	NA	NA	NA	NA	NA	NA	NA	NA	NA	NA	NA	NA	NA	NA	NA	NA	NA	NA	NA	NA	NA	NA	NA	NA	NA	NA	NA	NA	NA	NA	NA	NA	NA	NA	NA	NA	NA	NA	NA	NA	NA	NA	NA	NA	NA	NA	NA	NA	NA	NA	NA	NA	NA	NA	NA	NA	NA	NA	NA	NA	NA	NA	NA	NA	NA	NA	NA	NA	NA	NA	NA	NA	NA	NA	NA	NA	NA	NA	NA	NA	NA	NA	NA	NA	NA	NA	NA	NA	NA	NA	NA	NA	NA	NA	NA	NA	NA	NA	NA	NA	NA	Female	NA	NA	NA	NA	NA	NA	NA	NA	NA	NA	NA	NA	NA	NA	NA	NA	NA	NA	0.1861	G3	NA	NA	NA	NA	NA	NA	NA	NA	NA	29.95035671	0:LIVING	NA	NA	NA	NA	NA	NA	NA	NA	NA	NA	NA	NA	NA	0	NA	NA	NA	NA	NA	NA	3/7/11	NA	NA	NA	NA	NA	No	NA	NA	NA	C54.1	8441/3	C54.1	Yes	NA	NA	NA	NA	NA	NA	NA	NA	NA	NA	NA	NA	NA	NA	NA	Yes	NA	NA	ac216bb5-15e4-4462-955e-8a522380690e	NA	NA	NA	NA	NA	NA	NA	NA	NA	NA	NA	NA	NA	NA	NA	NA	NA	NA	NA	NA	NA	NA	NA	NA	NA	NA	Mayo Clinic	NA	NA	NA	NA	58	NA	911	-21581	NA	NA	NA	NA	NA	NA	NA	NA	NA	NA	NA	NA	NA	7	NA	UCEC	29.95035671	0:ALIVE OR DEAD TUMOR FREE	EUR	Yes	0.2709	0.36	With Tumor	20.67922543	1:PROGRESSION	NA	No	Yes	NA	UCEC_CN_HIGH	146	No	Yes	D1	Uterus	Serous Endometrial Adenocarcinoma	NA	NA	NA	NA	NA	NA	NA	NA	NA	NA	NA	NA	NA	NA	NA	NA
ucec_tcga_pan_can_atlas_2018	TCGA-D1-A0ZQ	TCGA-D1-A0ZQ-01	Endometrial Cancer	Uterine Endometrioid Carcinoma	Not Hispanic Or Latino	NA	NA	NA	75	UEC	White	1	Primary	Matched	2.533333333	NA	NA	NA	NA	NA	NA	90	NA	NA	NA	NA	NA	NA	NA	NA	NA	NA	NA	NA	NA	NA	NA	NA	NA	NA	NA	NA	NA	NA	NA	NA	NA	NA	NA	NA	NA	NA	NA	NA	NA	NA	NA	NA	NA	NA	NA	NA	NA	NA	NA	NA	NA	NA	NA	NA	NA	NA	NA	NA	NA	NA	NA	NA	NA	NA	NA	NA	NA	NA	NA	NA	NA	NA	NA	NA	NA	NA	NA	NA	NA	NA	NA	NA	NA	NA	NA	NA	NA	NA	NA	NA	NA	NA	NA	NA	NA	NA	NA	NA	NA	NA	NA	NA	NA	NA	NA	NA	NA	NA	NA	NA	NA	NA	NA	NA	NA	NA	NA	NA	NA	NA	NA	NA	NA	NA	NA	NA	NA	NA	NA	NA	NA	NA	NA	NA	NA	NA	NA	NA	NA	NA	NA	NA	NA	NA	NA	Female	NA	NA	NA	NA	NA	NA	NA	NA	NA	NA	NA	NA	NA	NA	NA	NA	NA	NA	0.1772	G2	NA	NA	NA	NA	NA	NA	NA	NA	NA	8.54785153	0:LIVING	NA	NA	NA	NA	NA	NA	NA	NA	NA	NA	NA	NA	NA	0	NA	8.54785153	0:DiseaseFree	NA	NA	NA	3/7/11	NA	NA	NA	NA	NA	No	NA	NA	NA	C54.1	8380/3	C54.1	Yes	NA	NA	NA	NA	NA	NA	NA	NA	NA	NA	NA	NA	NA	NA	NA	No	NA	NA	38243a33-073a-479b-8cf6-c8847aeb5a48	NA	NA	NA	NA	NA	NA	NA	NA	NA	NA	NA	NA	NA	NA	NA	NA	NA	NA	NA	NA	NA	NA	NA	NA	NA	NA	Mayo Clinic	NA	NA	NA	NA	69	NA	260	-32873	NA	NA	NA	NA	NA	NA	NA	NA	NA	NA	NA	NA	NA	5	NA	UCEC	8.54785153	0:ALIVE OR DEAD TUMOR FREE	EUR	Yes	0.2599	0.33	Tumor Free	8.54785153	0:CENSORED	NA	No	No	NA	UCEC_CN_LOW	73	No	Yes	D1	Uterus	Endometrioid Endometrial Adenocarcinoma	NA	NA	NA	NA	NA	NA	NA	NA	NA	NA	NA	NA	NA	NA	NA	NA
ucec_tcga_pub	TCGA-D1-A0ZQ	TCGA-D1-A0ZQ-01	Endometrial Cancer	Uterine Endometrioid Carcinoma	NA	NA	NA	NA	71	UEC	NA	1	Primary	Matched	2.43333333333	NA	NA	NA	NA	NA	NA	90	NA	NA	NA	NA	NA	NA	NA	NA	NA	NA	NA	NA	NA	NA	NA	NA	NA	NA	NA	NA	NA	NA	NA	NA	NA	NA	NA	NA	NA	NA	NA	NA	NA	NA	NA	NA	NA	NA	NA	NA	NA	NA	NA	NA	NA	NA	NA	NA	NA	NA	NA	NA	NA	NA	NA	NA	NA	NA	NA	NA	NA	NA	NA	NA	NA	NA	NA	NA	NA	NA	NA	NA	NA	NA	NA	NA	NA	NA	NA	NA	NA	NA	NA	NA	NA	NA	NA	NA	NA	NA	NA	NA	NA	NA	NA	NA	NA	NA	NA	NA	NA	NA	NA	NA	NA	NA	NA	NA	NA	NA	NA	NA	NA	NA	NA	NA	NA	NA	NA	NA	NA	NA	NA	NA	NA	NA	NA	NA	NA	NA	NA	NA	NA	NA	NA	NA	NA	NA	NA	Female	NA	NA	NA	NA	NA	NA	NA	NA	NA	NA	NA	NA	NA	NA	NA	NA	NA	NA	0.1772	Grade 2	NA	NA	NA	NA	NA	NA	NA	NA	NA	8.54	0:LIVING	NA	NA	NA	NA	NA	NA	NA	NA	NA	NA	NA	NA	NA	NA	NA	8.542276912	0:DiseaseFree	NA	NA	NA	NA	NA	NA	NA	NA	NA	NA	NA	NA	NA	NA	NA	NA	NA	NA	NA	NA	NA	NA	NA	NA	NA	NA	NA	NA	NA	NA	NA	NA	NA	NA	NA	NA	NA	NA	NA	NA	NA	NA	NA	NA	NA	NA	NA	NA	NA	NA	NA	NA	NA	NA	NA	NA	NA	NA	NA	NA	NA	NA	NA	NA	NA	NA	NA	NA	NA	NA	NA	NA	NA	NA	NA	NA	NA	NA	NA	NA	NA	NA	NA	NA	NA	NA	NA	NA	NA	NA	NA	NA	NA	NA	NA	NA	NA	NA	NA	NA	Copy-number low (Endometriod)	NA	NA	NA	NA	NA	NA	NA	3	Y	Y	Endometrioid	Y	2	2	0.953263868	0	2	MSS	MSS	1_LOW	Y	Stage I
ucec_tcga_pan_can_atlas_2018	TCGA-D1-A0ZR	TCGA-D1-A0ZR-01	Endometrial Cancer	Uterine Endometrioid Carcinoma	Not Hispanic Or Latino	NA	NA	NA	50	UEC	White	1	Primary	Matched	1.666666667	NA	NA	NA	NA	NA	NA	57	NA	NA	NA	NA	NA	NA	NA	NA	NA	NA	NA	NA	NA	NA	NA	NA	NA	NA	NA	NA	NA	NA	NA	NA	NA	NA	NA	NA	NA	NA	NA	NA	NA	NA	NA	NA	NA	NA	NA	NA	NA	NA	NA	NA	NA	NA	NA	NA	NA	NA	NA	NA	NA	NA	NA	NA	NA	NA	NA	NA	NA	NA	NA	NA	NA	NA	NA	NA	NA	NA	NA	NA	NA	NA	NA	NA	NA	NA	NA	NA	NA	NA	NA	NA	NA	NA	NA	NA	NA	NA	NA	NA	NA	NA	NA	NA	NA	NA	NA	NA	NA	NA	NA	NA	NA	NA	NA	NA	NA	NA	NA	NA	NA	NA	NA	NA	NA	NA	NA	NA	NA	NA	NA	NA	NA	NA	NA	NA	NA	NA	NA	NA	NA	NA	NA	NA	NA	NA	NA	Female	NA	NA	NA	NA	NA	NA	NA	NA	NA	NA	NA	NA	NA	NA	NA	NA	NA	NA	0.0341	G2	NA	NA	NA	NA	NA	NA	NA	NA	NA	0.558897985	0:LIVING	NA	NA	NA	NA	NA	NA	NA	NA	NA	NA	NA	NA	NA	0	NA	0.558897985	0:DiseaseFree	NA	NA	NA	3/8/11	NA	NA	NA	NA	NA	No	NA	NA	NA	C54.1	8380/3	C54.1	Yes	NA	NA	NA	NA	NA	NA	NA	NA	NA	NA	NA	NA	NA	NA	NA	No	NA	NA	0ce940f2-9eb1-4757-8f8f-147a4f3a1e67	NA	NA	NA	NA	NA	NA	NA	NA	NA	NA	NA	NA	NA	NA	NA	NA	NA	NA	NA	NA	NA	NA	NA	NA	NA	NA	Mayo Clinic	NA	NA	NA	NA	117	NA	17	-21157	NA	NA	NA	NA	NA	NA	NA	NA	NA	NA	NA	NA	NA	1	NA	UCEC	0.558897985	0:ALIVE OR DEAD TUMOR FREE	EUR	Yes	0.2979	0.16	Tumor Free	0.558897985	0:CENSORED	NA	No	No	NA	UCEC_CN_LOW	0	No	Yes	D1	Uterus	Endometrioid Endometrial Adenocarcinoma	NA	NA	NA	NA	NA	NA	NA	NA	NA	NA	NA	NA	NA	NA	NA	NA
ucec_tcga_pub	TCGA-D1-A0ZR	TCGA-D1-A0ZR-01	Endometrial Cancer	Uterine Endometrioid Carcinoma	NA	NA	NA	NA	46	UEC	NA	1	Primary	Matched	1.5	NA	NA	NA	NA	NA	NA	57	NA	NA	NA	NA	NA	NA	NA	NA	NA	NA	NA	NA	NA	NA	NA	NA	NA	NA	NA	NA	NA	NA	NA	NA	NA	NA	NA	NA	NA	NA	NA	NA	NA	NA	NA	NA	NA	NA	NA	NA	NA	NA	NA	NA	NA	NA	NA	NA	NA	NA	NA	NA	NA	NA	NA	NA	NA	NA	NA	NA	NA	NA	NA	NA	NA	NA	NA	NA	NA	NA	NA	NA	NA	NA	NA	NA	NA	NA	NA	NA	NA	NA	NA	NA	NA	NA	NA	NA	NA	NA	NA	NA	NA	NA	NA	NA	NA	NA	NA	NA	NA	NA	NA	NA	NA	NA	NA	NA	NA	NA	NA	NA	NA	NA	NA	NA	NA	NA	NA	NA	NA	NA	NA	NA	NA	NA	NA	NA	NA	NA	NA	NA	NA	NA	NA	NA	NA	NA	NA	Female	NA	NA	NA	NA	NA	NA	NA	NA	NA	NA	NA	NA	NA	NA	NA	NA	NA	NA	0.0341	Grade 2	NA	NA	NA	NA	NA	NA	NA	NA	NA	0.56	0:LIVING	NA	NA	NA	NA	NA	NA	NA	NA	NA	NA	NA	NA	NA	NA	NA	0.55853349	0:DiseaseFree	NA	NA	NA	NA	NA	NA	NA	NA	NA	NA	NA	NA	NA	NA	NA	NA	NA	NA	NA	NA	NA	NA	NA	NA	NA	NA	NA	NA	NA	NA	NA	NA	NA	NA	NA	NA	NA	NA	NA	NA	NA	NA	NA	NA	NA	NA	NA	NA	NA	NA	NA	NA	NA	NA	NA	NA	NA	NA	NA	NA	NA	NA	NA	NA	NA	NA	NA	NA	NA	NA	NA	NA	NA	NA	NA	NA	NA	NA	NA	NA	NA	NA	NA	NA	NA	NA	NA	NA	NA	NA	NA	NA	NA	NA	NA	NA	NA	NA	NA	NA	Copy-number low (Endometriod)	NA	NA	NA	NA	NA	NA	NA	3	Y	Y	Endometrioid	Y	4	6	0.770817643	0	2	MSS	MSS	1_LOW	Y	Stage I
ucec_tcga_pan_can_atlas_2018	TCGA-D1-A0ZS	TCGA-D1-A0ZS-01	Endometrial Cancer	Uterine Endometrioid Carcinoma	Not Hispanic Or Latino	NA	NA	NA	389	UEC	White	1	Primary	Matched	13.1	NA	NA	NA	NA	NA	NA	54	NA	NA	NA	NA	NA	NA	NA	NA	NA	NA	NA	NA	NA	NA	NA	NA	NA	NA	NA	NA	NA	NA	NA	NA	NA	NA	NA	NA	NA	NA	NA	NA	NA	NA	NA	NA	NA	NA	NA	NA	NA	NA	NA	NA	NA	NA	NA	NA	NA	NA	NA	NA	NA	NA	NA	NA	NA	NA	NA	NA	NA	NA	NA	NA	NA	NA	NA	NA	NA	NA	NA	NA	NA	NA	NA	NA	NA	NA	NA	NA	NA	NA	NA	NA	NA	NA	NA	NA	NA	NA	NA	NA	NA	NA	NA	NA	NA	NA	NA	NA	NA	NA	NA	NA	NA	NA	NA	NA	NA	NA	NA	NA	NA	NA	NA	NA	NA	NA	NA	NA	NA	NA	NA	NA	NA	NA	NA	NA	NA	NA	NA	NA	NA	NA	NA	NA	NA	NA	NA	Female	NA	NA	NA	NA	NA	NA	NA	NA	NA	NA	NA	NA	NA	NA	NA	NA	NA	NA	0.0000	G3	NA	NA	NA	NA	NA	NA	NA	NA	NA	4.865700102	0:LIVING	NA	NA	NA	NA	NA	NA	NA	NA	NA	NA	NA	NA	NA	0	NA	4.865700102	0:DiseaseFree	NA	NA	NA	3/8/11	NA	NA	NA	NA	NA	No	NA	NA	NA	C54.1	8380/3	C54.1	Yes	NA	NA	NA	NA	NA	NA	NA	NA	NA	NA	NA	NA	NA	NA	NA	No	NA	NA	80105773-372e-4552-a10b-5df188b15b16	NA	NA	NA	NA	NA	NA	NA	NA	NA	NA	NA	NA	NA	NA	NA	NA	NA	NA	NA	NA	NA	NA	NA	NA	NA	NA	Mayo Clinic	NA	NA	NA	NA	62	NA	148	-19821	NA	NA	NA	NA	NA	NA	NA	NA	NA	NA	NA	NA	NA	0	NA	UCEC	4.865700102	0:ALIVE OR DEAD TUMOR FREE	EUR	Yes	0.7448	28.29	Tumor Free	4.865700102	0:CENSORED	NA	No	Yes	NA	UCEC_MSI	1	No	Yes	D1	Uterus	Endometrioid Endometrial Adenocarcinoma	NA	NA	NA	NA	NA	NA	NA	NA	NA	NA	NA	NA	NA	NA	NA	NA
ucec_tcga_pan_can_atlas_2018	TCGA-D1-A0ZU	TCGA-D1-A0ZU-01	Endometrial Cancer	Uterine Endometrioid Carcinoma	Not Hispanic Or Latino	NA	NA	NA	32	UEC	White	1	Primary	Matched	1.066666667	NA	NA	NA	NA	NA	NA	34	NA	NA	NA	NA	NA	NA	NA	NA	NA	NA	NA	NA	NA	NA	NA	NA	NA	NA	NA	NA	NA	NA	NA	NA	NA	NA	NA	NA	NA	NA	NA	NA	NA	NA	NA	NA	NA	NA	NA	NA	NA	NA	NA	NA	NA	NA	NA	NA	NA	NA	NA	NA	NA	NA	NA	NA	NA	NA	NA	NA	NA	NA	NA	NA	NA	NA	NA	NA	NA	NA	NA	NA	NA	NA	NA	NA	NA	NA	NA	NA	NA	NA	NA	NA	NA	NA	NA	NA	NA	NA	NA	NA	NA	NA	NA	NA	NA	NA	NA	NA	NA	NA	NA	NA	NA	NA	NA	NA	NA	NA	NA	NA	NA	NA	NA	NA	NA	NA	NA	NA	NA	NA	NA	NA	NA	NA	NA	NA	NA	NA	NA	NA	NA	NA	NA	NA	NA	NA	NA	Female	NA	NA	NA	NA	NA	NA	NA	NA	NA	NA	NA	NA	NA	NA	NA	NA	NA	NA	0.0964	G2	NA	NA	NA	NA	NA	NA	NA	NA	NA	28.66817898	0:LIVING	NA	NA	NA	NA	NA	NA	NA	NA	NA	NA	NA	NA	NA	0	NA	28.66817898	0:DiseaseFree	NA	NA	NA	3/8/11	NA	NA	NA	NA	NA	No	NA	NA	NA	C54.1	8382/3	C54.1	Yes	NA	NA	NA	NA	NA	NA	NA	NA	NA	NA	NA	NA	NA	NA	NA	No	NA	NA	d74bc72e-8103-4aed-8958-5f40953d48eb	NA	NA	NA	NA	NA	NA	NA	NA	NA	NA	NA	NA	NA	NA	NA	NA	NA	NA	NA	NA	NA	NA	NA	NA	NA	NA	Mayo Clinic	NA	NA	NA	NA	94	NA	872	-12458	NA	NA	NA	NA	NA	NA	NA	NA	NA	NA	NA	NA	NA	NA	NA	UCEC	28.66817898	0:ALIVE OR DEAD TUMOR FREE	EUR	Yes	0.2884	0.28	Tumor Free	28.66817898	0:CENSORED	NA	No	Yes	NA	UCEC_CN_LOW	0	No	Yes	D1	Uterus	Endometrioid Endometrial Adenocarcinoma	NA	NA	NA	NA	NA	NA	NA	NA	NA	NA	NA	NA	NA	NA	NA	NA
ucec_tcga_pub	TCGA-D1-A0ZU	TCGA-D1-A0ZU-01	Endometrial Cancer	Uterine Endometrioid Carcinoma	NA	NA	NA	NA	31	UEC	NA	1	Primary	Matched	1.03333333333	NA	NA	NA	NA	NA	NA	34	NA	NA	NA	NA	NA	NA	NA	NA	NA	NA	NA	NA	NA	NA	NA	NA	NA	NA	NA	NA	NA	NA	NA	NA	NA	NA	NA	NA	NA	NA	NA	NA	NA	NA	NA	NA	NA	NA	NA	NA	NA	NA	NA	NA	NA	NA	NA	NA	NA	NA	NA	NA	NA	NA	NA	NA	NA	NA	NA	NA	NA	NA	NA	NA	NA	NA	NA	NA	NA	NA	NA	NA	NA	NA	NA	NA	NA	NA	NA	NA	NA	NA	NA	NA	NA	NA	NA	NA	NA	NA	NA	NA	NA	NA	NA	NA	NA	NA	NA	NA	NA	NA	NA	NA	NA	NA	NA	NA	NA	NA	NA	NA	NA	NA	NA	NA	NA	NA	NA	NA	NA	NA	NA	NA	NA	NA	NA	NA	NA	NA	NA	NA	NA	NA	NA	NA	NA	NA	NA	Female	NA	NA	NA	NA	NA	NA	NA	NA	NA	NA	NA	NA	NA	NA	NA	NA	NA	NA	0.0964	Grade 2	NA	NA	NA	NA	NA	NA	NA	NA	NA	28.65	0:LIVING	NA	NA	NA	NA	NA	NA	NA	NA	NA	NA	NA	NA	NA	NA	NA	28.64948257	0:DiseaseFree	NA	NA	NA	NA	NA	NA	NA	NA	NA	NA	NA	NA	NA	NA	NA	NA	NA	NA	NA	NA	NA	NA	NA	NA	NA	NA	NA	NA	NA	NA	NA	NA	NA	NA	NA	NA	NA	NA	NA	NA	NA	NA	NA	NA	NA	NA	NA	NA	NA	NA	NA	NA	NA	NA	NA	NA	NA	NA	NA	NA	NA	NA	NA	NA	NA	NA	NA	NA	NA	NA	NA	NA	NA	NA	NA	NA	NA	NA	NA	NA	NA	NA	NA	NA	NA	NA	NA	NA	NA	NA	NA	NA	NA	NA	NA	NA	NA	NA	NA	NA	Copy-number low (Endometriod)	NA	NA	NA	NA	NA	NA	NA	2	Y	Y	Endometrioid	Y	4	2	0.953263868	0	2	MSS	MSS	1_LOW	Y	Stage I
ucec_tcga_pan_can_atlas_2018	TCGA-D1-A0ZV	TCGA-D1-A0ZV-01	Endometrial Cancer	Uterine Endometrioid Carcinoma	Not Hispanic Or Latino	NA	NA	NA	38	UEC	White	1	Primary	Matched	1.3	NA	NA	NA	NA	NA	NA	58	NA	NA	NA	NA	NA	NA	NA	NA	NA	NA	NA	NA	NA	NA	NA	NA	NA	NA	NA	NA	NA	NA	NA	NA	NA	NA	NA	NA	NA	NA	NA	NA	NA	NA	NA	NA	NA	NA	NA	NA	NA	NA	NA	NA	NA	NA	NA	NA	NA	NA	NA	NA	NA	NA	NA	NA	NA	NA	NA	NA	NA	NA	NA	NA	NA	NA	NA	NA	NA	NA	NA	NA	NA	NA	NA	NA	NA	NA	NA	NA	NA	NA	NA	NA	NA	NA	NA	NA	NA	NA	NA	NA	NA	NA	NA	NA	NA	NA	NA	NA	NA	NA	NA	NA	NA	NA	NA	NA	NA	NA	NA	NA	NA	NA	NA	NA	NA	NA	NA	NA	NA	NA	NA	NA	NA	NA	NA	NA	NA	NA	NA	NA	NA	NA	NA	NA	NA	NA	NA	Female	NA	NA	NA	NA	NA	NA	NA	NA	NA	NA	NA	NA	NA	NA	NA	NA	NA	NA	0.0000	G2	NA	NA	NA	NA	NA	NA	NA	NA	NA	23.93398429	0:LIVING	NA	NA	NA	NA	NA	NA	NA	NA	NA	NA	NA	NA	NA	0	NA	23.93398429	0:DiseaseFree	NA	NA	NA	3/8/11	NA	NA	NA	NA	NA	No	NA	NA	NA	C54.1	8380/3	C54.1	Yes	NA	NA	NA	NA	NA	NA	NA	NA	NA	NA	NA	NA	NA	NA	NA	No	NA	NA	0c01c673-e396-47b2-9562-4144d7705ebf	NA	NA	NA	NA	NA	NA	NA	NA	NA	NA	NA	NA	NA	NA	NA	NA	NA	NA	NA	NA	NA	NA	NA	NA	NA	NA	Mayo Clinic	NA	NA	NA	NA	77	NA	728	-21374	NA	NA	NA	NA	NA	NA	NA	NA	NA	NA	NA	NA	NA	0	NA	UCEC	23.93398429	0:ALIVE OR DEAD TUMOR FREE	EUR	Yes	0.2787	0.04	Tumor Free	23.93398429	0:CENSORED	NA	No	No	NA	UCEC_CN_LOW	2	No	Yes	D1	Uterus	Endometrioid Endometrial Adenocarcinoma	NA	NA	NA	NA	NA	NA	NA	NA	NA	NA	NA	NA	NA	NA	NA	NA
ucec_tcga_pub	TCGA-D1-A0ZV	TCGA-D1-A0ZV-01	Endometrial Cancer	Uterine Endometrioid Carcinoma	NA	NA	NA	NA	36	UEC	NA	1	Primary	Matched	1.16666666667	NA	NA	NA	NA	NA	NA	58	NA	NA	NA	NA	NA	NA	NA	NA	NA	NA	NA	NA	NA	NA	NA	NA	NA	NA	NA	NA	NA	NA	NA	NA	NA	NA	NA	NA	NA	NA	NA	NA	NA	NA	NA	NA	NA	NA	NA	NA	NA	NA	NA	NA	NA	NA	NA	NA	NA	NA	NA	NA	NA	NA	NA	NA	NA	NA	NA	NA	NA	NA	NA	NA	NA	NA	NA	NA	NA	NA	NA	NA	NA	NA	NA	NA	NA	NA	NA	NA	NA	NA	NA	NA	NA	NA	NA	NA	NA	NA	NA	NA	NA	NA	NA	NA	NA	NA	NA	NA	NA	NA	NA	NA	NA	NA	NA	NA	NA	NA	NA	NA	NA	NA	NA	NA	NA	NA	NA	NA	NA	NA	NA	NA	NA	NA	NA	NA	NA	NA	NA	NA	NA	NA	NA	NA	NA	NA	NA	Female	NA	NA	NA	NA	NA	NA	NA	NA	NA	NA	NA	NA	NA	NA	NA	NA	NA	NA	0.0000	Grade 2	NA	NA	NA	NA	NA	NA	NA	NA	NA	23.92	0:LIVING	NA	NA	NA	NA	NA	NA	NA	NA	NA	NA	NA	NA	NA	NA	NA	23.91837535	0:DiseaseFree	NA	NA	NA	NA	NA	NA	NA	NA	NA	NA	NA	NA	NA	NA	NA	NA	NA	NA	NA	NA	NA	NA	NA	NA	NA	NA	NA	NA	NA	NA	NA	NA	NA	NA	NA	NA	NA	NA	NA	NA	NA	NA	NA	NA	NA	NA	NA	NA	NA	NA	NA	NA	NA	NA	NA	NA	NA	NA	NA	NA	NA	NA	NA	NA	NA	NA	NA	NA	NA	NA	NA	NA	NA	NA	NA	NA	NA	NA	NA	NA	NA	NA	NA	NA	NA	NA	NA	NA	NA	NA	NA	NA	NA	NA	NA	NA	NA	NA	NA	NA	Copy-number low (Endometriod)	NA	NA	NA	NA	NA	NA	NA	1	Y	Y	Endometrioid	Y	4	4	0.923555802	0	3	MSS	MSS	1_LOW	Y	Stage I
ucec_tcga_pan_can_atlas_2018	TCGA-D1-A0ZZ	TCGA-D1-A0ZZ-01	Endometrial Cancer	Uterine Mixed Endometrial Carcinoma	Not Hispanic Or Latino	NA	NA	NA	63	UMEC	White	1	Primary	Matched	2.166666667	NA	NA	NA	NA	NA	NA	80	NA	NA	NA	NA	NA	NA	NA	NA	NA	NA	NA	NA	NA	NA	NA	NA	NA	NA	NA	NA	NA	NA	NA	NA	NA	NA	NA	NA	NA	NA	NA	NA	NA	NA	NA	NA	NA	NA	NA	NA	NA	NA	NA	NA	NA	NA	NA	NA	NA	NA	NA	NA	NA	NA	NA	NA	NA	NA	NA	NA	NA	NA	NA	NA	NA	NA	NA	NA	NA	NA	NA	NA	NA	NA	NA	NA	NA	NA	NA	NA	NA	NA	NA	NA	NA	NA	NA	NA	NA	NA	NA	NA	NA	NA	NA	NA	NA	NA	NA	NA	NA	NA	NA	NA	NA	NA	NA	NA	NA	NA	NA	NA	NA	NA	NA	NA	NA	NA	NA	NA	NA	NA	NA	NA	NA	NA	NA	NA	NA	NA	NA	NA	NA	NA	NA	NA	NA	NA	NA	Female	NA	NA	NA	NA	NA	NA	NA	NA	NA	NA	NA	NA	NA	NA	NA	NA	NA	NA	0.5039	G3	NA	NA	NA	NA	NA	NA	NA	NA	NA	22.5531775	0:LIVING	NA	NA	NA	NA	NA	NA	NA	NA	NA	NA	NA	NA	NA	0	NA	22.5531775	0:DiseaseFree	NA	NA	NA	3/8/11	NA	NA	NA	NA	NA	No	NA	NA	NA	C54.1	8380/3	C54.1	Yes	NA	NA	NA	NA	NA	NA	NA	NA	NA	NA	NA	NA	NA	NA	NA	No	NA	NA	4d3af3af-24f4-415a-9677-20b0f366a102	NA	NA	NA	NA	NA	NA	NA	NA	NA	NA	NA	NA	NA	NA	NA	NA	NA	NA	NA	NA	NA	NA	NA	NA	NA	NA	Mayo Clinic	NA	NA	NA	NA	51	NA	686	-29420	NA	NA	NA	NA	NA	NA	NA	NA	NA	NA	NA	NA	NA	18	NA	UCEC	22.5531775	0:ALIVE OR DEAD TUMOR FREE	NA	Yes	0.3019	1.48	Tumor Free	22.5531775	0:CENSORED	NA	No	Yes	NA	UCEC_CN_HIGH	267	No	Yes	D1	Uterus	Mixed Serous and Endometrioid Carcinoma	NA	NA	NA	NA	NA	NA	NA	NA	NA	NA	NA	NA	NA	NA	NA	NA
ucec_tcga_pan_can_atlas_2018	TCGA-D1-A101	TCGA-D1-A101-01	Endometrial Cancer	Uterine Endometrioid Carcinoma	Not Hispanic Or Latino	NA	NA	NA	435	UEC	White	1	Primary	Matched	14.56666667	NA	NA	NA	NA	NA	NA	60	NA	NA	NA	NA	NA	NA	NA	NA	NA	NA	NA	NA	NA	NA	NA	NA	NA	NA	NA	NA	NA	NA	NA	NA	NA	NA	NA	NA	NA	NA	NA	NA	NA	NA	NA	NA	NA	NA	NA	NA	NA	NA	NA	NA	NA	NA	NA	NA	NA	NA	NA	NA	NA	NA	NA	NA	NA	NA	NA	NA	NA	NA	NA	NA	NA	NA	NA	NA	NA	NA	NA	NA	NA	NA	NA	NA	NA	NA	NA	NA	NA	NA	NA	NA	NA	NA	NA	NA	NA	NA	NA	NA	NA	NA	NA	NA	NA	NA	NA	NA	NA	NA	NA	NA	NA	NA	NA	NA	NA	NA	NA	NA	NA	NA	NA	NA	NA	NA	NA	NA	NA	NA	NA	NA	NA	NA	NA	NA	NA	NA	NA	NA	NA	NA	NA	NA	NA	NA	NA	Female	NA	NA	NA	NA	NA	NA	NA	NA	NA	NA	NA	NA	NA	NA	NA	NA	NA	NA	0.0002	G2	NA	NA	NA	NA	NA	NA	NA	NA	NA	1.742446658	0:LIVING	NA	NA	NA	NA	NA	NA	NA	NA	NA	NA	NA	NA	NA	0	NA	1.742446658	0:DiseaseFree	NA	NA	NA	3/8/11	NA	NA	NA	NA	NA	No	NA	NA	NA	C54.1	8380/3	C54.1	Yes	NA	NA	NA	NA	NA	NA	NA	NA	NA	NA	NA	NA	NA	NA	NA	No	NA	NA	9da5ecd0-a287-4e67-84b6-af9077a98009	NA	NA	NA	NA	NA	NA	NA	NA	NA	NA	NA	NA	NA	NA	NA	NA	NA	NA	NA	NA	NA	NA	NA	NA	NA	NA	Mayo Clinic	NA	NA	NA	NA	82	NA	53	-22078	NA	NA	NA	NA	NA	NA	NA	NA	NA	NA	NA	NA	NA	0	NA	UCEC	1.742446658	0:ALIVE OR DEAD TUMOR FREE	EUR	Yes	0.5438	16.28	Tumor Free	1.742446658	0:CENSORED	NA	No	No	NA	UCEC_MSI	0	No	Yes	D1	Uterus	Endometrioid Endometrial Adenocarcinoma	NA	NA	NA	NA	NA	NA	NA	NA	NA	NA	NA	NA	NA	NA	NA	NA
ucec_tcga_pan_can_atlas_2018	TCGA-D1-A102	TCGA-D1-A102-01	Endometrial Cancer	Uterine Endometrioid Carcinoma	Not Hispanic Or Latino	NA	NA	NA	43	UEC	White	1	Primary	Matched	1.4	NA	NA	NA	NA	NA	NA	49	NA	NA	NA	NA	NA	NA	NA	NA	NA	NA	NA	NA	NA	NA	NA	NA	NA	NA	NA	NA	NA	NA	NA	NA	NA	NA	NA	NA	NA	NA	NA	NA	NA	NA	NA	NA	NA	NA	NA	NA	NA	NA	NA	NA	NA	NA	NA	NA	NA	NA	NA	NA	NA	NA	NA	NA	NA	NA	NA	NA	NA	NA	NA	NA	NA	NA	NA	NA	NA	NA	NA	NA	NA	NA	NA	NA	NA	NA	NA	NA	NA	NA	NA	NA	NA	NA	NA	NA	NA	NA	NA	NA	NA	NA	NA	NA	NA	NA	NA	NA	NA	NA	NA	NA	NA	NA	NA	NA	NA	NA	NA	NA	NA	NA	NA	NA	NA	NA	NA	NA	NA	NA	NA	NA	NA	NA	NA	NA	NA	NA	NA	NA	NA	NA	NA	NA	NA	NA	NA	Female	NA	NA	NA	NA	NA	NA	NA	NA	NA	NA	NA	NA	NA	NA	NA	NA	NA	NA	0.1758	G2	NA	NA	NA	NA	NA	NA	NA	NA	NA	4.438307525	0:LIVING	NA	NA	NA	NA	NA	NA	NA	NA	NA	NA	NA	NA	NA	0	NA	4.438307525	0:DiseaseFree	NA	NA	NA	3/8/11	NA	NA	NA	NA	NA	No	NA	NA	NA	C54.1	8380/3	C54.1	Yes	NA	NA	NA	NA	NA	NA	NA	NA	NA	NA	NA	NA	NA	NA	NA	No	NA	NA	f9cf4125-0db3-4b66-b51b-bc2f0240c9ef	NA	NA	NA	NA	NA	NA	NA	NA	NA	NA	NA	NA	NA	NA	NA	NA	NA	NA	NA	NA	NA	NA	NA	NA	NA	NA	Mayo Clinic	NA	NA	NA	NA	122	NA	135	-17991	NA	NA	NA	NA	NA	NA	NA	NA	NA	NA	NA	NA	NA	8	NA	UCEC	4.438307525	0:ALIVE OR DEAD TUMOR FREE	EUR	Yes	0.2975	0.4	Tumor Free	4.438307525	0:CENSORED	NA	Yes	No	NA	UCEC_CN_LOW	7	No	Yes	D1	Uterus	Endometrioid Endometrial Adenocarcinoma	NA	NA	NA	NA	NA	NA	NA	NA	NA	NA	NA	NA	NA	NA	NA	NA
ucec_tcga_pub	TCGA-D1-A102	TCGA-D1-A102-01	Endometrial Cancer	Uterine Endometrioid Carcinoma	NA	NA	NA	NA	37	UEC	NA	1	Primary	Matched	1.23333333333	NA	NA	NA	NA	NA	NA	49	NA	NA	NA	NA	NA	NA	NA	NA	NA	NA	NA	NA	NA	NA	NA	NA	NA	NA	NA	NA	NA	NA	NA	NA	NA	NA	NA	NA	NA	NA	NA	NA	NA	NA	NA	NA	NA	NA	NA	NA	NA	NA	NA	NA	NA	NA	NA	NA	NA	NA	NA	NA	NA	NA	NA	NA	NA	NA	NA	NA	NA	NA	NA	NA	NA	NA	NA	NA	NA	NA	NA	NA	NA	NA	NA	NA	NA	NA	NA	NA	NA	NA	NA	NA	NA	NA	NA	NA	NA	NA	NA	NA	NA	NA	NA	NA	NA	NA	NA	NA	NA	NA	NA	NA	NA	NA	NA	NA	NA	NA	NA	NA	NA	NA	NA	NA	NA	NA	NA	NA	NA	NA	NA	NA	NA	NA	NA	NA	NA	NA	NA	NA	NA	NA	NA	NA	NA	NA	NA	Female	NA	NA	NA	NA	NA	NA	NA	NA	NA	NA	NA	NA	NA	NA	NA	NA	NA	NA	0.1758	Grade 2	NA	NA	NA	NA	NA	NA	NA	NA	NA	4.44	0:LIVING	NA	NA	NA	NA	NA	NA	NA	NA	NA	NA	NA	NA	NA	NA	NA	4.435413012	0:DiseaseFree	NA	NA	NA	NA	NA	NA	NA	NA	NA	NA	NA	NA	NA	NA	NA	NA	NA	NA	NA	NA	NA	NA	NA	NA	NA	NA	NA	NA	NA	NA	NA	NA	NA	NA	NA	NA	NA	NA	NA	NA	NA	NA	NA	NA	NA	NA	NA	NA	NA	NA	NA	NA	NA	NA	NA	NA	NA	NA	NA	NA	NA	NA	NA	NA	NA	NA	NA	NA	NA	NA	NA	NA	NA	NA	NA	NA	NA	NA	NA	NA	NA	NA	NA	NA	NA	NA	NA	NA	NA	NA	NA	NA	NA	NA	NA	NA	NA	NA	NA	NA	Copy-number low (Endometriod)	NA	NA	NA	NA	NA	NA	NA	2	Y	Y	Endometrioid	Y	4	5	0.887382298	NA	2	MSS	MSS	1_LOW	Y	Stage I
ucec_tcga_pan_can_atlas_2018	TCGA-D1-A15V	TCGA-D1-A15V-01	Endometrial Cancer	Uterine Serous Carcinoma/Uterine Papillary Serous Carcinoma	Not Hispanic Or Latino	NA	NA	NA	42	USC	White	1	Primary	Matched	1.4	NA	NA	NA	NA	NA	NA	68	NA	NA	NA	NA	NA	NA	NA	NA	NA	NA	NA	NA	NA	NA	NA	NA	NA	NA	NA	NA	NA	NA	NA	NA	NA	NA	NA	NA	NA	NA	NA	NA	NA	NA	NA	NA	NA	NA	NA	NA	NA	NA	NA	NA	NA	NA	NA	NA	NA	NA	NA	NA	NA	NA	NA	NA	NA	NA	NA	NA	NA	NA	NA	NA	NA	NA	NA	NA	NA	NA	NA	NA	NA	NA	NA	NA	NA	NA	NA	NA	NA	NA	NA	NA	NA	NA	NA	NA	NA	NA	NA	NA	NA	NA	NA	NA	NA	NA	NA	NA	NA	NA	NA	NA	NA	NA	NA	NA	NA	NA	NA	NA	NA	NA	NA	NA	NA	NA	NA	NA	NA	NA	NA	NA	NA	NA	NA	NA	NA	NA	NA	NA	NA	NA	NA	NA	NA	NA	NA	Female	NA	NA	NA	NA	NA	NA	NA	NA	NA	NA	NA	NA	NA	NA	NA	NA	NA	NA	0.3738	G3	NA	NA	NA	NA	NA	NA	NA	NA	NA	39.4844988	0:LIVING	NA	NA	NA	NA	NA	NA	NA	1995	NA	NA	NA	NA	NA	0	NA	39.4844988	0:DiseaseFree	NA	NA	NA	4/8/11	NA	NA	NA	NA	NA	No	NA	NA	NA	C54.1	8441/3	C54.1	Yes	NA	NA	NA	NA	NA	NA	NA	NA	NA	NA	NA	NA	NA	NA	NA	No	NA	NA	f7010b87-a559-4501-99f9-0fcca1e986e1	NA	NA	NA	NA	NA	NA	NA	NA	NA	NA	NA	NA	NA	NA	NA	NA	NA	NA	NA	NA	NA	NA	NA	NA	NA	NA	Mayo Clinic	NA	NA	NA	NA	69	NA	1201	-24886	NA	NA	NA	NA	NA	NA	NA	NA	NA	NA	NA	NA	NA	16	NA	UCEC	39.4844988	0:ALIVE OR DEAD TUMOR FREE	EUR	Yes	0.2688	0.79	Tumor Free	39.4844988	0:CENSORED	NA	No	Yes	NA	UCEC_CN_HIGH	113	No	Yes	D1	Uterus	Serous Endometrial Adenocarcinoma	NA	NA	NA	NA	NA	NA	NA	NA	NA	NA	NA	NA	NA	NA	NA	NA
ucec_tcga_pub	TCGA-D1-A15W	TCGA-D1-A15W-01	Endometrial Cancer	Uterine Endometrioid Carcinoma	NA	NA	NA	NA	62	UEC	NA	1	Primary	Matched	2.03333333333	NA	NA	NA	NA	NA	NA	58	NA	NA	NA	NA	NA	NA	NA	NA	NA	NA	NA	NA	NA	NA	NA	NA	NA	NA	NA	NA	NA	NA	NA	NA	NA	NA	NA	NA	NA	NA	NA	NA	NA	NA	NA	NA	NA	NA	NA	NA	NA	NA	NA	NA	NA	NA	NA	NA	NA	NA	NA	NA	NA	NA	NA	NA	NA	NA	NA	NA	NA	NA	NA	NA	NA	NA	NA	NA	NA	NA	NA	NA	NA	NA	NA	NA	NA	NA	NA	NA	NA	NA	NA	NA	NA	NA	NA	NA	NA	NA	NA	NA	NA	NA	NA	NA	NA	NA	NA	NA	NA	NA	NA	NA	NA	NA	NA	NA	NA	NA	NA	NA	NA	NA	NA	NA	NA	NA	NA	NA	NA	NA	NA	NA	NA	NA	NA	NA	NA	NA	NA	NA	NA	NA	NA	NA	NA	NA	NA	Female	NA	NA	NA	NA	NA	NA	NA	NA	NA	NA	NA	NA	NA	NA	NA	NA	NA	NA	0.0024	Grade 1	NA	NA	NA	NA	NA	NA	NA	NA	NA	30.06	0:LIVING	NA	NA	NA	NA	NA	NA	NA	NA	NA	NA	NA	NA	NA	NA	NA	30.06224375	0:DiseaseFree	NA	NA	NA	NA	NA	NA	NA	NA	NA	NA	NA	NA	NA	NA	NA	NA	NA	NA	NA	NA	NA	NA	NA	NA	NA	NA	NA	NA	NA	NA	NA	NA	NA	NA	NA	NA	NA	NA	NA	NA	NA	NA	NA	NA	NA	NA	NA	NA	NA	NA	NA	NA	NA	NA	NA	NA	NA	NA	NA	NA	NA	NA	NA	NA	NA	NA	NA	NA	NA	NA	NA	NA	NA	NA	NA	NA	NA	NA	NA	NA	NA	NA	NA	NA	NA	NA	NA	NA	NA	NA	NA	NA	NA	NA	NA	NA	NA	NA	NA	NA	Copy-number low (Endometriod)	NA	NA	NA	NA	NA	NA	NA	1	Y	Y	Endometrioid	Y	2	2	0.953263868	0	2	MSS	MSS	1_LOW	Y	Stage III
ucec_tcga_pan_can_atlas_2018	TCGA-D1-A15W	TCGA-D1-A15W-01	Endometrial Cancer	Uterine Endometrioid Carcinoma	Not Hispanic Or Latino	NA	NA	NA	66	UEC	White	1	Primary	Matched	2.266666667	NA	NA	NA	NA	NA	NA	58	NA	NA	NA	NA	NA	NA	NA	NA	NA	NA	NA	NA	NA	NA	NA	NA	NA	NA	NA	NA	NA	NA	NA	NA	NA	NA	NA	NA	NA	NA	NA	NA	NA	NA	NA	NA	NA	NA	NA	NA	NA	NA	NA	NA	NA	NA	NA	NA	NA	NA	NA	NA	NA	NA	NA	NA	NA	NA	NA	NA	NA	NA	NA	NA	NA	NA	NA	NA	NA	NA	NA	NA	NA	NA	NA	NA	NA	NA	NA	NA	NA	NA	NA	NA	NA	NA	NA	NA	NA	NA	NA	NA	NA	NA	NA	NA	NA	NA	NA	NA	NA	NA	NA	NA	NA	NA	NA	NA	NA	NA	NA	NA	NA	NA	NA	NA	NA	NA	NA	NA	NA	NA	NA	NA	NA	NA	NA	NA	NA	NA	NA	NA	NA	NA	NA	NA	NA	NA	NA	Female	NA	NA	NA	NA	NA	NA	NA	NA	NA	NA	NA	NA	NA	NA	NA	NA	NA	NA	0.0024	G1	NA	NA	NA	NA	NA	NA	NA	NA	NA	30.08186212	0:LIVING	NA	NA	NA	NA	NA	NA	NA	1995	NA	NA	NA	NA	NA	0	NA	30.08186212	0:DiseaseFree	NA	NA	NA	4/13/11	NA	NA	NA	NA	NA	No	NA	NA	NA	C54.1	8380/3	C54.1	Yes	NA	NA	NA	NA	NA	NA	NA	NA	NA	NA	NA	NA	NA	NA	NA	No	NA	NA	d6562acf-6d82-4f08-a779-82cdc5df16f9	NA	NA	NA	NA	NA	NA	NA	NA	NA	NA	NA	NA	NA	NA	NA	NA	NA	NA	NA	NA	NA	NA	NA	NA	NA	NA	Mayo Clinic	NA	NA	NA	NA	126	NA	915	-21545	NA	NA	NA	NA	NA	NA	NA	NA	NA	NA	NA	NA	NA	0	NA	UCEC	30.08186212	0:ALIVE OR DEAD TUMOR FREE	EUR	Yes	0.2687	0.08	Tumor Free	30.08186212	0:CENSORED	NA	No	Yes	NA	UCEC_CN_LOW	4	No	Yes	D1	Uterus	Endometrioid Endometrial Adenocarcinoma	NA	NA	NA	NA	NA	NA	NA	NA	NA	NA	NA	NA	NA	NA	NA	NA
ucec_tcga_pub	TCGA-D1-A15X	TCGA-D1-A15X-01	Endometrial Cancer	Uterine Serous Carcinoma/Uterine Papillary Serous Carcinoma	NA	NA	NA	NA	1329	USC	NA	1	Primary	Matched	44.4333333333	NA	NA	NA	NA	NA	NA	45	NA	NA	NA	NA	NA	NA	NA	NA	NA	NA	NA	NA	NA	NA	NA	NA	NA	NA	NA	NA	NA	NA	NA	NA	NA	NA	NA	NA	NA	NA	NA	NA	NA	NA	NA	NA	NA	NA	NA	NA	NA	NA	NA	NA	NA	NA	NA	NA	NA	NA	NA	NA	NA	NA	NA	NA	NA	NA	NA	NA	NA	NA	NA	NA	NA	NA	NA	NA	NA	NA	NA	NA	NA	NA	NA	NA	NA	NA	NA	NA	NA	NA	NA	NA	NA	NA	NA	NA	NA	NA	NA	NA	NA	NA	NA	NA	NA	NA	NA	NA	NA	NA	NA	NA	NA	NA	NA	NA	NA	NA	NA	NA	NA	NA	NA	NA	NA	NA	NA	NA	NA	NA	NA	NA	NA	NA	NA	NA	NA	NA	NA	NA	NA	NA	NA	NA	NA	NA	NA	Female	NA	NA	NA	NA	NA	NA	NA	NA	NA	NA	NA	NA	NA	NA	NA	NA	NA	NA	0.0006	Grade 3	NA	NA	NA	NA	NA	NA	NA	NA	NA	29.87	0:LIVING	NA	NA	NA	NA	NA	NA	NA	NA	NA	NA	NA	NA	NA	NA	NA	29.86511428	0:DiseaseFree	NA	NA	NA	NA	NA	NA	NA	NA	NA	NA	NA	NA	NA	NA	NA	NA	NA	NA	NA	NA	NA	NA	NA	NA	NA	NA	NA	NA	NA	NA	NA	NA	NA	NA	NA	NA	NA	NA	NA	NA	NA	NA	NA	NA	NA	NA	NA	NA	NA	NA	NA	NA	NA	NA	NA	NA	NA	NA	NA	NA	NA	NA	NA	NA	NA	NA	NA	NA	NA	NA	NA	NA	NA	NA	NA	NA	NA	NA	NA	NA	NA	NA	NA	NA	NA	NA	NA	NA	NA	NA	NA	NA	NA	NA	NA	NA	NA	NA	NA	NA	Copy-number low (Endometriod)	NA	NA	NA	NA	NA	NA	NA	1	Y	Y	Serous	Y	2	4	0.921320947	0	1	MSI-L	MSI-L	3_HIGHEST	Y	Stage I
ucec_tcga_pan_can_atlas_2018	TCGA-D1-A15X	TCGA-D1-A15X-01	Endometrial Cancer	Uterine Serous Carcinoma/Uterine Papillary Serous Carcinoma	Not Hispanic Or Latino	NA	NA	NA	1508	USC	White	1	Primary	Matched	50.53333333	NA	NA	NA	NA	NA	NA	45	NA	NA	NA	NA	NA	NA	NA	NA	NA	NA	NA	NA	NA	NA	NA	NA	NA	NA	NA	NA	NA	NA	NA	NA	NA	NA	NA	NA	NA	NA	NA	NA	NA	NA	NA	NA	NA	NA	NA	NA	NA	NA	NA	NA	NA	NA	NA	NA	NA	NA	NA	NA	NA	NA	NA	NA	NA	NA	NA	NA	NA	NA	NA	NA	NA	NA	NA	NA	NA	NA	NA	NA	NA	NA	NA	NA	NA	NA	NA	NA	NA	NA	NA	NA	NA	NA	NA	NA	NA	NA	NA	NA	NA	NA	NA	NA	NA	NA	NA	NA	NA	NA	NA	NA	NA	NA	NA	NA	NA	NA	NA	NA	NA	NA	NA	NA	NA	NA	NA	NA	NA	NA	NA	NA	NA	NA	NA	NA	NA	NA	NA	NA	NA	NA	NA	NA	NA	NA	NA	Female	NA	NA	NA	NA	NA	NA	NA	NA	NA	NA	NA	NA	NA	NA	NA	NA	NA	NA	0.0006	High Grade	NA	NA	NA	NA	NA	NA	NA	NA	NA	29.884604	0:LIVING	NA	NA	NA	NA	NA	NA	NA	1995	NA	NA	NA	NA	NA	0	NA	29.884604	0:DiseaseFree	NA	NA	NA	4/13/11	NA	NA	NA	NA	NA	No	NA	NA	NA	C54.1	8441/3	C54.1	Yes	NA	NA	NA	NA	NA	NA	NA	NA	NA	NA	NA	NA	NA	NA	NA	No	NA	NA	14c03068-8930-472a-9fd1-49c9fd4db47d	NA	NA	NA	NA	NA	NA	NA	NA	NA	NA	NA	NA	NA	NA	NA	NA	NA	NA	NA	NA	NA	NA	NA	NA	NA	NA	Mayo Clinic	NA	NA	NA	NA	72	NA	909	-16532	NA	NA	NA	NA	NA	NA	NA	NA	NA	NA	NA	NA	NA	0	NA	UCEC	29.884604	0:ALIVE OR DEAD TUMOR FREE	EUR	Yes	0.4476	11.04	Tumor Free	29.884604	0:CENSORED	NA	No	Yes	NA	UCEC_CN_LOW	4	No	Yes	D1	Uterus	Serous Endometrial Adenocarcinoma	NA	NA	NA	NA	NA	NA	NA	NA	NA	NA	NA	NA	NA	NA	NA	NA
ucec_tcga_pub	TCGA-D1-A15Z	TCGA-D1-A15Z-01	Endometrial Cancer	Uterine Endometrioid Carcinoma	NA	NA	NA	NA	68	UEC	NA	1	Primary	Matched	2.26666666667	NA	NA	NA	NA	NA	NA	72	NA	NA	NA	NA	NA	NA	NA	NA	NA	NA	NA	NA	NA	NA	NA	NA	NA	NA	NA	NA	NA	NA	NA	NA	NA	NA	NA	NA	NA	NA	NA	NA	NA	NA	NA	NA	NA	NA	NA	NA	NA	NA	NA	NA	NA	NA	NA	NA	NA	NA	NA	NA	NA	NA	NA	NA	NA	NA	NA	NA	NA	NA	NA	NA	NA	NA	NA	NA	NA	NA	NA	NA	NA	NA	NA	NA	NA	NA	NA	NA	NA	NA	NA	NA	NA	NA	NA	NA	NA	NA	NA	NA	NA	NA	NA	NA	NA	NA	NA	NA	NA	NA	NA	NA	NA	NA	NA	NA	NA	NA	NA	NA	NA	NA	NA	NA	NA	NA	NA	NA	NA	NA	NA	NA	NA	NA	NA	NA	NA	NA	NA	NA	NA	NA	NA	NA	NA	NA	NA	Female	NA	NA	NA	NA	NA	NA	NA	NA	NA	NA	NA	NA	NA	NA	NA	NA	NA	NA	0.0465	Grade 2	NA	NA	NA	NA	NA	NA	NA	NA	NA	1.91	1:DECEASED	NA	NA	NA	NA	NA	NA	NA	NA	NA	NA	NA	NA	NA	NA	NA	1.90558485	0:DiseaseFree	NA	NA	NA	NA	NA	NA	NA	NA	NA	NA	NA	NA	NA	NA	NA	NA	NA	NA	NA	NA	NA	NA	NA	NA	NA	NA	NA	NA	NA	NA	NA	NA	NA	NA	NA	NA	NA	NA	NA	NA	NA	NA	NA	NA	NA	NA	NA	NA	NA	NA	NA	NA	NA	NA	NA	NA	NA	NA	NA	NA	NA	NA	NA	NA	NA	NA	NA	NA	NA	NA	NA	NA	NA	NA	NA	NA	NA	NA	NA	NA	NA	NA	NA	NA	NA	NA	NA	NA	NA	NA	NA	NA	NA	NA	NA	NA	NA	NA	NA	NA	Copy-number low (Endometriod)	NA	NA	NA	NA	NA	NA	NA	2	Y	Y	Endometrioid	Y	4	6	0.936182815	0	2	MSI-L	MSI-L	1_LOW	Y	Stage I
ucec_tcga_pan_can_atlas_2018	TCGA-D1-A15Z	TCGA-D1-A15Z-01	Endometrial Cancer	Uterine Endometrioid Carcinoma	Not Hispanic Or Latino	NA	NA	NA	65	UEC	White	1	Primary	Matched	2.266666667	NA	NA	NA	NA	NA	NA	72	NA	NA	NA	NA	NA	NA	NA	NA	NA	NA	NA	NA	NA	NA	NA	NA	NA	NA	NA	NA	NA	NA	NA	NA	NA	NA	NA	NA	NA	NA	NA	NA	NA	NA	NA	NA	NA	NA	NA	NA	NA	NA	NA	NA	NA	NA	NA	NA	NA	NA	NA	NA	NA	NA	NA	NA	NA	NA	NA	NA	NA	NA	NA	NA	NA	NA	NA	NA	NA	NA	NA	NA	NA	NA	NA	NA	NA	NA	NA	NA	NA	NA	NA	NA	NA	NA	NA	NA	NA	NA	NA	NA	NA	NA	NA	NA	NA	NA	NA	NA	NA	NA	NA	NA	NA	NA	NA	NA	NA	NA	NA	NA	NA	NA	NA	NA	NA	NA	NA	NA	NA	NA	NA	NA	NA	NA	NA	NA	NA	NA	NA	NA	NA	NA	NA	NA	NA	NA	NA	Female	NA	NA	NA	NA	NA	NA	NA	NA	NA	NA	NA	NA	NA	NA	NA	NA	NA	NA	0.0465	G2	NA	NA	NA	NA	NA	NA	NA	NA	NA	1.906828418	1:DECEASED	NA	NA	NA	NA	NA	NA	NA	1995	NA	NA	NA	NA	NA	0	NA	1.906828418	0:DiseaseFree	NA	NA	NA	4/13/11	NA	NA	NA	NA	NA	No	NA	NA	NA	C54.1	8380/3	C54.1	Yes	NA	NA	NA	NA	NA	NA	NA	NA	NA	NA	NA	NA	NA	NA	NA	No	NA	NA	c5df9142-27f6-4d97-933e-c79ea9199362	NA	NA	NA	NA	NA	NA	NA	NA	NA	NA	NA	NA	NA	NA	NA	NA	NA	NA	NA	NA	NA	NA	NA	NA	NA	NA	Mayo Clinic	NA	NA	NA	NA	125	NA	NA	-26638	NA	NA	NA	NA	NA	NA	NA	NA	NA	NA	NA	NA	NA	2	NA	UCEC	1.906828418	0:ALIVE OR DEAD TUMOR FREE	EUR	Yes	0.2623	0.09	Tumor Free	1.906828418	0:CENSORED	NA	No	No	NA	UCEC_CN_LOW	0	No	Yes	D1	Uterus	Endometrioid Endometrial Adenocarcinoma	NA	NA	NA	NA	NA	NA	NA	NA	NA	NA	NA	NA	NA	NA	NA	NA
ucec_tcga_pan_can_atlas_2018	TCGA-D1-A160	TCGA-D1-A160-01	Endometrial Cancer	Uterine Endometrioid Carcinoma	Not Hispanic Or Latino	NA	NA	NA	499	UEC	White	1	Primary	Matched	16.73333333	NA	NA	NA	NA	NA	NA	70	NA	NA	NA	NA	NA	NA	NA	NA	NA	NA	NA	NA	NA	NA	NA	NA	NA	NA	NA	NA	NA	NA	NA	NA	NA	NA	NA	NA	NA	NA	NA	NA	NA	NA	NA	NA	NA	NA	NA	NA	NA	NA	NA	NA	NA	NA	NA	NA	NA	NA	NA	NA	NA	NA	NA	NA	NA	NA	NA	NA	NA	NA	NA	NA	NA	NA	NA	NA	NA	NA	NA	NA	NA	NA	NA	NA	NA	NA	NA	NA	NA	NA	NA	NA	NA	NA	NA	NA	NA	NA	NA	NA	NA	NA	NA	NA	NA	NA	NA	NA	NA	NA	NA	NA	NA	NA	NA	NA	NA	NA	NA	NA	NA	NA	NA	NA	NA	NA	NA	NA	NA	NA	NA	NA	NA	NA	NA	NA	NA	NA	NA	NA	NA	NA	NA	NA	NA	NA	NA	Female	NA	NA	NA	NA	NA	NA	NA	NA	NA	NA	NA	NA	NA	NA	NA	NA	NA	NA	0.0341	G2	NA	NA	NA	NA	NA	NA	NA	NA	NA	3.682151429	0:LIVING	NA	NA	NA	NA	NA	NA	NA	1995	NA	NA	NA	NA	NA	0	NA	3.682151429	0:DiseaseFree	NA	NA	NA	4/13/11	NA	NA	NA	NA	NA	No	NA	NA	NA	C54.1	8380/3	C54.1	Yes	NA	NA	NA	NA	NA	NA	NA	NA	NA	NA	NA	NA	NA	NA	NA	No	NA	NA	170bbbac-940f-4e1b-b0b8-60fa36d0fa23	NA	NA	NA	NA	NA	NA	NA	NA	NA	NA	NA	NA	NA	NA	NA	NA	NA	NA	NA	NA	NA	NA	NA	NA	NA	NA	Mayo Clinic	NA	NA	NA	NA	122	NA	112	-25673	NA	NA	NA	NA	NA	NA	NA	NA	NA	NA	NA	NA	NA	1	NA	UCEC	3.682151429	0:ALIVE OR DEAD TUMOR FREE	EUR	Yes	0.6785	21.45	Tumor Free	3.682151429	0:CENSORED	NA	No	No	NA	UCEC_MSI	2	No	Yes	D1	Uterus	Endometrioid Endometrial Adenocarcinoma	NA	NA	NA	NA	NA	NA	NA	NA	NA	NA	NA	NA	NA	NA	NA	NA
ucec_tcga_pub	TCGA-D1-A161	TCGA-D1-A161-01	Endometrial Cancer	Uterine Endometrioid Carcinoma	NA	NA	NA	NA	71	UEC	NA	1	Primary	Matched	2.36666666667	NA	NA	NA	NA	NA	NA	78	NA	NA	NA	NA	NA	NA	NA	NA	NA	NA	NA	NA	NA	NA	NA	NA	NA	NA	NA	NA	NA	NA	NA	NA	NA	NA	NA	NA	NA	NA	NA	NA	NA	NA	NA	NA	NA	NA	NA	NA	NA	NA	NA	NA	NA	NA	NA	NA	NA	NA	NA	NA	NA	NA	NA	NA	NA	NA	NA	NA	NA	NA	NA	NA	NA	NA	NA	NA	NA	NA	NA	NA	NA	NA	NA	NA	NA	NA	NA	NA	NA	NA	NA	NA	NA	NA	NA	NA	NA	NA	NA	NA	NA	NA	NA	NA	NA	NA	NA	NA	NA	NA	NA	NA	NA	NA	NA	NA	NA	NA	NA	NA	NA	NA	NA	NA	NA	NA	NA	NA	NA	NA	NA	NA	NA	NA	NA	NA	NA	NA	NA	NA	NA	NA	NA	NA	NA	NA	NA	Female	NA	NA	NA	NA	NA	NA	NA	NA	NA	NA	NA	NA	NA	NA	NA	NA	NA	NA	0.0468	Grade 1	NA	NA	NA	NA	NA	NA	NA	NA	NA	29.31	0:LIVING	NA	NA	NA	NA	NA	NA	NA	NA	NA	NA	NA	NA	NA	NA	NA	29.30658079	0:DiseaseFree	NA	NA	NA	NA	NA	NA	NA	NA	NA	NA	NA	NA	NA	NA	NA	NA	NA	NA	NA	NA	NA	NA	NA	NA	NA	NA	NA	NA	NA	NA	NA	NA	NA	NA	NA	NA	NA	NA	NA	NA	NA	NA	NA	NA	NA	NA	NA	NA	NA	NA	NA	NA	NA	NA	NA	NA	NA	NA	NA	NA	NA	NA	NA	NA	NA	NA	NA	NA	NA	NA	NA	NA	NA	NA	NA	NA	NA	NA	NA	NA	NA	NA	NA	NA	NA	NA	NA	NA	NA	NA	NA	NA	NA	NA	NA	NA	NA	NA	NA	NA	Copy-number low (Endometriod)	NA	NA	NA	NA	NA	NA	NA	2	Y	Y	Endometrioid	Y	4	2	0.953263868	0	2	MSS	MSS	1_LOW	Y	Stage I
ucec_tcga_pan_can_atlas_2018	TCGA-D1-A161	TCGA-D1-A161-01	Endometrial Cancer	Uterine Endometrioid Carcinoma	Not Hispanic Or Latino	NA	NA	NA	79	UEC	White	1	Primary	Matched	2.633333333	NA	NA	NA	NA	NA	NA	78	NA	NA	NA	NA	NA	NA	NA	NA	NA	NA	NA	NA	NA	NA	NA	NA	NA	NA	NA	NA	NA	NA	NA	NA	NA	NA	NA	NA	NA	NA	NA	NA	NA	NA	NA	NA	NA	NA	NA	NA	NA	NA	NA	NA	NA	NA	NA	NA	NA	NA	NA	NA	NA	NA	NA	NA	NA	NA	NA	NA	NA	NA	NA	NA	NA	NA	NA	NA	NA	NA	NA	NA	NA	NA	NA	NA	NA	NA	NA	NA	NA	NA	NA	NA	NA	NA	NA	NA	NA	NA	NA	NA	NA	NA	NA	NA	NA	NA	NA	NA	NA	NA	NA	NA	NA	NA	NA	NA	NA	NA	NA	NA	NA	NA	NA	NA	NA	NA	NA	NA	NA	NA	NA	NA	NA	NA	NA	NA	NA	NA	NA	NA	NA	NA	NA	NA	NA	NA	NA	Female	NA	NA	NA	NA	NA	NA	NA	NA	NA	NA	NA	NA	NA	NA	NA	NA	NA	NA	0.0468	G1	NA	NA	NA	NA	NA	NA	NA	NA	NA	29.32570602	0:LIVING	NA	NA	NA	NA	NA	NA	NA	1995	NA	NA	NA	NA	NA	0	NA	29.32570602	0:DiseaseFree	NA	NA	NA	4/13/11	NA	NA	NA	NA	NA	No	NA	NA	NA	C54.1	8380/3	C54.1	Yes	NA	NA	NA	NA	NA	NA	NA	NA	NA	NA	NA	NA	NA	NA	NA	No	NA	NA	0305db4a-62ee-4ecb-bede-032981298732	NA	NA	NA	NA	NA	NA	NA	NA	NA	NA	NA	NA	NA	NA	NA	NA	NA	NA	NA	NA	NA	NA	NA	NA	NA	NA	Mayo Clinic	NA	NA	NA	NA	71	NA	892	-28695	NA	NA	NA	NA	NA	NA	NA	NA	NA	NA	NA	NA	NA	2	NA	UCEC	29.32570602	0:ALIVE OR DEAD TUMOR FREE	EUR	Yes	0.2671	0.16	Tumor Free	29.32570602	0:CENSORED	NA	No	No	NA	UCEC_CN_LOW	12	No	Yes	D1	Uterus	Endometrioid Endometrial Adenocarcinoma	NA	NA	NA	NA	NA	NA	NA	NA	NA	NA	NA	NA	NA	NA	NA	NA
ucec_tcga_pan_can_atlas_2018	TCGA-D1-A163	TCGA-D1-A163-01	Endometrial Cancer	Uterine Endometrioid Carcinoma	Not Hispanic Or Latino	NA	NA	NA	570	UEC	White	1	Primary	Matched	19.03333333	NA	NA	NA	NA	NA	NA	50	NA	NA	NA	NA	NA	NA	NA	NA	NA	NA	NA	NA	NA	NA	NA	NA	NA	NA	NA	NA	NA	NA	NA	NA	NA	NA	NA	NA	NA	NA	NA	NA	NA	NA	NA	NA	NA	NA	NA	NA	NA	NA	NA	NA	NA	NA	NA	NA	NA	NA	NA	NA	NA	NA	NA	NA	NA	NA	NA	NA	NA	NA	NA	NA	NA	NA	NA	NA	NA	NA	NA	NA	NA	NA	NA	NA	NA	NA	NA	NA	NA	NA	NA	NA	NA	NA	NA	NA	NA	NA	NA	NA	NA	NA	NA	NA	NA	NA	NA	NA	NA	NA	NA	NA	NA	NA	NA	NA	NA	NA	NA	NA	NA	NA	NA	NA	NA	NA	NA	NA	NA	NA	NA	NA	NA	NA	NA	NA	NA	NA	NA	NA	NA	NA	NA	NA	NA	NA	NA	Female	NA	NA	NA	NA	NA	NA	NA	NA	NA	NA	NA	NA	NA	NA	NA	NA	NA	NA	0.0001	G2	NA	NA	NA	NA	NA	NA	NA	NA	NA	32.58046487	0:LIVING	NA	NA	NA	NA	NA	NA	NA	1995	NA	NA	NA	NA	NA	0	NA	7.331426505	1:Recurred/Progressed	NA	NA	NA	4/13/11	NA	NA	NA	NA	NA	No	NA	NA	NA	C54.1	8380/3	C54.1	Yes	NA	NA	NA	NA	NA	NA	NA	NA	NA	NA	NA	NA	NA	NA	NA	Yes	NA	NA	a438dce7-6592-4ea6-a401-57f5a8fe8ba6	NA	NA	NA	NA	NA	NA	NA	NA	NA	NA	NA	NA	NA	NA	NA	NA	NA	NA	NA	NA	NA	NA	NA	NA	NA	NA	Mayo Clinic	NA	NA	NA	NA	109	NA	991	-18604	NA	NA	NA	NA	NA	NA	NA	NA	NA	NA	NA	NA	NA	0	NA	UCEC	32.58046487	0:ALIVE OR DEAD TUMOR FREE	EUR	Yes	0.9412	29.96	Tumor Free	7.331426505	1:PROGRESSION	NA	No	Yes	NA	UCEC_MSI	3	No	Yes	D1	Uterus	Endometrioid Endometrial Adenocarcinoma	NA	NA	NA	NA	NA	NA	NA	NA	NA	NA	NA	NA	NA	NA	NA	NA
ucec_tcga_pub	TCGA-D1-A165	TCGA-D1-A165-01	Endometrial Cancer	Uterine Endometrioid Carcinoma	NA	NA	NA	NA	51	UEC	NA	1	Primary	Matched	1.7	NA	NA	NA	NA	NA	NA	64	NA	NA	NA	NA	NA	NA	NA	NA	NA	NA	NA	NA	NA	NA	NA	NA	NA	NA	NA	NA	NA	NA	NA	NA	NA	NA	NA	NA	NA	NA	NA	NA	NA	NA	NA	NA	NA	NA	NA	NA	NA	NA	NA	NA	NA	NA	NA	NA	NA	NA	NA	NA	NA	NA	NA	NA	NA	NA	NA	NA	NA	NA	NA	NA	NA	NA	NA	NA	NA	NA	NA	NA	NA	NA	NA	NA	NA	NA	NA	NA	NA	NA	NA	NA	NA	NA	NA	NA	NA	NA	NA	NA	NA	NA	NA	NA	NA	NA	NA	NA	NA	NA	NA	NA	NA	NA	NA	NA	NA	NA	NA	NA	NA	NA	NA	NA	NA	NA	NA	NA	NA	NA	NA	NA	NA	NA	NA	NA	NA	NA	NA	NA	NA	NA	NA	NA	NA	NA	NA	Female	NA	NA	NA	NA	NA	NA	NA	NA	NA	NA	NA	NA	NA	NA	NA	NA	NA	NA	0.1588	Grade 1	NA	NA	NA	NA	NA	NA	NA	NA	NA	0.66	0:LIVING	NA	NA	NA	NA	NA	NA	NA	NA	NA	NA	NA	NA	NA	NA	NA	0.657098224	0:DiseaseFree	NA	NA	NA	NA	NA	NA	NA	NA	NA	NA	NA	NA	NA	NA	NA	NA	NA	NA	NA	NA	NA	NA	NA	NA	NA	NA	NA	NA	NA	NA	NA	NA	NA	NA	NA	NA	NA	NA	NA	NA	NA	NA	NA	NA	NA	NA	NA	NA	NA	NA	NA	NA	NA	NA	NA	NA	NA	NA	NA	NA	NA	NA	NA	NA	NA	NA	NA	NA	NA	NA	NA	NA	NA	NA	NA	NA	NA	NA	NA	NA	NA	NA	NA	NA	NA	NA	NA	NA	NA	NA	NA	NA	NA	NA	NA	NA	NA	NA	NA	NA	Copy-number low (Endometriod)	NA	NA	NA	NA	NA	NA	NA	2	Y	Y	Endometrioid	Y	2	2	0.953263868	0	2	MSS	MSS	1_LOW	Y	Stage I
ucec_tcga_pan_can_atlas_2018	TCGA-D1-A165	TCGA-D1-A165-01	Endometrial Cancer	Uterine Endometrioid Carcinoma	Not Hispanic Or Latino	NA	NA	NA	63	UEC	White	1	Primary	Matched	2.1	NA	NA	NA	NA	NA	NA	64	NA	NA	NA	NA	NA	NA	NA	NA	NA	NA	NA	NA	NA	NA	NA	NA	NA	NA	NA	NA	NA	NA	NA	NA	NA	NA	NA	NA	NA	NA	NA	NA	NA	NA	NA	NA	NA	NA	NA	NA	NA	NA	NA	NA	NA	NA	NA	NA	NA	NA	NA	NA	NA	NA	NA	NA	NA	NA	NA	NA	NA	NA	NA	NA	NA	NA	NA	NA	NA	NA	NA	NA	NA	NA	NA	NA	NA	NA	NA	NA	NA	NA	NA	NA	NA	NA	NA	NA	NA	NA	NA	NA	NA	NA	NA	NA	NA	NA	NA	NA	NA	NA	NA	NA	NA	NA	NA	NA	NA	NA	NA	NA	NA	NA	NA	NA	NA	NA	NA	NA	NA	NA	NA	NA	NA	NA	NA	NA	NA	NA	NA	NA	NA	NA	NA	NA	NA	NA	NA	Female	NA	NA	NA	NA	NA	NA	NA	NA	NA	NA	NA	NA	NA	NA	NA	NA	NA	NA	0.1588	G1	NA	NA	NA	NA	NA	NA	NA	NA	NA	0.657527041	0:LIVING	NA	NA	NA	NA	NA	NA	NA	1995	NA	NA	NA	NA	NA	0	NA	0.657527041	0:DiseaseFree	NA	NA	NA	4/13/11	NA	NA	NA	NA	NA	No	NA	NA	NA	C54.1	8380/3	C54.1	Yes	NA	NA	NA	NA	NA	NA	NA	NA	NA	NA	NA	NA	NA	NA	NA	No	NA	NA	9bc2f33f-3067-4000-bc8a-1c5bb671d101	NA	NA	NA	NA	NA	NA	NA	NA	NA	NA	NA	NA	NA	NA	NA	NA	NA	NA	NA	NA	NA	NA	NA	NA	NA	NA	Mayo Clinic	NA	NA	NA	NA	87	NA	20	-23526	NA	NA	NA	NA	NA	NA	NA	NA	NA	NA	NA	NA	NA	6	NA	UCEC	0.657527041	0:ALIVE OR DEAD TUMOR FREE	EUR	Yes	0.2651	0	Tumor Free	0.657527041	0:CENSORED	NA	No	No	NA	UCEC_CN_LOW	2	No	Yes	D1	Uterus	Endometrioid Endometrial Adenocarcinoma	NA	NA	NA	NA	NA	NA	NA	NA	NA	NA	NA	NA	NA	NA	NA	NA
ucec_tcga_pan_can_atlas_2018	TCGA-D1-A167	TCGA-D1-A167-01	Endometrial Cancer	Uterine Endometrioid Carcinoma	Not Hispanic Or Latino	NA	NA	NA	1559	UEC	White	1	Primary	Matched	52.06666667	NA	NA	NA	NA	NA	NA	70	NA	NA	NA	NA	NA	NA	NA	NA	NA	NA	NA	NA	NA	NA	NA	NA	NA	NA	NA	NA	NA	NA	NA	NA	NA	NA	NA	NA	NA	NA	NA	NA	NA	NA	NA	NA	NA	NA	NA	NA	NA	NA	NA	NA	NA	NA	NA	NA	NA	NA	NA	NA	NA	NA	NA	NA	NA	NA	NA	NA	NA	NA	NA	NA	NA	NA	NA	NA	NA	NA	NA	NA	NA	NA	NA	NA	NA	NA	NA	NA	NA	NA	NA	NA	NA	NA	NA	NA	NA	NA	NA	NA	NA	NA	NA	NA	NA	NA	NA	NA	NA	NA	NA	NA	NA	NA	NA	NA	NA	NA	NA	NA	NA	NA	NA	NA	NA	NA	NA	NA	NA	NA	NA	NA	NA	NA	NA	NA	NA	NA	NA	NA	NA	NA	NA	NA	NA	NA	NA	Female	NA	NA	NA	NA	NA	NA	NA	NA	NA	NA	NA	NA	NA	NA	NA	NA	NA	NA	0.0001	G2	NA	NA	NA	NA	NA	NA	NA	NA	NA	15.71489628	0:LIVING	NA	NA	NA	NA	NA	NA	NA	1995	NA	NA	NA	NA	NA	0	NA	15.71489628	0:DiseaseFree	NA	NA	NA	4/13/11	NA	NA	NA	NA	NA	No	NA	NA	NA	C54.1	8380/3	C54.1	Yes	NA	NA	NA	NA	NA	NA	NA	NA	NA	NA	NA	NA	NA	NA	NA	No	NA	NA	3d215e20-9eea-47e0-849e-cff1fee5634d	NA	NA	NA	NA	NA	NA	NA	NA	NA	NA	NA	NA	NA	NA	NA	NA	NA	NA	NA	NA	NA	NA	NA	NA	NA	NA	Mayo Clinic	NA	NA	NA	NA	72	NA	478	-25575	NA	NA	NA	NA	NA	NA	NA	NA	NA	NA	NA	NA	NA	0	NA	UCEC	15.71489628	0:ALIVE OR DEAD TUMOR FREE	EUR	Yes	0.9382	24.6	Tumor Free	15.71489628	0:CENSORED	NA	No	Yes	NA	UCEC_MSI	0	No	Yes	D1	Uterus	Endometrioid Endometrial Adenocarcinoma	NA	NA	NA	NA	NA	NA	NA	NA	NA	NA	NA	NA	NA	NA	NA	NA
ucec_tcga_pub	TCGA-D1-A168	TCGA-D1-A168-01	Endometrial Cancer	Uterine Endometrioid Carcinoma	NA	NA	NA	NA	50	UEC	NA	1	Primary	Matched	1.56666666667	NA	NA	NA	NA	NA	NA	67	NA	NA	NA	NA	NA	NA	NA	NA	NA	NA	NA	NA	NA	NA	NA	NA	NA	NA	NA	NA	NA	NA	NA	NA	NA	NA	NA	NA	NA	NA	NA	NA	NA	NA	NA	NA	NA	NA	NA	NA	NA	NA	NA	NA	NA	NA	NA	NA	NA	NA	NA	NA	NA	NA	NA	NA	NA	NA	NA	NA	NA	NA	NA	NA	NA	NA	NA	NA	NA	NA	NA	NA	NA	NA	NA	NA	NA	NA	NA	NA	NA	NA	NA	NA	NA	NA	NA	NA	NA	NA	NA	NA	NA	NA	NA	NA	NA	NA	NA	NA	NA	NA	NA	NA	NA	NA	NA	NA	NA	NA	NA	NA	NA	NA	NA	NA	NA	NA	NA	NA	NA	NA	NA	NA	NA	NA	NA	NA	NA	NA	NA	NA	NA	NA	NA	NA	NA	NA	NA	Female	NA	NA	NA	NA	NA	NA	NA	NA	NA	NA	NA	NA	NA	NA	NA	NA	NA	NA	0.2320	Grade 3	NA	NA	NA	NA	NA	NA	NA	NA	NA	36.07	0:LIVING	NA	NA	NA	NA	NA	NA	NA	NA	NA	NA	NA	NA	NA	NA	NA	36.0746925	0:DiseaseFree	NA	NA	NA	NA	NA	NA	NA	NA	NA	NA	NA	NA	NA	NA	NA	NA	NA	NA	NA	NA	NA	NA	NA	NA	NA	NA	NA	NA	NA	NA	NA	NA	NA	NA	NA	NA	NA	NA	NA	NA	NA	NA	NA	NA	NA	NA	NA	NA	NA	NA	NA	NA	NA	NA	NA	NA	NA	NA	NA	NA	NA	NA	NA	NA	NA	NA	NA	NA	NA	NA	NA	NA	NA	NA	NA	NA	NA	NA	NA	NA	NA	NA	NA	NA	NA	NA	NA	NA	NA	NA	NA	NA	NA	NA	NA	NA	NA	NA	NA	NA	Copy-number low (Endometriod)	NA	NA	NA	NA	NA	NA	NA	2	Y	Y	Endometrioid	Y	4	2	0.788513777	0	3	MSS	MSS	1_LOW	Y	Stage I
ucec_tcga_pan_can_atlas_2018	TCGA-D1-A168	TCGA-D1-A168-01	Endometrial Cancer	Uterine Endometrioid Carcinoma	Not Hispanic Or Latino	NA	NA	NA	49	UEC	White	1	Primary	Matched	1.666666667	NA	NA	NA	NA	NA	NA	67	NA	NA	NA	NA	NA	NA	NA	NA	NA	NA	NA	NA	NA	NA	NA	NA	NA	NA	NA	NA	NA	NA	NA	NA	NA	NA	NA	NA	NA	NA	NA	NA	NA	NA	NA	NA	NA	NA	NA	NA	NA	NA	NA	NA	NA	NA	NA	NA	NA	NA	NA	NA	NA	NA	NA	NA	NA	NA	NA	NA	NA	NA	NA	NA	NA	NA	NA	NA	NA	NA	NA	NA	NA	NA	NA	NA	NA	NA	NA	NA	NA	NA	NA	NA	NA	NA	NA	NA	NA	NA	NA	NA	NA	NA	NA	NA	NA	NA	NA	NA	NA	NA	NA	NA	NA	NA	NA	NA	NA	NA	NA	NA	NA	NA	NA	NA	NA	NA	NA	NA	NA	NA	NA	NA	NA	NA	NA	NA	NA	NA	NA	NA	NA	NA	NA	NA	NA	NA	NA	Female	NA	NA	NA	NA	NA	NA	NA	NA	NA	NA	NA	NA	NA	NA	NA	NA	NA	NA	0.2320	G3	NA	NA	NA	NA	NA	NA	NA	NA	NA	36.09823454	0:LIVING	NA	NA	NA	NA	NA	NA	NA	1995	NA	NA	NA	NA	NA	0	NA	36.09823454	0:DiseaseFree	NA	NA	NA	4/13/11	NA	NA	NA	NA	NA	No	NA	NA	NA	C54.1	8380/3	C54.1	Yes	NA	NA	NA	NA	NA	NA	NA	NA	NA	NA	NA	NA	NA	NA	NA	No	NA	NA	41893e97-7e90-4b03-b738-260f288ade4c	NA	NA	NA	NA	NA	NA	NA	NA	NA	NA	NA	NA	NA	NA	NA	NA	NA	NA	NA	NA	NA	NA	NA	NA	NA	NA	Mayo Clinic	NA	NA	NA	NA	76	NA	1098	-24586	NA	NA	NA	NA	NA	NA	NA	NA	NA	NA	NA	NA	NA	7	NA	UCEC	36.09823454	0:ALIVE OR DEAD TUMOR FREE	EUR	Yes	0.2875	0.24	Tumor Free	36.09823454	0:CENSORED	NA	No	Yes	NA	UCEC_CN_LOW	6	No	Yes	D1	Uterus	Endometrioid Endometrial Adenocarcinoma	NA	NA	NA	NA	NA	NA	NA	NA	NA	NA	NA	NA	NA	NA	NA	NA
ucec_tcga_pan_can_atlas_2018	TCGA-D1-A169	TCGA-D1-A169-01	Endometrial Cancer	Uterine Endometrioid Carcinoma	Not Hispanic Or Latino	NA	NA	NA	54	UEC	White	1	Primary	Matched	1.8	NA	NA	NA	NA	NA	NA	63	NA	NA	NA	NA	NA	NA	NA	NA	NA	NA	NA	NA	NA	NA	NA	NA	NA	NA	NA	NA	NA	NA	NA	NA	NA	NA	NA	NA	NA	NA	NA	NA	NA	NA	NA	NA	NA	NA	NA	NA	NA	NA	NA	NA	NA	NA	NA	NA	NA	NA	NA	NA	NA	NA	NA	NA	NA	NA	NA	NA	NA	NA	NA	NA	NA	NA	NA	NA	NA	NA	NA	NA	NA	NA	NA	NA	NA	NA	NA	NA	NA	NA	NA	NA	NA	NA	NA	NA	NA	NA	NA	NA	NA	NA	NA	NA	NA	NA	NA	NA	NA	NA	NA	NA	NA	NA	NA	NA	NA	NA	NA	NA	NA	NA	NA	NA	NA	NA	NA	NA	NA	NA	NA	NA	NA	NA	NA	NA	NA	NA	NA	NA	NA	NA	NA	NA	NA	NA	NA	Female	NA	NA	NA	NA	NA	NA	NA	NA	NA	NA	NA	NA	NA	NA	NA	NA	NA	NA	0.2083	G2	NA	NA	NA	NA	NA	NA	NA	NA	NA	37.31465957	0:LIVING	NA	NA	NA	NA	NA	NA	NA	1995	NA	NA	NA	NA	NA	0	NA	NA	NA	NA	NA	NA	4/13/11	NA	NA	NA	NA	NA	No	NA	NA	NA	C54.1	8380/3	C54.1	Yes	NA	NA	NA	NA	NA	NA	NA	NA	NA	NA	NA	NA	NA	NA	NA	Yes	NA	NA	9a599f57-0e8d-4e1f-a181-791f5fdeadb7	NA	NA	NA	NA	NA	NA	NA	NA	NA	NA	NA	NA	NA	NA	NA	NA	NA	NA	NA	NA	NA	NA	NA	NA	NA	NA	Mayo Clinic	NA	NA	NA	NA	102	NA	1135	-23238	NA	NA	NA	NA	NA	NA	NA	NA	NA	NA	NA	NA	NA	7	NA	UCEC	37.31465957	0:ALIVE OR DEAD TUMOR FREE	EUR	Yes	0.2669	0.15	With Tumor	17.06282671	1:PROGRESSION	NA	No	No	NA	UCEC_CN_HIGH	42	No	Yes	D1	Uterus	Endometrioid Endometrial Adenocarcinoma	NA	NA	NA	NA	NA	NA	NA	NA	NA	NA	NA	NA	NA	NA	NA	NA
ucec_tcga_pub	TCGA-D1-A16B	TCGA-D1-A16B-01	Endometrial Cancer	Uterine Endometrioid Carcinoma	NA	NA	NA	NA	47	UEC	NA	1	Primary	Matched	1.56666666667	NA	NA	NA	NA	NA	NA	64	NA	NA	NA	NA	NA	NA	NA	NA	NA	NA	NA	NA	NA	NA	NA	NA	NA	NA	NA	NA	NA	NA	NA	NA	NA	NA	NA	NA	NA	NA	NA	NA	NA	NA	NA	NA	NA	NA	NA	NA	NA	NA	NA	NA	NA	NA	NA	NA	NA	NA	NA	NA	NA	NA	NA	NA	NA	NA	NA	NA	NA	NA	NA	NA	NA	NA	NA	NA	NA	NA	NA	NA	NA	NA	NA	NA	NA	NA	NA	NA	NA	NA	NA	NA	NA	NA	NA	NA	NA	NA	NA	NA	NA	NA	NA	NA	NA	NA	NA	NA	NA	NA	NA	NA	NA	NA	NA	NA	NA	NA	NA	NA	NA	NA	NA	NA	NA	NA	NA	NA	NA	NA	NA	NA	NA	NA	NA	NA	NA	NA	NA	NA	NA	NA	NA	NA	NA	NA	NA	Female	NA	NA	NA	NA	NA	NA	NA	NA	NA	NA	NA	NA	NA	NA	NA	NA	NA	NA	0.0001	Grade 2	NA	NA	NA	NA	NA	NA	NA	NA	NA	36.34	0:LIVING	NA	NA	NA	NA	NA	NA	NA	NA	NA	NA	NA	NA	NA	NA	NA	36.33753179	0:DiseaseFree	NA	NA	NA	NA	NA	NA	NA	NA	NA	NA	NA	NA	NA	NA	NA	NA	NA	NA	NA	NA	NA	NA	NA	NA	NA	NA	NA	NA	NA	NA	NA	NA	NA	NA	NA	NA	NA	NA	NA	NA	NA	NA	NA	NA	NA	NA	NA	NA	NA	NA	NA	NA	NA	NA	NA	NA	NA	NA	NA	NA	NA	NA	NA	NA	NA	NA	NA	NA	NA	NA	NA	NA	NA	NA	NA	NA	NA	NA	NA	NA	NA	NA	NA	NA	NA	NA	NA	NA	NA	NA	NA	NA	NA	NA	NA	NA	NA	NA	NA	NA	Copy-number low (Endometriod)	NA	NA	NA	NA	NA	NA	NA	1	Y	Y	Endometrioid	Y	4	4	0.877287726	0	2	MSS	MSS	1_LOW	Y	Stage I
ucec_tcga_pan_can_atlas_2018	TCGA-D1-A16B	TCGA-D1-A16B-01	Endometrial Cancer	Uterine Endometrioid Carcinoma	Not Hispanic Or Latino	NA	NA	NA	49	UEC	White	1	Primary	Matched	1.6	NA	NA	NA	NA	NA	NA	64	NA	NA	NA	NA	NA	NA	NA	NA	NA	NA	NA	NA	NA	NA	NA	NA	NA	NA	NA	NA	NA	NA	NA	NA	NA	NA	NA	NA	NA	NA	NA	NA	NA	NA	NA	NA	NA	NA	NA	NA	NA	NA	NA	NA	NA	NA	NA	NA	NA	NA	NA	NA	NA	NA	NA	NA	NA	NA	NA	NA	NA	NA	NA	NA	NA	NA	NA	NA	NA	NA	NA	NA	NA	NA	NA	NA	NA	NA	NA	NA	NA	NA	NA	NA	NA	NA	NA	NA	NA	NA	NA	NA	NA	NA	NA	NA	NA	NA	NA	NA	NA	NA	NA	NA	NA	NA	NA	NA	NA	NA	NA	NA	NA	NA	NA	NA	NA	NA	NA	NA	NA	NA	NA	NA	NA	NA	NA	NA	NA	NA	NA	NA	NA	NA	NA	NA	NA	NA	NA	Female	NA	NA	NA	NA	NA	NA	NA	NA	NA	NA	NA	NA	NA	NA	NA	NA	NA	NA	0.0001	G2	NA	NA	NA	NA	NA	NA	NA	NA	NA	36.36124536	0:LIVING	NA	NA	NA	NA	NA	NA	NA	1995	NA	NA	NA	NA	NA	0	NA	36.36124536	0:DiseaseFree	NA	NA	NA	4/13/11	NA	NA	NA	NA	NA	No	NA	NA	NA	C54.1	8380/3	C54.1	Yes	NA	NA	NA	NA	NA	NA	NA	NA	NA	NA	NA	NA	NA	NA	NA	No	NA	NA	bca1057a-1e96-404d-8a37-5a8dc1944ee7	NA	NA	NA	NA	NA	NA	NA	NA	NA	NA	NA	NA	NA	NA	NA	NA	NA	NA	NA	NA	NA	NA	NA	NA	NA	NA	Mayo Clinic	NA	NA	NA	NA	86	NA	1106	-23450	NA	NA	NA	NA	NA	NA	NA	NA	NA	NA	NA	NA	NA	0	NA	UCEC	36.36124536	0:ALIVE OR DEAD TUMOR FREE	EUR	Yes	0.2725	0.02	Tumor Free	36.36124536	0:CENSORED	NA	No	No	NA	UCEC_CN_LOW	1	No	Yes	D1	Uterus	Endometrioid Endometrial Adenocarcinoma	NA	NA	NA	NA	NA	NA	NA	NA	NA	NA	NA	NA	NA	NA	NA	NA
ucec_tcga_pub	TCGA-D1-A16D	TCGA-D1-A16D-01	Endometrial Cancer	Uterine Endometrioid Carcinoma	NA	NA	NA	NA	39	UEC	NA	1	Primary	Matched	1.26666666667	NA	NA	NA	NA	NA	NA	49	NA	NA	NA	NA	NA	NA	NA	NA	NA	NA	NA	NA	NA	NA	NA	NA	NA	NA	NA	NA	NA	NA	NA	NA	NA	NA	NA	NA	NA	NA	NA	NA	NA	NA	NA	NA	NA	NA	NA	NA	NA	NA	NA	NA	NA	NA	NA	NA	NA	NA	NA	NA	NA	NA	NA	NA	NA	NA	NA	NA	NA	NA	NA	NA	NA	NA	NA	NA	NA	NA	NA	NA	NA	NA	NA	NA	NA	NA	NA	NA	NA	NA	NA	NA	NA	NA	NA	NA	NA	NA	NA	NA	NA	NA	NA	NA	NA	NA	NA	NA	NA	NA	NA	NA	NA	NA	NA	NA	NA	NA	NA	NA	NA	NA	NA	NA	NA	NA	NA	NA	NA	NA	NA	NA	NA	NA	NA	NA	NA	NA	NA	NA	NA	NA	NA	NA	NA	NA	NA	Female	NA	NA	NA	NA	NA	NA	NA	NA	NA	NA	NA	NA	NA	NA	NA	NA	NA	NA	0.0003	Grade 2	NA	NA	NA	NA	NA	NA	NA	NA	NA	37.49	0:LIVING	NA	NA	NA	NA	NA	NA	NA	NA	NA	NA	NA	NA	NA	NA	NA	37.48745368	0:DiseaseFree	NA	NA	NA	NA	NA	NA	NA	NA	NA	NA	NA	NA	NA	NA	NA	NA	NA	NA	NA	NA	NA	NA	NA	NA	NA	NA	NA	NA	NA	NA	NA	NA	NA	NA	NA	NA	NA	NA	NA	NA	NA	NA	NA	NA	NA	NA	NA	NA	NA	NA	NA	NA	NA	NA	NA	NA	NA	NA	NA	NA	NA	NA	NA	NA	NA	NA	NA	NA	NA	NA	NA	NA	NA	NA	NA	NA	NA	NA	NA	NA	NA	NA	NA	NA	NA	NA	NA	NA	NA	NA	NA	NA	NA	NA	NA	NA	NA	NA	NA	NA	Copy-number low (Endometriod)	NA	NA	NA	NA	NA	NA	NA	1	Y	Y	Endometrioid	Y	4	1	0.918650794	0	3	MSS	MSS	1_LOW	Y	Stage I
ucec_tcga_pan_can_atlas_2018	TCGA-D1-A16D	TCGA-D1-A16D-01	Endometrial Cancer	Uterine Endometrioid Carcinoma	Not Hispanic Or Latino	NA	NA	NA	42	UEC	White	1	Primary	Matched	1.4	NA	NA	NA	NA	NA	NA	49	NA	NA	NA	NA	NA	NA	NA	NA	NA	NA	NA	NA	NA	NA	NA	NA	NA	NA	NA	NA	NA	NA	NA	NA	NA	NA	NA	NA	NA	NA	NA	NA	NA	NA	NA	NA	NA	NA	NA	NA	NA	NA	NA	NA	NA	NA	NA	NA	NA	NA	NA	NA	NA	NA	NA	NA	NA	NA	NA	NA	NA	NA	NA	NA	NA	NA	NA	NA	NA	NA	NA	NA	NA	NA	NA	NA	NA	NA	NA	NA	NA	NA	NA	NA	NA	NA	NA	NA	NA	NA	NA	NA	NA	NA	NA	NA	NA	NA	NA	NA	NA	NA	NA	NA	NA	NA	NA	NA	NA	NA	NA	NA	NA	NA	NA	NA	NA	NA	NA	NA	NA	NA	NA	NA	NA	NA	NA	NA	NA	NA	NA	NA	NA	NA	NA	NA	NA	NA	NA	Female	NA	NA	NA	NA	NA	NA	NA	NA	NA	NA	NA	NA	NA	NA	NA	NA	NA	NA	0.0003	G2	NA	NA	NA	NA	NA	NA	NA	NA	NA	37.51191768	0:LIVING	NA	NA	NA	NA	NA	NA	NA	1995	NA	NA	NA	NA	NA	0	NA	37.51191768	0:DiseaseFree	NA	NA	NA	4/13/11	NA	NA	NA	NA	NA	No	NA	NA	NA	C54.1	8380/3	C54.1	Yes	NA	NA	NA	NA	NA	NA	NA	NA	NA	NA	NA	NA	NA	NA	NA	No	NA	NA	5693302a-4548-4c0b-8725-0cb7c67bc4f8	NA	NA	NA	NA	NA	NA	NA	NA	NA	NA	NA	NA	NA	NA	NA	NA	NA	NA	NA	NA	NA	NA	NA	NA	NA	NA	Mayo Clinic	NA	NA	NA	NA	151	NA	1141	-17933	NA	NA	NA	NA	NA	NA	NA	NA	NA	NA	NA	NA	NA	0	NA	UCEC	37.51191768	0:ALIVE OR DEAD TUMOR FREE	EUR	Yes	0.2708	0.05	Tumor Free	37.51191768	0:CENSORED	NA	No	Yes	NA	UCEC_CN_LOW	2	No	Yes	D1	Uterus	Endometrioid Endometrial Adenocarcinoma	NA	NA	NA	NA	NA	NA	NA	NA	NA	NA	NA	NA	NA	NA	NA	NA
ucec_tcga_pub	TCGA-D1-A16E	TCGA-D1-A16E-01	Endometrial Cancer	Uterine Endometrioid Carcinoma	NA	NA	NA	NA	48	UEC	NA	1	Primary	Matched	1.6	NA	NA	NA	NA	NA	NA	73	NA	NA	NA	NA	NA	NA	NA	NA	NA	NA	NA	NA	NA	NA	NA	NA	NA	NA	NA	NA	NA	NA	NA	NA	NA	NA	NA	NA	NA	NA	NA	NA	NA	NA	NA	NA	NA	NA	NA	NA	NA	NA	NA	NA	NA	NA	NA	NA	NA	NA	NA	NA	NA	NA	NA	NA	NA	NA	NA	NA	NA	NA	NA	NA	NA	NA	NA	NA	NA	NA	NA	NA	NA	NA	NA	NA	NA	NA	NA	NA	NA	NA	NA	NA	NA	NA	NA	NA	NA	NA	NA	NA	NA	NA	NA	NA	NA	NA	NA	NA	NA	NA	NA	NA	NA	NA	NA	NA	NA	NA	NA	NA	NA	NA	NA	NA	NA	NA	NA	NA	NA	NA	NA	NA	NA	NA	NA	NA	NA	NA	NA	NA	NA	NA	NA	NA	NA	NA	NA	Female	NA	NA	NA	NA	NA	NA	NA	NA	NA	NA	NA	NA	NA	NA	NA	NA	NA	NA	0.0001	Grade 1	NA	NA	NA	NA	NA	NA	NA	NA	NA	36.76	0:LIVING	NA	NA	NA	NA	NA	NA	NA	NA	NA	NA	NA	NA	NA	NA	NA	36.76464563	0:DiseaseFree	NA	NA	NA	NA	NA	NA	NA	NA	NA	NA	NA	NA	NA	NA	NA	NA	NA	NA	NA	NA	NA	NA	NA	NA	NA	NA	NA	NA	NA	NA	NA	NA	NA	NA	NA	NA	NA	NA	NA	NA	NA	NA	NA	NA	NA	NA	NA	NA	NA	NA	NA	NA	NA	NA	NA	NA	NA	NA	NA	NA	NA	NA	NA	NA	NA	NA	NA	NA	NA	NA	NA	NA	NA	NA	NA	NA	NA	NA	NA	NA	NA	NA	NA	NA	NA	NA	NA	NA	NA	NA	NA	NA	NA	NA	NA	NA	NA	NA	NA	NA	Copy-number low (Endometriod)	NA	NA	NA	NA	NA	NA	NA	1	Y	Y	Endometrioid	Y	2	2	0.953263868	0	3	MSS	MSS	1_LOW	Y	Stage I
ucec_tcga_pan_can_atlas_2018	TCGA-D1-A16E	TCGA-D1-A16E-01	Endometrial Cancer	Uterine Endometrioid Carcinoma	Not Hispanic Or Latino	NA	NA	NA	53	UEC	White	1	Primary	Matched	1.766666667	NA	NA	NA	NA	NA	NA	73	NA	NA	NA	NA	NA	NA	NA	NA	NA	NA	NA	NA	NA	NA	NA	NA	NA	NA	NA	NA	NA	NA	NA	NA	NA	NA	NA	NA	NA	NA	NA	NA	NA	NA	NA	NA	NA	NA	NA	NA	NA	NA	NA	NA	NA	NA	NA	NA	NA	NA	NA	NA	NA	NA	NA	NA	NA	NA	NA	NA	NA	NA	NA	NA	NA	NA	NA	NA	NA	NA	NA	NA	NA	NA	NA	NA	NA	NA	NA	NA	NA	NA	NA	NA	NA	NA	NA	NA	NA	NA	NA	NA	NA	NA	NA	NA	NA	NA	NA	NA	NA	NA	NA	NA	NA	NA	NA	NA	NA	NA	NA	NA	NA	NA	NA	NA	NA	NA	NA	NA	NA	NA	NA	NA	NA	NA	NA	NA	NA	NA	NA	NA	NA	NA	NA	NA	NA	NA	NA	Female	NA	NA	NA	NA	NA	NA	NA	NA	NA	NA	NA	NA	NA	NA	NA	NA	NA	NA	0.0001	G1	NA	NA	NA	NA	NA	NA	NA	NA	NA	36.78863793	0:LIVING	NA	NA	NA	NA	NA	NA	NA	1995	NA	NA	NA	NA	NA	0	NA	36.78863793	0:DiseaseFree	NA	NA	NA	4/13/11	NA	NA	NA	NA	NA	No	NA	NA	NA	C54.1	8380/3	C54.1	Yes	NA	NA	NA	NA	NA	NA	NA	NA	NA	NA	NA	NA	NA	NA	NA	No	NA	NA	e70465f6-1922-4eb7-b646-8b01ad3ce77b	NA	NA	NA	NA	NA	NA	NA	NA	NA	NA	NA	NA	NA	NA	NA	NA	NA	NA	NA	NA	NA	NA	NA	NA	NA	NA	Mayo Clinic	NA	NA	NA	NA	60	NA	1119	-26859	NA	NA	NA	NA	NA	NA	NA	NA	NA	NA	NA	NA	NA	0	NA	UCEC	36.78863793	0:ALIVE OR DEAD TUMOR FREE	EUR	Yes	0.2678	0.06	Tumor Free	36.78863793	0:CENSORED	NA	No	No	NA	UCEC_CN_LOW	2	No	Yes	D1	Uterus	Endometrioid Endometrial Adenocarcinoma	NA	NA	NA	NA	NA	NA	NA	NA	NA	NA	NA	NA	NA	NA	NA	NA
ucec_tcga_pan_can_atlas_2018	TCGA-D1-A16G	TCGA-D1-A16G-01	Endometrial Cancer	Uterine Serous Carcinoma/Uterine Papillary Serous Carcinoma	Not Hispanic Or Latino	NA	NA	NA	41	USC	White	1	Primary	Matched	1.333333333	NA	NA	NA	NA	NA	NA	74	NA	NA	NA	NA	NA	NA	NA	NA	NA	NA	NA	NA	NA	NA	NA	NA	NA	NA	NA	NA	NA	NA	NA	NA	NA	NA	NA	NA	NA	NA	NA	NA	NA	NA	NA	NA	NA	NA	NA	NA	NA	NA	NA	NA	NA	NA	NA	NA	NA	NA	NA	NA	NA	NA	NA	NA	NA	NA	NA	NA	NA	NA	NA	NA	NA	NA	NA	NA	NA	NA	NA	NA	NA	NA	NA	NA	NA	NA	NA	NA	NA	NA	NA	NA	NA	NA	NA	NA	NA	NA	NA	NA	NA	NA	NA	NA	NA	NA	NA	NA	NA	NA	NA	NA	NA	NA	NA	NA	NA	NA	NA	NA	NA	NA	NA	NA	NA	NA	NA	NA	NA	NA	NA	NA	NA	NA	NA	NA	NA	NA	NA	NA	NA	NA	NA	NA	NA	NA	NA	Female	NA	NA	NA	NA	NA	NA	NA	NA	NA	NA	NA	NA	NA	NA	NA	NA	NA	NA	0.1014	High Grade	NA	NA	NA	NA	NA	NA	NA	NA	NA	27.4188776	1:DECEASED	NA	NA	NA	NA	NA	NA	NA	1995	NA	NA	NA	NA	NA	0	NA	NA	NA	NA	NA	NA	4/13/11	NA	NA	NA	NA	NA	No	NA	NA	NA	C54.1	8441/3	C54.1	Yes	NA	NA	NA	NA	NA	NA	NA	NA	NA	NA	NA	NA	NA	NA	NA	Yes	NA	NA	16e69011-c295-479f-b521-86e66fba498d	NA	NA	NA	NA	NA	NA	NA	NA	NA	NA	NA	NA	NA	NA	NA	NA	NA	NA	NA	NA	NA	NA	NA	NA	NA	NA	Mayo Clinic	NA	NA	NA	NA	75	NA	NA	-27065	NA	NA	NA	NA	NA	NA	NA	NA	NA	NA	NA	NA	NA	3	NA	UCEC	27.4188776	1:DEAD WITH TUMOR	EUR	Yes	0.2742	0	With Tumor	21.10661801	1:PROGRESSION	NA	No	Yes	NA	UCEC_CN_HIGH	149	No	Yes	D1	Uterus	Serous Endometrial Adenocarcinoma	NA	NA	NA	NA	NA	NA	NA	NA	NA	NA	NA	NA	NA	NA	NA	NA
ucec_tcga_pan_can_atlas_2018	TCGA-D1-A16I	TCGA-D1-A16I-01	Endometrial Cancer	Uterine Serous Carcinoma/Uterine Papillary Serous Carcinoma	Not Hispanic Or Latino	NA	NA	NA	37	USC	White	1	Primary	Matched	1.233333333	NA	NA	NA	NA	NA	NA	62	NA	NA	NA	NA	NA	NA	NA	NA	NA	NA	NA	NA	NA	NA	NA	NA	NA	NA	NA	NA	NA	NA	NA	NA	NA	NA	NA	NA	NA	NA	NA	NA	NA	NA	NA	NA	NA	NA	NA	NA	NA	NA	NA	NA	NA	NA	NA	NA	NA	NA	NA	NA	NA	NA	NA	NA	NA	NA	NA	NA	NA	NA	NA	NA	NA	NA	NA	NA	NA	NA	NA	NA	NA	NA	NA	NA	NA	NA	NA	NA	NA	NA	NA	NA	NA	NA	NA	NA	NA	NA	NA	NA	NA	NA	NA	NA	NA	NA	NA	NA	NA	NA	NA	NA	NA	NA	NA	NA	NA	NA	NA	NA	NA	NA	NA	NA	NA	NA	NA	NA	NA	NA	NA	NA	NA	NA	NA	NA	NA	NA	NA	NA	NA	NA	NA	NA	NA	NA	NA	Female	NA	NA	NA	NA	NA	NA	NA	NA	NA	NA	NA	NA	NA	NA	NA	NA	NA	NA	0.3811	High Grade	NA	NA	NA	NA	NA	NA	NA	NA	NA	11.50672321	1:DECEASED	NA	NA	NA	NA	NA	NA	NA	1995	NA	NA	NA	NA	NA	0	NA	11.50672321	0:DiseaseFree	NA	NA	NA	4/13/11	NA	NA	NA	NA	NA	No	NA	NA	NA	C54.1	8441/3	C54.1	Yes	NA	NA	NA	NA	NA	NA	NA	NA	NA	NA	NA	NA	NA	NA	NA	No	NA	NA	548ec160-4183-459f-8393-f4b4672a3251	NA	NA	NA	NA	NA	NA	NA	NA	NA	NA	NA	NA	NA	NA	NA	NA	NA	NA	NA	NA	NA	NA	NA	NA	NA	NA	Mayo Clinic	NA	NA	NA	NA	84	NA	NA	-22836	NA	NA	NA	NA	NA	NA	NA	NA	NA	NA	NA	NA	NA	5	NA	UCEC	11.50672321	0:ALIVE OR DEAD TUMOR FREE	EUR	Yes	0.2793	0.77	Tumor Free	11.50672321	0:CENSORED	NA	No	Yes	NA	UCEC_CN_HIGH	409	No	Yes	D1	Uterus	Serous Endometrial Adenocarcinoma	NA	NA	NA	NA	NA	NA	NA	NA	NA	NA	NA	NA	NA	NA	NA	NA
ucec_tcga_pan_can_atlas_2018	TCGA-D1-A16J	TCGA-D1-A16J-01	Endometrial Cancer	Uterine Endometrioid Carcinoma	Not Hispanic Or Latino	NA	NA	NA	224	UEC	White	1	Primary	Matched	7.5	NA	NA	NA	NA	NA	NA	61	NA	NA	NA	NA	NA	NA	NA	NA	NA	NA	NA	NA	NA	NA	NA	NA	NA	NA	NA	NA	NA	NA	NA	NA	NA	NA	NA	NA	NA	NA	NA	NA	NA	NA	NA	NA	NA	NA	NA	NA	NA	NA	NA	NA	NA	NA	NA	NA	NA	NA	NA	NA	NA	NA	NA	NA	NA	NA	NA	NA	NA	NA	NA	NA	NA	NA	NA	NA	NA	NA	NA	NA	NA	NA	NA	NA	NA	NA	NA	NA	NA	NA	NA	NA	NA	NA	NA	NA	NA	NA	NA	NA	NA	NA	NA	NA	NA	NA	NA	NA	NA	NA	NA	NA	NA	NA	NA	NA	NA	NA	NA	NA	NA	NA	NA	NA	NA	NA	NA	NA	NA	NA	NA	NA	NA	NA	NA	NA	NA	NA	NA	NA	NA	NA	NA	NA	NA	NA	NA	Female	NA	NA	NA	NA	NA	NA	NA	NA	NA	NA	NA	NA	NA	NA	NA	NA	NA	NA	0.1060	G2	NA	NA	NA	NA	NA	NA	NA	NA	NA	29.91748036	0:LIVING	NA	NA	NA	NA	NA	NA	NA	1995	NA	NA	NA	NA	NA	0	NA	29.91748036	0:DiseaseFree	NA	NA	NA	4/13/11	NA	NA	NA	NA	NA	No	NA	NA	NA	C54.1	8380/3	C54.1	Yes	NA	NA	NA	NA	NA	NA	NA	NA	NA	NA	NA	NA	NA	NA	NA	No	NA	NA	4db4d048-016a-4186-a519-bfbad237762f	NA	NA	NA	NA	NA	NA	NA	NA	NA	NA	NA	NA	NA	NA	NA	NA	NA	NA	NA	NA	NA	NA	NA	NA	NA	NA	Mayo Clinic	NA	NA	NA	NA	130	NA	910	-22319	NA	NA	NA	NA	NA	NA	NA	NA	NA	NA	NA	NA	NA	5	NA	UCEC	29.91748036	0:ALIVE OR DEAD TUMOR FREE	EUR	Yes	0.2648	0.09	Tumor Free	29.91748036	0:CENSORED	NA	No	Yes	NA	UCEC_CN_LOW	27	No	Yes	D1	Uterus	Endometrioid Endometrial Adenocarcinoma	NA	NA	NA	NA	NA	NA	NA	NA	NA	NA	NA	NA	NA	NA	NA	NA
ucec_tcga_pub	TCGA-D1-A16J	TCGA-D1-A16J-01	Endometrial Cancer	Uterine Endometrioid Carcinoma	NA	NA	NA	NA	167	UEC	NA	1	Primary	Matched	5.53333333333	NA	NA	NA	NA	NA	NA	61	NA	NA	NA	NA	NA	NA	NA	NA	NA	NA	NA	NA	NA	NA	NA	NA	NA	NA	NA	NA	NA	NA	NA	NA	NA	NA	NA	NA	NA	NA	NA	NA	NA	NA	NA	NA	NA	NA	NA	NA	NA	NA	NA	NA	NA	NA	NA	NA	NA	NA	NA	NA	NA	NA	NA	NA	NA	NA	NA	NA	NA	NA	NA	NA	NA	NA	NA	NA	NA	NA	NA	NA	NA	NA	NA	NA	NA	NA	NA	NA	NA	NA	NA	NA	NA	NA	NA	NA	NA	NA	NA	NA	NA	NA	NA	NA	NA	NA	NA	NA	NA	NA	NA	NA	NA	NA	NA	NA	NA	NA	NA	NA	NA	NA	NA	NA	NA	NA	NA	NA	NA	NA	NA	NA	NA	NA	NA	NA	NA	NA	NA	NA	NA	NA	NA	NA	NA	NA	NA	Female	NA	NA	NA	NA	NA	NA	NA	NA	NA	NA	NA	NA	NA	NA	NA	NA	NA	NA	0.1060	Grade 2	NA	NA	NA	NA	NA	NA	NA	NA	NA	29.87	0:LIVING	NA	NA	NA	NA	NA	NA	NA	NA	NA	NA	NA	NA	NA	NA	NA	29.86511428	0:DiseaseFree	NA	NA	NA	NA	NA	NA	NA	NA	NA	NA	NA	NA	NA	NA	NA	NA	NA	NA	NA	NA	NA	NA	NA	NA	NA	NA	NA	NA	NA	NA	NA	NA	NA	NA	NA	NA	NA	NA	NA	NA	NA	NA	NA	NA	NA	NA	NA	NA	NA	NA	NA	NA	NA	NA	NA	NA	NA	NA	NA	NA	NA	NA	NA	NA	NA	NA	NA	NA	NA	NA	NA	NA	NA	NA	NA	NA	NA	NA	NA	NA	NA	NA	NA	NA	NA	NA	NA	NA	NA	NA	NA	NA	NA	NA	NA	NA	NA	NA	NA	NA	Copy-number low (Endometriod)	NA	NA	NA	NA	NA	NA	NA	2	Y	Y	Endometrioid	Y	1	4	0.891829399	0	3	MSS	MSS	2_HIGH	Y	Stage II
ucec_tcga_pan_can_atlas_2018	TCGA-D1-A16N	TCGA-D1-A16N-01	Endometrial Cancer	Uterine Endometrioid Carcinoma	Not Hispanic Or Latino	NA	NA	NA	129	UEC	White	1	Primary	Matched	4.333333333	NA	NA	NA	NA	NA	NA	51	NA	NA	NA	NA	NA	NA	NA	NA	NA	NA	NA	NA	NA	NA	NA	NA	NA	NA	NA	NA	NA	NA	NA	NA	NA	NA	NA	NA	NA	NA	NA	NA	NA	NA	NA	NA	NA	NA	NA	NA	NA	NA	NA	NA	NA	NA	NA	NA	NA	NA	NA	NA	NA	NA	NA	NA	NA	NA	NA	NA	NA	NA	NA	NA	NA	NA	NA	NA	NA	NA	NA	NA	NA	NA	NA	NA	NA	NA	NA	NA	NA	NA	NA	NA	NA	NA	NA	NA	NA	NA	NA	NA	NA	NA	NA	NA	NA	NA	NA	NA	NA	NA	NA	NA	NA	NA	NA	NA	NA	NA	NA	NA	NA	NA	NA	NA	NA	NA	NA	NA	NA	NA	NA	NA	NA	NA	NA	NA	NA	NA	NA	NA	NA	NA	NA	NA	NA	NA	NA	Female	NA	NA	NA	NA	NA	NA	NA	NA	NA	NA	NA	NA	NA	NA	NA	NA	NA	NA	0.5101	G3	NA	NA	NA	NA	NA	NA	NA	NA	NA	31.06815268	0:LIVING	NA	NA	NA	NA	NA	NA	NA	1995	NA	NA	NA	NA	NA	0	NA	31.06815268	0:DiseaseFree	NA	NA	NA	4/13/11	NA	NA	NA	NA	NA	No	NA	NA	NA	C54.1	8380/3	C54.1	Yes	NA	NA	NA	NA	NA	NA	NA	NA	NA	NA	NA	NA	NA	NA	NA	No	NA	NA	dbbbddae-d711-40f5-bd10-863735885b1f	NA	NA	NA	NA	NA	NA	NA	NA	NA	NA	NA	NA	NA	NA	NA	NA	NA	NA	NA	NA	NA	NA	NA	NA	NA	NA	Mayo Clinic	NA	NA	NA	NA	89	NA	945	-18787	NA	NA	NA	NA	NA	NA	NA	NA	NA	NA	NA	NA	NA	15	NA	UCEC	31.06815268	0:ALIVE OR DEAD TUMOR FREE	EUR	Yes	0.3686	3.98	Tumor Free	31.06815268	0:CENSORED	NA	No	Yes	NA	UCEC_MSI	129	No	Yes	D1	Uterus	Endometrioid Endometrial Adenocarcinoma	NA	NA	NA	NA	NA	NA	NA	NA	NA	NA	NA	NA	NA	NA	NA	NA
ucec_tcga_pan_can_atlas_2018	TCGA-D1-A16O	TCGA-D1-A16O-01	Endometrial Cancer	Uterine Endometrioid Carcinoma	Not Hispanic Or Latino	NA	NA	NA	31	UEC	White	1	Primary	Matched	1.066666667	NA	NA	NA	NA	NA	NA	44	NA	NA	NA	NA	NA	NA	NA	NA	NA	NA	NA	NA	NA	NA	NA	NA	NA	NA	NA	NA	NA	NA	NA	NA	NA	NA	NA	NA	NA	NA	NA	NA	NA	NA	NA	NA	NA	NA	NA	NA	NA	NA	NA	NA	NA	NA	NA	NA	NA	NA	NA	NA	NA	NA	NA	NA	NA	NA	NA	NA	NA	NA	NA	NA	NA	NA	NA	NA	NA	NA	NA	NA	NA	NA	NA	NA	NA	NA	NA	NA	NA	NA	NA	NA	NA	NA	NA	NA	NA	NA	NA	NA	NA	NA	NA	NA	NA	NA	NA	NA	NA	NA	NA	NA	NA	NA	NA	NA	NA	NA	NA	NA	NA	NA	NA	NA	NA	NA	NA	NA	NA	NA	NA	NA	NA	NA	NA	NA	NA	NA	NA	NA	NA	NA	NA	NA	NA	NA	NA	Female	NA	NA	NA	NA	NA	NA	NA	NA	NA	NA	NA	NA	NA	NA	NA	NA	NA	NA	0.0635	G1	NA	NA	NA	NA	NA	NA	NA	NA	NA	33.63250814	0:LIVING	NA	NA	NA	NA	NA	NA	NA	2009	NA	NA	NA	NA	NA	0	NA	33.63250814	0:DiseaseFree	NA	NA	NA	4/13/11	NA	NA	NA	NA	NA	No	NA	NA	NA	C54.1	8380/3	C54.1	Yes	NA	NA	NA	NA	NA	NA	NA	NA	NA	NA	NA	NA	NA	NA	NA	No	NA	NA	8f508b78-cdc6-4a3d-b86e-520746d78653	NA	NA	NA	NA	NA	NA	NA	NA	NA	NA	NA	NA	NA	NA	NA	NA	NA	NA	NA	NA	NA	NA	NA	NA	NA	NA	Mayo Clinic	NA	NA	NA	NA	102	NA	1023	-16114	NA	NA	NA	NA	NA	NA	NA	NA	NA	NA	NA	NA	NA	0	NA	UCEC	33.63250814	0:ALIVE OR DEAD TUMOR FREE	EUR	Yes	0.2821	0.07	Tumor Free	33.63250814	0:CENSORED	NA	No	No	NA	UCEC_CN_LOW	4	No	Yes	D1	Uterus	Endometrioid Endometrial Adenocarcinoma	NA	NA	NA	NA	NA	NA	NA	NA	NA	NA	NA	NA	NA	NA	NA	NA
ucec_tcga_pub	TCGA-D1-A16O	TCGA-D1-A16O-01	Endometrial Cancer	Uterine Endometrioid Carcinoma	NA	NA	NA	NA	32	UEC	NA	1	Primary	Matched	1.06666666667	NA	NA	NA	NA	NA	NA	44	NA	NA	NA	NA	NA	NA	NA	NA	NA	NA	NA	NA	NA	NA	NA	NA	NA	NA	NA	NA	NA	NA	NA	NA	NA	NA	NA	NA	NA	NA	NA	NA	NA	NA	NA	NA	NA	NA	NA	NA	NA	NA	NA	NA	NA	NA	NA	NA	NA	NA	NA	NA	NA	NA	NA	NA	NA	NA	NA	NA	NA	NA	NA	NA	NA	NA	NA	NA	NA	NA	NA	NA	NA	NA	NA	NA	NA	NA	NA	NA	NA	NA	NA	NA	NA	NA	NA	NA	NA	NA	NA	NA	NA	NA	NA	NA	NA	NA	NA	NA	NA	NA	NA	NA	NA	NA	NA	NA	NA	NA	NA	NA	NA	NA	NA	NA	NA	NA	NA	NA	NA	NA	NA	NA	NA	NA	NA	NA	NA	NA	NA	NA	NA	NA	NA	NA	NA	NA	NA	Female	NA	NA	NA	NA	NA	NA	NA	NA	NA	NA	NA	NA	NA	NA	NA	NA	NA	NA	0.0635	Grade 1	NA	NA	NA	NA	NA	NA	NA	NA	NA	33.58	0:LIVING	NA	NA	NA	NA	NA	NA	NA	NA	NA	NA	NA	NA	NA	NA	NA	33.57771925	0:DiseaseFree	NA	NA	NA	NA	NA	NA	NA	NA	NA	NA	NA	NA	NA	NA	NA	NA	NA	NA	NA	NA	NA	NA	NA	NA	NA	NA	NA	NA	NA	NA	NA	NA	NA	NA	NA	NA	NA	NA	NA	NA	NA	NA	NA	NA	NA	NA	NA	NA	NA	NA	NA	NA	NA	NA	NA	NA	NA	NA	NA	NA	NA	NA	NA	NA	NA	NA	NA	NA	NA	NA	NA	NA	NA	NA	NA	NA	NA	NA	NA	NA	NA	NA	NA	NA	NA	NA	NA	NA	NA	NA	NA	NA	NA	NA	NA	NA	NA	NA	NA	NA	Copy-number low (Endometriod)	NA	NA	NA	NA	NA	NA	NA	2	Y	Y	Endometrioid	Y	4	5	0.667510536	0	2	MSS	MSS	1_LOW	Y	Stage I
ucec_tcga_pan_can_atlas_2018	TCGA-D1-A16Q	TCGA-D1-A16Q-01	Endometrial Cancer	Uterine Endometrioid Carcinoma	Not Hispanic Or Latino	NA	NA	NA	29	UEC	White	1	Primary	Matched	1	NA	NA	NA	NA	NA	NA	54	NA	NA	NA	NA	NA	NA	NA	NA	NA	NA	NA	NA	NA	NA	NA	NA	NA	NA	NA	NA	NA	NA	NA	NA	NA	NA	NA	NA	NA	NA	NA	NA	NA	NA	NA	NA	NA	NA	NA	NA	NA	NA	NA	NA	NA	NA	NA	NA	NA	NA	NA	NA	NA	NA	NA	NA	NA	NA	NA	NA	NA	NA	NA	NA	NA	NA	NA	NA	NA	NA	NA	NA	NA	NA	NA	NA	NA	NA	NA	NA	NA	NA	NA	NA	NA	NA	NA	NA	NA	NA	NA	NA	NA	NA	NA	NA	NA	NA	NA	NA	NA	NA	NA	NA	NA	NA	NA	NA	NA	NA	NA	NA	NA	NA	NA	NA	NA	NA	NA	NA	NA	NA	NA	NA	NA	NA	NA	NA	NA	NA	NA	NA	NA	NA	NA	NA	NA	NA	NA	Female	NA	NA	NA	NA	NA	NA	NA	NA	NA	NA	NA	NA	NA	NA	NA	NA	NA	NA	0.0061	G2	NA	NA	NA	NA	NA	NA	NA	NA	NA	10.65193806	0:LIVING	NA	NA	NA	NA	NA	NA	NA	2009	NA	NA	NA	NA	NA	0	NA	10.65193806	0:DiseaseFree	NA	NA	NA	4/13/11	NA	NA	NA	NA	NA	No	NA	NA	NA	C54.1	8380/3	C54.1	Yes	NA	NA	NA	NA	NA	NA	NA	NA	NA	NA	NA	NA	NA	NA	NA	No	NA	NA	7f4f3aed-69af-421e-817b-b258dcc0bac5	NA	NA	NA	NA	NA	NA	NA	NA	NA	NA	NA	NA	NA	NA	NA	NA	NA	NA	NA	NA	NA	NA	NA	NA	NA	NA	Mayo Clinic	NA	NA	NA	NA	117	NA	324	-19873	NA	NA	NA	NA	NA	NA	NA	NA	NA	NA	NA	NA	NA	0	NA	UCEC	10.65193806	0:ALIVE OR DEAD TUMOR FREE	EUR	Yes	0.2458	0.02	Tumor Free	10.65193806	0:CENSORED	NA	No	Yes	NA	UCEC_CN_LOW	8	No	Yes	D1	Uterus	Endometrioid Endometrial Adenocarcinoma	NA	NA	NA	NA	NA	NA	NA	NA	NA	NA	NA	NA	NA	NA	NA	NA
ucec_tcga_pub	TCGA-D1-A16Q	TCGA-D1-A16Q-01	Endometrial Cancer	Uterine Endometrioid Carcinoma	NA	NA	NA	NA	27	UEC	NA	1	Primary	Matched	0.933333333333	NA	NA	NA	NA	NA	NA	54	NA	NA	NA	NA	NA	NA	NA	NA	NA	NA	NA	NA	NA	NA	NA	NA	NA	NA	NA	NA	NA	NA	NA	NA	NA	NA	NA	NA	NA	NA	NA	NA	NA	NA	NA	NA	NA	NA	NA	NA	NA	NA	NA	NA	NA	NA	NA	NA	NA	NA	NA	NA	NA	NA	NA	NA	NA	NA	NA	NA	NA	NA	NA	NA	NA	NA	NA	NA	NA	NA	NA	NA	NA	NA	NA	NA	NA	NA	NA	NA	NA	NA	NA	NA	NA	NA	NA	NA	NA	NA	NA	NA	NA	NA	NA	NA	NA	NA	NA	NA	NA	NA	NA	NA	NA	NA	NA	NA	NA	NA	NA	NA	NA	NA	NA	NA	NA	NA	NA	NA	NA	NA	NA	NA	NA	NA	NA	NA	NA	NA	NA	NA	NA	NA	NA	NA	NA	NA	NA	Female	NA	NA	NA	NA	NA	NA	NA	NA	NA	NA	NA	NA	NA	NA	NA	NA	NA	NA	0.0061	Grade 2	NA	NA	NA	NA	NA	NA	NA	NA	NA	10.64	0:LIVING	NA	NA	NA	NA	NA	NA	NA	NA	NA	NA	NA	NA	NA	NA	NA	10.64499123	0:DiseaseFree	NA	NA	NA	NA	NA	NA	NA	NA	NA	NA	NA	NA	NA	NA	NA	NA	NA	NA	NA	NA	NA	NA	NA	NA	NA	NA	NA	NA	NA	NA	NA	NA	NA	NA	NA	NA	NA	NA	NA	NA	NA	NA	NA	NA	NA	NA	NA	NA	NA	NA	NA	NA	NA	NA	NA	NA	NA	NA	NA	NA	NA	NA	NA	NA	NA	NA	NA	NA	NA	NA	NA	NA	NA	NA	NA	NA	NA	NA	NA	NA	NA	NA	NA	NA	NA	NA	NA	NA	NA	NA	NA	NA	NA	NA	NA	NA	NA	NA	NA	NA	Copy-number low (Endometriod)	NA	NA	NA	NA	NA	NA	NA	1	Y	Y	Endometrioid	Y	4	1	0.837571802	0	3	MSS	MSS	1_LOW	Y	Stage II
ucec_tcga_pan_can_atlas_2018	TCGA-D1-A16R	TCGA-D1-A16R-01	Endometrial Cancer	Uterine Endometrioid Carcinoma	Not Hispanic Or Latino	NA	NA	NA	45	UEC	White	1	Primary	Matched	1.5	NA	NA	NA	NA	NA	NA	39	NA	NA	NA	NA	NA	NA	NA	NA	NA	NA	NA	NA	NA	NA	NA	NA	NA	NA	NA	NA	NA	NA	NA	NA	NA	NA	NA	NA	NA	NA	NA	NA	NA	NA	NA	NA	NA	NA	NA	NA	NA	NA	NA	NA	NA	NA	NA	NA	NA	NA	NA	NA	NA	NA	NA	NA	NA	NA	NA	NA	NA	NA	NA	NA	NA	NA	NA	NA	NA	NA	NA	NA	NA	NA	NA	NA	NA	NA	NA	NA	NA	NA	NA	NA	NA	NA	NA	NA	NA	NA	NA	NA	NA	NA	NA	NA	NA	NA	NA	NA	NA	NA	NA	NA	NA	NA	NA	NA	NA	NA	NA	NA	NA	NA	NA	NA	NA	NA	NA	NA	NA	NA	NA	NA	NA	NA	NA	NA	NA	NA	NA	NA	NA	NA	NA	NA	NA	NA	NA	Female	NA	NA	NA	NA	NA	NA	NA	NA	NA	NA	NA	NA	NA	NA	NA	NA	NA	NA	0.0525	G1	NA	NA	NA	NA	NA	NA	NA	NA	NA	0.690403393	0:LIVING	NA	NA	NA	NA	NA	NA	NA	2009	NA	NA	NA	NA	NA	0	NA	0.690403393	0:DiseaseFree	NA	NA	NA	4/13/11	NA	NA	NA	NA	NA	No	NA	NA	NA	C54.1	8380/3	C54.1	Yes	NA	NA	NA	NA	NA	NA	NA	NA	NA	NA	NA	NA	NA	NA	NA	No	NA	NA	40f43483-b504-4ea7-ad24-40682b10caac	NA	NA	NA	NA	NA	NA	NA	NA	NA	NA	NA	NA	NA	NA	NA	NA	NA	NA	NA	NA	NA	NA	NA	NA	NA	NA	Mayo Clinic	NA	NA	NA	NA	105	NA	21	-14465	NA	NA	NA	NA	NA	NA	NA	NA	NA	NA	NA	NA	NA	2	NA	UCEC	0.690403393	0:ALIVE OR DEAD TUMOR FREE	EUR	Yes	0.2517	0.04	Tumor Free	0.690403393	0:CENSORED	NA	No	No	NA	UCEC_CN_LOW	378	No	Yes	D1	Uterus	Endometrioid Endometrial Adenocarcinoma	NA	NA	NA	NA	NA	NA	NA	NA	NA	NA	NA	NA	NA	NA	NA	NA
ucec_tcga_pan_can_atlas_2018	TCGA-D1-A16S	TCGA-D1-A16S-01	Endometrial Cancer	Uterine Serous Carcinoma/Uterine Papillary Serous Carcinoma	Not Hispanic Or Latino	NA	NA	NA	54	USC	White	1	Primary	Matched	1.8	NA	NA	NA	NA	NA	NA	70	NA	NA	NA	NA	NA	NA	NA	NA	NA	NA	NA	NA	NA	NA	NA	NA	NA	NA	NA	NA	NA	NA	NA	NA	NA	NA	NA	NA	NA	NA	NA	NA	NA	NA	NA	NA	NA	NA	NA	NA	NA	NA	NA	NA	NA	NA	NA	NA	NA	NA	NA	NA	NA	NA	NA	NA	NA	NA	NA	NA	NA	NA	NA	NA	NA	NA	NA	NA	NA	NA	NA	NA	NA	NA	NA	NA	NA	NA	NA	NA	NA	NA	NA	NA	NA	NA	NA	NA	NA	NA	NA	NA	NA	NA	NA	NA	NA	NA	NA	NA	NA	NA	NA	NA	NA	NA	NA	NA	NA	NA	NA	NA	NA	NA	NA	NA	NA	NA	NA	NA	NA	NA	NA	NA	NA	NA	NA	NA	NA	NA	NA	NA	NA	NA	NA	NA	NA	NA	NA	Female	NA	NA	NA	NA	NA	NA	NA	NA	NA	NA	NA	NA	NA	NA	NA	NA	NA	NA	0.4270	High Grade	NA	NA	NA	NA	NA	NA	NA	NA	NA	18.67376796	0:LIVING	NA	NA	NA	NA	NA	NA	NA	2009	NA	NA	NA	NA	NA	0	NA	18.67376796	0:DiseaseFree	NA	NA	NA	4/13/11	NA	NA	NA	NA	NA	No	NA	NA	NA	C54.1	8441/3	C54.1	Yes	NA	NA	NA	NA	NA	NA	NA	NA	NA	NA	NA	NA	NA	NA	NA	No	NA	NA	0b670df6-c487-4ed6-9b48-ef4b01a1aec3	NA	NA	NA	NA	NA	NA	NA	NA	NA	NA	NA	NA	NA	NA	NA	NA	NA	NA	NA	NA	NA	NA	NA	NA	NA	NA	Mayo Clinic	NA	NA	NA	NA	59	NA	568	-25690	NA	NA	NA	NA	NA	NA	NA	NA	NA	NA	NA	NA	NA	19	NA	UCEC	18.67376796	0:ALIVE OR DEAD TUMOR FREE	EUR	Yes	0.2503	0.86	Tumor Free	18.67376796	0:CENSORED	NA	No	No	NA	UCEC_CN_HIGH	329	No	Yes	D1	Uterus	Serous Endometrial Adenocarcinoma	NA	NA	NA	NA	NA	NA	NA	NA	NA	NA	NA	NA	NA	NA	NA	NA
ucec_tcga_pan_can_atlas_2018	TCGA-D1-A16V	TCGA-D1-A16V-01	Endometrial Cancer	Uterine Endometrioid Carcinoma	Not Hispanic Or Latino	NA	NA	NA	40	UEC	White	1	Primary	Matched	1.333333333	NA	NA	NA	NA	NA	NA	78	NA	NA	NA	NA	NA	NA	NA	NA	NA	NA	NA	NA	NA	NA	NA	NA	NA	NA	NA	NA	NA	NA	NA	NA	NA	NA	NA	NA	NA	NA	NA	NA	NA	NA	NA	NA	NA	NA	NA	NA	NA	NA	NA	NA	NA	NA	NA	NA	NA	NA	NA	NA	NA	NA	NA	NA	NA	NA	NA	NA	NA	NA	NA	NA	NA	NA	NA	NA	NA	NA	NA	NA	NA	NA	NA	NA	NA	NA	NA	NA	NA	NA	NA	NA	NA	NA	NA	NA	NA	NA	NA	NA	NA	NA	NA	NA	NA	NA	NA	NA	NA	NA	NA	NA	NA	NA	NA	NA	NA	NA	NA	NA	NA	NA	NA	NA	NA	NA	NA	NA	NA	NA	NA	NA	NA	NA	NA	NA	NA	NA	NA	NA	NA	NA	NA	NA	NA	NA	NA	Female	NA	NA	NA	NA	NA	NA	NA	NA	NA	NA	NA	NA	NA	NA	NA	NA	NA	NA	0.3077	G3	NA	NA	NA	NA	NA	NA	NA	NA	NA	3.945162245	1:DECEASED	NA	NA	NA	NA	NA	NA	NA	2009	NA	NA	NA	NA	NA	0	NA	3.945162245	0:DiseaseFree	NA	NA	NA	4/13/11	NA	NA	NA	NA	NA	No	NA	NA	NA	C54.1	8380/3	C54.1	Yes	NA	NA	NA	NA	NA	NA	NA	NA	NA	NA	NA	NA	NA	NA	NA	No	NA	NA	8b19c8ac-68e6-4dc8-aec9-1556e62ca20f	NA	NA	NA	NA	NA	NA	NA	NA	NA	NA	NA	NA	NA	NA	NA	NA	NA	NA	NA	NA	NA	NA	NA	NA	NA	NA	Mayo Clinic	NA	NA	NA	NA	105	NA	43	-28635	NA	NA	NA	NA	NA	NA	NA	NA	NA	NA	NA	NA	NA	6	NA	UCEC	3.945162245	0:ALIVE OR DEAD TUMOR FREE	EUR	Yes	0.2571	0.9	Tumor Free	3.945162245	0:CENSORED	NA	No	No	NA	UCEC_CN_HIGH	29	No	Yes	D1	Uterus	Endometrioid Endometrial Adenocarcinoma	NA	NA	NA	NA	NA	NA	NA	NA	NA	NA	NA	NA	NA	NA	NA	NA
ucec_tcga_pan_can_atlas_2018	TCGA-D1-A174	TCGA-D1-A174-01	Endometrial Cancer	Uterine Endometrioid Carcinoma	Not Hispanic Or Latino	NA	NA	NA	803	UEC	White	1	Primary	Matched	26.86666667	NA	NA	NA	NA	NA	NA	51	NA	NA	NA	NA	NA	NA	NA	NA	NA	NA	NA	NA	NA	NA	NA	NA	NA	NA	NA	NA	NA	NA	NA	NA	NA	NA	NA	NA	NA	NA	NA	NA	NA	NA	NA	NA	NA	NA	NA	NA	NA	NA	NA	NA	NA	NA	NA	NA	NA	NA	NA	NA	NA	NA	NA	NA	NA	NA	NA	NA	NA	NA	NA	NA	NA	NA	NA	NA	NA	NA	NA	NA	NA	NA	NA	NA	NA	NA	NA	NA	NA	NA	NA	NA	NA	NA	NA	NA	NA	NA	NA	NA	NA	NA	NA	NA	NA	NA	NA	NA	NA	NA	NA	NA	NA	NA	NA	NA	NA	NA	NA	NA	NA	NA	NA	NA	NA	NA	NA	NA	NA	NA	NA	NA	NA	NA	NA	NA	NA	NA	NA	NA	NA	NA	NA	NA	NA	NA	NA	Female	NA	NA	NA	NA	NA	NA	NA	NA	NA	NA	NA	NA	NA	NA	NA	NA	NA	NA	0.0006	G3	NA	NA	NA	NA	NA	NA	NA	NA	NA	19.52855311	0:LIVING	NA	NA	NA	NA	NA	NA	NA	2009	NA	NA	NA	NA	NA	0	NA	19.52855311	0:DiseaseFree	NA	NA	NA	4/13/11	NA	NA	NA	NA	NA	No	NA	NA	NA	C54.1	8380/3	C54.1	Yes	NA	NA	NA	NA	NA	NA	NA	NA	NA	NA	NA	NA	NA	NA	NA	No	NA	NA	fc7315b0-9f48-4206-b197-2268c0518eb4	NA	NA	NA	NA	NA	NA	NA	NA	NA	NA	NA	NA	NA	NA	NA	NA	NA	NA	NA	NA	NA	NA	NA	NA	NA	NA	Mayo Clinic	NA	NA	NA	NA	65	NA	594	-18702	NA	NA	NA	NA	NA	NA	NA	NA	NA	NA	NA	NA	NA	0	NA	UCEC	19.52855311	0:ALIVE OR DEAD TUMOR FREE	EUR	Yes	0.9107	35.73	Tumor Free	19.52855311	0:CENSORED	NA	No	Yes	NA	UCEC_MSI	2	No	Yes	D1	Uterus	Endometrioid Endometrial Adenocarcinoma	NA	NA	NA	NA	NA	NA	NA	NA	NA	NA	NA	NA	NA	NA	NA	NA
ucec_tcga_pan_can_atlas_2018	TCGA-D1-A176	TCGA-D1-A176-01	Endometrial Cancer	Uterine Endometrioid Carcinoma	Not Hispanic Or Latino	NA	NA	NA	434	UEC	White	1	Primary	Matched	14.66666667	NA	NA	NA	NA	NA	NA	67	NA	NA	NA	NA	NA	NA	NA	NA	NA	NA	NA	NA	NA	NA	NA	NA	NA	NA	NA	NA	NA	NA	NA	NA	NA	NA	NA	NA	NA	NA	NA	NA	NA	NA	NA	NA	NA	NA	NA	NA	NA	NA	NA	NA	NA	NA	NA	NA	NA	NA	NA	NA	NA	NA	NA	NA	NA	NA	NA	NA	NA	NA	NA	NA	NA	NA	NA	NA	NA	NA	NA	NA	NA	NA	NA	NA	NA	NA	NA	NA	NA	NA	NA	NA	NA	NA	NA	NA	NA	NA	NA	NA	NA	NA	NA	NA	NA	NA	NA	NA	NA	NA	NA	NA	NA	NA	NA	NA	NA	NA	NA	NA	NA	NA	NA	NA	NA	NA	NA	NA	NA	NA	NA	NA	NA	NA	NA	NA	NA	NA	NA	NA	NA	NA	NA	NA	NA	NA	NA	Female	NA	NA	NA	NA	NA	NA	NA	NA	NA	NA	NA	NA	NA	NA	NA	NA	NA	NA	0.0392	G2	NA	NA	NA	NA	NA	NA	NA	NA	NA	30.14761482	0:LIVING	NA	NA	NA	NA	NA	NA	NA	2009	NA	NA	NA	NA	NA	0	NA	30.14761482	0:DiseaseFree	NA	NA	NA	4/14/11	NA	NA	NA	NA	NA	No	NA	NA	NA	C54.1	8380/3	C54.1	Yes	NA	NA	NA	NA	NA	NA	NA	NA	NA	NA	NA	NA	NA	NA	NA	No	NA	NA	6d061ca9-ba7e-4b82-ab3c-34e33f244a54	NA	NA	NA	NA	NA	NA	NA	NA	NA	NA	NA	NA	NA	NA	NA	NA	NA	NA	NA	NA	NA	NA	NA	NA	NA	NA	Mayo Clinic	NA	NA	NA	NA	94	NA	917	-24521	NA	NA	NA	NA	NA	NA	NA	NA	NA	NA	NA	NA	NA	1	NA	UCEC	30.14761482	0:ALIVE OR DEAD TUMOR FREE	EUR	Yes	0.6796	19.2	Tumor Free	30.14761482	0:CENSORED	NA	No	No	NA	UCEC_MSI	19	No	Yes	D1	Uterus	Endometrioid Endometrial Adenocarcinoma	NA	NA	NA	NA	NA	NA	NA	NA	NA	NA	NA	NA	NA	NA	NA	NA
ucec_tcga_pan_can_atlas_2018	TCGA-D1-A177	TCGA-D1-A177-01	Endometrial Cancer	Uterine Endometrioid Carcinoma	Not Hispanic Or Latino	NA	NA	NA	804	UEC	White	1	Primary	Matched	26.76666667	NA	NA	NA	NA	NA	NA	70	NA	NA	NA	NA	NA	NA	NA	NA	NA	NA	NA	NA	NA	NA	NA	NA	NA	NA	NA	NA	NA	NA	NA	NA	NA	NA	NA	NA	NA	NA	NA	NA	NA	NA	NA	NA	NA	NA	NA	NA	NA	NA	NA	NA	NA	NA	NA	NA	NA	NA	NA	NA	NA	NA	NA	NA	NA	NA	NA	NA	NA	NA	NA	NA	NA	NA	NA	NA	NA	NA	NA	NA	NA	NA	NA	NA	NA	NA	NA	NA	NA	NA	NA	NA	NA	NA	NA	NA	NA	NA	NA	NA	NA	NA	NA	NA	NA	NA	NA	NA	NA	NA	NA	NA	NA	NA	NA	NA	NA	NA	NA	NA	NA	NA	NA	NA	NA	NA	NA	NA	NA	NA	NA	NA	NA	NA	NA	NA	NA	NA	NA	NA	NA	NA	NA	NA	NA	NA	NA	Female	NA	NA	NA	NA	NA	NA	NA	NA	NA	NA	NA	NA	NA	NA	NA	NA	NA	NA	0.0342	G2	NA	NA	NA	NA	NA	NA	NA	NA	NA	18.01624092	0:LIVING	NA	NA	NA	NA	NA	NA	NA	2009	NA	NA	NA	NA	NA	0	NA	11.40809416	1:Recurred/Progressed	NA	NA	NA	4/14/11	NA	NA	NA	NA	NA	No	NA	NA	NA	C54.1	8380/3	C54.1	Yes	NA	NA	NA	NA	NA	NA	NA	NA	NA	NA	NA	NA	NA	NA	NA	Yes	NA	NA	e8c58d8b-51d7-4599-af79-469ee6f269db	NA	NA	NA	NA	NA	NA	NA	NA	NA	NA	NA	NA	NA	NA	NA	NA	NA	NA	NA	NA	NA	NA	NA	NA	NA	NA	Mayo Clinic	NA	NA	NA	NA	53	NA	548	-25602	NA	NA	NA	NA	NA	NA	NA	NA	NA	NA	NA	NA	NA	1	NA	UCEC	18.01624092	0:ALIVE OR DEAD TUMOR FREE	EUR	Yes	1.0196	31.14	Tumor Free	11.40809416	1:PROGRESSION	NA	No	Yes	NA	UCEC_MSI	6	No	Yes	D1	Uterus	Endometrioid Endometrial Adenocarcinoma	NA	NA	NA	NA	NA	NA	NA	NA	NA	NA	NA	NA	NA	NA	NA	NA
ucec_tcga_pan_can_atlas_2018	TCGA-D1-A17A	TCGA-D1-A17A-01	Endometrial Cancer	Uterine Endometrioid Carcinoma	Not Hispanic Or Latino	NA	NA	NA	242	UEC	White	1	Primary	Matched	8.133333333	NA	NA	NA	NA	NA	NA	59	NA	NA	NA	NA	NA	NA	NA	NA	NA	NA	NA	NA	NA	NA	NA	NA	NA	NA	NA	NA	NA	NA	NA	NA	NA	NA	NA	NA	NA	NA	NA	NA	NA	NA	NA	NA	NA	NA	NA	NA	NA	NA	NA	NA	NA	NA	NA	NA	NA	NA	NA	NA	NA	NA	NA	NA	NA	NA	NA	NA	NA	NA	NA	NA	NA	NA	NA	NA	NA	NA	NA	NA	NA	NA	NA	NA	NA	NA	NA	NA	NA	NA	NA	NA	NA	NA	NA	NA	NA	NA	NA	NA	NA	NA	NA	NA	NA	NA	NA	NA	NA	NA	NA	NA	NA	NA	NA	NA	NA	NA	NA	NA	NA	NA	NA	NA	NA	NA	NA	NA	NA	NA	NA	NA	NA	NA	NA	NA	NA	NA	NA	NA	NA	NA	NA	NA	NA	NA	NA	Female	NA	NA	NA	NA	NA	NA	NA	NA	NA	NA	NA	NA	NA	NA	NA	NA	NA	NA	0.0350	G3	NA	NA	NA	NA	NA	NA	NA	NA	NA	1.578064898	0:LIVING	NA	NA	NA	NA	NA	NA	NA	2009	NA	NA	NA	NA	NA	0	NA	1.578064898	0:DiseaseFree	NA	NA	NA	4/14/11	NA	NA	NA	NA	NA	No	NA	NA	NA	C54.1	8380/3	C54.1	Yes	NA	NA	NA	NA	NA	NA	NA	NA	NA	NA	NA	NA	NA	NA	NA	No	NA	NA	c68dd983-b199-4f53-ac0c-b2d8dd6a7931	NA	NA	NA	NA	NA	NA	NA	NA	NA	NA	NA	NA	NA	NA	NA	NA	NA	NA	NA	NA	NA	NA	NA	NA	NA	NA	Mayo Clinic	NA	NA	NA	NA	102	NA	48	-21560	NA	NA	NA	NA	NA	NA	NA	NA	NA	NA	NA	NA	NA	1	NA	UCEC	1.578064898	0:ALIVE OR DEAD TUMOR FREE	EUR	Yes	0.5402	12.22	Tumor Free	1.578064898	0:CENSORED	NA	No	No	NA	UCEC_MSI	16	No	Yes	D1	Uterus	Endometrioid Endometrial Adenocarcinoma	NA	NA	NA	NA	NA	NA	NA	NA	NA	NA	NA	NA	NA	NA	NA	NA
ucec_tcga_pan_can_atlas_2018	TCGA-D1-A17B	TCGA-D1-A17B-01	Endometrial Cancer	Uterine Endometrioid Carcinoma	Not Hispanic Or Latino	NA	NA	NA	286	UEC	White	1	Primary	Matched	9.633333333	NA	NA	NA	NA	NA	NA	69	NA	NA	NA	NA	NA	NA	NA	NA	NA	NA	NA	NA	NA	NA	NA	NA	NA	NA	NA	NA	NA	NA	NA	NA	NA	NA	NA	NA	NA	NA	NA	NA	NA	NA	NA	NA	NA	NA	NA	NA	NA	NA	NA	NA	NA	NA	NA	NA	NA	NA	NA	NA	NA	NA	NA	NA	NA	NA	NA	NA	NA	NA	NA	NA	NA	NA	NA	NA	NA	NA	NA	NA	NA	NA	NA	NA	NA	NA	NA	NA	NA	NA	NA	NA	NA	NA	NA	NA	NA	NA	NA	NA	NA	NA	NA	NA	NA	NA	NA	NA	NA	NA	NA	NA	NA	NA	NA	NA	NA	NA	NA	NA	NA	NA	NA	NA	NA	NA	NA	NA	NA	NA	NA	NA	NA	NA	NA	NA	NA	NA	NA	NA	NA	NA	NA	NA	NA	NA	NA	Female	NA	NA	NA	NA	NA	NA	NA	NA	NA	NA	NA	NA	NA	NA	NA	NA	NA	NA	0.0341	G2	NA	NA	NA	NA	NA	NA	NA	NA	NA	7.002662985	0:LIVING	NA	NA	NA	NA	NA	NA	NA	2009	NA	NA	NA	NA	NA	0	NA	7.002662985	0:DiseaseFree	NA	NA	NA	4/14/11	NA	NA	NA	NA	NA	No	NA	NA	NA	C54.1	8380/3	C54.1	Yes	NA	NA	NA	NA	NA	NA	NA	NA	NA	NA	NA	NA	NA	NA	NA	No	NA	NA	e55dd65a-c75e-4a3c-bb24-8b3af4d65321	NA	NA	NA	NA	NA	NA	NA	NA	NA	NA	NA	NA	NA	NA	NA	NA	NA	NA	NA	NA	NA	NA	NA	NA	NA	NA	Mayo Clinic	NA	NA	NA	NA	110	NA	213	-25504	NA	NA	NA	NA	NA	NA	NA	NA	NA	NA	NA	NA	NA	1	NA	UCEC	7.002662985	0:ALIVE OR DEAD TUMOR FREE	EUR	Yes	0.436	8.2	Tumor Free	7.002662985	0:CENSORED	NA	No	No	NA	UCEC_MSI	1	No	Yes	D1	Uterus	Endometrioid Endometrial Adenocarcinoma	NA	NA	NA	NA	NA	NA	NA	NA	NA	NA	NA	NA	NA	NA	NA	NA
ucec_tcga_pub	TCGA-D1-A17C	TCGA-D1-A17C-01	Endometrial Cancer	Uterine Endometrioid Carcinoma	NA	NA	NA	NA	43	UEC	NA	1	Primary	Matched	1.43333333333	NA	NA	NA	NA	NA	NA	78	NA	NA	NA	NA	NA	NA	NA	NA	NA	NA	NA	NA	NA	NA	NA	NA	NA	NA	NA	NA	NA	NA	NA	NA	NA	NA	NA	NA	NA	NA	NA	NA	NA	NA	NA	NA	NA	NA	NA	NA	NA	NA	NA	NA	NA	NA	NA	NA	NA	NA	NA	NA	NA	NA	NA	NA	NA	NA	NA	NA	NA	NA	NA	NA	NA	NA	NA	NA	NA	NA	NA	NA	NA	NA	NA	NA	NA	NA	NA	NA	NA	NA	NA	NA	NA	NA	NA	NA	NA	NA	NA	NA	NA	NA	NA	NA	NA	NA	NA	NA	NA	NA	NA	NA	NA	NA	NA	NA	NA	NA	NA	NA	NA	NA	NA	NA	NA	NA	NA	NA	NA	NA	NA	NA	NA	NA	NA	NA	NA	NA	NA	NA	NA	NA	NA	NA	NA	NA	NA	Female	NA	NA	NA	NA	NA	NA	NA	NA	NA	NA	NA	NA	NA	NA	NA	NA	NA	NA	0.0001	Grade 1	NA	NA	NA	NA	NA	NA	NA	NA	NA	0.99	0:LIVING	NA	NA	NA	NA	NA	NA	NA	NA	NA	NA	NA	NA	NA	NA	NA	0.985647336	0:DiseaseFree	NA	NA	NA	NA	NA	NA	NA	NA	NA	NA	NA	NA	NA	NA	NA	NA	NA	NA	NA	NA	NA	NA	NA	NA	NA	NA	NA	NA	NA	NA	NA	NA	NA	NA	NA	NA	NA	NA	NA	NA	NA	NA	NA	NA	NA	NA	NA	NA	NA	NA	NA	NA	NA	NA	NA	NA	NA	NA	NA	NA	NA	NA	NA	NA	NA	NA	NA	NA	NA	NA	NA	NA	NA	NA	NA	NA	NA	NA	NA	NA	NA	NA	NA	NA	NA	NA	NA	NA	NA	NA	NA	NA	NA	NA	NA	NA	NA	NA	NA	NA	Copy-number low (Endometriod)	NA	NA	NA	NA	NA	NA	NA	1	Y	Y	Endometrioid	Y	2	2	0.953263868	0	3	MSS	MSS	1_LOW	Y	Stage I
ucec_tcga_pan_can_atlas_2018	TCGA-D1-A17C	TCGA-D1-A17C-01	Endometrial Cancer	Uterine Endometrioid Carcinoma	Not Hispanic Or Latino	NA	NA	NA	51	UEC	White	1	Primary	Matched	1.7	NA	NA	NA	NA	NA	NA	78	NA	NA	NA	NA	NA	NA	NA	NA	NA	NA	NA	NA	NA	NA	NA	NA	NA	NA	NA	NA	NA	NA	NA	NA	NA	NA	NA	NA	NA	NA	NA	NA	NA	NA	NA	NA	NA	NA	NA	NA	NA	NA	NA	NA	NA	NA	NA	NA	NA	NA	NA	NA	NA	NA	NA	NA	NA	NA	NA	NA	NA	NA	NA	NA	NA	NA	NA	NA	NA	NA	NA	NA	NA	NA	NA	NA	NA	NA	NA	NA	NA	NA	NA	NA	NA	NA	NA	NA	NA	NA	NA	NA	NA	NA	NA	NA	NA	NA	NA	NA	NA	NA	NA	NA	NA	NA	NA	NA	NA	NA	NA	NA	NA	NA	NA	NA	NA	NA	NA	NA	NA	NA	NA	NA	NA	NA	NA	NA	NA	NA	NA	NA	NA	NA	NA	NA	NA	NA	NA	Female	NA	NA	NA	NA	NA	NA	NA	NA	NA	NA	NA	NA	NA	NA	NA	NA	NA	NA	0.0001	G1	NA	NA	NA	NA	NA	NA	NA	NA	NA	0.986290561	0:LIVING	NA	NA	NA	NA	NA	NA	NA	2009	NA	NA	NA	NA	NA	0	NA	0.986290561	0:DiseaseFree	NA	NA	NA	4/14/11	NA	NA	NA	NA	NA	No	NA	NA	NA	C54.1	8380/3	C54.1	Yes	NA	NA	NA	NA	NA	NA	NA	NA	NA	NA	NA	NA	NA	NA	NA	No	NA	NA	6f4f0cdd-8387-45d0-a9e8-efce6260159d	NA	NA	NA	NA	NA	NA	NA	NA	NA	NA	NA	NA	NA	NA	NA	NA	NA	NA	NA	NA	NA	NA	NA	NA	NA	NA	Mayo Clinic	NA	NA	NA	NA	81	NA	30	-28571	NA	NA	NA	NA	NA	NA	NA	NA	NA	NA	NA	NA	NA	0	NA	UCEC	0.986290561	0:ALIVE OR DEAD TUMOR FREE	EUR	Yes	0.2689	0.01	Tumor Free	0.986290561	0:CENSORED	NA	No	No	NA	UCEC_CN_LOW	0	No	Yes	D1	Uterus	Endometrioid Endometrial Adenocarcinoma	NA	NA	NA	NA	NA	NA	NA	NA	NA	NA	NA	NA	NA	NA	NA	NA
ucec_tcga_pan_can_atlas_2018	TCGA-D1-A17D	TCGA-D1-A17D-01	Endometrial Cancer	Uterine Endometrioid Carcinoma	Not Hispanic Or Latino	NA	NA	NA	479	UEC	White	1	Primary	Matched	16.06666667	NA	NA	NA	NA	NA	NA	58	NA	NA	NA	NA	NA	NA	NA	NA	NA	NA	NA	NA	NA	NA	NA	NA	NA	NA	NA	NA	NA	NA	NA	NA	NA	NA	NA	NA	NA	NA	NA	NA	NA	NA	NA	NA	NA	NA	NA	NA	NA	NA	NA	NA	NA	NA	NA	NA	NA	NA	NA	NA	NA	NA	NA	NA	NA	NA	NA	NA	NA	NA	NA	NA	NA	NA	NA	NA	NA	NA	NA	NA	NA	NA	NA	NA	NA	NA	NA	NA	NA	NA	NA	NA	NA	NA	NA	NA	NA	NA	NA	NA	NA	NA	NA	NA	NA	NA	NA	NA	NA	NA	NA	NA	NA	NA	NA	NA	NA	NA	NA	NA	NA	NA	NA	NA	NA	NA	NA	NA	NA	NA	NA	NA	NA	NA	NA	NA	NA	NA	NA	NA	NA	NA	NA	NA	NA	NA	NA	Female	NA	NA	NA	NA	NA	NA	NA	NA	NA	NA	NA	NA	NA	NA	NA	NA	NA	NA	0.0000	G3	NA	NA	NA	NA	NA	NA	NA	NA	NA	30.44350199	0:LIVING	NA	NA	NA	NA	NA	NA	NA	2009	NA	NA	NA	NA	NA	0	NA	30.44350199	0:DiseaseFree	NA	NA	NA	4/14/11	NA	NA	NA	NA	NA	No	NA	NA	NA	C54.1	8380/3	C54.1	Yes	NA	NA	NA	NA	NA	NA	NA	NA	NA	NA	NA	NA	NA	NA	NA	No	NA	NA	7ddeddd1-b2ad-425f-94a2-9c476b959f2a	NA	NA	NA	NA	NA	NA	NA	NA	NA	NA	NA	NA	NA	NA	NA	NA	NA	NA	NA	NA	NA	NA	NA	NA	NA	NA	Mayo Clinic	NA	NA	NA	NA	68	NA	926	-21441	NA	NA	NA	NA	NA	NA	NA	NA	NA	NA	NA	NA	NA	0	NA	UCEC	30.44350199	0:ALIVE OR DEAD TUMOR FREE	EUR	Yes	0.6777	18.85	Tumor Free	30.44350199	0:CENSORED	NA	No	Yes	NA	UCEC_MSI	0	No	Yes	D1	Uterus	Endometrioid Endometrial Adenocarcinoma	NA	NA	NA	NA	NA	NA	NA	NA	NA	NA	NA	NA	NA	NA	NA	NA
ucec_tcga_pan_can_atlas_2018	TCGA-D1-A17F	TCGA-D1-A17F-01	Endometrial Cancer	Uterine Endometrioid Carcinoma	Not Hispanic Or Latino	NA	NA	NA	218	UEC	White	1	Primary	Matched	7.333333333	NA	NA	NA	NA	NA	NA	68	NA	NA	NA	NA	NA	NA	NA	NA	NA	NA	NA	NA	NA	NA	NA	NA	NA	NA	NA	NA	NA	NA	NA	NA	NA	NA	NA	NA	NA	NA	NA	NA	NA	NA	NA	NA	NA	NA	NA	NA	NA	NA	NA	NA	NA	NA	NA	NA	NA	NA	NA	NA	NA	NA	NA	NA	NA	NA	NA	NA	NA	NA	NA	NA	NA	NA	NA	NA	NA	NA	NA	NA	NA	NA	NA	NA	NA	NA	NA	NA	NA	NA	NA	NA	NA	NA	NA	NA	NA	NA	NA	NA	NA	NA	NA	NA	NA	NA	NA	NA	NA	NA	NA	NA	NA	NA	NA	NA	NA	NA	NA	NA	NA	NA	NA	NA	NA	NA	NA	NA	NA	NA	NA	NA	NA	NA	NA	NA	NA	NA	NA	NA	NA	NA	NA	NA	NA	NA	NA	Female	NA	NA	NA	NA	NA	NA	NA	NA	NA	NA	NA	NA	NA	NA	NA	NA	NA	NA	0.0000	G2	NA	NA	NA	NA	NA	NA	NA	NA	NA	1.28217773	0:LIVING	NA	NA	NA	NA	NA	NA	NA	2009	NA	NA	NA	NA	NA	0	NA	1.28217773	0:DiseaseFree	NA	NA	NA	4/14/11	NA	NA	NA	NA	NA	No	NA	NA	NA	C54.1	8380/3	C54.1	Yes	NA	NA	NA	NA	NA	NA	NA	NA	NA	NA	NA	NA	NA	NA	NA	No	NA	NA	129a49d4-edb8-4a1d-aabb-51b9ad5a8dd1	NA	NA	NA	NA	NA	NA	NA	NA	NA	NA	NA	NA	NA	NA	NA	NA	NA	NA	NA	NA	NA	NA	NA	NA	NA	NA	Mayo Clinic	NA	NA	NA	NA	79	NA	39	-25116	NA	NA	NA	NA	NA	NA	NA	NA	NA	NA	NA	NA	NA	2	NA	UCEC	1.28217773	0:ALIVE OR DEAD TUMOR FREE	EUR	Yes	0.3968	4.57	Tumor Free	1.28217773	0:CENSORED	NA	No	No	NA	UCEC_MSI	0	No	Yes	D1	Uterus	Endometrioid Endometrial Adenocarcinoma	NA	NA	NA	NA	NA	NA	NA	NA	NA	NA	NA	NA	NA	NA	NA	NA
ucec_tcga_pan_can_atlas_2018	TCGA-D1-A17H	TCGA-D1-A17H-01	Endometrial Cancer	Uterine Endometrioid Carcinoma	Not Hispanic Or Latino	NA	NA	NA	665	UEC	White	1	Primary	Matched	22.26666667	NA	NA	NA	NA	NA	NA	61	NA	NA	NA	NA	NA	NA	NA	NA	NA	NA	NA	NA	NA	NA	NA	NA	NA	NA	NA	NA	NA	NA	NA	NA	NA	NA	NA	NA	NA	NA	NA	NA	NA	NA	NA	NA	NA	NA	NA	NA	NA	NA	NA	NA	NA	NA	NA	NA	NA	NA	NA	NA	NA	NA	NA	NA	NA	NA	NA	NA	NA	NA	NA	NA	NA	NA	NA	NA	NA	NA	NA	NA	NA	NA	NA	NA	NA	NA	NA	NA	NA	NA	NA	NA	NA	NA	NA	NA	NA	NA	NA	NA	NA	NA	NA	NA	NA	NA	NA	NA	NA	NA	NA	NA	NA	NA	NA	NA	NA	NA	NA	NA	NA	NA	NA	NA	NA	NA	NA	NA	NA	NA	NA	NA	NA	NA	NA	NA	NA	NA	NA	NA	NA	NA	NA	NA	NA	NA	NA	Female	NA	NA	NA	NA	NA	NA	NA	NA	NA	NA	NA	NA	NA	NA	NA	NA	NA	NA	0.0052	G1	NA	NA	NA	NA	NA	NA	NA	NA	NA	28.01065194	0:LIVING	NA	NA	NA	NA	NA	NA	NA	2009	NA	NA	NA	NA	NA	0	NA	28.01065194	0:DiseaseFree	NA	NA	NA	4/14/11	NA	NA	NA	NA	NA	No	NA	NA	NA	C54.1	8380/3	C54.1	Yes	NA	NA	NA	NA	NA	NA	NA	NA	NA	NA	NA	NA	NA	NA	NA	No	NA	NA	6c526c42-2fb2-4dfa-8a3d-5651dd600ac7	NA	NA	NA	NA	NA	NA	NA	NA	NA	NA	NA	NA	NA	NA	NA	NA	NA	NA	NA	NA	NA	NA	NA	NA	NA	NA	Mayo Clinic	NA	NA	NA	NA	96	NA	852	-22389	NA	NA	NA	NA	NA	NA	NA	NA	NA	NA	NA	NA	NA	0	NA	UCEC	28.01065194	0:ALIVE OR DEAD TUMOR FREE	EUR	Yes	0.8869	30.4	Tumor Free	28.01065194	0:CENSORED	NA	No	No	NA	UCEC_MSI	4	No	Yes	D1	Uterus	Endometrioid Endometrial Adenocarcinoma	NA	NA	NA	NA	NA	NA	NA	NA	NA	NA	NA	NA	NA	NA	NA	NA
ucec_tcga_pan_can_atlas_2018	TCGA-D1-A17K	TCGA-D1-A17K-01	Endometrial Cancer	Uterine Endometrioid Carcinoma	Not Hispanic Or Latino	NA	NA	NA	58	UEC	White	1	Primary	Matched	1.933333333	NA	NA	NA	NA	NA	NA	74	NA	NA	NA	NA	NA	NA	NA	NA	NA	NA	NA	NA	NA	NA	NA	NA	NA	NA	NA	NA	NA	NA	NA	NA	NA	NA	NA	NA	NA	NA	NA	NA	NA	NA	NA	NA	NA	NA	NA	NA	NA	NA	NA	NA	NA	NA	NA	NA	NA	NA	NA	NA	NA	NA	NA	NA	NA	NA	NA	NA	NA	NA	NA	NA	NA	NA	NA	NA	NA	NA	NA	NA	NA	NA	NA	NA	NA	NA	NA	NA	NA	NA	NA	NA	NA	NA	NA	NA	NA	NA	NA	NA	NA	NA	NA	NA	NA	NA	NA	NA	NA	NA	NA	NA	NA	NA	NA	NA	NA	NA	NA	NA	NA	NA	NA	NA	NA	NA	NA	NA	NA	NA	NA	NA	NA	NA	NA	NA	NA	NA	NA	NA	NA	NA	NA	NA	NA	NA	NA	Female	NA	NA	NA	NA	NA	NA	NA	NA	NA	NA	NA	NA	NA	NA	NA	NA	NA	NA	0.2631	G2	NA	NA	NA	NA	NA	NA	NA	NA	NA	28.07640464	0:LIVING	NA	NA	NA	NA	NA	NA	NA	2009	NA	NA	NA	NA	NA	0	NA	26.79422691	1:Recurred/Progressed	NA	NA	NA	4/14/11	NA	NA	NA	NA	NA	No	NA	NA	NA	C54.1	8380/3	C54.1	Yes	NA	NA	NA	NA	NA	NA	NA	NA	NA	NA	NA	NA	NA	NA	NA	Yes	NA	NA	5c22c8d6-5805-455c-8e1c-e6b8006738e4	NA	NA	NA	NA	NA	NA	NA	NA	NA	NA	NA	NA	NA	NA	NA	NA	NA	NA	NA	NA	NA	NA	NA	NA	NA	NA	Mayo Clinic	NA	NA	NA	NA	97	NA	854	-27283	NA	NA	NA	NA	NA	NA	NA	NA	NA	NA	NA	NA	NA	5	NA	UCEC	28.07640464	0:ALIVE OR DEAD TUMOR FREE	EUR	Yes	0.2804	0.53	Tumor Free	26.79422691	1:PROGRESSION	NA	No	No	NA	UCEC_CN_HIGH	200	No	Yes	D1	Uterus	Endometrioid Endometrial Adenocarcinoma	NA	NA	NA	NA	NA	NA	NA	NA	NA	NA	NA	NA	NA	NA	NA	NA
ucec_tcga_pub	TCGA-D1-A17L	TCGA-D1-A17L-01	Endometrial Cancer	Uterine Endometrioid Carcinoma	NA	NA	NA	NA	57	UEC	NA	1	Primary	Matched	1.86666666667	NA	NA	NA	NA	NA	NA	81	NA	NA	NA	NA	NA	NA	NA	NA	NA	NA	NA	NA	NA	NA	NA	NA	NA	NA	NA	NA	NA	NA	NA	NA	NA	NA	NA	NA	NA	NA	NA	NA	NA	NA	NA	NA	NA	NA	NA	NA	NA	NA	NA	NA	NA	NA	NA	NA	NA	NA	NA	NA	NA	NA	NA	NA	NA	NA	NA	NA	NA	NA	NA	NA	NA	NA	NA	NA	NA	NA	NA	NA	NA	NA	NA	NA	NA	NA	NA	NA	NA	NA	NA	NA	NA	NA	NA	NA	NA	NA	NA	NA	NA	NA	NA	NA	NA	NA	NA	NA	NA	NA	NA	NA	NA	NA	NA	NA	NA	NA	NA	NA	NA	NA	NA	NA	NA	NA	NA	NA	NA	NA	NA	NA	NA	NA	NA	NA	NA	NA	NA	NA	NA	NA	NA	NA	NA	NA	NA	Female	NA	NA	NA	NA	NA	NA	NA	NA	NA	NA	NA	NA	NA	NA	NA	NA	NA	NA	0.0341	Grade 1	NA	NA	NA	NA	NA	NA	NA	NA	NA	26.35	0:LIVING	NA	NA	NA	NA	NA	NA	NA	NA	NA	NA	NA	NA	NA	NA	NA	26.34963878	0:DiseaseFree	NA	NA	NA	NA	NA	NA	NA	NA	NA	NA	NA	NA	NA	NA	NA	NA	NA	NA	NA	NA	NA	NA	NA	NA	NA	NA	NA	NA	NA	NA	NA	NA	NA	NA	NA	NA	NA	NA	NA	NA	NA	NA	NA	NA	NA	NA	NA	NA	NA	NA	NA	NA	NA	NA	NA	NA	NA	NA	NA	NA	NA	NA	NA	NA	NA	NA	NA	NA	NA	NA	NA	NA	NA	NA	NA	NA	NA	NA	NA	NA	NA	NA	NA	NA	NA	NA	NA	NA	NA	NA	NA	NA	NA	NA	NA	NA	NA	NA	NA	NA	Copy-number low (Endometriod)	NA	NA	NA	NA	NA	NA	NA	3	Y	Y	Endometrioid	Y	2	6	0.936182815	1	3	MSS	MSS	1_LOW	Y	Stage I
ucec_tcga_pan_can_atlas_2018	TCGA-D1-A17L	TCGA-D1-A17L-01	Endometrial Cancer	Uterine Endometrioid Carcinoma	Not Hispanic Or Latino	NA	NA	NA	64	UEC	White	1	Primary	Matched	2.1	NA	NA	NA	NA	NA	NA	81	NA	NA	NA	NA	NA	NA	NA	NA	NA	NA	NA	NA	NA	NA	NA	NA	NA	NA	NA	NA	NA	NA	NA	NA	NA	NA	NA	NA	NA	NA	NA	NA	NA	NA	NA	NA	NA	NA	NA	NA	NA	NA	NA	NA	NA	NA	NA	NA	NA	NA	NA	NA	NA	NA	NA	NA	NA	NA	NA	NA	NA	NA	NA	NA	NA	NA	NA	NA	NA	NA	NA	NA	NA	NA	NA	NA	NA	NA	NA	NA	NA	NA	NA	NA	NA	NA	NA	NA	NA	NA	NA	NA	NA	NA	NA	NA	NA	NA	NA	NA	NA	NA	NA	NA	NA	NA	NA	NA	NA	NA	NA	NA	NA	NA	NA	NA	NA	NA	NA	NA	NA	NA	NA	NA	NA	NA	NA	NA	NA	NA	NA	NA	NA	NA	NA	NA	NA	NA	NA	Female	NA	NA	NA	NA	NA	NA	NA	NA	NA	NA	NA	NA	NA	NA	NA	NA	NA	NA	0.0341	G1	NA	NA	NA	NA	NA	NA	NA	NA	NA	26.36683434	0:LIVING	NA	NA	NA	NA	NA	NA	NA	2009	NA	NA	NA	NA	NA	0	NA	26.36683434	0:DiseaseFree	NA	NA	NA	4/14/11	NA	NA	NA	NA	NA	No	NA	NA	NA	C54.1	8380/3	C54.1	Yes	NA	NA	NA	NA	NA	NA	NA	NA	NA	NA	NA	NA	NA	NA	NA	No	NA	NA	67ccb182-3021-4621-bffb-6565574dbc58	NA	NA	NA	NA	NA	NA	NA	NA	NA	NA	NA	NA	NA	NA	NA	NA	NA	NA	NA	NA	NA	NA	NA	NA	NA	NA	Mayo Clinic	NA	NA	NA	NA	123	NA	802	-29899	NA	NA	NA	NA	NA	NA	NA	NA	NA	NA	NA	NA	NA	1	NA	UCEC	26.36683434	0:ALIVE OR DEAD TUMOR FREE	EUR	Yes	0.2703	0.21	Tumor Free	26.36683434	0:CENSORED	NA	No	No	NA	UCEC_CN_LOW	0	No	Yes	D1	Uterus	Endometrioid Endometrial Adenocarcinoma	NA	NA	NA	NA	NA	NA	NA	NA	NA	NA	NA	NA	NA	NA	NA	NA
ucec_tcga_pan_can_atlas_2018	TCGA-D1-A17M	TCGA-D1-A17M-01	Endometrial Cancer	Uterine Endometrioid Carcinoma	Not Hispanic Or Latino	NA	NA	NA	436	UEC	White	1	Primary	Matched	14.53333333	NA	NA	NA	NA	NA	NA	56	NA	NA	NA	NA	NA	NA	NA	NA	NA	NA	NA	NA	NA	NA	NA	NA	NA	NA	NA	NA	NA	NA	NA	NA	NA	NA	NA	NA	NA	NA	NA	NA	NA	NA	NA	NA	NA	NA	NA	NA	NA	NA	NA	NA	NA	NA	NA	NA	NA	NA	NA	NA	NA	NA	NA	NA	NA	NA	NA	NA	NA	NA	NA	NA	NA	NA	NA	NA	NA	NA	NA	NA	NA	NA	NA	NA	NA	NA	NA	NA	NA	NA	NA	NA	NA	NA	NA	NA	NA	NA	NA	NA	NA	NA	NA	NA	NA	NA	NA	NA	NA	NA	NA	NA	NA	NA	NA	NA	NA	NA	NA	NA	NA	NA	NA	NA	NA	NA	NA	NA	NA	NA	NA	NA	NA	NA	NA	NA	NA	NA	NA	NA	NA	NA	NA	NA	NA	NA	NA	Female	NA	NA	NA	NA	NA	NA	NA	NA	NA	NA	NA	NA	NA	NA	NA	NA	NA	NA	0.0454	G1	NA	NA	NA	NA	NA	NA	NA	NA	NA	10.22454548	0:LIVING	NA	NA	NA	NA	NA	NA	NA	2009	NA	NA	NA	NA	NA	0	NA	10.22454548	0:DiseaseFree	NA	NA	NA	4/14/11	NA	NA	NA	NA	NA	No	NA	NA	NA	C54.1	8380/3	C54.1	Yes	NA	NA	NA	NA	NA	NA	NA	NA	NA	NA	NA	NA	NA	NA	NA	No	NA	NA	02b2cd50-221f-437c-a1ce-6da1467ec809	NA	NA	NA	NA	NA	NA	NA	NA	NA	NA	NA	NA	NA	NA	NA	NA	NA	NA	NA	NA	NA	NA	NA	NA	NA	NA	Mayo Clinic	NA	NA	NA	NA	142	NA	311	-20685	NA	NA	NA	NA	NA	NA	NA	NA	NA	NA	NA	NA	NA	1	NA	UCEC	10.22454548	0:ALIVE OR DEAD TUMOR FREE	EUR	Yes	0.53	16.57	Tumor Free	10.22454548	0:CENSORED	NA	No	Yes	NA	UCEC_MSI	4	No	Yes	D1	Uterus	Endometrioid Endometrial Adenocarcinoma	NA	NA	NA	NA	NA	NA	NA	NA	NA	NA	NA	NA	NA	NA	NA	NA
ucec_tcga_pub	TCGA-D1-A17N	TCGA-D1-A17N-01	Endometrial Cancer	Uterine Endometrioid Carcinoma	NA	NA	NA	NA	26	UEC	NA	1	Primary	Matched	0.866666666667	NA	NA	NA	NA	NA	NA	46	NA	NA	NA	NA	NA	NA	NA	NA	NA	NA	NA	NA	NA	NA	NA	NA	NA	NA	NA	NA	NA	NA	NA	NA	NA	NA	NA	NA	NA	NA	NA	NA	NA	NA	NA	NA	NA	NA	NA	NA	NA	NA	NA	NA	NA	NA	NA	NA	NA	NA	NA	NA	NA	NA	NA	NA	NA	NA	NA	NA	NA	NA	NA	NA	NA	NA	NA	NA	NA	NA	NA	NA	NA	NA	NA	NA	NA	NA	NA	NA	NA	NA	NA	NA	NA	NA	NA	NA	NA	NA	NA	NA	NA	NA	NA	NA	NA	NA	NA	NA	NA	NA	NA	NA	NA	NA	NA	NA	NA	NA	NA	NA	NA	NA	NA	NA	NA	NA	NA	NA	NA	NA	NA	NA	NA	NA	NA	NA	NA	NA	NA	NA	NA	NA	NA	NA	NA	NA	NA	Female	NA	NA	NA	NA	NA	NA	NA	NA	NA	NA	NA	NA	NA	NA	NA	NA	NA	NA	0.0000	Grade 2	NA	NA	NA	NA	NA	NA	NA	NA	NA	1.51	0:LIVING	NA	NA	NA	NA	NA	NA	NA	NA	NA	NA	NA	NA	NA	NA	NA	1.511325915	0:DiseaseFree	NA	NA	NA	NA	NA	NA	NA	NA	NA	NA	NA	NA	NA	NA	NA	NA	NA	NA	NA	NA	NA	NA	NA	NA	NA	NA	NA	NA	NA	NA	NA	NA	NA	NA	NA	NA	NA	NA	NA	NA	NA	NA	NA	NA	NA	NA	NA	NA	NA	NA	NA	NA	NA	NA	NA	NA	NA	NA	NA	NA	NA	NA	NA	NA	NA	NA	NA	NA	NA	NA	NA	NA	NA	NA	NA	NA	NA	NA	NA	NA	NA	NA	NA	NA	NA	NA	NA	NA	NA	NA	NA	NA	NA	NA	NA	NA	NA	NA	NA	NA	Copy-number low (Endometriod)	NA	NA	NA	NA	NA	NA	NA	2	Y	Y	Endometrioid	Y	4	2	0.837730267	0	3	MSS	MSS	1_LOW	Y	Stage I
ucec_tcga_pan_can_atlas_2018	TCGA-D1-A17N	TCGA-D1-A17N-01	Endometrial Cancer	Uterine Endometrioid Carcinoma	Not Hispanic Or Latino	NA	NA	NA	28	UEC	NA	1	Primary	Matched	0.966666667	NA	NA	NA	NA	NA	NA	46	NA	NA	NA	NA	NA	NA	NA	NA	NA	NA	NA	NA	NA	NA	NA	NA	NA	NA	NA	NA	NA	NA	NA	NA	NA	NA	NA	NA	NA	NA	NA	NA	NA	NA	NA	NA	NA	NA	NA	NA	NA	NA	NA	NA	NA	NA	NA	NA	NA	NA	NA	NA	NA	NA	NA	NA	NA	NA	NA	NA	NA	NA	NA	NA	NA	NA	NA	NA	NA	NA	NA	NA	NA	NA	NA	NA	NA	NA	NA	NA	NA	NA	NA	NA	NA	NA	NA	NA	NA	NA	NA	NA	NA	NA	NA	NA	NA	NA	NA	NA	NA	NA	NA	NA	NA	NA	NA	NA	NA	NA	NA	NA	NA	NA	NA	NA	NA	NA	NA	NA	NA	NA	NA	NA	NA	NA	NA	NA	NA	NA	NA	NA	NA	NA	NA	NA	NA	NA	NA	Female	NA	NA	NA	NA	NA	NA	NA	NA	NA	NA	NA	NA	NA	NA	NA	NA	NA	NA	0.0000	G2	NA	NA	NA	NA	NA	NA	NA	NA	NA	1.512312194	0:LIVING	NA	NA	NA	NA	NA	NA	NA	2009	NA	NA	NA	NA	NA	0	NA	1.512312194	0:DiseaseFree	NA	NA	NA	4/14/11	NA	NA	NA	NA	NA	No	NA	NA	NA	C54.1	8380/3	C54.1	Yes	NA	NA	NA	NA	NA	NA	NA	NA	NA	NA	NA	NA	NA	NA	NA	No	NA	NA	001e0309-9c50-42b0-9e38-347883ee2cd3	NA	NA	NA	NA	NA	NA	NA	NA	NA	NA	NA	NA	NA	NA	NA	NA	NA	NA	NA	NA	NA	NA	NA	NA	NA	NA	Mayo Clinic	NA	NA	NA	NA	134	NA	46	-17045	NA	NA	NA	NA	NA	NA	NA	NA	NA	NA	NA	NA	NA	0	NA	UCEC	1.512312194	0:ALIVE OR DEAD TUMOR FREE	EUR	Yes	0.2676	0.01	Tumor Free	1.512312194	0:CENSORED	NA	No	No	NA	UCEC_CN_LOW	0	No	Yes	D1	Uterus	Endometrioid Endometrial Adenocarcinoma	NA	NA	NA	NA	NA	NA	NA	NA	NA	NA	NA	NA	NA	NA	NA	NA
ucec_tcga_pan_can_atlas_2018	TCGA-D1-A17R	TCGA-D1-A17R-01	Endometrial Cancer	Uterine Endometrioid Carcinoma	Not Hispanic Or Latino	NA	NA	NA	253	UEC	White	1	Primary	Matched	8.366666667	NA	NA	NA	NA	NA	NA	58	NA	NA	NA	NA	NA	NA	NA	NA	NA	NA	NA	NA	NA	NA	NA	NA	NA	NA	NA	NA	NA	NA	NA	NA	NA	NA	NA	NA	NA	NA	NA	NA	NA	NA	NA	NA	NA	NA	NA	NA	NA	NA	NA	NA	NA	NA	NA	NA	NA	NA	NA	NA	NA	NA	NA	NA	NA	NA	NA	NA	NA	NA	NA	NA	NA	NA	NA	NA	NA	NA	NA	NA	NA	NA	NA	NA	NA	NA	NA	NA	NA	NA	NA	NA	NA	NA	NA	NA	NA	NA	NA	NA	NA	NA	NA	NA	NA	NA	NA	NA	NA	NA	NA	NA	NA	NA	NA	NA	NA	NA	NA	NA	NA	NA	NA	NA	NA	NA	NA	NA	NA	NA	NA	NA	NA	NA	NA	NA	NA	NA	NA	NA	NA	NA	NA	NA	NA	NA	NA	Female	NA	NA	NA	NA	NA	NA	NA	NA	NA	NA	NA	NA	NA	NA	NA	NA	NA	NA	0.2392	G2	NA	NA	NA	NA	NA	NA	NA	NA	NA	11.14508334	1:DECEASED	NA	NA	NA	NA	NA	NA	NA	2009	NA	NA	NA	NA	NA	0	NA	11.14508334	0:DiseaseFree	NA	NA	NA	4/14/11	NA	NA	NA	NA	NA	No	NA	NA	NA	C54.1	8380/3	C54.1	Yes	NA	NA	NA	NA	NA	NA	NA	NA	NA	NA	NA	NA	NA	NA	NA	No	NA	NA	73a0dd38-115d-48fb-b683-04aa5d612f2a	NA	NA	NA	NA	NA	NA	NA	NA	NA	NA	NA	NA	NA	NA	NA	NA	NA	NA	NA	NA	NA	NA	NA	NA	NA	NA	Mayo Clinic	NA	NA	NA	NA	126	NA	NA	-21382	NA	NA	NA	NA	NA	NA	NA	NA	NA	NA	NA	NA	NA	8	NA	UCEC	11.14508334	0:ALIVE OR DEAD TUMOR FREE	EUR	Yes	0.4451	9.94	Tumor Free	11.14508334	0:CENSORED	NA	No	No	NA	UCEC_MSI	3	No	Yes	D1	Uterus	Endometrioid Endometrial Adenocarcinoma	NA	NA	NA	NA	NA	NA	NA	NA	NA	NA	NA	NA	NA	NA	NA	NA
ucec_tcga_pub	TCGA-D1-A17S	TCGA-D1-A17S-01	Endometrial Cancer	Uterine Endometrioid Carcinoma	NA	NA	NA	NA	36	UEC	NA	1	Primary	Matched	1.2	NA	NA	NA	NA	NA	NA	59	NA	NA	NA	NA	NA	NA	NA	NA	NA	NA	NA	NA	NA	NA	NA	NA	NA	NA	NA	NA	NA	NA	NA	NA	NA	NA	NA	NA	NA	NA	NA	NA	NA	NA	NA	NA	NA	NA	NA	NA	NA	NA	NA	NA	NA	NA	NA	NA	NA	NA	NA	NA	NA	NA	NA	NA	NA	NA	NA	NA	NA	NA	NA	NA	NA	NA	NA	NA	NA	NA	NA	NA	NA	NA	NA	NA	NA	NA	NA	NA	NA	NA	NA	NA	NA	NA	NA	NA	NA	NA	NA	NA	NA	NA	NA	NA	NA	NA	NA	NA	NA	NA	NA	NA	NA	NA	NA	NA	NA	NA	NA	NA	NA	NA	NA	NA	NA	NA	NA	NA	NA	NA	NA	NA	NA	NA	NA	NA	NA	NA	NA	NA	NA	NA	NA	NA	NA	NA	NA	Female	NA	NA	NA	NA	NA	NA	NA	NA	NA	NA	NA	NA	NA	NA	NA	NA	NA	NA	0.0000	Grade 1	NA	NA	NA	NA	NA	NA	NA	NA	NA	24.28	0:LIVING	NA	NA	NA	NA	NA	NA	NA	NA	NA	NA	NA	NA	NA	NA	NA	24.27977938	0:DiseaseFree	NA	NA	NA	NA	NA	NA	NA	NA	NA	NA	NA	NA	NA	NA	NA	NA	NA	NA	NA	NA	NA	NA	NA	NA	NA	NA	NA	NA	NA	NA	NA	NA	NA	NA	NA	NA	NA	NA	NA	NA	NA	NA	NA	NA	NA	NA	NA	NA	NA	NA	NA	NA	NA	NA	NA	NA	NA	NA	NA	NA	NA	NA	NA	NA	NA	NA	NA	NA	NA	NA	NA	NA	NA	NA	NA	NA	NA	NA	NA	NA	NA	NA	NA	NA	NA	NA	NA	NA	NA	NA	NA	NA	NA	NA	NA	NA	NA	NA	NA	NA	Copy-number low (Endometriod)	NA	NA	NA	NA	NA	NA	NA	1	Y	Y	Endometrioid	Y	4	6	0.936182815	0	3	MSS	MSS	1_LOW	Y	Stage I
ucec_tcga_pan_can_atlas_2018	TCGA-D1-A17S	TCGA-D1-A17S-01	Endometrial Cancer	Uterine Endometrioid Carcinoma	Not Hispanic Or Latino	NA	NA	NA	47	UEC	White	1	Primary	Matched	1.566666667	NA	NA	NA	NA	NA	NA	59	NA	NA	NA	NA	NA	NA	NA	NA	NA	NA	NA	NA	NA	NA	NA	NA	NA	NA	NA	NA	NA	NA	NA	NA	NA	NA	NA	NA	NA	NA	NA	NA	NA	NA	NA	NA	NA	NA	NA	NA	NA	NA	NA	NA	NA	NA	NA	NA	NA	NA	NA	NA	NA	NA	NA	NA	NA	NA	NA	NA	NA	NA	NA	NA	NA	NA	NA	NA	NA	NA	NA	NA	NA	NA	NA	NA	NA	NA	NA	NA	NA	NA	NA	NA	NA	NA	NA	NA	NA	NA	NA	NA	NA	NA	NA	NA	NA	NA	NA	NA	NA	NA	NA	NA	NA	NA	NA	NA	NA	NA	NA	NA	NA	NA	NA	NA	NA	NA	NA	NA	NA	NA	NA	NA	NA	NA	NA	NA	NA	NA	NA	NA	NA	NA	NA	NA	NA	NA	NA	Female	NA	NA	NA	NA	NA	NA	NA	NA	NA	NA	NA	NA	NA	NA	NA	NA	NA	NA	0.0000	G1	NA	NA	NA	NA	NA	NA	NA	NA	NA	24.29562416	0:LIVING	NA	NA	NA	NA	NA	NA	NA	2009	NA	NA	NA	NA	NA	0	NA	24.29562416	0:DiseaseFree	NA	NA	NA	4/14/11	NA	NA	NA	NA	NA	No	NA	NA	NA	C54.1	8380/3	C54.1	Yes	NA	NA	NA	NA	NA	NA	NA	NA	NA	NA	NA	NA	NA	NA	NA	No	NA	NA	24434832-46fc-485a-9ff4-2aa95c3d3936	NA	NA	NA	NA	NA	NA	NA	NA	NA	NA	NA	NA	NA	NA	NA	NA	NA	NA	NA	NA	NA	NA	NA	NA	NA	NA	Mayo Clinic	NA	NA	NA	NA	109	NA	739	-21794	NA	NA	NA	NA	NA	NA	NA	NA	NA	NA	NA	NA	NA	0	NA	UCEC	24.29562416	0:ALIVE OR DEAD TUMOR FREE	EUR	Yes	0.265	0.14	Tumor Free	24.29562416	0:CENSORED	NA	No	No	NA	UCEC_CN_LOW	0	No	Yes	D1	Uterus	Endometrioid Endometrial Adenocarcinoma	NA	NA	NA	NA	NA	NA	NA	NA	NA	NA	NA	NA	NA	NA	NA	NA
ucec_tcga_pub	TCGA-D1-A17T	TCGA-D1-A17T-01	Endometrial Cancer	Uterine Endometrioid Carcinoma	NA	NA	NA	NA	52	UEC	NA	1	Primary	Matched	1.66666666667	NA	NA	NA	NA	NA	NA	67	NA	NA	NA	NA	NA	NA	NA	NA	NA	NA	NA	NA	NA	NA	NA	NA	NA	NA	NA	NA	NA	NA	NA	NA	NA	NA	NA	NA	NA	NA	NA	NA	NA	NA	NA	NA	NA	NA	NA	NA	NA	NA	NA	NA	NA	NA	NA	NA	NA	NA	NA	NA	NA	NA	NA	NA	NA	NA	NA	NA	NA	NA	NA	NA	NA	NA	NA	NA	NA	NA	NA	NA	NA	NA	NA	NA	NA	NA	NA	NA	NA	NA	NA	NA	NA	NA	NA	NA	NA	NA	NA	NA	NA	NA	NA	NA	NA	NA	NA	NA	NA	NA	NA	NA	NA	NA	NA	NA	NA	NA	NA	NA	NA	NA	NA	NA	NA	NA	NA	NA	NA	NA	NA	NA	NA	NA	NA	NA	NA	NA	NA	NA	NA	NA	NA	NA	NA	NA	NA	Female	NA	NA	NA	NA	NA	NA	NA	NA	NA	NA	NA	NA	NA	NA	NA	NA	NA	NA	0.0464	Grade 2	NA	NA	NA	NA	NA	NA	NA	NA	NA	2.3	0:LIVING	NA	NA	NA	NA	NA	NA	NA	NA	NA	NA	NA	NA	NA	NA	NA	2.299843784	0:DiseaseFree	NA	NA	NA	NA	NA	NA	NA	NA	NA	NA	NA	NA	NA	NA	NA	NA	NA	NA	NA	NA	NA	NA	NA	NA	NA	NA	NA	NA	NA	NA	NA	NA	NA	NA	NA	NA	NA	NA	NA	NA	NA	NA	NA	NA	NA	NA	NA	NA	NA	NA	NA	NA	NA	NA	NA	NA	NA	NA	NA	NA	NA	NA	NA	NA	NA	NA	NA	NA	NA	NA	NA	NA	NA	NA	NA	NA	NA	NA	NA	NA	NA	NA	NA	NA	NA	NA	NA	NA	NA	NA	NA	NA	NA	NA	NA	NA	NA	NA	NA	NA	Copy-number low (Endometriod)	NA	NA	NA	NA	NA	NA	NA	2	Y	Y	Endometrioid	Y	1	6	0.807152783	0	3	MSS	MSS	1_LOW	Y	Stage I
ucec_tcga_pan_can_atlas_2018	TCGA-D1-A17T	TCGA-D1-A17T-01	Endometrial Cancer	Uterine Endometrioid Carcinoma	Not Hispanic Or Latino	NA	NA	NA	66	UEC	White	1	Primary	Matched	2.233333333	NA	NA	NA	NA	NA	NA	67	NA	NA	NA	NA	NA	NA	NA	NA	NA	NA	NA	NA	NA	NA	NA	NA	NA	NA	NA	NA	NA	NA	NA	NA	NA	NA	NA	NA	NA	NA	NA	NA	NA	NA	NA	NA	NA	NA	NA	NA	NA	NA	NA	NA	NA	NA	NA	NA	NA	NA	NA	NA	NA	NA	NA	NA	NA	NA	NA	NA	NA	NA	NA	NA	NA	NA	NA	NA	NA	NA	NA	NA	NA	NA	NA	NA	NA	NA	NA	NA	NA	NA	NA	NA	NA	NA	NA	NA	NA	NA	NA	NA	NA	NA	NA	NA	NA	NA	NA	NA	NA	NA	NA	NA	NA	NA	NA	NA	NA	NA	NA	NA	NA	NA	NA	NA	NA	NA	NA	NA	NA	NA	NA	NA	NA	NA	NA	NA	NA	NA	NA	NA	NA	NA	NA	NA	NA	NA	NA	Female	NA	NA	NA	NA	NA	NA	NA	NA	NA	NA	NA	NA	NA	NA	NA	NA	NA	NA	0.0464	G2	NA	NA	NA	NA	NA	NA	NA	NA	NA	2.334220995	0:LIVING	NA	NA	NA	NA	NA	NA	NA	2009	NA	NA	NA	NA	NA	0	NA	2.334220995	0:DiseaseFree	NA	NA	NA	4/14/11	NA	NA	NA	NA	NA	No	NA	NA	NA	C54.1	8380/3	C54.1	Yes	NA	NA	NA	NA	NA	NA	NA	NA	NA	NA	NA	NA	NA	NA	NA	No	NA	NA	efa4c675-e35e-4f48-8d12-a40f30b63ddb	NA	NA	NA	NA	NA	NA	NA	NA	NA	NA	NA	NA	NA	NA	NA	NA	NA	NA	NA	NA	NA	NA	NA	NA	NA	NA	Mayo Clinic	NA	NA	NA	NA	83	NA	71	-24652	NA	NA	NA	NA	NA	NA	NA	NA	NA	NA	NA	NA	NA	2	NA	UCEC	2.334220995	0:ALIVE OR DEAD TUMOR FREE	EUR	Yes	0.2691	0.1	Tumor Free	2.334220995	0:CENSORED	NA	No	No	NA	UCEC_CN_LOW	0	No	Yes	D1	Uterus	Endometrioid Endometrial Adenocarcinoma	NA	NA	NA	NA	NA	NA	NA	NA	NA	NA	NA	NA	NA	NA	NA	NA
ucec_tcga_pan_can_atlas_2018	TCGA-D1-A17U	TCGA-D1-A17U-01	Endometrial Cancer	Uterine Endometrioid Carcinoma	Not Hispanic Or Latino	NA	NA	NA	422	UEC	White	1	Primary	Matched	14.13333333	NA	NA	NA	NA	NA	NA	53	NA	NA	NA	NA	NA	NA	NA	NA	NA	NA	NA	NA	NA	NA	NA	NA	NA	NA	NA	NA	NA	NA	NA	NA	NA	NA	NA	NA	NA	NA	NA	NA	NA	NA	NA	NA	NA	NA	NA	NA	NA	NA	NA	NA	NA	NA	NA	NA	NA	NA	NA	NA	NA	NA	NA	NA	NA	NA	NA	NA	NA	NA	NA	NA	NA	NA	NA	NA	NA	NA	NA	NA	NA	NA	NA	NA	NA	NA	NA	NA	NA	NA	NA	NA	NA	NA	NA	NA	NA	NA	NA	NA	NA	NA	NA	NA	NA	NA	NA	NA	NA	NA	NA	NA	NA	NA	NA	NA	NA	NA	NA	NA	NA	NA	NA	NA	NA	NA	NA	NA	NA	NA	NA	NA	NA	NA	NA	NA	NA	NA	NA	NA	NA	NA	NA	NA	NA	NA	NA	Female	NA	NA	NA	NA	NA	NA	NA	NA	NA	NA	NA	NA	NA	NA	NA	NA	NA	NA	0.0009	G2	NA	NA	NA	NA	NA	NA	NA	NA	NA	22.91481737	0:LIVING	NA	NA	NA	NA	NA	NA	NA	2009	NA	NA	NA	NA	NA	0	NA	22.91481737	0:DiseaseFree	NA	NA	NA	4/14/11	NA	NA	NA	NA	NA	No	NA	NA	NA	C54.1	8380/3	C54.1	Yes	NA	NA	NA	NA	NA	NA	NA	NA	NA	NA	NA	NA	NA	NA	NA	No	NA	NA	6397c4a1-0a29-4c2c-b8cb-ce73af93dd0b	NA	NA	NA	NA	NA	NA	NA	NA	NA	NA	NA	NA	NA	NA	NA	NA	NA	NA	NA	NA	NA	NA	NA	NA	NA	NA	Mayo Clinic	NA	NA	NA	NA	87	NA	697	-19544	NA	NA	NA	NA	NA	NA	NA	NA	NA	NA	NA	NA	NA	0	NA	UCEC	22.91481737	0:ALIVE OR DEAD TUMOR FREE	EUR	Yes	0.792	27.42	Tumor Free	22.91481737	0:CENSORED	NA	No	Yes	NA	UCEC_MSI	11	No	Yes	D1	Uterus	Endometrioid Endometrial Adenocarcinoma	NA	NA	NA	NA	NA	NA	NA	NA	NA	NA	NA	NA	NA	NA	NA	NA
ucec_tcga_pan_can_atlas_2018	TCGA-D1-A1NS	TCGA-D1-A1NS-01	Endometrial Cancer	Uterine Endometrioid Carcinoma	Not Hispanic Or Latino	NA	NA	NA	290	UEC	White	1	Primary	Matched	9.766666667	NA	NA	NA	NA	NA	NA	53	NA	NA	NA	NA	NA	NA	NA	NA	NA	NA	NA	NA	NA	NA	NA	NA	NA	NA	NA	NA	NA	NA	NA	NA	NA	NA	NA	NA	NA	NA	NA	NA	NA	NA	NA	NA	NA	NA	NA	NA	NA	NA	NA	NA	NA	NA	NA	NA	NA	NA	NA	NA	NA	NA	NA	NA	NA	NA	NA	NA	NA	NA	NA	NA	NA	NA	NA	NA	NA	NA	NA	NA	NA	NA	NA	NA	NA	NA	NA	NA	NA	NA	NA	NA	NA	NA	NA	NA	NA	NA	NA	NA	NA	NA	NA	NA	NA	NA	NA	NA	NA	NA	NA	NA	NA	NA	NA	NA	NA	NA	NA	NA	NA	NA	NA	NA	NA	NA	NA	NA	NA	NA	NA	NA	NA	NA	NA	NA	NA	NA	NA	NA	NA	NA	NA	NA	NA	NA	NA	Female	NA	NA	NA	NA	NA	NA	NA	NA	NA	NA	NA	NA	NA	NA	NA	NA	NA	NA	0.0002	G1	NA	NA	NA	NA	NA	NA	NA	NA	NA	1.413683138	0:LIVING	NA	NA	NA	NA	NA	NA	NA	2009	NA	NA	NA	NA	NA	0	NA	1.413683138	0:DiseaseFree	NA	NA	NA	10/11/11	NA	NA	NA	NA	NA	No	NA	NA	NA	C54.1	8380/3	C54.1	Yes	NA	NA	NA	NA	NA	NA	NA	NA	NA	NA	NA	NA	NA	NA	NA	No	NA	NA	a79a4e56-09bf-4691-b7e0-81a9c2620d0f	NA	NA	NA	NA	NA	NA	NA	NA	NA	NA	NA	NA	NA	NA	NA	NA	NA	NA	NA	NA	NA	NA	NA	NA	NA	NA	Mayo Clinic	NA	NA	NA	NA	126	NA	43	-19638	NA	NA	NA	NA	NA	NA	NA	NA	NA	NA	NA	NA	NA	0	NA	UCEC	1.413683138	0:ALIVE OR DEAD TUMOR FREE	EUR	Yes	0.5021	4.32	Tumor Free	1.413683138	0:CENSORED	NA	No	No	NA	UCEC_MSI	2	No	Yes	D1	Uterus	Endometrioid Endometrial Adenocarcinoma	NA	NA	NA	NA	NA	NA	NA	NA	NA	NA	NA	NA	NA	NA	NA	NA
ucec_tcga_pan_can_atlas_2018	TCGA-D1-A1NU	TCGA-D1-A1NU-01	Endometrial Cancer	Uterine Serous Carcinoma/Uterine Papillary Serous Carcinoma	Not Hispanic Or Latino	NA	NA	NA	79	USC	White	1	Primary	Matched	2.633333333	NA	NA	NA	NA	NA	NA	74	NA	NA	NA	NA	NA	NA	NA	NA	NA	NA	NA	NA	NA	NA	NA	NA	NA	NA	NA	NA	NA	NA	NA	NA	NA	NA	NA	NA	NA	NA	NA	NA	NA	NA	NA	NA	NA	NA	NA	NA	NA	NA	NA	NA	NA	NA	NA	NA	NA	NA	NA	NA	NA	NA	NA	NA	NA	NA	NA	NA	NA	NA	NA	NA	NA	NA	NA	NA	NA	NA	NA	NA	NA	NA	NA	NA	NA	NA	NA	NA	NA	NA	NA	NA	NA	NA	NA	NA	NA	NA	NA	NA	NA	NA	NA	NA	NA	NA	NA	NA	NA	NA	NA	NA	NA	NA	NA	NA	NA	NA	NA	NA	NA	NA	NA	NA	NA	NA	NA	NA	NA	NA	NA	NA	NA	NA	NA	NA	NA	NA	NA	NA	NA	NA	NA	NA	NA	NA	NA	Female	NA	NA	NA	NA	NA	NA	NA	NA	NA	NA	NA	NA	NA	NA	NA	NA	NA	NA	0.4092	G3	NA	NA	NA	NA	NA	NA	NA	NA	NA	13.21629352	0:LIVING	NA	NA	NA	NA	NA	NA	NA	2009	NA	NA	NA	NA	NA	0	NA	13.21629352	0:DiseaseFree	NA	NA	NA	10/11/11	NA	NA	NA	NA	NA	No	NA	NA	NA	C54.1	8441/3	C54.1	Yes	NA	NA	NA	NA	NA	NA	NA	NA	NA	NA	NA	NA	NA	NA	NA	No	NA	NA	e56491af-718f-4ca1-b3cd-0e5b3154697b	NA	NA	NA	NA	NA	NA	NA	NA	NA	NA	NA	NA	NA	NA	NA	NA	NA	NA	NA	NA	NA	NA	NA	NA	NA	NA	Mayo Clinic	NA	NA	NA	NA	93	NA	402	-27272	NA	NA	NA	NA	NA	NA	NA	NA	NA	NA	NA	NA	NA	12	NA	UCEC	13.21629352	0:ALIVE OR DEAD TUMOR FREE	EUR	Yes	0.3328	0.56	Tumor Free	13.21629352	0:CENSORED	NA	No	Yes	NA	UCEC_CN_HIGH	193	No	Yes	D1	Uterus	Serous Endometrial Adenocarcinoma	NA	NA	NA	NA	NA	NA	NA	NA	NA	NA	NA	NA	NA	NA	NA	NA
ucec_tcga_pan_can_atlas_2018	TCGA-D1-A1NW	TCGA-D1-A1NW-01	Endometrial Cancer	Uterine Mixed Endometrial Carcinoma	Not Hispanic Or Latino	NA	NA	NA	55	UMEC	White	1	Primary	Matched	1.8	NA	NA	NA	NA	NA	NA	72	NA	NA	NA	NA	NA	NA	NA	NA	NA	NA	NA	NA	NA	NA	NA	NA	NA	NA	NA	NA	NA	NA	NA	NA	NA	NA	NA	NA	NA	NA	NA	NA	NA	NA	NA	NA	NA	NA	NA	NA	NA	NA	NA	NA	NA	NA	NA	NA	NA	NA	NA	NA	NA	NA	NA	NA	NA	NA	NA	NA	NA	NA	NA	NA	NA	NA	NA	NA	NA	NA	NA	NA	NA	NA	NA	NA	NA	NA	NA	NA	NA	NA	NA	NA	NA	NA	NA	NA	NA	NA	NA	NA	NA	NA	NA	NA	NA	NA	NA	NA	NA	NA	NA	NA	NA	NA	NA	NA	NA	NA	NA	NA	NA	NA	NA	NA	NA	NA	NA	NA	NA	NA	NA	NA	NA	NA	NA	NA	NA	NA	NA	NA	NA	NA	NA	NA	NA	NA	NA	Female	NA	NA	NA	NA	NA	NA	NA	NA	NA	NA	NA	NA	NA	NA	NA	NA	NA	NA	0.2859	G3	NA	NA	NA	NA	NA	NA	NA	NA	NA	0.723279745	0:LIVING	NA	NA	NA	NA	NA	NA	NA	2009	NA	NA	NA	NA	NA	0	NA	NA	NA	NA	NA	NA	10/11/11	NA	NA	NA	NA	NA	No	NA	NA	NA	C54.1	8441/3	C54.1	Yes	NA	NA	NA	NA	NA	NA	NA	NA	NA	NA	NA	NA	NA	NA	NA	No	NA	NA	d7258a64-3ea0-40fc-b3f4-b581a1725fff	NA	NA	NA	NA	NA	NA	NA	NA	NA	NA	NA	NA	NA	NA	NA	NA	NA	NA	NA	NA	NA	NA	NA	NA	NA	NA	Mayo Clinic	NA	NA	NA	NA	98	NA	22	-26556	NA	NA	NA	NA	NA	NA	NA	NA	NA	NA	NA	NA	NA	5	NA	UCEC	0.723279745	0:ALIVE OR DEAD TUMOR FREE	EUR	Yes	0.3416	0.68	Tumor Free	0.723279745	0:CENSORED	NA	No	No	NA	UCEC_CN_HIGH	176	No	Yes	D1	Uterus	Mixed Serous and Endometrioid Carcinoma	NA	NA	NA	NA	NA	NA	NA	NA	NA	NA	NA	NA	NA	NA	NA	NA
ucec_tcga_pan_can_atlas_2018	TCGA-D1-A1NX	TCGA-D1-A1NX-01	Endometrial Cancer	Uterine Serous Carcinoma/Uterine Papillary Serous Carcinoma	Not Hispanic Or Latino	NA	NA	NA	41	USC	White	1	Primary	Matched	1.366666667	NA	NA	NA	NA	NA	NA	66	NA	NA	NA	NA	NA	NA	NA	NA	NA	NA	NA	NA	NA	NA	NA	NA	NA	NA	NA	NA	NA	NA	NA	NA	NA	NA	NA	NA	NA	NA	NA	NA	NA	NA	NA	NA	NA	NA	NA	NA	NA	NA	NA	NA	NA	NA	NA	NA	NA	NA	NA	NA	NA	NA	NA	NA	NA	NA	NA	NA	NA	NA	NA	NA	NA	NA	NA	NA	NA	NA	NA	NA	NA	NA	NA	NA	NA	NA	NA	NA	NA	NA	NA	NA	NA	NA	NA	NA	NA	NA	NA	NA	NA	NA	NA	NA	NA	NA	NA	NA	NA	NA	NA	NA	NA	NA	NA	NA	NA	NA	NA	NA	NA	NA	NA	NA	NA	NA	NA	NA	NA	NA	NA	NA	NA	NA	NA	NA	NA	NA	NA	NA	NA	NA	NA	NA	NA	NA	NA	Female	NA	NA	NA	NA	NA	NA	NA	NA	NA	NA	NA	NA	NA	NA	NA	NA	NA	NA	0.1787	G3	NA	NA	NA	NA	NA	NA	NA	NA	NA	18.24637538	0:LIVING	NA	NA	NA	NA	NA	NA	NA	2009	NA	NA	NA	NA	NA	0	NA	15.64914357	1:Recurred/Progressed	NA	NA	NA	10/11/11	NA	NA	NA	NA	NA	No	NA	NA	NA	C54.1	8441/3	C54.1	Yes	NA	NA	NA	NA	NA	NA	NA	NA	NA	NA	NA	NA	NA	NA	NA	Yes	NA	NA	df01a5ee-e8b5-40b0-8a6a-b6b3faed9df9	NA	NA	NA	NA	NA	NA	NA	NA	NA	NA	NA	NA	NA	NA	NA	NA	NA	NA	NA	NA	NA	NA	NA	NA	NA	NA	Mayo Clinic	NA	NA	NA	NA	87	NA	555	-24441	NA	NA	NA	NA	NA	NA	NA	NA	NA	NA	NA	NA	NA	4	NA	UCEC	18.24637538	0:ALIVE OR DEAD TUMOR FREE	EUR	Yes	0.3074	0.27	Tumor Free	15.64914357	1:PROGRESSION	NA	No	Yes	NA	UCEC_CN_HIGH	231	No	Yes	D1	Uterus	Serous Endometrial Adenocarcinoma	NA	NA	NA	NA	NA	NA	NA	NA	NA	NA	NA	NA	NA	NA	NA	NA
ucec_tcga_pan_can_atlas_2018	TCGA-D1-A1NY	TCGA-D1-A1NY-01	Endometrial Cancer	Uterine Endometrioid Carcinoma	Not Hispanic Or Latino	NA	NA	NA	576	UEC	White	1	Primary	Matched	19.3	NA	NA	NA	NA	NA	NA	67	NA	NA	NA	NA	NA	NA	NA	NA	NA	NA	NA	NA	NA	NA	NA	NA	NA	NA	NA	NA	NA	NA	NA	NA	NA	NA	NA	NA	NA	NA	NA	NA	NA	NA	NA	NA	NA	NA	NA	NA	NA	NA	NA	NA	NA	NA	NA	NA	NA	NA	NA	NA	NA	NA	NA	NA	NA	NA	NA	NA	NA	NA	NA	NA	NA	NA	NA	NA	NA	NA	NA	NA	NA	NA	NA	NA	NA	NA	NA	NA	NA	NA	NA	NA	NA	NA	NA	NA	NA	NA	NA	NA	NA	NA	NA	NA	NA	NA	NA	NA	NA	NA	NA	NA	NA	NA	NA	NA	NA	NA	NA	NA	NA	NA	NA	NA	NA	NA	NA	NA	NA	NA	NA	NA	NA	NA	NA	NA	NA	NA	NA	NA	NA	NA	NA	NA	NA	NA	NA	Female	NA	NA	NA	NA	NA	NA	NA	NA	NA	NA	NA	NA	NA	NA	NA	NA	NA	NA	0.0562	G3	NA	NA	NA	NA	NA	NA	NA	NA	NA	16.8655686	0:LIVING	NA	NA	NA	NA	NA	NA	NA	2009	NA	NA	NA	NA	NA	0	NA	16.8655686	0:DiseaseFree	NA	NA	NA	10/11/11	NA	NA	NA	NA	NA	No	NA	NA	NA	C54.1	8380/3	C54.1	Yes	NA	NA	NA	NA	NA	NA	NA	NA	NA	NA	NA	NA	NA	NA	NA	No	NA	NA	0a9faff7-ec4d-4b5a-aa83-6fa358f72074	NA	NA	NA	NA	NA	NA	NA	NA	NA	NA	NA	NA	NA	NA	NA	NA	NA	NA	NA	NA	NA	NA	NA	NA	NA	NA	Mayo Clinic	NA	NA	NA	NA	97	NA	513	-24683	NA	NA	NA	NA	NA	NA	NA	NA	NA	NA	NA	NA	NA	0	NA	UCEC	16.8655686	0:ALIVE OR DEAD TUMOR FREE	EUR	Yes	0.9023	20.73	Tumor Free	16.8655686	0:CENSORED	NA	No	Yes	NA	UCEC_MSI	9	No	Yes	D1	Uterus	Endometrioid Endometrial Adenocarcinoma	NA	NA	NA	NA	NA	NA	NA	NA	NA	NA	NA	NA	NA	NA	NA	NA
ucec_tcga_pan_can_atlas_2018	TCGA-D1-A1NZ	TCGA-D1-A1NZ-01	Endometrial Cancer	Uterine Endometrioid Carcinoma	Not Hispanic Or Latino	NA	NA	NA	716	UEC	White	1	Primary	Matched	24.16666667	NA	NA	NA	NA	NA	NA	60	NA	NA	NA	NA	NA	NA	NA	NA	NA	NA	NA	NA	NA	NA	NA	NA	NA	NA	NA	NA	NA	NA	NA	NA	NA	NA	NA	NA	NA	NA	NA	NA	NA	NA	NA	NA	NA	NA	NA	NA	NA	NA	NA	NA	NA	NA	NA	NA	NA	NA	NA	NA	NA	NA	NA	NA	NA	NA	NA	NA	NA	NA	NA	NA	NA	NA	NA	NA	NA	NA	NA	NA	NA	NA	NA	NA	NA	NA	NA	NA	NA	NA	NA	NA	NA	NA	NA	NA	NA	NA	NA	NA	NA	NA	NA	NA	NA	NA	NA	NA	NA	NA	NA	NA	NA	NA	NA	NA	NA	NA	NA	NA	NA	NA	NA	NA	NA	NA	NA	NA	NA	NA	NA	NA	NA	NA	NA	NA	NA	NA	NA	NA	NA	NA	NA	NA	NA	NA	NA	Female	NA	NA	NA	NA	NA	NA	NA	NA	NA	NA	NA	NA	NA	NA	NA	NA	NA	NA	0.0341	G1	NA	NA	NA	NA	NA	NA	NA	NA	NA	18.01624092	0:LIVING	NA	NA	NA	NA	NA	NA	NA	2009	NA	NA	NA	NA	NA	0	NA	18.01624092	0:DiseaseFree	NA	NA	NA	10/11/11	NA	NA	NA	NA	NA	No	NA	NA	NA	C54.1	8380/3	C54.1	Yes	NA	NA	NA	NA	NA	NA	NA	NA	NA	NA	NA	NA	NA	NA	NA	No	NA	NA	e49f545f-3268-4d25-b7a3-4da8e6ab2578	NA	NA	NA	NA	NA	NA	NA	NA	NA	NA	NA	NA	NA	NA	NA	NA	NA	NA	NA	NA	NA	NA	NA	NA	NA	NA	Mayo Clinic	NA	NA	NA	NA	90	NA	548	-22027	NA	NA	NA	NA	NA	NA	NA	NA	NA	NA	NA	NA	NA	1	NA	UCEC	18.01624092	0:ALIVE OR DEAD TUMOR FREE	EUR	Yes	0.898	18.91	Tumor Free	18.01624092	0:CENSORED	NA	No	No	NA	UCEC_MSI	0	No	Yes	D1	Uterus	Endometrioid Endometrial Adenocarcinoma	NA	NA	NA	NA	NA	NA	NA	NA	NA	NA	NA	NA	NA	NA	NA	NA
ucec_tcga_pan_can_atlas_2018	TCGA-D1-A1O0	TCGA-D1-A1O0-01	Endometrial Cancer	Uterine Endometrioid Carcinoma	Not Hispanic Or Latino	NA	NA	NA	48	UEC	White	1	Primary	Matched	1.666666667	NA	NA	NA	NA	NA	NA	77	NA	NA	NA	NA	NA	NA	NA	NA	NA	NA	NA	NA	NA	NA	NA	NA	NA	NA	NA	NA	NA	NA	NA	NA	NA	NA	NA	NA	NA	NA	NA	NA	NA	NA	NA	NA	NA	NA	NA	NA	NA	NA	NA	NA	NA	NA	NA	NA	NA	NA	NA	NA	NA	NA	NA	NA	NA	NA	NA	NA	NA	NA	NA	NA	NA	NA	NA	NA	NA	NA	NA	NA	NA	NA	NA	NA	NA	NA	NA	NA	NA	NA	NA	NA	NA	NA	NA	NA	NA	NA	NA	NA	NA	NA	NA	NA	NA	NA	NA	NA	NA	NA	NA	NA	NA	NA	NA	NA	NA	NA	NA	NA	NA	NA	NA	NA	NA	NA	NA	NA	NA	NA	NA	NA	NA	NA	NA	NA	NA	NA	NA	NA	NA	NA	NA	NA	NA	NA	NA	Female	NA	NA	NA	NA	NA	NA	NA	NA	NA	NA	NA	NA	NA	NA	NA	NA	NA	NA	0.4475	G3	NA	NA	NA	NA	NA	NA	NA	NA	NA	2.071210179	0:LIVING	NA	NA	NA	NA	NA	NA	NA	2009	NA	NA	NA	NA	NA	0	NA	2.071210179	0:DiseaseFree	NA	NA	NA	10/11/11	NA	NA	NA	NA	NA	No	NA	NA	NA	C54.1	8380/3	C54.1	Yes	NA	NA	NA	NA	NA	NA	NA	NA	NA	NA	NA	NA	NA	NA	NA	No	NA	NA	A98BBE29-8817-4380-A738-3C1BF9F8E0CC	NA	NA	NA	NA	NA	NA	NA	NA	NA	NA	NA	NA	NA	NA	NA	NA	NA	NA	NA	NA	NA	NA	NA	NA	NA	NA	Mayo Clinic	NA	NA	NA	NA	117	NA	63	-28162	NA	NA	NA	NA	NA	NA	NA	NA	NA	NA	NA	NA	NA	11	NA	UCEC	2.071210179	0:ALIVE OR DEAD TUMOR FREE	EUR	Yes	0.3044	0.6	Tumor Free	2.071210179	0:CENSORED	NA	No	No	NA	UCEC_CN_HIGH	276	No	Yes	D1	Uterus	Endometrioid Endometrial Adenocarcinoma	NA	NA	NA	NA	NA	NA	NA	NA	NA	NA	NA	NA	NA	NA	NA	NA
ucec_tcga_pan_can_atlas_2018	TCGA-D1-A1O5	TCGA-D1-A1O5-01	Endometrial Cancer	Uterine Endometrioid Carcinoma	Not Hispanic Or Latino	NA	NA	NA	64	UEC	White	1	Primary	Matched	2.133333333	NA	NA	NA	NA	NA	NA	61	NA	NA	NA	NA	NA	NA	NA	NA	NA	NA	NA	NA	NA	NA	NA	NA	NA	NA	NA	NA	NA	NA	NA	NA	NA	NA	NA	NA	NA	NA	NA	NA	NA	NA	NA	NA	NA	NA	NA	NA	NA	NA	NA	NA	NA	NA	NA	NA	NA	NA	NA	NA	NA	NA	NA	NA	NA	NA	NA	NA	NA	NA	NA	NA	NA	NA	NA	NA	NA	NA	NA	NA	NA	NA	NA	NA	NA	NA	NA	NA	NA	NA	NA	NA	NA	NA	NA	NA	NA	NA	NA	NA	NA	NA	NA	NA	NA	NA	NA	NA	NA	NA	NA	NA	NA	NA	NA	NA	NA	NA	NA	NA	NA	NA	NA	NA	NA	NA	NA	NA	NA	NA	NA	NA	NA	NA	NA	NA	NA	NA	NA	NA	NA	NA	NA	NA	NA	NA	NA	Female	NA	NA	NA	NA	NA	NA	NA	NA	NA	NA	NA	NA	NA	NA	NA	NA	NA	NA	0.0002	G1	NA	NA	NA	NA	NA	NA	NA	NA	NA	15.05736923	0:LIVING	NA	NA	NA	NA	NA	NA	NA	2009	NA	NA	NA	NA	NA	0	NA	15.05736923	0:DiseaseFree	NA	NA	NA	10/11/11	NA	NA	NA	NA	NA	No	NA	NA	NA	C54.1	8380/3	C54.1	Yes	NA	NA	NA	NA	NA	NA	NA	NA	NA	NA	NA	NA	NA	NA	NA	No	NA	NA	f054a123-322f-444a-9971-53d3df371753	NA	NA	NA	NA	NA	NA	NA	NA	NA	NA	NA	NA	NA	NA	NA	NA	NA	NA	NA	NA	NA	NA	NA	NA	NA	NA	Mayo Clinic	NA	NA	NA	NA	80	NA	458	-22580	NA	NA	NA	NA	NA	NA	NA	NA	NA	NA	NA	NA	NA	0	NA	UCEC	15.05736923	0:ALIVE OR DEAD TUMOR FREE	EUR	Yes	0.2812	0.03	Tumor Free	15.05736923	0:CENSORED	NA	No	No	NA	UCEC_CN_LOW	5	No	Yes	D1	Uterus	Endometrioid Endometrial Adenocarcinoma	NA	NA	NA	NA	NA	NA	NA	NA	NA	NA	NA	NA	NA	NA	NA	NA
ucec_tcga_pan_can_atlas_2018	TCGA-D1-A1O7	TCGA-D1-A1O7-01	Endometrial Cancer	Uterine Endometrioid Carcinoma	Not Hispanic Or Latino	NA	NA	NA	328	UEC	White	1	Primary	Matched	10.96666667	NA	NA	NA	NA	NA	NA	60	NA	NA	NA	NA	NA	NA	NA	NA	NA	NA	NA	NA	NA	NA	NA	NA	NA	NA	NA	NA	NA	NA	NA	NA	NA	NA	NA	NA	NA	NA	NA	NA	NA	NA	NA	NA	NA	NA	NA	NA	NA	NA	NA	NA	NA	NA	NA	NA	NA	NA	NA	NA	NA	NA	NA	NA	NA	NA	NA	NA	NA	NA	NA	NA	NA	NA	NA	NA	NA	NA	NA	NA	NA	NA	NA	NA	NA	NA	NA	NA	NA	NA	NA	NA	NA	NA	NA	NA	NA	NA	NA	NA	NA	NA	NA	NA	NA	NA	NA	NA	NA	NA	NA	NA	NA	NA	NA	NA	NA	NA	NA	NA	NA	NA	NA	NA	NA	NA	NA	NA	NA	NA	NA	NA	NA	NA	NA	NA	NA	NA	NA	NA	NA	NA	NA	NA	NA	NA	NA	Female	NA	NA	NA	NA	NA	NA	NA	NA	NA	NA	NA	NA	NA	NA	NA	NA	NA	NA	0.0000	G1	NA	NA	NA	NA	NA	NA	NA	NA	NA	1.052043265	0:LIVING	NA	NA	NA	NA	NA	NA	NA	2009	NA	NA	NA	NA	NA	0	NA	1.052043265	0:DiseaseFree	NA	NA	NA	10/11/11	NA	NA	NA	NA	NA	No	NA	NA	NA	C54.1	8380/3	C54.1	Yes	NA	NA	NA	NA	NA	NA	NA	NA	NA	NA	NA	NA	NA	NA	NA	No	NA	NA	01ed791e-3187-4e24-a5ff-afff0778c152	NA	NA	NA	NA	NA	NA	NA	NA	NA	NA	NA	NA	NA	NA	NA	NA	NA	NA	NA	NA	NA	NA	NA	NA	NA	NA	Mayo Clinic	NA	NA	NA	NA	96	NA	32	-22037	NA	NA	NA	NA	NA	NA	NA	NA	NA	NA	NA	NA	NA	0	NA	UCEC	1.052043265	0:ALIVE OR DEAD TUMOR FREE	EUR	Yes	0.6161	5.26	Tumor Free	1.052043265	0:CENSORED	NA	No	No	NA	UCEC_MSI	2	No	Yes	D1	Uterus	Endometrioid Endometrial Adenocarcinoma	NA	NA	NA	NA	NA	NA	NA	NA	NA	NA	NA	NA	NA	NA	NA	NA
ucec_tcga_pan_can_atlas_2018	TCGA-D1-A1O8	TCGA-D1-A1O8-01	Endometrial Cancer	Uterine Endometrioid Carcinoma	Not Hispanic Or Latino	NA	NA	NA	59	UEC	White	1	Primary	Matched	2.033333333	NA	NA	NA	NA	NA	NA	70	NA	NA	NA	NA	NA	NA	NA	NA	NA	NA	NA	NA	NA	NA	NA	NA	NA	NA	NA	NA	NA	NA	NA	NA	NA	NA	NA	NA	NA	NA	NA	NA	NA	NA	NA	NA	NA	NA	NA	NA	NA	NA	NA	NA	NA	NA	NA	NA	NA	NA	NA	NA	NA	NA	NA	NA	NA	NA	NA	NA	NA	NA	NA	NA	NA	NA	NA	NA	NA	NA	NA	NA	NA	NA	NA	NA	NA	NA	NA	NA	NA	NA	NA	NA	NA	NA	NA	NA	NA	NA	NA	NA	NA	NA	NA	NA	NA	NA	NA	NA	NA	NA	NA	NA	NA	NA	NA	NA	NA	NA	NA	NA	NA	NA	NA	NA	NA	NA	NA	NA	NA	NA	NA	NA	NA	NA	NA	NA	NA	NA	NA	NA	NA	NA	NA	NA	NA	NA	NA	Female	NA	NA	NA	NA	NA	NA	NA	NA	NA	NA	NA	NA	NA	NA	NA	NA	NA	NA	0.0000	G3	NA	NA	NA	NA	NA	NA	NA	NA	NA	3.945162245	1:DECEASED	NA	NA	NA	NA	NA	NA	NA	2009	NA	NA	NA	NA	NA	0	NA	3.945162245	0:DiseaseFree	NA	NA	NA	10/11/11	NA	NA	NA	NA	NA	No	NA	NA	NA	C54.1	8380/3	C54.1	Yes	NA	NA	NA	NA	NA	NA	NA	NA	NA	NA	NA	NA	NA	NA	NA	No	NA	NA	21faf1a4-f6d3-4cc6-a49a-04b8541ef598	NA	NA	NA	NA	NA	NA	NA	NA	NA	NA	NA	NA	NA	NA	NA	NA	NA	NA	NA	NA	NA	NA	NA	NA	NA	NA	Mayo Clinic	NA	NA	NA	NA	85	NA	NA	-25789	NA	NA	NA	NA	NA	NA	NA	NA	NA	NA	NA	NA	NA	0	NA	UCEC	3.945162245	0:ALIVE OR DEAD TUMOR FREE	EUR	Yes	0.2803	0	Tumor Free	3.945162245	0:CENSORED	NA	No	No	NA	UCEC_CN_LOW	0	No	Yes	D1	Uterus	Endometrioid Endometrial Adenocarcinoma	NA	NA	NA	NA	NA	NA	NA	NA	NA	NA	NA	NA	NA	NA	NA	NA
ucec_tcga_pan_can_atlas_2018	TCGA-D1-A2G0	TCGA-D1-A2G0-01	Endometrial Cancer	Uterine Mixed Endometrial Carcinoma	Not Hispanic Or Latino	NA	NA	NA	815	UMEC	White	1	Primary	Matched	27.36666667	NA	NA	NA	NA	NA	NA	70	NA	NA	NA	NA	NA	NA	NA	NA	NA	NA	NA	NA	NA	NA	NA	NA	NA	NA	NA	NA	NA	NA	NA	NA	NA	NA	NA	NA	NA	NA	NA	NA	NA	NA	NA	NA	NA	NA	NA	NA	NA	NA	NA	NA	NA	NA	NA	NA	NA	NA	NA	NA	NA	NA	NA	NA	NA	NA	NA	NA	NA	NA	NA	NA	NA	NA	NA	NA	NA	NA	NA	NA	NA	NA	NA	NA	NA	NA	NA	NA	NA	NA	NA	NA	NA	NA	NA	NA	NA	NA	NA	NA	NA	NA	NA	NA	NA	NA	NA	NA	NA	NA	NA	NA	NA	NA	NA	NA	NA	NA	NA	NA	NA	NA	NA	NA	NA	NA	NA	NA	NA	NA	NA	NA	NA	NA	NA	NA	NA	NA	NA	NA	NA	NA	NA	NA	NA	NA	NA	Female	NA	NA	NA	NA	NA	NA	NA	NA	NA	NA	NA	NA	NA	NA	NA	NA	NA	NA	0.0916	G3	NA	NA	NA	NA	NA	NA	NA	NA	NA	48.78850643	0:LIVING	NA	NA	NA	NA	NA	NA	NA	1995	NA	NA	NA	NA	NA	0	NA	NA	NA	NA	NA	NA	6/2/11	NA	NA	NA	NA	NA	No	NA	NA	NA	C54.1	8441/3	C54.1	Yes	NA	NA	NA	NA	NA	NA	NA	NA	NA	NA	NA	NA	NA	NA	NA	NA	NA	NA	6F661F0D-F08B-486E-8BD7-4306E1593EB9	NA	NA	NA	NA	NA	NA	NA	NA	NA	NA	NA	NA	NA	NA	NA	NA	NA	NA	NA	NA	NA	NA	NA	NA	NA	NA	Mayo Clinic	NA	NA	NA	NA	73	NA	1484	-25573	NA	NA	NA	NA	NA	NA	NA	NA	NA	NA	NA	NA	NA	4	37	UCEC	48.78850643	0:ALIVE OR DEAD TUMOR FREE	EUR	Yes	0.938	23.71	Tumor Free	48.78850643	0:CENSORED	NA	No	NA	20	UCEC_MSI	8	No	Yes	D1	Uterus	Mixed Serous and Endometrioid Carcinoma	36	NA	NA	NA	NA	NA	NA	NA	NA	NA	NA	NA	NA	NA	NA	NA
ucec_tcga_pan_can_atlas_2018	TCGA-D1-A2G5	TCGA-D1-A2G5-01	Endometrial Cancer	Uterine Endometrioid Carcinoma	Not Hispanic Or Latino	NA	NA	NA	213	UEC	White	1	Primary	Matched	7.233333333	NA	NA	NA	NA	NA	NA	50	NA	NA	NA	NA	NA	NA	NA	NA	NA	NA	NA	NA	NA	NA	NA	NA	NA	NA	NA	NA	NA	NA	NA	NA	NA	NA	NA	NA	NA	NA	NA	NA	NA	NA	NA	NA	NA	NA	NA	NA	NA	NA	NA	NA	NA	NA	NA	NA	NA	NA	NA	NA	NA	NA	NA	NA	NA	NA	NA	NA	NA	NA	NA	NA	NA	NA	NA	NA	NA	NA	NA	NA	NA	NA	NA	NA	NA	NA	NA	NA	NA	NA	NA	NA	NA	NA	NA	NA	NA	NA	NA	NA	NA	NA	NA	NA	NA	NA	NA	NA	NA	NA	NA	NA	NA	NA	NA	NA	NA	NA	NA	NA	NA	NA	NA	NA	NA	NA	NA	NA	NA	NA	NA	NA	NA	NA	NA	NA	NA	NA	NA	NA	NA	NA	NA	NA	NA	NA	NA	Female	NA	NA	NA	NA	NA	NA	NA	NA	NA	NA	NA	NA	NA	NA	NA	NA	NA	NA	0.9268	G3	NA	NA	NA	NA	NA	NA	NA	NA	NA	47.83509222	0:LIVING	NA	NA	NA	NA	NA	NA	NA	1995	NA	NA	NA	NA	NA	0	NA	36.88726699	1:Recurred/Progressed	NA	NA	NA	10/11/11	NA	NA	NA	NA	NA	No	NA	NA	NA	C54.1	8380/3	C54.1	Yes	NA	NA	NA	NA	NA	NA	NA	NA	NA	NA	NA	NA	NA	NA	NA	Yes	NA	NA	016E515E-7F78-4997-9B97-3628464D9222	NA	NA	NA	NA	NA	NA	NA	NA	NA	NA	NA	NA	NA	NA	NA	NA	NA	NA	NA	NA	NA	NA	NA	NA	NA	NA	Mayo Clinic	NA	NA	NA	NA	143	NA	1455	-18322	NA	NA	NA	NA	NA	NA	NA	NA	NA	NA	NA	NA	NA	15	NA	UCEC	47.83509222	0:ALIVE OR DEAD TUMOR FREE	EUR	Yes	0.4585	1.53	With Tumor	36.88726699	1:PROGRESSION	NA	Yes	Yes	NA	UCEC_MSI	2	No	Yes	D1	Uterus	Endometrioid Endometrial Adenocarcinoma	NA	NA	NA	NA	NA	NA	NA	NA	NA	NA	NA	NA	NA	NA	NA	NA
ucec_tcga_pan_can_atlas_2018	TCGA-D1-A2G6	TCGA-D1-A2G6-01	Endometrial Cancer	Uterine Endometrioid Carcinoma	Not Hispanic Or Latino	NA	NA	NA	69	UEC	White	1	Primary	Matched	2.366666667	NA	NA	NA	NA	NA	NA	53	NA	NA	NA	NA	NA	NA	NA	NA	NA	NA	NA	NA	NA	NA	NA	NA	NA	NA	NA	NA	NA	NA	NA	NA	NA	NA	NA	NA	NA	NA	NA	NA	NA	NA	NA	NA	NA	NA	NA	NA	NA	NA	NA	NA	NA	NA	NA	NA	NA	NA	NA	NA	NA	NA	NA	NA	NA	NA	NA	NA	NA	NA	NA	NA	NA	NA	NA	NA	NA	NA	NA	NA	NA	NA	NA	NA	NA	NA	NA	NA	NA	NA	NA	NA	NA	NA	NA	NA	NA	NA	NA	NA	NA	NA	NA	NA	NA	NA	NA	NA	NA	NA	NA	NA	NA	NA	NA	NA	NA	NA	NA	NA	NA	NA	NA	NA	NA	NA	NA	NA	NA	NA	NA	NA	NA	NA	NA	NA	NA	NA	NA	NA	NA	NA	NA	NA	NA	NA	NA	Female	NA	NA	NA	NA	NA	NA	NA	NA	NA	NA	NA	NA	NA	NA	NA	NA	NA	NA	0.2916	G3	NA	NA	NA	NA	NA	NA	NA	NA	NA	8.482098826	1:DECEASED	NA	NA	NA	NA	NA	NA	NA	1995	NA	NA	NA	NA	NA	0	NA	NA	NA	NA	NA	NA	6/2/11	NA	NA	NA	NA	NA	No	NA	NA	NA	C54.1	8380/3	C54.1	Yes	NA	NA	NA	NA	NA	NA	NA	NA	NA	NA	NA	NA	NA	NA	NA	NA	NA	NA	46CD8DED-F8A1-4F8C-A4C2-2D5B51C04F18	NA	NA	NA	NA	NA	NA	NA	NA	NA	NA	NA	NA	NA	NA	NA	NA	NA	NA	NA	NA	NA	NA	NA	NA	NA	NA	Mayo Clinic	NA	NA	NA	NA	80	NA	NA	-19547	NA	NA	NA	NA	NA	NA	NA	NA	NA	NA	NA	NA	NA	9	NA	UCEC	8.482098826	1:DEAD WITH TUMOR	EUR	Yes	0.3306	0.02	With Tumor	8.482098826	1:PROGRESSION	NA	No	NA	NA	UCEC_MSI	10	No	Yes	D1	Uterus	Endometrioid Endometrial Adenocarcinoma	NA	NA	NA	NA	NA	NA	NA	NA	NA	NA	NA	NA	NA	NA	NA	NA
ucec_tcga_pan_can_atlas_2018	TCGA-D1-A2G7	TCGA-D1-A2G7-01	Endometrial Cancer	Uterine Serous Carcinoma/Uterine Papillary Serous Carcinoma	Not Hispanic Or Latino	NA	NA	NA	42	USC	White	1	Primary	Matched	1.366666667	NA	NA	NA	NA	NA	NA	65	NA	NA	NA	NA	NA	NA	NA	NA	NA	NA	NA	NA	NA	NA	NA	NA	NA	NA	NA	NA	NA	NA	NA	NA	NA	NA	NA	NA	NA	NA	NA	NA	NA	NA	NA	NA	NA	NA	NA	NA	NA	NA	NA	NA	NA	NA	NA	NA	NA	NA	NA	NA	NA	NA	NA	NA	NA	NA	NA	NA	NA	NA	NA	NA	NA	NA	NA	NA	NA	NA	NA	NA	NA	NA	NA	NA	NA	NA	NA	NA	NA	NA	NA	NA	NA	NA	NA	NA	NA	NA	NA	NA	NA	NA	NA	NA	NA	NA	NA	NA	NA	NA	NA	NA	NA	NA	NA	NA	NA	NA	NA	NA	NA	NA	NA	NA	NA	NA	NA	NA	NA	NA	NA	NA	NA	NA	NA	NA	NA	NA	NA	NA	NA	NA	NA	NA	NA	NA	NA	Female	NA	NA	NA	NA	NA	NA	NA	NA	NA	NA	NA	NA	NA	NA	NA	NA	NA	NA	0.2241	G3	NA	NA	NA	NA	NA	NA	NA	NA	NA	58.94729921	1:DECEASED	NA	NA	NA	NA	NA	NA	NA	1995	NA	NA	NA	NA	NA	0	NA	58.94729921	0:DiseaseFree	NA	NA	NA	10/11/11	NA	NA	NA	NA	NA	No	NA	NA	NA	C54.1	8441/3	C54.1	Yes	NA	NA	NA	NA	NA	NA	NA	NA	NA	NA	NA	NA	NA	NA	NA	No	NA	NA	32B5D0E4-A242-44D1-AC20-6E5CA2F35B71	NA	NA	NA	NA	NA	NA	NA	NA	NA	NA	NA	NA	NA	NA	NA	NA	NA	NA	NA	NA	NA	NA	NA	NA	NA	NA	Mayo Clinic	NA	NA	NA	NA	133	NA	1365	-23913	NA	NA	NA	NA	NA	NA	NA	NA	NA	NA	NA	NA	NA	6	NA	UCEC	58.94729921	0:ALIVE OR DEAD TUMOR FREE	EUR	Yes	0.2867	0	Tumor Free	58.94729921	0:CENSORED	NA	No	No	NA	UCEC_CN_HIGH	171	No	Yes	D1	Uterus	Serous Endometrial Adenocarcinoma	NA	NA	NA	NA	NA	NA	NA	NA	NA	NA	NA	NA	NA	NA	NA	NA
ucec_tcga_pan_can_atlas_2018	TCGA-D1-A3DA	TCGA-D1-A3DA-01	Endometrial Cancer	Uterine Endometrioid Carcinoma	Not Hispanic Or Latino	NA	NA	NA	76	UEC	White	1	Primary	Matched	2.5	NA	NA	NA	NA	NA	NA	77	NA	NA	NA	NA	NA	NA	NA	NA	NA	NA	NA	NA	NA	NA	NA	NA	NA	NA	NA	NA	NA	NA	NA	NA	NA	NA	NA	NA	NA	NA	NA	NA	NA	NA	NA	NA	NA	NA	NA	NA	NA	NA	NA	NA	NA	NA	NA	NA	NA	NA	NA	NA	NA	NA	NA	NA	NA	NA	NA	NA	NA	NA	NA	NA	NA	NA	NA	NA	NA	NA	NA	NA	NA	NA	NA	NA	NA	NA	NA	NA	NA	NA	NA	NA	NA	NA	NA	NA	NA	NA	NA	NA	NA	NA	NA	NA	NA	NA	NA	NA	NA	NA	NA	NA	NA	NA	NA	NA	NA	NA	NA	NA	NA	NA	NA	NA	NA	NA	NA	NA	NA	NA	NA	NA	NA	NA	NA	NA	NA	NA	NA	NA	NA	NA	NA	NA	NA	NA	NA	Female	NA	NA	NA	NA	NA	NA	NA	NA	NA	NA	NA	NA	NA	NA	NA	NA	NA	NA	0.0399	G3	NA	NA	NA	NA	NA	NA	NA	NA	NA	15.87927804	0:LIVING	NA	NA	NA	NA	NA	NA	NA	2009	NA	NA	NA	NA	NA	0	NA	15.87927804	0:DiseaseFree	NA	NA	NA	2/15/12	NA	NA	NA	NA	NA	No	NA	NA	NA	C54.1	8380/3	C54.1	Yes	NA	NA	NA	NA	NA	NA	NA	NA	NA	NA	NA	NA	NA	NA	NA	No	NA	NA	E17A5FCA-616C-4A74-ABE7-778539ECDC0B	NA	NA	NA	NA	NA	NA	NA	NA	NA	NA	NA	NA	NA	NA	NA	NA	NA	NA	NA	NA	NA	NA	NA	NA	NA	NA	Mayo Clinic	NA	NA	NA	NA	57	NA	483	-28142	NA	NA	NA	NA	NA	NA	NA	NA	NA	NA	NA	NA	NA	1	21	UCEC	15.87927804	0:ALIVE OR DEAD TUMOR FREE	EUR	Yes	0.3098	0.07	Tumor Free	15.87927804	0:CENSORED	NA	No	No	2	UCEC_CN_LOW	21	No	Yes	D1	Uterus	Endometrioid Endometrial Adenocarcinoma	38	NA	NA	NA	NA	NA	NA	NA	NA	NA	NA	NA	NA	NA	NA	NA
ucec_tcga_pan_can_atlas_2018	TCGA-D1-A3DG	TCGA-D1-A3DG-01	Endometrial Cancer	Uterine Endometrioid Carcinoma	Not Hispanic Or Latino	NA	NA	NA	95	UEC	White	1	Primary	Matched	3.2	NA	NA	NA	NA	NA	NA	81	NA	NA	NA	NA	NA	NA	NA	NA	NA	NA	NA	NA	NA	NA	NA	NA	NA	NA	NA	NA	NA	NA	NA	NA	NA	NA	NA	NA	NA	NA	NA	NA	NA	NA	NA	NA	NA	NA	NA	NA	NA	NA	NA	NA	NA	NA	NA	NA	NA	NA	NA	NA	NA	NA	NA	NA	NA	NA	NA	NA	NA	NA	NA	NA	NA	NA	NA	NA	NA	NA	NA	NA	NA	NA	NA	NA	NA	NA	NA	NA	NA	NA	NA	NA	NA	NA	NA	NA	NA	NA	NA	NA	NA	NA	NA	NA	NA	NA	NA	NA	NA	NA	NA	NA	NA	NA	NA	NA	NA	NA	NA	NA	NA	NA	NA	NA	NA	NA	NA	NA	NA	NA	NA	NA	NA	NA	NA	NA	NA	NA	NA	NA	NA	NA	NA	NA	NA	NA	NA	Female	NA	NA	NA	NA	NA	NA	NA	NA	NA	NA	NA	NA	NA	NA	NA	NA	NA	NA	0.9290	G3	NA	NA	NA	NA	NA	NA	NA	NA	NA	4.273925765	1:DECEASED	NA	NA	NA	NA	NA	NA	NA	2009	NA	NA	NA	NA	NA	0	NA	NA	NA	NA	NA	NA	2/15/12	NA	NA	NA	NA	NA	No	NA	NA	NA	C54.1	8380/3	C54.1	Yes	NA	NA	NA	NA	NA	NA	NA	NA	NA	NA	NA	NA	NA	NA	NA	No	NA	NA	7890628D-7120-4DBC-85AE-1F895B6660C2	NA	NA	NA	NA	NA	NA	NA	NA	NA	NA	NA	NA	NA	NA	NA	NA	NA	NA	NA	NA	NA	NA	NA	NA	NA	NA	Mayo Clinic	NA	NA	NA	NA	86	NA	130	-29771	NA	NA	NA	NA	NA	NA	NA	NA	NA	NA	NA	NA	NA	8	5	UCEC	4.273925765	0:ALIVE OR DEAD TUMOR FREE	EUR	Yes	0.2964	0.66	Tumor Free	4.273925765	0:CENSORED	NA	No	No	10	UCEC_CN_HIGH	118	No	Yes	D1	Uterus	Endometrioid Endometrial Adenocarcinoma	12	NA	NA	NA	NA	NA	NA	NA	NA	NA	NA	NA	NA	NA	NA	NA
ucec_tcga_pan_can_atlas_2018	TCGA-D1-A3DH	TCGA-D1-A3DH-01	Endometrial Cancer	Uterine Endometrioid Carcinoma	Not Hispanic Or Latino	NA	NA	NA	89	UEC	White	1	Primary	Matched	3	NA	NA	NA	NA	NA	NA	71	NA	NA	NA	NA	NA	NA	NA	NA	NA	NA	NA	NA	NA	NA	NA	NA	NA	NA	NA	NA	NA	NA	NA	NA	NA	NA	NA	NA	NA	NA	NA	NA	NA	NA	NA	NA	NA	NA	NA	NA	NA	NA	NA	NA	NA	NA	NA	NA	NA	NA	NA	NA	NA	NA	NA	NA	NA	NA	NA	NA	NA	NA	NA	NA	NA	NA	NA	NA	NA	NA	NA	NA	NA	NA	NA	NA	NA	NA	NA	NA	NA	NA	NA	NA	NA	NA	NA	NA	NA	NA	NA	NA	NA	NA	NA	NA	NA	NA	NA	NA	NA	NA	NA	NA	NA	NA	NA	NA	NA	NA	NA	NA	NA	NA	NA	NA	NA	NA	NA	NA	NA	NA	NA	NA	NA	NA	NA	NA	NA	NA	NA	NA	NA	NA	NA	NA	NA	NA	NA	Female	NA	NA	NA	NA	NA	NA	NA	NA	NA	NA	NA	NA	NA	NA	NA	NA	NA	NA	0.7039	G3	NA	NA	NA	NA	NA	NA	NA	NA	NA	18.83814972	0:LIVING	NA	NA	NA	NA	NA	NA	NA	2009	NA	NA	NA	NA	NA	0	NA	18.83814972	0:DiseaseFree	NA	NA	NA	2/15/12	NA	NA	NA	NA	NA	No	NA	NA	NA	C54.1	8380/3	C54.1	Yes	NA	NA	NA	NA	NA	NA	NA	NA	NA	NA	NA	NA	NA	NA	NA	No	NA	NA	7D22FF96-9249-46B3-9CFA-E40DC4ECEBD6	NA	NA	NA	NA	NA	NA	NA	NA	NA	NA	NA	NA	NA	NA	NA	NA	NA	NA	NA	NA	NA	NA	NA	NA	NA	NA	Mayo Clinic	NA	NA	NA	NA	76	NA	573	-25935	NA	NA	NA	NA	NA	NA	NA	NA	NA	NA	NA	NA	NA	24	27	UCEC	18.83814972	0:ALIVE OR DEAD TUMOR FREE	EUR	Yes	0.3135	1.8	Tumor Free	18.83814972	0:CENSORED	NA	No	Yes	12	UCEC_CN_HIGH	358	No	Yes	D1	Uterus	Endometrioid Endometrial Adenocarcinoma	14	NA	NA	NA	NA	NA	NA	NA	NA	NA	NA	NA	NA	NA	NA	NA
ucec_tcga_pan_can_atlas_2018	TCGA-D1-A3JQ	TCGA-D1-A3JQ-01	Endometrial Cancer	Uterine Serous Carcinoma/Uterine Papillary Serous Carcinoma	Not Hispanic Or Latino	NA	NA	NA	30	USC	White	1	Primary	Matched	1	NA	NA	NA	NA	NA	NA	61	NA	NA	NA	NA	NA	NA	NA	NA	NA	NA	NA	NA	NA	NA	NA	NA	NA	NA	NA	NA	NA	NA	NA	NA	NA	NA	NA	NA	NA	NA	NA	NA	NA	NA	NA	NA	NA	NA	NA	NA	NA	NA	NA	NA	NA	NA	NA	NA	NA	NA	NA	NA	NA	NA	NA	NA	NA	NA	NA	NA	NA	NA	NA	NA	NA	NA	NA	NA	NA	NA	NA	NA	NA	NA	NA	NA	NA	NA	NA	NA	NA	NA	NA	NA	NA	NA	NA	NA	NA	NA	NA	NA	NA	NA	NA	NA	NA	NA	NA	NA	NA	NA	NA	NA	NA	NA	NA	NA	NA	NA	NA	NA	NA	NA	NA	NA	NA	NA	NA	NA	NA	NA	NA	NA	NA	NA	NA	NA	NA	NA	NA	NA	NA	NA	NA	NA	NA	NA	NA	Female	NA	NA	NA	NA	NA	NA	NA	NA	NA	NA	NA	NA	NA	NA	NA	NA	NA	NA	0.2228	G3	NA	NA	NA	NA	NA	NA	NA	NA	NA	17.29296117	0:LIVING	NA	NA	NA	NA	NA	NA	NA	2009	NA	NA	NA	NA	NA	0	NA	17.29296117	0:DiseaseFree	NA	NA	NA	3/19/13	NA	NA	NA	NA	NA	No	NA	NA	NA	C54.1	8441/3	C54.1	Yes	NA	NA	NA	NA	NA	NA	NA	NA	NA	NA	NA	NA	NA	NA	NA	No	NA	NA	07C805C2-FF09-4D5A-95F8-1D7D9F84C33C	NA	NA	NA	NA	NA	NA	NA	NA	NA	NA	NA	NA	NA	NA	NA	NA	NA	NA	NA	NA	NA	NA	NA	NA	NA	NA	Mayo Clinic	NA	NA	NA	NA	121	NA	526	-22297	NA	NA	NA	NA	NA	NA	NA	NA	NA	NA	NA	NA	NA	4	19	UCEC	17.29296117	0:ALIVE OR DEAD TUMOR FREE	EUR	Yes	0.3422	0.09	Tumor Free	17.29296117	0:CENSORED	NA	No	Yes	18	UCEC_CN_HIGH	202	No	Yes	D1	Uterus	Serous Endometrial Adenocarcinoma	4	NA	NA	NA	NA	NA	NA	NA	NA	NA	NA	NA	NA	NA	NA	NA
ucec_tcga_pan_can_atlas_2018	TCGA-DF-A2KN	TCGA-DF-A2KN-01	Endometrial Cancer	Uterine Endometrioid Carcinoma	NA	NA	NA	NA	4337	UEC	NA	1	Primary	Matched	146.1666667	NA	NA	NA	NA	NA	NA	NA	NA	NA	NA	NA	NA	NA	NA	NA	NA	NA	NA	NA	NA	NA	NA	NA	NA	NA	NA	NA	NA	NA	NA	NA	NA	NA	NA	NA	NA	NA	NA	NA	NA	NA	NA	NA	NA	NA	NA	NA	NA	NA	NA	NA	NA	NA	NA	NA	NA	NA	NA	NA	NA	NA	NA	NA	NA	NA	NA	NA	NA	NA	NA	NA	NA	NA	NA	NA	NA	NA	NA	NA	NA	NA	NA	NA	NA	NA	NA	NA	NA	NA	NA	NA	NA	NA	NA	NA	NA	NA	NA	NA	NA	NA	NA	NA	NA	NA	NA	NA	NA	NA	NA	NA	NA	NA	NA	NA	NA	NA	NA	NA	NA	NA	NA	NA	NA	NA	NA	NA	NA	NA	NA	NA	NA	NA	NA	NA	NA	NA	NA	NA	NA	NA	NA	NA	NA	NA	NA	Female	NA	NA	NA	NA	NA	NA	NA	NA	NA	NA	NA	NA	NA	NA	NA	NA	NA	NA	0.0008	G3	NA	NA	NA	NA	NA	NA	NA	NA	NA	2.202715587	0:LIVING	NA	NA	NA	NA	NA	NA	NA	NA	NA	NA	NA	NA	NA	NA	NA	2.202715587	0:DiseaseFree	NA	NA	NA	11/7/13	NA	NA	NA	NA	NA	No	NA	NA	NA	C54.1	8380/3	C54.1	Yes	NA	NA	NA	NA	NA	NA	NA	NA	NA	NA	NA	NA	NA	NA	NA	No	NA	NA	D438C58E-F038-47A3-8E62-485A5ACA9695	NA	NA	NA	NA	NA	NA	NA	NA	NA	NA	NA	NA	NA	NA	NA	NA	NA	NA	NA	NA	NA	NA	NA	NA	NA	NA	Ontario Institute for Cancer Research	NA	NA	NA	NA	77	NA	67	NA	NA	NA	NA	NA	NA	NA	NA	NA	NA	NA	NA	NA	NA	0	27	UCEC	2.202715587	0:ALIVE OR DEAD TUMOR FREE	EUR	Yes	0.8466	19.89	Tumor Free	2.202715587	0:CENSORED	NA	No	NA	22	UCEC_MSI	28	No	Yes	DF	Uterus	Endometrioid Endometrial Adenocarcinoma	32	NA	NA	NA	NA	NA	NA	NA	NA	NA	NA	NA	NA	NA	NA	NA
ucec_tcga_pan_can_atlas_2018	TCGA-DF-A2KR	TCGA-DF-A2KR-01	Endometrial Cancer	Uterine Endometrioid Carcinoma	NA	NA	NA	NA	93	UEC	NA	1	Primary	Matched	3.1	NA	NA	NA	NA	NA	NA	84	NA	NA	NA	NA	NA	NA	NA	NA	NA	NA	NA	NA	NA	NA	NA	NA	NA	NA	NA	NA	NA	NA	NA	NA	NA	NA	NA	NA	NA	NA	NA	NA	NA	NA	NA	NA	NA	NA	NA	NA	NA	NA	NA	NA	NA	NA	NA	NA	NA	NA	NA	NA	NA	NA	NA	NA	NA	NA	NA	NA	NA	NA	NA	NA	NA	NA	NA	NA	NA	NA	NA	NA	NA	NA	NA	NA	NA	NA	NA	NA	NA	NA	NA	NA	NA	NA	NA	NA	NA	NA	NA	NA	NA	NA	NA	NA	NA	NA	NA	NA	NA	NA	NA	NA	NA	NA	NA	NA	NA	NA	NA	NA	NA	NA	NA	NA	NA	NA	NA	NA	NA	NA	NA	NA	NA	NA	NA	NA	NA	NA	NA	NA	NA	NA	NA	NA	NA	NA	NA	Female	NA	NA	NA	NA	NA	NA	NA	NA	NA	NA	NA	NA	NA	NA	NA	NA	NA	NA	0.7258	G3	NA	NA	NA	NA	NA	NA	NA	NA	NA	71.60469474	0:LIVING	NA	NA	NA	NA	NA	NA	NA	NA	NA	NA	NA	NA	NA	NA	NA	71.60469474	0:DiseaseFree	NA	NA	NA	10/14/13	NA	NA	NA	NA	NA	No	NA	NA	NA	C54.1	8380/3	C54.1	Yes	NA	NA	NA	NA	NA	NA	NA	NA	NA	NA	NA	NA	NA	NA	NA	Yes	NA	NA	30B62630-FC6D-4620-874A-1E15FD4F40EA	NA	NA	NA	NA	NA	NA	NA	NA	NA	NA	NA	NA	NA	NA	NA	NA	NA	NA	NA	NA	NA	NA	NA	NA	NA	NA	Ontario Institute for Cancer Research	NA	NA	NA	NA	NA	NA	2178	-31007	NA	NA	NA	NA	NA	NA	NA	NA	NA	NA	NA	NA	NA	9	19	UCEC	71.60469474	0:ALIVE OR DEAD TUMOR FREE	EUR	Yes	0.3419	0.58	Tumor Free	69.46773186	1:PROGRESSION	NA	No	Yes	-14	UCEC_CN_HIGH	208	No	Yes	DF	Uterus	Endometrioid Endometrial Adenocarcinoma	10	NA	NA	NA	NA	NA	NA	NA	NA	NA	NA	NA	NA	NA	NA	NA
ucec_tcga_pan_can_atlas_2018	TCGA-DF-A2KS	TCGA-DF-A2KS-01	Endometrial Cancer	Uterine Endometrioid Carcinoma	NA	NA	NA	NA	117	UEC	NA	1	Primary	Matched	3.9	NA	NA	NA	NA	NA	NA	69	NA	NA	NA	NA	NA	NA	NA	NA	NA	NA	NA	NA	NA	NA	NA	NA	NA	NA	NA	NA	NA	NA	NA	NA	NA	NA	NA	NA	NA	NA	NA	NA	NA	NA	NA	NA	NA	NA	NA	NA	NA	NA	NA	NA	NA	NA	NA	NA	NA	NA	NA	NA	NA	NA	NA	NA	NA	NA	NA	NA	NA	NA	NA	NA	NA	NA	NA	NA	NA	NA	NA	NA	NA	NA	NA	NA	NA	NA	NA	NA	NA	NA	NA	NA	NA	NA	NA	NA	NA	NA	NA	NA	NA	NA	NA	NA	NA	NA	NA	NA	NA	NA	NA	NA	NA	NA	NA	NA	NA	NA	NA	NA	NA	NA	NA	NA	NA	NA	NA	NA	NA	NA	NA	NA	NA	NA	NA	NA	NA	NA	NA	NA	NA	NA	NA	NA	NA	NA	NA	Female	NA	NA	NA	NA	NA	NA	NA	NA	NA	NA	NA	NA	NA	NA	NA	NA	NA	NA	0.6253	G3	NA	NA	NA	NA	NA	NA	NA	NA	NA	109.0837361	0:LIVING	NA	NA	NA	NA	NA	NA	NA	NA	NA	NA	NA	NA	NA	NA	NA	109.0837361	0:DiseaseFree	NA	NA	NA	10/15/13	NA	NA	NA	NA	NA	No	NA	NA	NA	C54.1	8380/3	C54.1	Yes	NA	NA	NA	NA	NA	NA	NA	NA	NA	NA	NA	NA	NA	NA	NA	Yes	NA	NA	46E064CC-933B-444B-9E15-80FADBC53487	NA	NA	NA	NA	NA	NA	NA	NA	NA	NA	NA	NA	NA	NA	NA	NA	NA	NA	NA	NA	NA	NA	NA	NA	NA	NA	Ontario Institute for Cancer Research	NA	NA	NA	NA	66	NA	3318	-25313	NA	NA	NA	NA	NA	NA	NA	NA	NA	NA	NA	NA	NA	15	NA	UCEC	109.0837361	0:ALIVE OR DEAD TUMOR FREE	EUR	Yes	0.3045	0.71	Tumor Free	74.8594536	1:PROGRESSION	NA	No	Yes	NA	UCEC_CN_HIGH	156	No	Yes	DF	Uterus	Endometrioid Endometrial Adenocarcinoma	NA	NA	NA	NA	NA	NA	NA	NA	NA	NA	NA	NA	NA	NA	NA	NA
ucec_tcga_pan_can_atlas_2018	TCGA-DF-A2KZ	TCGA-DF-A2KZ-01	Endometrial Cancer	Uterine Endometrioid Carcinoma	NA	NA	NA	NA	602	UEC	NA	1	Primary	Matched	20.13333333	NA	NA	NA	NA	NA	NA	87	NA	NA	NA	NA	NA	NA	NA	NA	NA	NA	NA	NA	NA	NA	NA	NA	NA	NA	NA	NA	NA	NA	NA	NA	NA	NA	NA	NA	NA	NA	NA	NA	NA	NA	NA	NA	NA	NA	NA	NA	NA	NA	NA	NA	NA	NA	NA	NA	NA	NA	NA	NA	NA	NA	NA	NA	NA	NA	NA	NA	NA	NA	NA	NA	NA	NA	NA	NA	NA	NA	NA	NA	NA	NA	NA	NA	NA	NA	NA	NA	NA	NA	NA	NA	NA	NA	NA	NA	NA	NA	NA	NA	NA	NA	NA	NA	NA	NA	NA	NA	NA	NA	NA	NA	NA	NA	NA	NA	NA	NA	NA	NA	NA	NA	NA	NA	NA	NA	NA	NA	NA	NA	NA	NA	NA	NA	NA	NA	NA	NA	NA	NA	NA	NA	NA	NA	NA	NA	NA	Female	NA	NA	NA	NA	NA	NA	NA	NA	NA	NA	NA	NA	NA	NA	NA	NA	NA	NA	0.0341	G3	NA	NA	NA	NA	NA	NA	NA	NA	NA	27.15586679	0:LIVING	NA	NA	NA	NA	NA	NA	NA	2009	NA	NA	NA	NA	NA	0	NA	NA	NA	NA	NA	NA	6/11/14	NA	NA	NA	NA	NA	No	NA	NA	NA	C54.1	8380/3	C54.1	Yes	NA	NA	NA	NA	NA	NA	NA	NA	NA	NA	NA	NA	NA	NA	NA	No	NA	NA	3B218AB7-5C2E-4458-A0AC-5152EC3D2B94	NA	NA	NA	NA	NA	NA	NA	NA	NA	NA	NA	NA	NA	NA	NA	NA	NA	NA	NA	NA	NA	NA	NA	NA	NA	NA	Ontario Institute for Cancer Research	NA	NA	NA	NA	NA	NA	826	-31973	NA	NA	NA	NA	NA	NA	NA	NA	NA	NA	NA	NA	NA	1	17	UCEC	27.15586679	0:ALIVE OR DEAD TUMOR FREE	EUR	Yes	0.715	16.97	Tumor Free	27.15586679	0:CENSORED	NA	No	Yes	-4	UCEC_MSI	0	No	Yes	DF	Uterus	Endometrioid Endometrial Adenocarcinoma	26	NA	NA	NA	NA	NA	NA	NA	NA	NA	NA	NA	NA	NA	NA	NA
ucec_tcga_pan_can_atlas_2018	TCGA-DF-A2L0	TCGA-DF-A2L0-01	Endometrial Cancer	Uterine Endometrioid Carcinoma	NA	NA	NA	NA	44	UEC	NA	1	Primary	Matched	1.466666667	NA	NA	NA	NA	NA	NA	60	NA	NA	NA	NA	NA	NA	NA	NA	NA	NA	NA	NA	NA	NA	NA	NA	NA	NA	NA	NA	NA	NA	NA	NA	NA	NA	NA	NA	NA	NA	NA	NA	NA	NA	NA	NA	NA	NA	NA	NA	NA	NA	NA	NA	NA	NA	NA	NA	NA	NA	NA	NA	NA	NA	NA	NA	NA	NA	NA	NA	NA	NA	NA	NA	NA	NA	NA	NA	NA	NA	NA	NA	NA	NA	NA	NA	NA	NA	NA	NA	NA	NA	NA	NA	NA	NA	NA	NA	NA	NA	NA	NA	NA	NA	NA	NA	NA	NA	NA	NA	NA	NA	NA	NA	NA	NA	NA	NA	NA	NA	NA	NA	NA	NA	NA	NA	NA	NA	NA	NA	NA	NA	NA	NA	NA	NA	NA	NA	NA	NA	NA	NA	NA	NA	NA	NA	NA	NA	NA	Female	NA	NA	NA	NA	NA	NA	NA	NA	NA	NA	NA	NA	NA	NA	NA	NA	NA	NA	0.5377	G3	NA	NA	NA	NA	NA	NA	NA	NA	NA	25.90656541	1:DECEASED	NA	NA	NA	NA	NA	NA	NA	NA	NA	NA	NA	NA	NA	NA	NA	17.19433212	1:Recurred/Progressed	NA	NA	NA	10/11/13	NA	NA	NA	NA	NA	No	NA	NA	NA	C54.1	8380/3	C54.1	Yes	NA	NA	NA	NA	NA	NA	NA	NA	NA	NA	NA	NA	NA	NA	NA	Yes	NA	NA	7ADAF608-19A5-4184-8B79-BBC6F9CF24AE	NA	NA	NA	NA	NA	NA	NA	NA	NA	NA	NA	NA	NA	NA	NA	NA	NA	NA	NA	NA	NA	NA	NA	NA	NA	NA	Ontario Institute for Cancer Research	NA	NA	NA	NA	95	NA	NA	-22200	NA	NA	NA	NA	NA	NA	NA	NA	NA	NA	NA	NA	NA	18	19	UCEC	25.90656541	1:DEAD WITH TUMOR	EUR	Yes	0.3109	0.67	With Tumor	17.19433212	1:PROGRESSION	NA	No	Yes	-4	UCEC_CN_HIGH	78	No	Yes	DF	Uterus	Endometrioid Endometrial Adenocarcinoma	10	NA	NA	NA	NA	NA	NA	NA	NA	NA	NA	NA	NA	NA	NA	NA
ucec_tcga_pan_can_atlas_2018	TCGA-DI-A0WH	TCGA-DI-A0WH-01	Endometrial Cancer	Uterine Endometrioid Carcinoma	Not Hispanic Or Latino	NA	NA	NA	588	UEC	White	1	Primary	Matched	19.53333333	NA	NA	NA	NA	NA	NA	64	NA	NA	NA	NA	NA	NA	NA	NA	NA	NA	NA	NA	NA	NA	NA	NA	NA	NA	NA	NA	NA	NA	NA	NA	NA	NA	NA	NA	NA	NA	NA	NA	NA	NA	NA	NA	NA	NA	NA	NA	NA	NA	NA	NA	NA	NA	NA	NA	NA	NA	NA	NA	NA	NA	NA	NA	NA	NA	NA	NA	NA	NA	NA	NA	NA	NA	NA	NA	NA	NA	NA	NA	NA	NA	NA	NA	NA	NA	NA	NA	NA	NA	NA	NA	NA	NA	NA	NA	NA	NA	NA	NA	NA	NA	NA	NA	NA	NA	NA	NA	NA	NA	NA	NA	NA	NA	NA	NA	NA	NA	NA	NA	NA	NA	NA	NA	NA	NA	NA	NA	NA	NA	NA	NA	NA	NA	NA	NA	NA	NA	NA	NA	NA	NA	NA	NA	NA	NA	NA	Female	NA	NA	NA	NA	NA	NA	NA	NA	NA	NA	NA	NA	NA	NA	NA	NA	NA	NA	0.0346	G3	NA	NA	NA	NA	NA	NA	NA	NA	NA	16.30667061	0:LIVING	NA	NA	NA	NA	NA	NA	NA	2009	NA	NA	NA	NA	NA	0	NA	16.30667061	0:DiseaseFree	NA	NA	NA	5/12/11	NA	NA	NA	NA	NA	No	NA	NA	NA	C54.1	8380/3	C54.1	Yes	NA	NA	NA	NA	NA	NA	NA	NA	NA	NA	NA	NA	NA	NA	NA	No	NA	NA	3dab68d3-232c-4b4f-81a4-ca8f72d69a43	NA	NA	NA	NA	NA	NA	NA	NA	NA	NA	NA	NA	NA	NA	NA	NA	NA	NA	NA	NA	NA	NA	NA	NA	NA	NA	MD Anderson	NA	NA	NA	NA	107	NA	496	-23692	NA	NA	NA	NA	NA	NA	NA	NA	NA	NA	NA	NA	NA	1	NA	UCEC	16.30667061	0:ALIVE OR DEAD TUMOR FREE	EUR	Yes	0.7904	25.06	Tumor Free	16.30667061	0:CENSORED	NA	No	Yes	NA	UCEC_MSI	7	No	Yes	DI	Uterus	Endometrioid Endometrial Adenocarcinoma	NA	NA	NA	NA	NA	NA	NA	NA	NA	NA	NA	NA	NA	NA	NA	NA
ucec_tcga_pan_can_atlas_2018	TCGA-DI-A1BU	TCGA-DI-A1BU-01	Endometrial Cancer	Uterine Mixed Endometrial Carcinoma	Not Hispanic Or Latino	NA	NA	NA	7632	UMEC	White	1	Primary	Matched	256.0333333	NA	NA	NA	NA	NA	NA	55	NA	NA	NA	NA	NA	NA	NA	NA	NA	NA	NA	NA	NA	NA	NA	NA	NA	NA	NA	NA	NA	NA	NA	NA	NA	NA	NA	NA	NA	NA	NA	NA	NA	NA	NA	NA	NA	NA	NA	NA	NA	NA	NA	NA	NA	NA	NA	NA	NA	NA	NA	NA	NA	NA	NA	NA	NA	NA	NA	NA	NA	NA	NA	NA	NA	NA	NA	NA	NA	NA	NA	NA	NA	NA	NA	NA	NA	NA	NA	NA	NA	NA	NA	NA	NA	NA	NA	NA	NA	NA	NA	NA	NA	NA	NA	NA	NA	NA	NA	NA	NA	NA	NA	NA	NA	NA	NA	NA	NA	NA	NA	NA	NA	NA	NA	NA	NA	NA	NA	NA	NA	NA	NA	NA	NA	NA	NA	NA	NA	NA	NA	NA	NA	NA	NA	NA	NA	NA	NA	Female	NA	NA	NA	NA	NA	NA	NA	NA	NA	NA	NA	NA	NA	NA	NA	NA	NA	NA	0.0001	G3	NA	NA	NA	NA	NA	NA	NA	NA	NA	39.28724069	0:LIVING	NA	NA	NA	NA	NA	NA	NA	2009	NA	NA	NA	NA	NA	0	NA	39.28724069	0:DiseaseFree	NA	NA	NA	5/13/11	NA	NA	NA	NA	NA	No	NA	NA	NA	C54.1	8380/3	C54.1	Yes	NA	NA	NA	NA	NA	NA	NA	NA	NA	NA	NA	NA	NA	NA	NA	No	NA	NA	53245616-e095-4616-89bb-6062669122da	NA	NA	NA	NA	NA	NA	NA	NA	NA	NA	NA	NA	NA	NA	NA	NA	NA	NA	NA	NA	NA	NA	NA	NA	NA	NA	MD Anderson	NA	NA	NA	NA	93	NA	1195	-20114	NA	NA	NA	NA	NA	NA	NA	NA	NA	NA	NA	NA	NA	0	9	UCEC	39.28724069	0:ALIVE OR DEAD TUMOR FREE	EUR	Yes	0.991	38.69	Tumor Free	39.28724069	0:CENSORED	NA	No	Yes	12	UCEC_MSI	0	No	Yes	DI	Uterus	Mixed Serous and Endometrioid Carcinoma	16	NA	NA	NA	NA	NA	NA	NA	NA	NA	NA	NA	NA	NA	NA	NA
ucec_tcga_pan_can_atlas_2018	TCGA-DI-A1BY	TCGA-DI-A1BY-01	Endometrial Cancer	Uterine Endometrioid Carcinoma	Not Hispanic Or Latino	NA	NA	NA	56	UEC	White	1	Primary	Matched	1.9	NA	NA	NA	NA	NA	NA	63	NA	NA	NA	NA	NA	NA	NA	NA	NA	NA	NA	NA	NA	NA	NA	NA	NA	NA	NA	NA	NA	NA	NA	NA	NA	NA	NA	NA	NA	NA	NA	NA	NA	NA	NA	NA	NA	NA	NA	NA	NA	NA	NA	NA	NA	NA	NA	NA	NA	NA	NA	NA	NA	NA	NA	NA	NA	NA	NA	NA	NA	NA	NA	NA	NA	NA	NA	NA	NA	NA	NA	NA	NA	NA	NA	NA	NA	NA	NA	NA	NA	NA	NA	NA	NA	NA	NA	NA	NA	NA	NA	NA	NA	NA	NA	NA	NA	NA	NA	NA	NA	NA	NA	NA	NA	NA	NA	NA	NA	NA	NA	NA	NA	NA	NA	NA	NA	NA	NA	NA	NA	NA	NA	NA	NA	NA	NA	NA	NA	NA	NA	NA	NA	NA	NA	NA	NA	NA	NA	Female	NA	NA	NA	NA	NA	NA	NA	NA	NA	NA	NA	NA	NA	NA	NA	NA	NA	NA	0.0005	G2	NA	NA	NA	NA	NA	NA	NA	NA	NA	36.62425617	0:LIVING	NA	NA	NA	NA	NA	NA	NA	2009	NA	NA	NA	NA	NA	0	NA	36.62425617	0:DiseaseFree	NA	NA	NA	5/13/11	NA	NA	NA	NA	NA	No	NA	NA	NA	C54.1	8380/3	C54.1	Yes	NA	NA	NA	NA	NA	NA	NA	NA	NA	NA	NA	NA	NA	NA	NA	No	NA	NA	e46b6434-ee88-4630-9fc3-441afc431745	NA	NA	NA	NA	NA	NA	NA	NA	NA	NA	NA	NA	NA	NA	NA	NA	NA	NA	NA	NA	NA	NA	NA	NA	NA	NA	MD Anderson	NA	NA	NA	NA	125	NA	1114	-23113	NA	NA	NA	NA	NA	NA	NA	NA	NA	NA	NA	NA	NA	0	NA	UCEC	36.62425617	0:ALIVE OR DEAD TUMOR FREE	EUR	Yes	0.2991	0	Tumor Free	36.62425617	0:CENSORED	NA	No	Yes	NA	UCEC_CN_LOW	4	No	Yes	DI	Uterus	Endometrioid Endometrial Adenocarcinoma	NA	NA	NA	NA	NA	NA	NA	NA	NA	NA	NA	NA	NA	NA	NA	NA
ucec_tcga_pan_can_atlas_2018	TCGA-DI-A1C3	TCGA-DI-A1C3-01	Endometrial Cancer	Uterine Endometrioid Carcinoma	Not Hispanic Or Latino	NA	NA	NA	41	UEC	White	1	Primary	Matched	1.366666667	NA	NA	NA	NA	NA	NA	38	NA	NA	NA	NA	NA	NA	NA	NA	NA	NA	NA	NA	NA	NA	NA	NA	NA	NA	NA	NA	NA	NA	NA	NA	NA	NA	NA	NA	NA	NA	NA	NA	NA	NA	NA	NA	NA	NA	NA	NA	NA	NA	NA	NA	NA	NA	NA	NA	NA	NA	NA	NA	NA	NA	NA	NA	NA	NA	NA	NA	NA	NA	NA	NA	NA	NA	NA	NA	NA	NA	NA	NA	NA	NA	NA	NA	NA	NA	NA	NA	NA	NA	NA	NA	NA	NA	NA	NA	NA	NA	NA	NA	NA	NA	NA	NA	NA	NA	NA	NA	NA	NA	NA	NA	NA	NA	NA	NA	NA	NA	NA	NA	NA	NA	NA	NA	NA	NA	NA	NA	NA	NA	NA	NA	NA	NA	NA	NA	NA	NA	NA	NA	NA	NA	NA	NA	NA	NA	NA	Female	NA	NA	NA	NA	NA	NA	NA	NA	NA	NA	NA	NA	NA	NA	NA	NA	NA	NA	0.0000	G2	NA	NA	NA	NA	NA	NA	NA	NA	NA	24.29562416	0:LIVING	NA	NA	NA	NA	NA	NA	NA	2009	NA	NA	NA	NA	NA	0	NA	24.29562416	0:DiseaseFree	NA	NA	NA	3/12/11	NA	NA	NA	NA	NA	No	NA	NA	NA	C54.1	8380/3	C54.1	Yes	NA	NA	NA	NA	NA	NA	NA	NA	NA	NA	NA	NA	NA	NA	NA	No	NA	NA	3f305a1f-1020-4ebb-82ab-fd132bcaea02	NA	NA	NA	NA	NA	NA	NA	NA	NA	NA	NA	NA	NA	NA	NA	NA	NA	NA	NA	NA	NA	NA	NA	NA	NA	NA	MD Anderson	NA	NA	NA	NA	144	NA	739	-13885	NA	NA	NA	NA	NA	NA	NA	NA	NA	NA	NA	NA	NA	4	-23	UCEC	24.29562416	0:ALIVE OR DEAD TUMOR FREE	EUR	Yes	0.2916	0	Tumor Free	24.29562416	0:CENSORED	NA	No	No	-8	UCEC_CN_LOW	2	No	Yes	DI	Uterus	Endometrioid Endometrial Adenocarcinoma	-8	NA	NA	NA	NA	NA	NA	NA	NA	NA	NA	NA	NA	NA	NA	NA
ucec_tcga_pan_can_atlas_2018	TCGA-DI-A1NN	TCGA-DI-A1NN-01	Endometrial Cancer	Uterine Serous Carcinoma/Uterine Papillary Serous Carcinoma	Not Hispanic Or Latino	NA	NA	NA	47	USC	White	1	Primary	Matched	1.566666667	NA	NA	NA	NA	NA	NA	63	NA	NA	NA	NA	NA	NA	NA	NA	NA	NA	NA	NA	NA	NA	NA	NA	NA	NA	NA	NA	NA	NA	NA	NA	NA	NA	NA	NA	NA	NA	NA	NA	NA	NA	NA	NA	NA	NA	NA	NA	NA	NA	NA	NA	NA	NA	NA	NA	NA	NA	NA	NA	NA	NA	NA	NA	NA	NA	NA	NA	NA	NA	NA	NA	NA	NA	NA	NA	NA	NA	NA	NA	NA	NA	NA	NA	NA	NA	NA	NA	NA	NA	NA	NA	NA	NA	NA	NA	NA	NA	NA	NA	NA	NA	NA	NA	NA	NA	NA	NA	NA	NA	NA	NA	NA	NA	NA	NA	NA	NA	NA	NA	NA	NA	NA	NA	NA	NA	NA	NA	NA	NA	NA	NA	NA	NA	NA	NA	NA	NA	NA	NA	NA	NA	NA	NA	NA	NA	NA	Female	NA	NA	NA	NA	NA	NA	NA	NA	NA	NA	NA	NA	NA	NA	NA	NA	NA	NA	0.1974	G3	NA	NA	NA	NA	NA	NA	NA	NA	NA	35.3749548	0:LIVING	NA	NA	NA	NA	NA	NA	NA	1988	NA	NA	NA	NA	NA	0	NA	33.63250814	1:Recurred/Progressed	NA	NA	NA	8/1/11	NA	NA	NA	NA	NA	No	NA	NA	NA	C54.1	8441/3	C54.1	Yes	NA	NA	NA	NA	NA	NA	NA	NA	NA	NA	NA	NA	NA	NA	NA	Yes	NA	NA	944a102f-3475-45aa-9e30-4b92d1449f00	NA	NA	NA	NA	NA	NA	NA	NA	NA	NA	NA	NA	NA	NA	NA	NA	NA	NA	NA	NA	NA	NA	NA	NA	NA	NA	MD Anderson	NA	NA	NA	NA	71	NA	1076	-23026	NA	NA	NA	NA	NA	NA	NA	NA	NA	NA	NA	NA	NA	19	NA	UCEC	35.3749548	0:ALIVE OR DEAD TUMOR FREE	EUR	Yes	0.3003	0.17	Tumor Free	33.63250814	1:PROGRESSION	NA	No	No	NA	UCEC_CN_HIGH	163	No	Yes	DI	Uterus	Serous Endometrial Adenocarcinoma	NA	NA	NA	NA	NA	NA	NA	NA	NA	NA	NA	NA	NA	NA	NA	NA
ucec_tcga_pan_can_atlas_2018	TCGA-DI-A1NO	TCGA-DI-A1NO-01	Endometrial Cancer	Uterine Endometrioid Carcinoma	Not Hispanic Or Latino	NA	NA	NA	229	UEC	Black or African American	1	Primary	Matched	7.733333333	NA	NA	NA	NA	NA	NA	68	NA	NA	NA	NA	NA	NA	NA	NA	NA	NA	NA	NA	NA	NA	NA	NA	NA	NA	NA	NA	NA	NA	NA	NA	NA	NA	NA	NA	NA	NA	NA	NA	NA	NA	NA	NA	NA	NA	NA	NA	NA	NA	NA	NA	NA	NA	NA	NA	NA	NA	NA	NA	NA	NA	NA	NA	NA	NA	NA	NA	NA	NA	NA	NA	NA	NA	NA	NA	NA	NA	NA	NA	NA	NA	NA	NA	NA	NA	NA	NA	NA	NA	NA	NA	NA	NA	NA	NA	NA	NA	NA	NA	NA	NA	NA	NA	NA	NA	NA	NA	NA	NA	NA	NA	NA	NA	NA	NA	NA	NA	NA	NA	NA	NA	NA	NA	NA	NA	NA	NA	NA	NA	NA	NA	NA	NA	NA	NA	NA	NA	NA	NA	NA	NA	NA	NA	NA	NA	NA	Female	NA	NA	NA	NA	NA	NA	NA	NA	NA	NA	NA	NA	NA	NA	NA	NA	NA	NA	0.5988	G3	NA	NA	NA	NA	NA	NA	NA	NA	NA	9.369760331	1:DECEASED	NA	NA	NA	NA	NA	NA	NA	2009	NA	NA	NA	NA	NA	0	NA	NA	NA	NA	NA	NA	8/1/11	NA	NA	NA	NA	NA	No	NA	NA	NA	C54.1	8380/3	C54.1	Yes	NA	NA	NA	NA	NA	NA	NA	NA	NA	NA	NA	NA	NA	NA	NA	No	NA	NA	d3e93d76-6565-454a-a085-4492024350e9	NA	NA	NA	NA	NA	NA	NA	NA	NA	NA	NA	NA	NA	NA	NA	NA	NA	NA	NA	NA	NA	NA	NA	NA	NA	NA	MD Anderson	NA	NA	NA	NA	122	NA	NA	-24996	NA	NA	NA	NA	NA	NA	NA	NA	NA	NA	NA	NA	NA	11	NA	UCEC	9.369760331	1:DEAD WITH TUMOR	EUR	Yes	0.3418	2.08	With Tumor	9.369760331	1:PROGRESSION	NA	No	No	NA	UCEC_CN_HIGH	285	No	Yes	DI	Uterus	Endometrioid Endometrial Adenocarcinoma	NA	NA	NA	NA	NA	NA	NA	NA	NA	NA	NA	NA	NA	NA	NA	NA
ucec_tcga_pan_can_atlas_2018	TCGA-DI-A2QT	TCGA-DI-A2QT-01	Endometrial Cancer	Uterine Serous Carcinoma/Uterine Papillary Serous Carcinoma	Hispanic Or Latino	NA	NA	NA	22	USC	American Indian or Alaska Native	1	Primary	Matched	0.733333333	NA	NA	NA	NA	NA	NA	51	NA	NA	NA	NA	NA	NA	NA	NA	NA	NA	NA	NA	NA	NA	NA	NA	NA	NA	NA	NA	NA	NA	NA	NA	NA	NA	NA	NA	NA	NA	NA	NA	NA	NA	NA	NA	NA	NA	NA	NA	NA	NA	NA	NA	NA	NA	NA	NA	NA	NA	NA	NA	NA	NA	NA	NA	NA	NA	NA	NA	NA	NA	NA	NA	NA	NA	NA	NA	NA	NA	NA	NA	NA	NA	NA	NA	NA	NA	NA	NA	NA	NA	NA	NA	NA	NA	NA	NA	NA	NA	NA	NA	NA	NA	NA	NA	NA	NA	NA	NA	NA	NA	NA	NA	NA	NA	NA	NA	NA	NA	NA	NA	NA	NA	NA	NA	NA	NA	NA	NA	NA	NA	NA	NA	NA	NA	NA	NA	NA	NA	NA	NA	NA	NA	NA	NA	NA	NA	NA	Female	NA	NA	NA	NA	NA	NA	NA	NA	NA	NA	NA	NA	NA	NA	NA	NA	NA	NA	0.3625	G3	NA	NA	NA	NA	NA	NA	NA	NA	NA	12.39438472	1:DECEASED	NA	NA	NA	NA	NA	NA	NA	1988	NA	NA	NA	NA	NA	0	NA	NA	NA	NA	NA	NA	8/26/11	NA	NA	NA	NA	NA	No	NA	NA	NA	C54.1	8441/3	C54.1	Yes	NA	NA	NA	NA	NA	NA	NA	NA	NA	NA	NA	NA	NA	NA	NA	NA	NA	NA	EE932B34-0114-41DC-B119-210C0ED84BCB	NA	NA	NA	NA	NA	NA	NA	NA	NA	NA	NA	NA	NA	NA	NA	NA	NA	NA	NA	NA	NA	NA	NA	NA	NA	NA	MD Anderson	NA	NA	NA	NA	62	NA	NA	-18835	NA	NA	NA	NA	NA	NA	NA	NA	NA	NA	NA	NA	NA	11	31	UCEC	12.39438472	1:DEAD WITH TUMOR	AMR	Yes	0.3099	0.43	With Tumor	12.39438472	1:PROGRESSION	NA	No	NA	8	UCEC_CN_HIGH	182	No	Yes	DI	Uterus	Serous Endometrial Adenocarcinoma	28	NA	NA	NA	NA	NA	NA	NA	NA	NA	NA	NA	NA	NA	NA	NA
ucec_tcga_pan_can_atlas_2018	TCGA-DI-A2QU	TCGA-DI-A2QU-01	Endometrial Cancer	Uterine Endometrioid Carcinoma	Not Hispanic Or Latino	NA	NA	NA	63	UEC	White	1	Primary	Matched	2.1	NA	NA	NA	NA	NA	NA	67	NA	NA	NA	NA	NA	NA	NA	NA	NA	NA	NA	NA	NA	NA	NA	NA	NA	NA	NA	NA	NA	NA	NA	NA	NA	NA	NA	NA	NA	NA	NA	NA	NA	NA	NA	NA	NA	NA	NA	NA	NA	NA	NA	NA	NA	NA	NA	NA	NA	NA	NA	NA	NA	NA	NA	NA	NA	NA	NA	NA	NA	NA	NA	NA	NA	NA	NA	NA	NA	NA	NA	NA	NA	NA	NA	NA	NA	NA	NA	NA	NA	NA	NA	NA	NA	NA	NA	NA	NA	NA	NA	NA	NA	NA	NA	NA	NA	NA	NA	NA	NA	NA	NA	NA	NA	NA	NA	NA	NA	NA	NA	NA	NA	NA	NA	NA	NA	NA	NA	NA	NA	NA	NA	NA	NA	NA	NA	NA	NA	NA	NA	NA	NA	NA	NA	NA	NA	NA	NA	Female	NA	NA	NA	NA	NA	NA	NA	NA	NA	NA	NA	NA	NA	NA	NA	NA	NA	NA	0.3324	G3	NA	NA	NA	NA	NA	NA	NA	NA	NA	31.10102903	1:DECEASED	NA	NA	NA	NA	NA	NA	NA	1988	NA	NA	NA	NA	NA	0	NA	NA	NA	NA	NA	NA	8/26/11	NA	NA	NA	NA	NA	No	NA	NA	NA	C54.1	8441/3	C54.1	Yes	NA	NA	NA	NA	NA	NA	NA	NA	NA	NA	NA	NA	NA	NA	NA	NA	NA	NA	E9FA66F5-282C-416A-9DCF-46714EA12FCF	NA	NA	NA	NA	NA	NA	NA	NA	NA	NA	NA	NA	NA	NA	NA	NA	NA	NA	NA	NA	NA	NA	NA	NA	NA	NA	MD Anderson	NA	NA	NA	NA	93	NA	NA	-24488	NA	NA	NA	NA	NA	NA	NA	NA	NA	NA	NA	NA	NA	10	NA	UCEC	31.10102903	1:DEAD WITH TUMOR	EUR	Yes	0.3052	0.3	With Tumor	31.10102903	1:PROGRESSION	NA	No	NA	NA	UCEC_CN_HIGH	196	No	Yes	DI	Uterus	Endometrioid Endometrial Adenocarcinoma	NA	NA	NA	NA	NA	NA	NA	NA	NA	NA	NA	NA	NA	NA	NA	NA
ucec_tcga_pan_can_atlas_2018	TCGA-DI-A2QY	TCGA-DI-A2QY-01	Endometrial Cancer	Uterine Serous Carcinoma/Uterine Papillary Serous Carcinoma	Not Hispanic Or Latino	NA	NA	NA	109	USC	White	1	Primary	Matched	3.666666667	NA	NA	NA	NA	NA	NA	64	NA	NA	NA	NA	NA	NA	NA	NA	NA	NA	NA	NA	NA	NA	NA	NA	NA	NA	NA	NA	NA	NA	NA	NA	NA	NA	NA	NA	NA	NA	NA	NA	NA	NA	NA	NA	NA	NA	NA	NA	NA	NA	NA	NA	NA	NA	NA	NA	NA	NA	NA	NA	NA	NA	NA	NA	NA	NA	NA	NA	NA	NA	NA	NA	NA	NA	NA	NA	NA	NA	NA	NA	NA	NA	NA	NA	NA	NA	NA	NA	NA	NA	NA	NA	NA	NA	NA	NA	NA	NA	NA	NA	NA	NA	NA	NA	NA	NA	NA	NA	NA	NA	NA	NA	NA	NA	NA	NA	NA	NA	NA	NA	NA	NA	NA	NA	NA	NA	NA	NA	NA	NA	NA	NA	NA	NA	NA	NA	NA	NA	NA	NA	NA	NA	NA	NA	NA	NA	NA	Female	NA	NA	NA	NA	NA	NA	NA	NA	NA	NA	NA	NA	NA	NA	NA	NA	NA	NA	0.6407	G3	NA	NA	NA	NA	NA	NA	NA	NA	NA	110.102903	1:DECEASED	NA	NA	NA	NA	NA	NA	NA	1988	NA	NA	NA	NA	NA	0	NA	110.102903	0:DiseaseFree	NA	NA	NA	8/29/11	NA	NA	NA	NA	NA	No	NA	NA	NA	C54.1	8441/3	C54.1	Yes	NA	NA	NA	NA	NA	NA	NA	NA	NA	NA	NA	NA	NA	NA	NA	No	NA	NA	6524A6D3-A9F0-4A46-AC0B-7BEB0CD1B915	NA	NA	NA	NA	NA	NA	NA	NA	NA	NA	NA	NA	NA	NA	NA	NA	NA	NA	NA	NA	NA	NA	NA	NA	NA	NA	MD Anderson	NA	NA	NA	NA	85	NA	2797	-23398	NA	NA	NA	NA	NA	NA	NA	NA	NA	NA	NA	NA	NA	15	-1	UCEC	110.102903	0:ALIVE OR DEAD TUMOR FREE	EUR	Yes	0.301	0.33	Tumor Free	110.102903	0:CENSORED	NA	No	Yes	-4	UCEC_CN_HIGH	263	No	Yes	DI	Uterus	Serous Endometrial Adenocarcinoma	4	NA	NA	NA	NA	NA	NA	NA	NA	NA	NA	NA	NA	NA	NA	NA
ucec_tcga_pan_can_atlas_2018	TCGA-E6-A1LZ	TCGA-E6-A1LZ-01	Endometrial Cancer	Uterine Serous Carcinoma/Uterine Papillary Serous Carcinoma	Not Hispanic Or Latino	NA	NA	NA	239	USC	Black or African American	1	Primary	Matched	7.966666667	NA	NA	NA	NA	NA	NA	76	NA	NA	NA	NA	NA	NA	NA	NA	NA	NA	NA	NA	NA	NA	NA	NA	NA	NA	NA	NA	NA	NA	NA	NA	NA	NA	NA	NA	NA	NA	NA	NA	NA	NA	NA	NA	NA	NA	NA	NA	NA	NA	NA	NA	NA	NA	NA	NA	NA	NA	NA	NA	NA	NA	NA	NA	NA	NA	NA	NA	NA	NA	NA	NA	NA	NA	NA	NA	NA	NA	NA	NA	NA	NA	NA	NA	NA	NA	NA	NA	NA	NA	NA	NA	NA	NA	NA	NA	NA	NA	NA	NA	NA	NA	NA	NA	NA	NA	NA	NA	NA	NA	NA	NA	NA	NA	NA	NA	NA	NA	NA	NA	NA	NA	NA	NA	NA	NA	NA	NA	NA	NA	NA	NA	NA	NA	NA	NA	NA	NA	NA	NA	NA	NA	NA	NA	NA	NA	NA	Female	NA	NA	NA	NA	NA	NA	NA	NA	NA	NA	NA	NA	NA	NA	NA	NA	NA	NA	0.5552	G3	NA	NA	NA	NA	NA	NA	NA	NA	NA	79.10050301	0:LIVING	NA	NA	NA	NA	NA	NA	NA	1988	NA	NA	NA	NA	NA	0	NA	79.10050301	0:DiseaseFree	NA	NA	NA	6/7/11	NA	NA	NA	NA	NA	No	NA	NA	NA	C54.1	8441/3	C54.1	Yes	NA	NA	NA	NA	NA	NA	NA	NA	NA	NA	NA	NA	NA	NA	NA	No	NA	NA	9205c164-7975-421a-90c3-edfe8def595c	NA	NA	NA	NA	NA	NA	NA	NA	NA	NA	NA	NA	NA	NA	NA	NA	NA	NA	NA	NA	NA	NA	NA	NA	NA	NA	Roswell Park	NA	NA	NA	NA	65	NA	2406	-28054	NA	NA	NA	NA	NA	NA	NA	NA	NA	NA	NA	NA	NA	18	NA	UCEC	79.10050301	0:ALIVE OR DEAD TUMOR FREE	AFR_ADMIX	Yes	0.3134	0.43	Tumor Free	79.10050301	0:CENSORED	NA	No	Yes	NA	UCEC_CN_HIGH	194	No	Yes	E6	Uterus	Serous Endometrial Adenocarcinoma	NA	NA	NA	NA	NA	NA	NA	NA	NA	NA	NA	NA	NA	NA	NA	NA
ucec_tcga_pan_can_atlas_2018	TCGA-E6-A2P8	TCGA-E6-A2P8-01	Endometrial Cancer	Uterine Mixed Endometrial Carcinoma	Not Hispanic Or Latino	NA	NA	NA	559	UMEC	Black or African American	1	Primary	Matched	18.8	NA	NA	NA	NA	NA	NA	53	NA	NA	NA	NA	NA	NA	NA	NA	NA	NA	NA	NA	NA	NA	NA	NA	NA	NA	NA	NA	NA	NA	NA	NA	NA	NA	NA	NA	NA	NA	NA	NA	NA	NA	NA	NA	NA	NA	NA	NA	NA	NA	NA	NA	NA	NA	NA	NA	NA	NA	NA	NA	NA	NA	NA	NA	NA	NA	NA	NA	NA	NA	NA	NA	NA	NA	NA	NA	NA	NA	NA	NA	NA	NA	NA	NA	NA	NA	NA	NA	NA	NA	NA	NA	NA	NA	NA	NA	NA	NA	NA	NA	NA	NA	NA	NA	NA	NA	NA	NA	NA	NA	NA	NA	NA	NA	NA	NA	NA	NA	NA	NA	NA	NA	NA	NA	NA	NA	NA	NA	NA	NA	NA	NA	NA	NA	NA	NA	NA	NA	NA	NA	NA	NA	NA	NA	NA	NA	NA	Female	NA	NA	NA	NA	NA	NA	NA	NA	NA	NA	NA	NA	NA	NA	NA	NA	NA	NA	0.0002	G3	NA	NA	NA	NA	NA	NA	NA	NA	NA	2.367097347	1:DECEASED	NA	NA	NA	NA	NA	NA	NA	2009	NA	NA	NA	NA	NA	0	NA	NA	NA	NA	NA	NA	12/22/11	NA	NA	NA	NA	NA	No	NA	NA	NA	C54.1	8441/3	C54.1	Yes	NA	NA	NA	NA	NA	NA	NA	NA	NA	NA	NA	NA	NA	NA	NA	Yes	NA	NA	D213DA3A-FF1C-4FBD-8D4E-7F9E6A2318D0	NA	NA	NA	NA	NA	NA	NA	NA	NA	NA	NA	NA	NA	NA	NA	NA	NA	NA	NA	NA	NA	NA	NA	NA	NA	NA	Roswell Park	NA	NA	NA	NA	76	NA	NA	-19448	NA	NA	NA	NA	NA	NA	NA	NA	NA	NA	NA	NA	NA	0	29	UCEC	2.367097347	1:DEAD WITH TUMOR	AFR	Yes	0.6942	17.31	With Tumor	1.972581122	1:PROGRESSION	NA	No	No	24	UCEC_MSI	1	No	Yes	E6	Uterus	Mixed Serous and Endometrioid Carcinoma	40	NA	NA	NA	NA	NA	NA	NA	NA	NA	NA	NA	NA	NA	NA	NA
ucec_tcga_pan_can_atlas_2018	TCGA-E6-A2P9	TCGA-E6-A2P9-01	Endometrial Cancer	Uterine Endometrioid Carcinoma	Not Hispanic Or Latino	NA	NA	NA	862	UEC	White	1	Primary	Matched	29.03333333	NA	NA	NA	NA	NA	NA	65	NA	NA	NA	NA	NA	NA	NA	NA	NA	NA	NA	NA	NA	NA	NA	NA	NA	NA	NA	NA	NA	NA	NA	NA	NA	NA	NA	NA	NA	NA	NA	NA	NA	NA	NA	NA	NA	NA	NA	NA	NA	NA	NA	NA	NA	NA	NA	NA	NA	NA	NA	NA	NA	NA	NA	NA	NA	NA	NA	NA	NA	NA	NA	NA	NA	NA	NA	NA	NA	NA	NA	NA	NA	NA	NA	NA	NA	NA	NA	NA	NA	NA	NA	NA	NA	NA	NA	NA	NA	NA	NA	NA	NA	NA	NA	NA	NA	NA	NA	NA	NA	NA	NA	NA	NA	NA	NA	NA	NA	NA	NA	NA	NA	NA	NA	NA	NA	NA	NA	NA	NA	NA	NA	NA	NA	NA	NA	NA	NA	NA	NA	NA	NA	NA	NA	NA	NA	NA	NA	Female	NA	NA	NA	NA	NA	NA	NA	NA	NA	NA	NA	NA	NA	NA	NA	NA	NA	NA	0.0810	G3	NA	NA	NA	NA	NA	NA	NA	NA	NA	45.56662393	0:LIVING	NA	NA	NA	NA	NA	NA	NA	2009	NA	NA	NA	NA	NA	0	NA	45.56662393	0:DiseaseFree	NA	NA	NA	12/21/11	NA	NA	NA	NA	NA	No	NA	NA	NA	C54.1	8380/3	C54.1	Yes	NA	NA	NA	NA	NA	NA	NA	NA	NA	NA	NA	NA	NA	NA	NA	NA	NA	NA	077BDC90-1BBD-49EC-93A5-729B1AC1BA8D	NA	NA	NA	NA	NA	NA	NA	NA	NA	NA	NA	NA	NA	NA	NA	NA	NA	NA	NA	NA	NA	NA	NA	NA	NA	NA	Roswell Park	NA	NA	NA	NA	125	NA	1386	-24088	NA	NA	NA	NA	NA	NA	NA	NA	NA	NA	NA	NA	NA	3	9	UCEC	45.56662393	0:ALIVE OR DEAD TUMOR FREE	EUR	Yes	1.0301	20.99	Tumor Free	45.56662393	0:CENSORED	NA	No	Yes	16	UCEC_MSI	2	No	Yes	E6	Uterus	Endometrioid Endometrial Adenocarcinoma	-4	NA	NA	NA	NA	NA	NA	NA	NA	NA	NA	NA	NA	NA	NA	NA
ucec_tcga_pan_can_atlas_2018	TCGA-E6-A8L9	TCGA-E6-A8L9-01	Endometrial Cancer	Uterine Serous Carcinoma/Uterine Papillary Serous Carcinoma	Not Hispanic Or Latino	NA	NA	NA	51	USC	Black or African American	1	Primary	Matched	1.733333333	NA	NA	NA	NA	NA	NA	61	NA	NA	NA	NA	NA	NA	NA	NA	NA	NA	NA	NA	NA	NA	NA	NA	NA	NA	NA	NA	NA	NA	NA	NA	NA	NA	NA	NA	NA	NA	NA	NA	NA	NA	NA	NA	NA	NA	NA	NA	NA	NA	NA	NA	NA	NA	NA	NA	NA	NA	NA	NA	NA	NA	NA	NA	NA	NA	NA	NA	NA	NA	NA	NA	NA	NA	NA	NA	NA	NA	NA	NA	NA	NA	NA	NA	NA	NA	NA	NA	NA	NA	NA	NA	NA	NA	NA	NA	NA	NA	NA	NA	NA	NA	NA	NA	NA	NA	NA	NA	NA	NA	NA	NA	NA	NA	NA	NA	NA	NA	NA	NA	NA	NA	NA	NA	NA	NA	NA	NA	NA	NA	NA	NA	NA	NA	NA	NA	NA	NA	NA	NA	NA	NA	NA	NA	NA	NA	NA	Female	NA	NA	NA	NA	NA	NA	NA	NA	NA	NA	NA	NA	NA	NA	NA	NA	NA	NA	0.6129	G3	NA	NA	NA	NA	NA	NA	NA	NA	NA	33.30374462	0:LIVING	NA	NA	NA	NA	NA	NA	NA	2009	NA	NA	NA	NA	NA	0	NA	33.30374462	0:DiseaseFree	NA	NA	NA	4/3/14	NA	NA	NA	NA	NA	No	NA	NA	NA	C54.1	8441/3	C54.1	Yes	NA	NA	NA	NA	NA	NA	NA	NA	NA	NA	NA	NA	NA	NA	NA	No	NA	NA	EB642568-30D4-4805-A295-BDA314CCAAAF	NA	NA	NA	NA	NA	NA	NA	NA	NA	NA	NA	NA	NA	NA	NA	NA	NA	NA	NA	NA	NA	NA	NA	NA	NA	NA	Roswell Park	NA	NA	NA	NA	78	NA	1013	-22333	NA	NA	NA	NA	NA	NA	NA	NA	NA	NA	NA	NA	NA	26	9	UCEC	33.30374462	0:ALIVE OR DEAD TUMOR FREE	AFR_ADMIX	Yes	0.361	0.61	Tumor Free	33.30374462	0:CENSORED	NA	Yes	Yes	16	UCEC_CN_HIGH	571	No	Yes	E6	Uterus	Serous Endometrial Adenocarcinoma	28	NA	NA	NA	NA	NA	NA	NA	NA	NA	NA	NA	NA	NA	NA	NA
ucec_tcga_pan_can_atlas_2018	TCGA-EC-A1NJ	TCGA-EC-A1NJ-01	Endometrial Cancer	Uterine Endometrioid Carcinoma	Not Hispanic Or Latino	NA	NA	NA	257	UEC	White	1	Primary	Matched	8.566666667	NA	NA	NA	NA	NA	NA	73	NA	NA	NA	NA	NA	NA	NA	NA	NA	NA	NA	NA	NA	NA	NA	NA	NA	NA	NA	NA	NA	NA	NA	NA	NA	NA	NA	NA	NA	NA	NA	NA	NA	NA	NA	NA	NA	NA	NA	NA	NA	NA	NA	NA	NA	NA	NA	NA	NA	NA	NA	NA	NA	NA	NA	NA	NA	NA	NA	NA	NA	NA	NA	NA	NA	NA	NA	NA	NA	NA	NA	NA	NA	NA	NA	NA	NA	NA	NA	NA	NA	NA	NA	NA	NA	NA	NA	NA	NA	NA	NA	NA	NA	NA	NA	NA	NA	NA	NA	NA	NA	NA	NA	NA	NA	NA	NA	NA	NA	NA	NA	NA	NA	NA	NA	NA	NA	NA	NA	NA	NA	NA	NA	NA	NA	NA	NA	NA	NA	NA	NA	NA	NA	NA	NA	NA	NA	NA	NA	Female	NA	NA	NA	NA	NA	NA	NA	NA	NA	NA	NA	NA	NA	NA	NA	NA	NA	NA	0.0530	G2	NA	NA	NA	NA	NA	NA	NA	NA	NA	16.0436598	0:LIVING	NA	NA	NA	NA	NA	NA	NA	2009	NA	NA	NA	NA	NA	0	NA	16.0436598	0:DiseaseFree	NA	NA	NA	6/23/11	NA	NA	NA	NA	NA	No	NA	NA	NA	C54.1	8380/3	C54.1	Yes	NA	NA	NA	NA	NA	NA	NA	NA	NA	NA	NA	NA	NA	NA	NA	No	NA	NA	b3aa16d6-1677-445d-a8d3-46657d4f8b43	NA	NA	NA	NA	NA	NA	NA	NA	NA	NA	NA	NA	NA	NA	NA	NA	NA	NA	NA	NA	NA	NA	NA	NA	NA	NA	Asterand	NA	NA	NA	NA	62	NA	488	-27002	NA	NA	NA	NA	NA	NA	NA	NA	NA	NA	NA	NA	NA	2	NA	UCEC	16.0436598	0:ALIVE OR DEAD TUMOR FREE	EUR	Yes	0.4662	3.24	Tumor Free	16.0436598	0:CENSORED	NA	No	No	NA	UCEC_MSI	4	Yes	No	EC	Uterus	Endometrioid Endometrial Adenocarcinoma	NA	NA	NA	NA	NA	NA	NA	NA	NA	NA	NA	NA	NA	NA	NA	NA
ucec_tcga_pan_can_atlas_2018	TCGA-EC-A1QX	TCGA-EC-A1QX-01	Endometrial Cancer	Uterine Endometrioid Carcinoma	Not Hispanic Or Latino	NA	NA	NA	645	UEC	White	1	Primary	Matched	21.53333333	NA	NA	NA	NA	NA	NA	71	NA	NA	NA	NA	NA	NA	NA	NA	NA	NA	NA	NA	NA	NA	NA	NA	NA	NA	NA	NA	NA	NA	NA	NA	NA	NA	NA	NA	NA	NA	NA	NA	NA	NA	NA	NA	NA	NA	NA	NA	NA	NA	NA	NA	NA	NA	NA	NA	NA	NA	NA	NA	NA	NA	NA	NA	NA	NA	NA	NA	NA	NA	NA	NA	NA	NA	NA	NA	NA	NA	NA	NA	NA	NA	NA	NA	NA	NA	NA	NA	NA	NA	NA	NA	NA	NA	NA	NA	NA	NA	NA	NA	NA	NA	NA	NA	NA	NA	NA	NA	NA	NA	NA	NA	NA	NA	NA	NA	NA	NA	NA	NA	NA	NA	NA	NA	NA	NA	NA	NA	NA	NA	NA	NA	NA	NA	NA	NA	NA	NA	NA	NA	NA	NA	NA	NA	NA	NA	NA	Female	NA	NA	NA	NA	NA	NA	NA	NA	NA	NA	NA	NA	NA	NA	NA	NA	NA	NA	0.0796	G3	NA	NA	NA	NA	NA	NA	NA	NA	NA	7.364302857	0:LIVING	NA	NA	NA	NA	NA	NA	NA	2009	NA	NA	NA	NA	NA	0	NA	NA	NA	NA	NA	NA	8/3/11	NA	NA	NA	NA	NA	No	NA	NA	NA	C54.1	8380/3	C54.1	Yes	NA	NA	NA	NA	NA	NA	NA	NA	NA	NA	NA	NA	NA	NA	NA	Yes	NA	NA	f17bb238-2651-48a5-9a47-5077218efe08	NA	NA	NA	NA	NA	NA	NA	NA	NA	NA	NA	NA	NA	NA	NA	NA	NA	NA	NA	NA	NA	NA	NA	NA	NA	NA	Asterand	NA	NA	NA	NA	90	NA	224	-26259	NA	NA	NA	NA	NA	NA	NA	NA	NA	NA	NA	NA	NA	2	NA	UCEC	7.364302857	0:ALIVE OR DEAD TUMOR FREE	EUR	Yes	0.6203	7.97	Tumor Free	7.199921097	1:PROGRESSION	NA	No	Yes	NA	UCEC_MSI	1	Yes	No	EC	Uterus	Endometrioid Endometrial Adenocarcinoma	NA	NA	NA	NA	NA	NA	NA	NA	NA	NA	NA	NA	NA	NA	NA	NA
ucec_tcga_pan_can_atlas_2018	TCGA-EC-A24G	TCGA-EC-A24G-01	Endometrial Cancer	Uterine Endometrioid Carcinoma	Not Hispanic Or Latino	NA	NA	NA	1019	UEC	White	1	Primary	Matched	34.2	NA	NA	NA	NA	NA	NA	57	NA	NA	NA	NA	NA	NA	NA	NA	NA	NA	NA	NA	NA	NA	NA	NA	NA	NA	NA	NA	NA	NA	NA	NA	NA	NA	NA	NA	NA	NA	NA	NA	NA	NA	NA	NA	NA	NA	NA	NA	NA	NA	NA	NA	NA	NA	NA	NA	NA	NA	NA	NA	NA	NA	NA	NA	NA	NA	NA	NA	NA	NA	NA	NA	NA	NA	NA	NA	NA	NA	NA	NA	NA	NA	NA	NA	NA	NA	NA	NA	NA	NA	NA	NA	NA	NA	NA	NA	NA	NA	NA	NA	NA	NA	NA	NA	NA	NA	NA	NA	NA	NA	NA	NA	NA	NA	NA	NA	NA	NA	NA	NA	NA	NA	NA	NA	NA	NA	NA	NA	NA	NA	NA	NA	NA	NA	NA	NA	NA	NA	NA	NA	NA	NA	NA	NA	NA	NA	NA	Female	NA	NA	NA	NA	NA	NA	NA	NA	NA	NA	NA	NA	NA	NA	NA	NA	NA	NA	0.0005	G3	NA	NA	NA	NA	NA	NA	NA	NA	NA	16.79981589	0:LIVING	NA	NA	NA	NA	NA	NA	NA	2009	NA	NA	NA	NA	NA	0	NA	16.79981589	0:DiseaseFree	NA	NA	NA	3/21/11	NA	NA	NA	NA	NA	No	NA	NA	NA	C54.1	8380/3	C54.1	Yes	NA	NA	NA	NA	NA	NA	NA	NA	NA	NA	NA	NA	NA	NA	NA	No	NA	NA	b5c1e511-baf2-45b3-9919-110e8941e3c2	NA	NA	NA	NA	NA	NA	NA	NA	NA	NA	NA	NA	NA	NA	NA	NA	NA	NA	NA	NA	NA	NA	NA	NA	NA	NA	Asterand	NA	NA	NA	NA	93	NA	511	-20857	NA	NA	NA	NA	NA	NA	NA	NA	NA	NA	NA	NA	NA	0	NA	UCEC	16.79981589	0:ALIVE OR DEAD TUMOR FREE	EUR	Yes	0.5199	6.4	Tumor Free	16.79981589	0:CENSORED	NA	No	Yes	NA	UCEC_MSI	4	Yes	No	EC	Uterus	Endometrioid Endometrial Adenocarcinoma	NA	NA	NA	NA	NA	NA	NA	NA	NA	NA	NA	NA	NA	NA	NA	NA
ucec_tcga_pan_can_atlas_2018	TCGA-EO-A1Y5	TCGA-EO-A1Y5-01	Endometrial Cancer	Uterine Serous Carcinoma/Uterine Papillary Serous Carcinoma	NA	NA	NA	NA	71	USC	NA	1	Primary	Matched	2.433333333	NA	NA	NA	NA	NA	NA	63	NA	NA	NA	NA	NA	NA	NA	NA	NA	NA	NA	NA	NA	NA	NA	NA	NA	NA	NA	NA	NA	NA	NA	NA	NA	NA	NA	NA	NA	NA	NA	NA	NA	NA	NA	NA	NA	NA	NA	NA	NA	NA	NA	NA	NA	NA	NA	NA	NA	NA	NA	NA	NA	NA	NA	NA	NA	NA	NA	NA	NA	NA	NA	NA	NA	NA	NA	NA	NA	NA	NA	NA	NA	NA	NA	NA	NA	NA	NA	NA	NA	NA	NA	NA	NA	NA	NA	NA	NA	NA	NA	NA	NA	NA	NA	NA	NA	NA	NA	NA	NA	NA	NA	NA	NA	NA	NA	NA	NA	NA	NA	NA	NA	NA	NA	NA	NA	NA	NA	NA	NA	NA	NA	NA	NA	NA	NA	NA	NA	NA	NA	NA	NA	NA	NA	NA	NA	NA	NA	Female	NA	NA	NA	NA	NA	NA	NA	NA	NA	NA	NA	NA	NA	NA	NA	NA	NA	NA	0.4065	G3	NA	NA	NA	NA	NA	NA	NA	NA	NA	10.91494888	0:LIVING	NA	NA	NA	NA	NA	NA	NA	2009	NA	NA	NA	NA	NA	0	NA	10.91494888	0:DiseaseFree	NA	NA	NA	7/26/11	NA	NA	NA	NA	NA	No	NA	NA	NA	C54.1	8441/3	C54.1	Yes	NA	NA	NA	NA	NA	NA	NA	NA	NA	NA	NA	NA	NA	NA	NA	No	NA	NA	5f2f2e7a-8aec-4011-b261-0c5bc68da840	NA	NA	NA	NA	NA	NA	NA	NA	NA	NA	NA	NA	NA	NA	NA	NA	NA	NA	NA	NA	NA	NA	NA	NA	NA	NA	University Health Network	NA	NA	NA	NA	79	NA	327	-23251	NA	NA	NA	NA	NA	NA	NA	NA	NA	NA	NA	NA	NA	14	NA	UCEC	10.91494888	0:ALIVE OR DEAD TUMOR FREE	EUR	Yes	0.3174	0.44	Tumor Free	10.91494888	0:CENSORED	NA	No	Yes	NA	UCEC_CN_HIGH	245	No	Yes	EO	Uterus	Serous Endometrial Adenocarcinoma	NA	NA	NA	NA	NA	NA	NA	NA	NA	NA	NA	NA	NA	NA	NA	NA
ucec_tcga_pan_can_atlas_2018	TCGA-EO-A1Y7	TCGA-EO-A1Y7-01	Endometrial Cancer	Uterine Endometrioid Carcinoma	NA	NA	NA	NA	42	UEC	NA	1	Primary	Matched	1.4	NA	NA	NA	NA	NA	NA	65	NA	NA	NA	NA	NA	NA	NA	NA	NA	NA	NA	NA	NA	NA	NA	NA	NA	NA	NA	NA	NA	NA	NA	NA	NA	NA	NA	NA	NA	NA	NA	NA	NA	NA	NA	NA	NA	NA	NA	NA	NA	NA	NA	NA	NA	NA	NA	NA	NA	NA	NA	NA	NA	NA	NA	NA	NA	NA	NA	NA	NA	NA	NA	NA	NA	NA	NA	NA	NA	NA	NA	NA	NA	NA	NA	NA	NA	NA	NA	NA	NA	NA	NA	NA	NA	NA	NA	NA	NA	NA	NA	NA	NA	NA	NA	NA	NA	NA	NA	NA	NA	NA	NA	NA	NA	NA	NA	NA	NA	NA	NA	NA	NA	NA	NA	NA	NA	NA	NA	NA	NA	NA	NA	NA	NA	NA	NA	NA	NA	NA	NA	NA	NA	NA	NA	NA	NA	NA	NA	Female	NA	NA	NA	NA	NA	NA	NA	NA	NA	NA	NA	NA	NA	NA	NA	NA	NA	NA	0.2798	G3	NA	NA	NA	NA	NA	NA	NA	NA	NA	49.1501463	0:LIVING	NA	NA	NA	NA	NA	NA	NA	2009	NA	NA	NA	NA	NA	0	NA	NA	NA	NA	NA	NA	7/26/11	NA	NA	NA	NA	NA	No	NA	NA	NA	C54.1	8380/3	C54.1	Yes	NA	NA	NA	NA	NA	NA	NA	NA	NA	NA	NA	NA	NA	NA	NA	Yes	NA	NA	71ed2681-79bb-4ffb-985c-6d3cf18e9168	NA	NA	NA	NA	NA	NA	NA	NA	NA	NA	NA	NA	NA	NA	NA	NA	NA	NA	NA	NA	NA	NA	NA	NA	NA	NA	University Health Network	NA	NA	NA	NA	95	NA	1495	-24085	NA	NA	NA	NA	NA	NA	NA	NA	NA	NA	NA	NA	NA	9	31	UCEC	49.1501463	0:ALIVE OR DEAD TUMOR FREE	EUR	Yes	0.3284	0.36	Tumor Free	28.9311898	1:PROGRESSION	NA	No	Yes	20	UCEC_CN_HIGH	350	No	Yes	EO	Uterus	Endometrioid Endometrial Adenocarcinoma	28	NA	NA	NA	NA	NA	NA	NA	NA	NA	NA	NA	NA	NA	NA	NA
ucec_tcga_pan_can_atlas_2018	TCGA-EO-A1Y8	TCGA-EO-A1Y8-01	Endometrial Cancer	Uterine Serous Carcinoma/Uterine Papillary Serous Carcinoma	NA	NA	NA	NA	49	USC	NA	1	Primary	Matched	1.666666667	NA	NA	NA	NA	NA	NA	87	NA	NA	NA	NA	NA	NA	NA	NA	NA	NA	NA	NA	NA	NA	NA	NA	NA	NA	NA	NA	NA	NA	NA	NA	NA	NA	NA	NA	NA	NA	NA	NA	NA	NA	NA	NA	NA	NA	NA	NA	NA	NA	NA	NA	NA	NA	NA	NA	NA	NA	NA	NA	NA	NA	NA	NA	NA	NA	NA	NA	NA	NA	NA	NA	NA	NA	NA	NA	NA	NA	NA	NA	NA	NA	NA	NA	NA	NA	NA	NA	NA	NA	NA	NA	NA	NA	NA	NA	NA	NA	NA	NA	NA	NA	NA	NA	NA	NA	NA	NA	NA	NA	NA	NA	NA	NA	NA	NA	NA	NA	NA	NA	NA	NA	NA	NA	NA	NA	NA	NA	NA	NA	NA	NA	NA	NA	NA	NA	NA	NA	NA	NA	NA	NA	NA	NA	NA	NA	NA	Female	NA	NA	NA	NA	NA	NA	NA	NA	NA	NA	NA	NA	NA	NA	NA	NA	NA	NA	0.3002	G3	NA	NA	NA	NA	NA	NA	NA	NA	NA	37.70917579	0:LIVING	NA	NA	NA	NA	NA	NA	NA	2009	NA	NA	NA	NA	NA	0	NA	37.70917579	0:DiseaseFree	NA	NA	NA	7/26/11	NA	NA	NA	NA	NA	No	NA	NA	NA	C54.1	8441/3	C54.1	Yes	NA	NA	NA	NA	NA	NA	NA	NA	NA	NA	NA	NA	NA	NA	NA	No	NA	NA	de4e13c8-5ad0-46d2-ae54-b9ca22b939d8	NA	NA	NA	NA	NA	NA	NA	NA	NA	NA	NA	NA	NA	NA	NA	NA	NA	NA	NA	NA	NA	NA	NA	NA	NA	NA	University Health Network	NA	NA	NA	NA	58	NA	1147	-31971	NA	NA	NA	NA	NA	NA	NA	NA	NA	NA	NA	NA	NA	10	NA	UCEC	37.70917579	0:ALIVE OR DEAD TUMOR FREE	EUR	Yes	0.302	0.39	Tumor Free	37.70917579	0:CENSORED	NA	No	No	NA	UCEC_CN_HIGH	290	No	Yes	EO	Uterus	Serous Endometrial Adenocarcinoma	NA	NA	NA	NA	NA	NA	NA	NA	NA	NA	NA	NA	NA	NA	NA	NA
ucec_tcga_pan_can_atlas_2018	TCGA-EO-A22S	TCGA-EO-A22S-01	Endometrial Cancer	Uterine Endometrioid Carcinoma	NA	NA	NA	NA	632	UEC	NA	1	Primary	Matched	21.23333333	NA	NA	NA	NA	NA	NA	58	NA	NA	NA	NA	NA	NA	NA	NA	NA	NA	NA	NA	NA	NA	NA	NA	NA	NA	NA	NA	NA	NA	NA	NA	NA	NA	NA	NA	NA	NA	NA	NA	NA	NA	NA	NA	NA	NA	NA	NA	NA	NA	NA	NA	NA	NA	NA	NA	NA	NA	NA	NA	NA	NA	NA	NA	NA	NA	NA	NA	NA	NA	NA	NA	NA	NA	NA	NA	NA	NA	NA	NA	NA	NA	NA	NA	NA	NA	NA	NA	NA	NA	NA	NA	NA	NA	NA	NA	NA	NA	NA	NA	NA	NA	NA	NA	NA	NA	NA	NA	NA	NA	NA	NA	NA	NA	NA	NA	NA	NA	NA	NA	NA	NA	NA	NA	NA	NA	NA	NA	NA	NA	NA	NA	NA	NA	NA	NA	NA	NA	NA	NA	NA	NA	NA	NA	NA	NA	NA	Female	NA	NA	NA	NA	NA	NA	NA	NA	NA	NA	NA	NA	NA	NA	NA	NA	NA	NA	0.0001	G3	NA	NA	NA	NA	NA	NA	NA	NA	NA	61.54453102	0:LIVING	NA	NA	NA	NA	NA	NA	NA	2009	NA	NA	NA	NA	NA	0	NA	61.54453102	0:DiseaseFree	NA	NA	NA	10/26/11	NA	NA	NA	NA	NA	No	NA	NA	NA	C54.1	8380/3	C54.1	Yes	NA	NA	NA	NA	NA	NA	NA	NA	NA	NA	NA	NA	NA	NA	NA	No	NA	NA	8F2D3495-8CE7-4F6E-A41D-8CFAE5750937	NA	NA	NA	NA	NA	NA	NA	NA	NA	NA	NA	NA	NA	NA	NA	NA	NA	NA	NA	NA	NA	NA	NA	NA	NA	NA	University Health Network	NA	NA	NA	NA	84	NA	1872	-21328	NA	NA	NA	NA	NA	NA	NA	NA	NA	NA	NA	NA	NA	0	NA	UCEC	61.54453102	0:ALIVE OR DEAD TUMOR FREE	EUR	Yes	0.9162	21.04	Tumor Free	61.54453102	0:CENSORED	NA	No	Yes	NA	UCEC_MSI	2	No	Yes	EO	Uterus	Endometrioid Endometrial Adenocarcinoma	NA	NA	NA	NA	NA	NA	NA	NA	NA	NA	NA	NA	NA	NA	NA	NA
ucec_tcga_pan_can_atlas_2018	TCGA-EO-A22T	TCGA-EO-A22T-01	Endometrial Cancer	Uterine Endometrioid Carcinoma	Not Hispanic Or Latino	NA	NA	NA	993	UEC	Asian	1	Primary	Matched	33.23333333	NA	NA	NA	NA	NA	NA	56	NA	NA	NA	NA	NA	NA	NA	NA	NA	NA	NA	NA	NA	NA	NA	NA	NA	NA	NA	NA	NA	NA	NA	NA	NA	NA	NA	NA	NA	NA	NA	NA	NA	NA	NA	NA	NA	NA	NA	NA	NA	NA	NA	NA	NA	NA	NA	NA	NA	NA	NA	NA	NA	NA	NA	NA	NA	NA	NA	NA	NA	NA	NA	NA	NA	NA	NA	NA	NA	NA	NA	NA	NA	NA	NA	NA	NA	NA	NA	NA	NA	NA	NA	NA	NA	NA	NA	NA	NA	NA	NA	NA	NA	NA	NA	NA	NA	NA	NA	NA	NA	NA	NA	NA	NA	NA	NA	NA	NA	NA	NA	NA	NA	NA	NA	NA	NA	NA	NA	NA	NA	NA	NA	NA	NA	NA	NA	NA	NA	NA	NA	NA	NA	NA	NA	NA	NA	NA	NA	Female	NA	NA	NA	NA	NA	NA	NA	NA	NA	NA	NA	NA	NA	NA	NA	NA	NA	NA	0.0499	G3	NA	NA	NA	NA	NA	NA	NA	NA	NA	66.9033764	0:LIVING	NA	NA	NA	NA	NA	NA	NA	2009	NA	NA	NA	NA	NA	0	NA	66.9033764	0:DiseaseFree	NA	NA	NA	10/26/11	NA	NA	NA	NA	NA	No	NA	NA	NA	C54.1	8380/3	C54.1	Yes	NA	NA	NA	NA	NA	NA	NA	NA	NA	NA	NA	NA	NA	NA	NA	No	NA	NA	63170B0E-78CF-45D9-AF9D-CE986AC66991	NA	NA	NA	NA	NA	NA	NA	NA	NA	NA	NA	NA	NA	NA	NA	NA	NA	NA	NA	NA	NA	NA	NA	NA	NA	NA	University Health Network	NA	NA	NA	NA	53	NA	2035	-20608	NA	NA	NA	NA	NA	NA	NA	NA	NA	NA	NA	NA	NA	2	NA	UCEC	66.9033764	0:ALIVE OR DEAD TUMOR FREE	EAS	Yes	0.7835	17.64	Tumor Free	66.9033764	0:CENSORED	NA	No	Yes	NA	UCEC_MSI	1	No	Yes	EO	Uterus	Endometrioid Endometrial Adenocarcinoma	NA	NA	NA	NA	NA	NA	NA	NA	NA	NA	NA	NA	NA	NA	NA	NA
ucec_tcga_pan_can_atlas_2018	TCGA-EO-A22Y	TCGA-EO-A22Y-01	Endometrial Cancer	Uterine Endometrioid Carcinoma	Not Hispanic Or Latino	NA	NA	NA	49	UEC	White	1	Primary	Matched	1.633333333	NA	NA	NA	NA	NA	NA	68	NA	NA	NA	NA	NA	NA	NA	NA	NA	NA	NA	NA	NA	NA	NA	NA	NA	NA	NA	NA	NA	NA	NA	NA	NA	NA	NA	NA	NA	NA	NA	NA	NA	NA	NA	NA	NA	NA	NA	NA	NA	NA	NA	NA	NA	NA	NA	NA	NA	NA	NA	NA	NA	NA	NA	NA	NA	NA	NA	NA	NA	NA	NA	NA	NA	NA	NA	NA	NA	NA	NA	NA	NA	NA	NA	NA	NA	NA	NA	NA	NA	NA	NA	NA	NA	NA	NA	NA	NA	NA	NA	NA	NA	NA	NA	NA	NA	NA	NA	NA	NA	NA	NA	NA	NA	NA	NA	NA	NA	NA	NA	NA	NA	NA	NA	NA	NA	NA	NA	NA	NA	NA	NA	NA	NA	NA	NA	NA	NA	NA	NA	NA	NA	NA	NA	NA	NA	NA	NA	Female	NA	NA	NA	NA	NA	NA	NA	NA	NA	NA	NA	NA	NA	NA	NA	NA	NA	NA	0.6535	G3	NA	NA	NA	NA	NA	NA	NA	NA	NA	51.51724365	0:LIVING	NA	NA	NA	NA	NA	NA	NA	2009	NA	NA	NA	NA	NA	0	NA	51.51724365	0:DiseaseFree	NA	NA	NA	10/26/11	NA	NA	NA	NA	NA	No	NA	NA	NA	C54.1	8380/3	C54.1	Yes	NA	NA	NA	NA	NA	NA	NA	NA	NA	NA	NA	NA	NA	NA	NA	No	NA	NA	E6183A43-24B9-4FE1-95C3-4CFF67E6C1ED	NA	NA	NA	NA	NA	NA	NA	NA	NA	NA	NA	NA	NA	NA	NA	NA	NA	NA	NA	NA	NA	NA	NA	NA	NA	NA	University Health Network	NA	NA	NA	NA	NA	NA	1567	-25127	NA	NA	NA	NA	NA	NA	NA	NA	NA	NA	NA	NA	NA	25	19	UCEC	51.51724365	0:ALIVE OR DEAD TUMOR FREE	EUR	Yes	0.306	0.08	Tumor Free	51.51724365	0:CENSORED	NA	No	Yes	12	UCEC_CN_LOW	0	No	Yes	EO	Uterus	Endometrioid Endometrial Adenocarcinoma	12	NA	NA	NA	NA	NA	NA	NA	NA	NA	NA	NA	NA	NA	NA	NA
ucec_tcga_pan_can_atlas_2018	TCGA-EO-A2CG	TCGA-EO-A2CG-01	Endometrial Cancer	Uterine Serous Carcinoma/Uterine Papillary Serous Carcinoma	Not Hispanic Or Latino	NA	NA	NA	35	USC	Asian	1	Primary	Matched	1.166666667	NA	NA	NA	NA	NA	NA	69	NA	NA	NA	NA	NA	NA	NA	NA	NA	NA	NA	NA	NA	NA	NA	NA	NA	NA	NA	NA	NA	NA	NA	NA	NA	NA	NA	NA	NA	NA	NA	NA	NA	NA	NA	NA	NA	NA	NA	NA	NA	NA	NA	NA	NA	NA	NA	NA	NA	NA	NA	NA	NA	NA	NA	NA	NA	NA	NA	NA	NA	NA	NA	NA	NA	NA	NA	NA	NA	NA	NA	NA	NA	NA	NA	NA	NA	NA	NA	NA	NA	NA	NA	NA	NA	NA	NA	NA	NA	NA	NA	NA	NA	NA	NA	NA	NA	NA	NA	NA	NA	NA	NA	NA	NA	NA	NA	NA	NA	NA	NA	NA	NA	NA	NA	NA	NA	NA	NA	NA	NA	NA	NA	NA	NA	NA	NA	NA	NA	NA	NA	NA	NA	NA	NA	NA	NA	NA	NA	Female	NA	NA	NA	NA	NA	NA	NA	NA	NA	NA	NA	NA	NA	NA	NA	NA	NA	NA	0.4929	G3	NA	NA	NA	NA	NA	NA	NA	NA	NA	51.41861459	0:LIVING	NA	NA	NA	NA	NA	NA	NA	2009	NA	NA	NA	NA	NA	0	NA	51.41861459	0:DiseaseFree	NA	NA	NA	10/26/11	NA	NA	NA	NA	NA	No	NA	NA	NA	C54.1	8441/3	C54.1	Yes	NA	NA	NA	NA	NA	NA	NA	NA	NA	NA	NA	NA	NA	NA	NA	No	NA	NA	AF363CEC-BEC9-4DE3-8CC2-E98B0EED2858	NA	NA	NA	NA	NA	NA	NA	NA	NA	NA	NA	NA	NA	NA	NA	NA	NA	NA	NA	NA	NA	NA	NA	NA	NA	NA	University Health Network	NA	NA	NA	NA	68	NA	1564	-25279	NA	NA	NA	NA	NA	NA	NA	NA	NA	NA	NA	NA	NA	24	NA	UCEC	51.41861459	0:ALIVE OR DEAD TUMOR FREE	ADMIX	Yes	0.2776	0.02	Tumor Free	51.41861459	0:CENSORED	NA	No	Yes	NA	UCEC_CN_HIGH	397	NA	Yes	EO	Uterus	Serous Endometrial Adenocarcinoma	NA	NA	NA	NA	NA	NA	NA	NA	NA	NA	NA	NA	NA	NA	NA	NA
ucec_tcga_pan_can_atlas_2018	TCGA-EO-A2CH	TCGA-EO-A2CH-01	Endometrial Cancer	Uterine Serous Carcinoma/Uterine Papillary Serous Carcinoma	NA	NA	NA	NA	40	USC	NA	1	Primary	Matched	1.366666667	NA	NA	NA	NA	NA	NA	73	NA	NA	NA	NA	NA	NA	NA	NA	NA	NA	NA	NA	NA	NA	NA	NA	NA	NA	NA	NA	NA	NA	NA	NA	NA	NA	NA	NA	NA	NA	NA	NA	NA	NA	NA	NA	NA	NA	NA	NA	NA	NA	NA	NA	NA	NA	NA	NA	NA	NA	NA	NA	NA	NA	NA	NA	NA	NA	NA	NA	NA	NA	NA	NA	NA	NA	NA	NA	NA	NA	NA	NA	NA	NA	NA	NA	NA	NA	NA	NA	NA	NA	NA	NA	NA	NA	NA	NA	NA	NA	NA	NA	NA	NA	NA	NA	NA	NA	NA	NA	NA	NA	NA	NA	NA	NA	NA	NA	NA	NA	NA	NA	NA	NA	NA	NA	NA	NA	NA	NA	NA	NA	NA	NA	NA	NA	NA	NA	NA	NA	NA	NA	NA	NA	NA	NA	NA	NA	NA	Female	NA	NA	NA	NA	NA	NA	NA	NA	NA	NA	NA	NA	NA	NA	NA	NA	NA	NA	0.3840	G3	NA	NA	NA	NA	NA	NA	NA	NA	NA	19.3970477	1:DECEASED	NA	NA	NA	NA	NA	NA	NA	2009	NA	NA	NA	NA	NA	0	NA	NA	NA	NA	NA	NA	10/26/11	NA	NA	NA	NA	NA	No	NA	NA	NA	C54.1	8441/3	C54.1	Yes	NA	NA	NA	NA	NA	NA	NA	NA	NA	NA	NA	NA	NA	NA	NA	Yes	NA	NA	0CC9A11F-1AC4-431D-8F94-52A3BC02B572	NA	NA	NA	NA	NA	NA	NA	NA	NA	NA	NA	NA	NA	NA	NA	NA	NA	NA	NA	NA	NA	NA	NA	NA	NA	NA	University Health Network	NA	NA	NA	NA	66	NA	NA	-26966	NA	NA	NA	NA	NA	NA	NA	NA	NA	NA	NA	NA	NA	10	NA	UCEC	19.3970477	1:DEAD WITH TUMOR	EUR	Yes	0.3164	0.28	With Tumor	9.99441102	1:PROGRESSION	NA	No	No	NA	UCEC_CN_HIGH	201	No	Yes	EO	Uterus	Serous Endometrial Adenocarcinoma	NA	NA	NA	NA	NA	NA	NA	NA	NA	NA	NA	NA	NA	NA	NA	NA
ucec_tcga_pan_can_atlas_2018	TCGA-EO-A3AS	TCGA-EO-A3AS-01	Endometrial Cancer	Uterine Endometrioid Carcinoma	NA	NA	NA	NA	157	UEC	NA	1	Primary	Matched	5.266666667	NA	NA	NA	NA	NA	NA	86	NA	NA	NA	NA	NA	NA	NA	NA	NA	NA	NA	NA	NA	NA	NA	NA	NA	NA	NA	NA	NA	NA	NA	NA	NA	NA	NA	NA	NA	NA	NA	NA	NA	NA	NA	NA	NA	NA	NA	NA	NA	NA	NA	NA	NA	NA	NA	NA	NA	NA	NA	NA	NA	NA	NA	NA	NA	NA	NA	NA	NA	NA	NA	NA	NA	NA	NA	NA	NA	NA	NA	NA	NA	NA	NA	NA	NA	NA	NA	NA	NA	NA	NA	NA	NA	NA	NA	NA	NA	NA	NA	NA	NA	NA	NA	NA	NA	NA	NA	NA	NA	NA	NA	NA	NA	NA	NA	NA	NA	NA	NA	NA	NA	NA	NA	NA	NA	NA	NA	NA	NA	NA	NA	NA	NA	NA	NA	NA	NA	NA	NA	NA	NA	NA	NA	NA	NA	NA	NA	Female	NA	NA	NA	NA	NA	NA	NA	NA	NA	NA	NA	NA	NA	NA	NA	NA	NA	NA	0.5218	G3	NA	NA	NA	NA	NA	NA	NA	NA	NA	34.38866423	0:LIVING	NA	NA	NA	NA	NA	NA	NA	2009	NA	NA	NA	NA	NA	0	NA	34.38866423	0:DiseaseFree	NA	NA	NA	6/1/12	NA	NA	NA	NA	NA	No	NA	NA	NA	C54.1	8380/3	C54.1	Yes	NA	NA	NA	NA	NA	NA	NA	NA	NA	NA	NA	NA	NA	NA	NA	No	NA	NA	2C3E95B5-2C63-43C7-BAA2-47EF914B25A8	NA	NA	NA	NA	NA	NA	NA	NA	NA	NA	NA	NA	NA	NA	NA	NA	NA	NA	NA	NA	NA	NA	NA	NA	NA	NA	University Health Network	NA	NA	NA	NA	58	NA	1046	-31450	NA	NA	NA	NA	NA	NA	NA	NA	NA	NA	NA	NA	NA	5	-13	UCEC	34.38866423	0:ALIVE OR DEAD TUMOR FREE	EUR	Yes	0.3139	0.25	Tumor Free	34.38866423	0:CENSORED	NA	No	No	6	UCEC_CN_HIGH	209	NA	Yes	EO	Uterus	Endometrioid Endometrial Adenocarcinoma	-14	NA	NA	NA	NA	NA	NA	NA	NA	NA	NA	NA	NA	NA	NA	NA
ucec_tcga_pan_can_atlas_2018	TCGA-EO-A3AU	TCGA-EO-A3AU-01	Endometrial Cancer	Uterine Endometrioid Carcinoma	NA	NA	NA	NA	669	UEC	NA	1	Primary	Matched	22.43333333	NA	NA	NA	NA	NA	NA	72	NA	NA	NA	NA	NA	NA	NA	NA	NA	NA	NA	NA	NA	NA	NA	NA	NA	NA	NA	NA	NA	NA	NA	NA	NA	NA	NA	NA	NA	NA	NA	NA	NA	NA	NA	NA	NA	NA	NA	NA	NA	NA	NA	NA	NA	NA	NA	NA	NA	NA	NA	NA	NA	NA	NA	NA	NA	NA	NA	NA	NA	NA	NA	NA	NA	NA	NA	NA	NA	NA	NA	NA	NA	NA	NA	NA	NA	NA	NA	NA	NA	NA	NA	NA	NA	NA	NA	NA	NA	NA	NA	NA	NA	NA	NA	NA	NA	NA	NA	NA	NA	NA	NA	NA	NA	NA	NA	NA	NA	NA	NA	NA	NA	NA	NA	NA	NA	NA	NA	NA	NA	NA	NA	NA	NA	NA	NA	NA	NA	NA	NA	NA	NA	NA	NA	NA	NA	NA	NA	Female	NA	NA	NA	NA	NA	NA	NA	NA	NA	NA	NA	NA	NA	NA	NA	NA	NA	NA	0.0000	G3	NA	NA	NA	NA	NA	NA	NA	NA	NA	50.7282112	0:LIVING	NA	NA	NA	NA	NA	NA	NA	2009	NA	NA	NA	NA	NA	0	NA	50.7282112	0:DiseaseFree	NA	NA	NA	6/1/12	NA	NA	NA	NA	NA	No	NA	NA	NA	C54.1	8380/3	C54.1	Yes	NA	NA	NA	NA	NA	NA	NA	NA	NA	NA	NA	NA	NA	NA	NA	Yes	NA	NA	8E225F5F-49C1-4A39-A8B5-41FEA6A79819	NA	NA	NA	NA	NA	NA	NA	NA	NA	NA	NA	NA	NA	NA	NA	NA	NA	NA	NA	NA	NA	NA	NA	NA	NA	NA	University Health Network	NA	NA	NA	NA	78	NA	1543	-26406	NA	NA	NA	NA	NA	NA	NA	NA	NA	NA	NA	NA	NA	0	27	UCEC	50.7282112	0:ALIVE OR DEAD TUMOR FREE	EUR	Yes	0.8955	19.24	Tumor Free	38.7283427	1:PROGRESSION	NA	No	Yes	26	UCEC_MSI	1	NA	Yes	EO	Uterus	Endometrioid Endometrial Adenocarcinoma	36	NA	NA	NA	NA	NA	NA	NA	NA	NA	NA	NA	NA	NA	NA	NA
ucec_tcga_pan_can_atlas_2018	TCGA-EO-A3AZ	TCGA-EO-A3AZ-01	Endometrial Cancer	Uterine Mixed Endometrial Carcinoma	NA	NA	NA	NA	1002	UMEC	NA	1	Primary	Matched	33.53333333	NA	NA	NA	NA	NA	NA	80	NA	NA	NA	NA	NA	NA	NA	NA	NA	NA	NA	NA	NA	NA	NA	NA	NA	NA	NA	NA	NA	NA	NA	NA	NA	NA	NA	NA	NA	NA	NA	NA	NA	NA	NA	NA	NA	NA	NA	NA	NA	NA	NA	NA	NA	NA	NA	NA	NA	NA	NA	NA	NA	NA	NA	NA	NA	NA	NA	NA	NA	NA	NA	NA	NA	NA	NA	NA	NA	NA	NA	NA	NA	NA	NA	NA	NA	NA	NA	NA	NA	NA	NA	NA	NA	NA	NA	NA	NA	NA	NA	NA	NA	NA	NA	NA	NA	NA	NA	NA	NA	NA	NA	NA	NA	NA	NA	NA	NA	NA	NA	NA	NA	NA	NA	NA	NA	NA	NA	NA	NA	NA	NA	NA	NA	NA	NA	NA	NA	NA	NA	NA	NA	NA	NA	NA	NA	NA	NA	Female	NA	NA	NA	NA	NA	NA	NA	NA	NA	NA	NA	NA	NA	NA	NA	NA	NA	NA	0.2176	G3	NA	NA	NA	NA	NA	NA	NA	NA	NA	27.15586679	0:LIVING	NA	NA	NA	NA	NA	NA	NA	2009	NA	NA	NA	NA	NA	0	NA	27.15586679	0:DiseaseFree	NA	NA	NA	6/1/12	NA	NA	NA	NA	NA	No	NA	NA	NA	C54.1	8441/3	C54.1	Yes	NA	NA	NA	NA	NA	NA	NA	NA	NA	NA	NA	NA	NA	NA	NA	No	NA	NA	38BF8476-FDE7-423B-BBAA-15483207DE39	NA	NA	NA	NA	NA	NA	NA	NA	NA	NA	NA	NA	NA	NA	NA	NA	NA	NA	NA	NA	NA	NA	NA	NA	NA	NA	University Health Network	NA	NA	NA	NA	78	NA	826	-29234	NA	NA	NA	NA	NA	NA	NA	NA	NA	NA	NA	NA	NA	18	17	UCEC	27.15586679	0:ALIVE OR DEAD TUMOR FREE	EUR	Yes	0.6422	16.05	Tumor Free	27.15586679	0:CENSORED	NA	No	No	-2	UCEC_MSI	21	No	Yes	EO	Uterus	Mixed Serous and Endometrioid Carcinoma	22	NA	NA	NA	NA	NA	NA	NA	NA	NA	NA	NA	NA	NA	NA	NA
ucec_tcga_pan_can_atlas_2018	TCGA-EO-A3B1	TCGA-EO-A3B1-01	Endometrial Cancer	Uterine Serous Carcinoma/Uterine Papillary Serous Carcinoma	NA	NA	NA	NA	38	USC	NA	1	Primary	Matched	1.3	NA	NA	NA	NA	NA	NA	63	NA	NA	NA	NA	NA	NA	NA	NA	NA	NA	NA	NA	NA	NA	NA	NA	NA	NA	NA	NA	NA	NA	NA	NA	NA	NA	NA	NA	NA	NA	NA	NA	NA	NA	NA	NA	NA	NA	NA	NA	NA	NA	NA	NA	NA	NA	NA	NA	NA	NA	NA	NA	NA	NA	NA	NA	NA	NA	NA	NA	NA	NA	NA	NA	NA	NA	NA	NA	NA	NA	NA	NA	NA	NA	NA	NA	NA	NA	NA	NA	NA	NA	NA	NA	NA	NA	NA	NA	NA	NA	NA	NA	NA	NA	NA	NA	NA	NA	NA	NA	NA	NA	NA	NA	NA	NA	NA	NA	NA	NA	NA	NA	NA	NA	NA	NA	NA	NA	NA	NA	NA	NA	NA	NA	NA	NA	NA	NA	NA	NA	NA	NA	NA	NA	NA	NA	NA	NA	NA	Female	NA	NA	NA	NA	NA	NA	NA	NA	NA	NA	NA	NA	NA	NA	NA	NA	NA	NA	0.5055	G3	NA	NA	NA	NA	NA	NA	NA	NA	NA	26.95860867	0:LIVING	NA	NA	NA	NA	NA	NA	NA	2009	NA	NA	NA	NA	NA	0	NA	26.95860867	0:DiseaseFree	NA	NA	NA	6/1/12	NA	NA	NA	NA	NA	No	NA	NA	NA	C54.1	8441/3	C54.1	Yes	NA	NA	NA	NA	NA	NA	NA	NA	NA	NA	NA	NA	NA	NA	NA	No	NA	NA	2CF8DE9F-B305-4D98-BFD4-33377BF6138F	NA	NA	NA	NA	NA	NA	NA	NA	NA	NA	NA	NA	NA	NA	NA	NA	NA	NA	NA	NA	NA	NA	NA	NA	NA	NA	University Health Network	NA	NA	NA	NA	93	NA	820	-23162	NA	NA	NA	NA	NA	NA	NA	NA	NA	NA	NA	NA	NA	20	5	UCEC	26.95860867	0:ALIVE OR DEAD TUMOR FREE	EUR	Yes	0.2923	0.02	Tumor Free	26.95860867	0:CENSORED	NA	No	Yes	8	UCEC_CN_HIGH	227	No	Yes	EO	Uterus	Serous Endometrial Adenocarcinoma	-12	NA	NA	NA	NA	NA	NA	NA	NA	NA	NA	NA	NA	NA	NA	NA
ucec_tcga_pan_can_atlas_2018	TCGA-EO-A3KU	TCGA-EO-A3KU-01	Endometrial Cancer	Uterine Serous Carcinoma/Uterine Papillary Serous Carcinoma	NA	NA	NA	NA	54	USC	NA	1	Primary	Matched	1.833333333	NA	NA	NA	NA	NA	NA	68	NA	NA	NA	NA	NA	NA	NA	NA	NA	NA	NA	NA	NA	NA	NA	NA	NA	NA	NA	NA	NA	NA	NA	NA	NA	NA	NA	NA	NA	NA	NA	NA	NA	NA	NA	NA	NA	NA	NA	NA	NA	NA	NA	NA	NA	NA	NA	NA	NA	NA	NA	NA	NA	NA	NA	NA	NA	NA	NA	NA	NA	NA	NA	NA	NA	NA	NA	NA	NA	NA	NA	NA	NA	NA	NA	NA	NA	NA	NA	NA	NA	NA	NA	NA	NA	NA	NA	NA	NA	NA	NA	NA	NA	NA	NA	NA	NA	NA	NA	NA	NA	NA	NA	NA	NA	NA	NA	NA	NA	NA	NA	NA	NA	NA	NA	NA	NA	NA	NA	NA	NA	NA	NA	NA	NA	NA	NA	NA	NA	NA	NA	NA	NA	NA	NA	NA	NA	NA	NA	Female	NA	NA	NA	NA	NA	NA	NA	NA	NA	NA	NA	NA	NA	NA	NA	NA	NA	NA	0.4710	G3	NA	NA	NA	NA	NA	NA	NA	NA	NA	22.25729033	0:LIVING	NA	NA	NA	NA	NA	NA	NA	2009	NA	NA	NA	NA	NA	0	NA	22.25729033	0:DiseaseFree	NA	NA	NA	6/1/12	NA	NA	NA	NA	NA	No	NA	NA	NA	C54.1	8441/3	C54.1	Yes	NA	NA	NA	NA	NA	NA	NA	NA	NA	NA	NA	NA	NA	NA	NA	No	NA	NA	DB67A9CD-65BA-4D6F-A799-031B6B3DF599	NA	NA	NA	NA	NA	NA	NA	NA	NA	NA	NA	NA	NA	NA	NA	NA	NA	NA	NA	NA	NA	NA	NA	NA	NA	NA	University Health Network	NA	NA	NA	NA	65	NA	677	-25116	NA	NA	NA	NA	NA	NA	NA	NA	NA	NA	NA	NA	NA	14	31	UCEC	22.25729033	0:ALIVE OR DEAD TUMOR FREE	EAS	Yes	0.3216	0.31	Tumor Free	22.25729033	0:CENSORED	NA	No	Yes	22	UCEC_CN_HIGH	235	No	Yes	EO	Uterus	Serous Endometrial Adenocarcinoma	36	NA	NA	NA	NA	NA	NA	NA	NA	NA	NA	NA	NA	NA	NA	NA
ucec_tcga_pan_can_atlas_2018	TCGA-EO-A3KW	TCGA-EO-A3KW-01	Endometrial Cancer	Uterine Serous Carcinoma/Uterine Papillary Serous Carcinoma	NA	NA	NA	NA	41	USC	NA	1	Primary	Matched	1.366666667	NA	NA	NA	NA	NA	NA	72	NA	NA	NA	NA	NA	NA	NA	NA	NA	NA	NA	NA	NA	NA	NA	NA	NA	NA	NA	NA	NA	NA	NA	NA	NA	NA	NA	NA	NA	NA	NA	NA	NA	NA	NA	NA	NA	NA	NA	NA	NA	NA	NA	NA	NA	NA	NA	NA	NA	NA	NA	NA	NA	NA	NA	NA	NA	NA	NA	NA	NA	NA	NA	NA	NA	NA	NA	NA	NA	NA	NA	NA	NA	NA	NA	NA	NA	NA	NA	NA	NA	NA	NA	NA	NA	NA	NA	NA	NA	NA	NA	NA	NA	NA	NA	NA	NA	NA	NA	NA	NA	NA	NA	NA	NA	NA	NA	NA	NA	NA	NA	NA	NA	NA	NA	NA	NA	NA	NA	NA	NA	NA	NA	NA	NA	NA	NA	NA	NA	NA	NA	NA	NA	NA	NA	NA	NA	NA	NA	Female	NA	NA	NA	NA	NA	NA	NA	NA	NA	NA	NA	NA	NA	NA	NA	NA	NA	NA	0.3475	G3	NA	NA	NA	NA	NA	NA	NA	NA	NA	16.33954696	0:LIVING	NA	NA	NA	NA	NA	NA	NA	2009	NA	NA	NA	NA	NA	0	NA	16.33954696	0:DiseaseFree	NA	NA	NA	6/1/12	NA	NA	NA	NA	NA	No	NA	NA	NA	C54.1	8441/3	C54.1	Yes	NA	NA	NA	NA	NA	NA	NA	NA	NA	NA	NA	NA	NA	NA	NA	No	NA	NA	5F764AC1-3DE7-4CFD-A77A-D21BAA418834	NA	NA	NA	NA	NA	NA	NA	NA	NA	NA	NA	NA	NA	NA	NA	NA	NA	NA	NA	NA	NA	NA	NA	NA	NA	NA	University Health Network	NA	NA	NA	NA	62	NA	497	-26492	NA	NA	NA	NA	NA	NA	NA	NA	NA	NA	NA	NA	NA	16	35	UCEC	16.33954696	0:ALIVE OR DEAD TUMOR FREE	EUR_ADMIX	Yes	0.3047	0.11	Tumor Free	16.33954696	0:CENSORED	NA	No	Yes	18	UCEC_CN_HIGH	340	No	Yes	EO	Uterus	Serous Endometrial Adenocarcinoma	28	NA	NA	NA	NA	NA	NA	NA	NA	NA	NA	NA	NA	NA	NA	NA
ucec_tcga_pan_can_atlas_2018	TCGA-EO-A3KX	TCGA-EO-A3KX-01	Endometrial Cancer	Uterine Endometrioid Carcinoma	Hispanic Or Latino	NA	NA	NA	3201	UEC	White	1	Primary	Matched	107.6	NA	NA	NA	NA	NA	NA	80	NA	NA	NA	NA	NA	NA	NA	NA	NA	NA	NA	NA	NA	NA	NA	NA	NA	NA	NA	NA	NA	NA	NA	NA	NA	NA	NA	NA	NA	NA	NA	NA	NA	NA	NA	NA	NA	NA	NA	NA	NA	NA	NA	NA	NA	NA	NA	NA	NA	NA	NA	NA	NA	NA	NA	NA	NA	NA	NA	NA	NA	NA	NA	NA	NA	NA	NA	NA	NA	NA	NA	NA	NA	NA	NA	NA	NA	NA	NA	NA	NA	NA	NA	NA	NA	NA	NA	NA	NA	NA	NA	NA	NA	NA	NA	NA	NA	NA	NA	NA	NA	NA	NA	NA	NA	NA	NA	NA	NA	NA	NA	NA	NA	NA	NA	NA	NA	NA	NA	NA	NA	NA	NA	NA	NA	NA	NA	NA	NA	NA	NA	NA	NA	NA	NA	NA	NA	NA	NA	Female	NA	NA	NA	NA	NA	NA	NA	NA	NA	NA	NA	NA	NA	NA	NA	NA	NA	NA	0.0002	G3	NA	NA	NA	NA	NA	NA	NA	NA	NA	38.46533189	0:LIVING	NA	NA	NA	NA	NA	NA	NA	2009	NA	NA	NA	NA	NA	0	NA	38.46533189	0:DiseaseFree	NA	NA	NA	6/1/12	NA	NA	NA	NA	NA	No	NA	NA	NA	C54.1	8380/3	C54.1	Yes	NA	NA	NA	NA	NA	NA	NA	NA	NA	NA	NA	NA	NA	NA	NA	No	NA	NA	FE2E89F7-8F4D-420A-A551-4877CF0FD1D3	NA	NA	NA	NA	NA	NA	NA	NA	NA	NA	NA	NA	NA	NA	NA	NA	NA	NA	NA	NA	NA	NA	NA	NA	NA	NA	University Health Network	NA	NA	NA	NA	44	NA	1170	-29260	NA	NA	NA	NA	NA	NA	NA	NA	NA	NA	NA	NA	NA	0	25	UCEC	38.46533189	0:ALIVE OR DEAD TUMOR FREE	EAS	Yes	1.2214	35.73	Tumor Free	38.46533189	0:CENSORED	NA	No	Yes	22	UCEC_MSI	2	No	Yes	EO	Uterus	Endometrioid Endometrial Adenocarcinoma	38	NA	NA	NA	NA	NA	NA	NA	NA	NA	NA	NA	NA	NA	NA	NA
ucec_tcga_pan_can_atlas_2018	TCGA-EO-A3L0	TCGA-EO-A3L0-01	Endometrial Cancer	Uterine Endometrioid Carcinoma	Not Hispanic Or Latino	NA	NA	NA	75	UEC	White	1	Primary	Matched	2.5	NA	NA	NA	NA	NA	NA	76	NA	NA	NA	NA	NA	NA	NA	NA	NA	NA	NA	NA	NA	NA	NA	NA	NA	NA	NA	NA	NA	NA	NA	NA	NA	NA	NA	NA	NA	NA	NA	NA	NA	NA	NA	NA	NA	NA	NA	NA	NA	NA	NA	NA	NA	NA	NA	NA	NA	NA	NA	NA	NA	NA	NA	NA	NA	NA	NA	NA	NA	NA	NA	NA	NA	NA	NA	NA	NA	NA	NA	NA	NA	NA	NA	NA	NA	NA	NA	NA	NA	NA	NA	NA	NA	NA	NA	NA	NA	NA	NA	NA	NA	NA	NA	NA	NA	NA	NA	NA	NA	NA	NA	NA	NA	NA	NA	NA	NA	NA	NA	NA	NA	NA	NA	NA	NA	NA	NA	NA	NA	NA	NA	NA	NA	NA	NA	NA	NA	NA	NA	NA	NA	NA	NA	NA	NA	NA	NA	Female	NA	NA	NA	NA	NA	NA	NA	NA	NA	NA	NA	NA	NA	NA	NA	NA	NA	NA	0.0963	G3	NA	NA	NA	NA	NA	NA	NA	NA	NA	51.08985107	0:LIVING	NA	NA	NA	NA	NA	NA	NA	2009	NA	NA	NA	NA	NA	0	NA	51.08985107	0:DiseaseFree	NA	NA	NA	6/1/12	NA	NA	NA	NA	NA	No	NA	NA	NA	C54.1	8380/3	C54.1	Yes	NA	NA	NA	NA	NA	NA	NA	NA	NA	NA	NA	NA	NA	NA	NA	No	NA	NA	423DA953-30AA-4F7E-96B5-1F6FD24F8874	NA	NA	NA	NA	NA	NA	NA	NA	NA	NA	NA	NA	NA	NA	NA	NA	NA	NA	NA	NA	NA	NA	NA	NA	NA	NA	University Health Network	NA	NA	NA	NA	110	NA	1554	-28003	NA	NA	NA	NA	NA	NA	NA	NA	NA	NA	NA	NA	NA	4	13	UCEC	51.08985107	0:ALIVE OR DEAD TUMOR FREE	EUR	Yes	0.2865	0.02	Tumor Free	51.08985107	0:CENSORED	NA	No	Yes	16	UCEC_CN_LOW	1	No	Yes	EO	Uterus	Endometrioid Endometrial Adenocarcinoma	14	NA	NA	NA	NA	NA	NA	NA	NA	NA	NA	NA	NA	NA	NA	NA
ucec_tcga_pan_can_atlas_2018	TCGA-EY-A1GC	TCGA-EY-A1GC-01	Endometrial Cancer	Uterine Endometrioid Carcinoma	Not Hispanic Or Latino	NA	NA	NA	34	UEC	White	1	Primary	Matched	1.133333333	NA	NA	NA	NA	NA	NA	62	NA	NA	NA	NA	NA	NA	NA	NA	NA	NA	NA	NA	NA	NA	NA	NA	NA	NA	NA	NA	NA	NA	NA	NA	NA	NA	NA	NA	NA	NA	NA	NA	NA	NA	NA	NA	NA	NA	NA	NA	NA	NA	NA	NA	NA	NA	NA	NA	NA	NA	NA	NA	NA	NA	NA	NA	NA	NA	NA	NA	NA	NA	NA	NA	NA	NA	NA	NA	NA	NA	NA	NA	NA	NA	NA	NA	NA	NA	NA	NA	NA	NA	NA	NA	NA	NA	NA	NA	NA	NA	NA	NA	NA	NA	NA	NA	NA	NA	NA	NA	NA	NA	NA	NA	NA	NA	NA	NA	NA	NA	NA	NA	NA	NA	NA	NA	NA	NA	NA	NA	NA	NA	NA	NA	NA	NA	NA	NA	NA	NA	NA	NA	NA	NA	NA	NA	NA	NA	NA	Female	NA	NA	NA	NA	NA	NA	NA	NA	NA	NA	NA	NA	NA	NA	NA	NA	NA	NA	0.4314	G3	NA	NA	NA	NA	NA	NA	NA	NA	NA	54.14735181	0:LIVING	NA	NA	NA	NA	NA	NA	NA	2009	NA	NA	NA	NA	NA	0	NA	54.14735181	0:DiseaseFree	NA	NA	NA	5/2/11	NA	NA	NA	NA	NA	No	NA	NA	NA	C54.1	8380/3	C54.1	Yes	NA	NA	NA	NA	NA	NA	NA	NA	NA	NA	NA	NA	NA	NA	NA	No	NA	NA	ebc25a41-becb-4395-ae33-483a304b07d8	NA	NA	NA	NA	NA	NA	NA	NA	NA	NA	NA	NA	NA	NA	NA	NA	NA	NA	NA	NA	NA	NA	NA	NA	NA	NA	University of North Carolina	NA	NA	NA	NA	96	NA	1647	-22656	NA	NA	NA	NA	NA	NA	NA	NA	NA	NA	NA	NA	NA	18	NA	UCEC	54.14735181	0:ALIVE OR DEAD TUMOR FREE	EUR	Yes	0.2988	0.71	Tumor Free	54.14735181	0:CENSORED	NA	No	No	NA	UCEC_CN_HIGH	288	No	Yes	EY	Uterus	Endometrioid Endometrial Adenocarcinoma	NA	NA	NA	NA	NA	NA	NA	NA	NA	NA	NA	NA	NA	NA	NA	NA
ucec_tcga_pan_can_atlas_2018	TCGA-EY-A1GE	TCGA-EY-A1GE-01	Endometrial Cancer	Uterine Endometrioid Carcinoma	Not Hispanic Or Latino	NA	NA	NA	41	UEC	White	1	Primary	Matched	1.366666667	NA	NA	NA	NA	NA	NA	67	NA	NA	NA	NA	NA	NA	NA	NA	NA	NA	NA	NA	NA	NA	NA	NA	NA	NA	NA	NA	NA	NA	NA	NA	NA	NA	NA	NA	NA	NA	NA	NA	NA	NA	NA	NA	NA	NA	NA	NA	NA	NA	NA	NA	NA	NA	NA	NA	NA	NA	NA	NA	NA	NA	NA	NA	NA	NA	NA	NA	NA	NA	NA	NA	NA	NA	NA	NA	NA	NA	NA	NA	NA	NA	NA	NA	NA	NA	NA	NA	NA	NA	NA	NA	NA	NA	NA	NA	NA	NA	NA	NA	NA	NA	NA	NA	NA	NA	NA	NA	NA	NA	NA	NA	NA	NA	NA	NA	NA	NA	NA	NA	NA	NA	NA	NA	NA	NA	NA	NA	NA	NA	NA	NA	NA	NA	NA	NA	NA	NA	NA	NA	NA	NA	NA	NA	NA	NA	NA	Female	NA	NA	NA	NA	NA	NA	NA	NA	NA	NA	NA	NA	NA	NA	NA	NA	NA	NA	0.0000	G1	NA	NA	NA	NA	NA	NA	NA	NA	NA	24.36137686	0:LIVING	NA	NA	NA	NA	NA	NA	NA	2009	NA	NA	NA	NA	NA	0	NA	24.36137686	0:DiseaseFree	NA	NA	NA	5/2/11	NA	NA	NA	NA	NA	No	NA	NA	NA	C54.1	8380/3	C54.1	Yes	NA	NA	NA	NA	NA	NA	NA	NA	NA	NA	NA	NA	NA	NA	NA	No	NA	NA	a28beb70-d309-45b8-a2ba-40558f3c8f4f	NA	NA	NA	NA	NA	NA	NA	NA	NA	NA	NA	NA	NA	NA	NA	NA	NA	NA	NA	NA	NA	NA	NA	NA	NA	NA	University of North Carolina	NA	NA	NA	NA	103	NA	741	-24667	NA	NA	NA	NA	NA	NA	NA	NA	NA	NA	NA	NA	NA	0	NA	UCEC	24.36137686	0:ALIVE OR DEAD TUMOR FREE	EUR	Yes	0.2908	0	Tumor Free	24.36137686	0:CENSORED	NA	No	No	NA	UCEC_CN_LOW	0	No	Yes	EY	Uterus	Endometrioid Endometrial Adenocarcinoma	NA	NA	NA	NA	NA	NA	NA	NA	NA	NA	NA	NA	NA	NA	NA	NA
ucec_tcga_pan_can_atlas_2018	TCGA-EY-A1GF	TCGA-EY-A1GF-01	Endometrial Cancer	Uterine Endometrioid Carcinoma	Not Hispanic Or Latino	NA	NA	NA	340	UEC	Black or African American	1	Primary	Matched	11.3	NA	NA	NA	NA	NA	NA	75	NA	NA	NA	NA	NA	NA	NA	NA	NA	NA	NA	NA	NA	NA	NA	NA	NA	NA	NA	NA	NA	NA	NA	NA	NA	NA	NA	NA	NA	NA	NA	NA	NA	NA	NA	NA	NA	NA	NA	NA	NA	NA	NA	NA	NA	NA	NA	NA	NA	NA	NA	NA	NA	NA	NA	NA	NA	NA	NA	NA	NA	NA	NA	NA	NA	NA	NA	NA	NA	NA	NA	NA	NA	NA	NA	NA	NA	NA	NA	NA	NA	NA	NA	NA	NA	NA	NA	NA	NA	NA	NA	NA	NA	NA	NA	NA	NA	NA	NA	NA	NA	NA	NA	NA	NA	NA	NA	NA	NA	NA	NA	NA	NA	NA	NA	NA	NA	NA	NA	NA	NA	NA	NA	NA	NA	NA	NA	NA	NA	NA	NA	NA	NA	NA	NA	NA	NA	NA	NA	Female	NA	NA	NA	NA	NA	NA	NA	NA	NA	NA	NA	NA	NA	NA	NA	NA	NA	NA	0.0441	G2	NA	NA	NA	NA	NA	NA	NA	NA	NA	27.15586679	0:LIVING	NA	NA	NA	NA	NA	NA	NA	2009	NA	NA	NA	NA	NA	0	NA	27.15586679	0:DiseaseFree	NA	NA	NA	5/11/11	NA	NA	NA	NA	NA	No	NA	NA	NA	C54.1	8380/3	C54.1	Yes	NA	NA	NA	NA	NA	NA	NA	NA	NA	NA	NA	NA	NA	NA	NA	No	NA	NA	615ea37d-6302-4d68-b253-d24efd947c3e	NA	NA	NA	NA	NA	NA	NA	NA	NA	NA	NA	NA	NA	NA	NA	NA	NA	NA	NA	NA	NA	NA	NA	NA	NA	NA	University of North Carolina	NA	NA	NA	NA	71	NA	826	-27450	NA	NA	NA	NA	NA	NA	NA	NA	NA	NA	NA	NA	NA	1	NA	UCEC	27.15586679	0:ALIVE OR DEAD TUMOR FREE	AFR_ADMIX	Yes	0.7116	16.22	Tumor Free	27.15586679	0:CENSORED	NA	No	No	NA	UCEC_MSI	1	No	Yes	EY	Uterus	Endometrioid Endometrial Adenocarcinoma	NA	NA	NA	NA	NA	NA	NA	NA	NA	NA	NA	NA	NA	NA	NA	NA
ucec_tcga_pan_can_atlas_2018	TCGA-EY-A1GH	TCGA-EY-A1GH-01	Endometrial Cancer	Uterine Endometrioid Carcinoma	Not Hispanic Or Latino	NA	NA	NA	56	UEC	White	1	Primary	Matched	1.9	NA	NA	NA	NA	NA	NA	70	NA	NA	NA	NA	NA	NA	NA	NA	NA	NA	NA	NA	NA	NA	NA	NA	NA	NA	NA	NA	NA	NA	NA	NA	NA	NA	NA	NA	NA	NA	NA	NA	NA	NA	NA	NA	NA	NA	NA	NA	NA	NA	NA	NA	NA	NA	NA	NA	NA	NA	NA	NA	NA	NA	NA	NA	NA	NA	NA	NA	NA	NA	NA	NA	NA	NA	NA	NA	NA	NA	NA	NA	NA	NA	NA	NA	NA	NA	NA	NA	NA	NA	NA	NA	NA	NA	NA	NA	NA	NA	NA	NA	NA	NA	NA	NA	NA	NA	NA	NA	NA	NA	NA	NA	NA	NA	NA	NA	NA	NA	NA	NA	NA	NA	NA	NA	NA	NA	NA	NA	NA	NA	NA	NA	NA	NA	NA	NA	NA	NA	NA	NA	NA	NA	NA	NA	NA	NA	NA	Female	NA	NA	NA	NA	NA	NA	NA	NA	NA	NA	NA	NA	NA	NA	NA	NA	NA	NA	0.1841	G2	NA	NA	NA	NA	NA	NA	NA	NA	NA	23.34220995	0:LIVING	NA	NA	NA	NA	NA	NA	NA	2009	NA	NA	NA	NA	NA	0	NA	23.34220995	0:DiseaseFree	NA	NA	NA	5/11/11	NA	NA	NA	NA	NA	No	NA	NA	NA	C54.1	8380/3	C54.1	Yes	NA	NA	NA	NA	NA	NA	NA	NA	NA	NA	NA	NA	NA	NA	NA	No	NA	NA	a45a2343-f425-4e62-9049-7782733b6234	NA	NA	NA	NA	NA	NA	NA	NA	NA	NA	NA	NA	NA	NA	NA	NA	NA	NA	NA	NA	NA	NA	NA	NA	NA	NA	University of North Carolina	NA	NA	NA	NA	117	NA	710	-25802	NA	NA	NA	NA	NA	NA	NA	NA	NA	NA	NA	NA	NA	6	NA	UCEC	23.34220995	0:ALIVE OR DEAD TUMOR FREE	EUR	Yes	0.2897	0.09	Tumor Free	23.34220995	0:CENSORED	NA	No	Yes	NA	UCEC_CN_LOW	3	No	Yes	EY	Uterus	Endometrioid Endometrial Adenocarcinoma	NA	NA	NA	NA	NA	NA	NA	NA	NA	NA	NA	NA	NA	NA	NA	NA
ucec_tcga_pan_can_atlas_2018	TCGA-EY-A1GK	TCGA-EY-A1GK-01	Endometrial Cancer	Uterine Endometrioid Carcinoma	Not Hispanic Or Latino	NA	NA	NA	839	UEC	White	1	Primary	Matched	28.23333333	NA	NA	NA	NA	NA	NA	74	NA	NA	NA	NA	NA	NA	NA	NA	NA	NA	NA	NA	NA	NA	NA	NA	NA	NA	NA	NA	NA	NA	NA	NA	NA	NA	NA	NA	NA	NA	NA	NA	NA	NA	NA	NA	NA	NA	NA	NA	NA	NA	NA	NA	NA	NA	NA	NA	NA	NA	NA	NA	NA	NA	NA	NA	NA	NA	NA	NA	NA	NA	NA	NA	NA	NA	NA	NA	NA	NA	NA	NA	NA	NA	NA	NA	NA	NA	NA	NA	NA	NA	NA	NA	NA	NA	NA	NA	NA	NA	NA	NA	NA	NA	NA	NA	NA	NA	NA	NA	NA	NA	NA	NA	NA	NA	NA	NA	NA	NA	NA	NA	NA	NA	NA	NA	NA	NA	NA	NA	NA	NA	NA	NA	NA	NA	NA	NA	NA	NA	NA	NA	NA	NA	NA	NA	NA	NA	NA	Female	NA	NA	NA	NA	NA	NA	NA	NA	NA	NA	NA	NA	NA	NA	NA	NA	NA	NA	0.0550	G3	NA	NA	NA	NA	NA	NA	NA	NA	NA	22.78331196	0:LIVING	NA	NA	NA	NA	NA	NA	NA	2009	NA	NA	NA	NA	NA	0	NA	22.78331196	0:DiseaseFree	NA	NA	NA	5/18/11	NA	NA	NA	NA	NA	No	NA	NA	NA	C54.1	8380/3	C54.1	Yes	NA	NA	NA	NA	NA	NA	NA	NA	NA	NA	NA	NA	NA	NA	NA	No	NA	NA	972db411-9744-46f0-89c7-efe14135f1b4	NA	NA	NA	NA	NA	NA	NA	NA	NA	NA	NA	NA	NA	NA	NA	NA	NA	NA	NA	NA	NA	NA	NA	NA	NA	NA	University of North Carolina	NA	NA	NA	NA	105	NA	693	-27127	NA	NA	NA	NA	NA	NA	NA	NA	NA	NA	NA	NA	NA	2	NA	UCEC	22.78331196	0:ALIVE OR DEAD TUMOR FREE	EUR	Yes	0.9016	21.97	Tumor Free	22.78331196	0:CENSORED	NA	Yes	Yes	NA	UCEC_MSI	3	Yes	No	EY	Uterus	Endometrioid Endometrial Adenocarcinoma	NA	NA	NA	NA	NA	NA	NA	NA	NA	NA	NA	NA	NA	NA	NA	NA
ucec_tcga_pan_can_atlas_2018	TCGA-EY-A1GL	TCGA-EY-A1GL-01	Endometrial Cancer	Uterine Endometrioid Carcinoma	NA	NA	NA	NA	42	UEC	White	1	Primary	Matched	1.433333333	NA	NA	NA	NA	NA	NA	51	NA	NA	NA	NA	NA	NA	NA	NA	NA	NA	NA	NA	NA	NA	NA	NA	NA	NA	NA	NA	NA	NA	NA	NA	NA	NA	NA	NA	NA	NA	NA	NA	NA	NA	NA	NA	NA	NA	NA	NA	NA	NA	NA	NA	NA	NA	NA	NA	NA	NA	NA	NA	NA	NA	NA	NA	NA	NA	NA	NA	NA	NA	NA	NA	NA	NA	NA	NA	NA	NA	NA	NA	NA	NA	NA	NA	NA	NA	NA	NA	NA	NA	NA	NA	NA	NA	NA	NA	NA	NA	NA	NA	NA	NA	NA	NA	NA	NA	NA	NA	NA	NA	NA	NA	NA	NA	NA	NA	NA	NA	NA	NA	NA	NA	NA	NA	NA	NA	NA	NA	NA	NA	NA	NA	NA	NA	NA	NA	NA	NA	NA	NA	NA	NA	NA	NA	NA	NA	NA	Female	NA	NA	NA	NA	NA	NA	NA	NA	NA	NA	NA	NA	NA	NA	NA	NA	NA	NA	0.0655	G2	NA	NA	NA	NA	NA	NA	NA	NA	NA	33.33662097	0:LIVING	NA	NA	NA	NA	NA	NA	NA	2009	NA	NA	NA	NA	NA	0	NA	33.33662097	0:DiseaseFree	NA	NA	NA	5/18/11	NA	NA	NA	NA	NA	No	NA	NA	NA	C54.1	8380/3	C54.1	Yes	NA	NA	NA	NA	NA	NA	NA	NA	NA	NA	NA	NA	NA	NA	NA	No	NA	NA	d46d5af5-62ae-43eb-a885-4c078e0c956e	NA	NA	NA	NA	NA	NA	NA	NA	NA	NA	NA	NA	NA	NA	NA	NA	NA	NA	NA	NA	NA	NA	NA	NA	NA	NA	University of North Carolina	NA	NA	NA	NA	73	NA	1014	-18761	NA	NA	NA	NA	NA	NA	NA	NA	NA	NA	NA	NA	NA	3	19	UCEC	33.33662097	0:ALIVE OR DEAD TUMOR FREE	EUR	Yes	0.2939	0.05	Tumor Free	33.33662097	0:CENSORED	NA	No	Yes	-6	UCEC_CN_LOW	0	Yes	No	EY	Uterus	Endometrioid Endometrial Adenocarcinoma	24	NA	NA	NA	NA	NA	NA	NA	NA	NA	NA	NA	NA	NA	NA	NA
ucec_tcga_pan_can_atlas_2018	TCGA-EY-A1GM	TCGA-EY-A1GM-01	Endometrial Cancer	Uterine Mixed Endometrial Carcinoma	NA	NA	NA	NA	33	UMEC	Black or African American	1	Primary	Matched	1.1	NA	NA	NA	NA	NA	NA	60	NA	NA	NA	NA	NA	NA	NA	NA	NA	NA	NA	NA	NA	NA	NA	NA	NA	NA	NA	NA	NA	NA	NA	NA	NA	NA	NA	NA	NA	NA	NA	NA	NA	NA	NA	NA	NA	NA	NA	NA	NA	NA	NA	NA	NA	NA	NA	NA	NA	NA	NA	NA	NA	NA	NA	NA	NA	NA	NA	NA	NA	NA	NA	NA	NA	NA	NA	NA	NA	NA	NA	NA	NA	NA	NA	NA	NA	NA	NA	NA	NA	NA	NA	NA	NA	NA	NA	NA	NA	NA	NA	NA	NA	NA	NA	NA	NA	NA	NA	NA	NA	NA	NA	NA	NA	NA	NA	NA	NA	NA	NA	NA	NA	NA	NA	NA	NA	NA	NA	NA	NA	NA	NA	NA	NA	NA	NA	NA	NA	NA	NA	NA	NA	NA	NA	NA	NA	NA	NA	Female	NA	NA	NA	NA	NA	NA	NA	NA	NA	NA	NA	NA	NA	NA	NA	NA	NA	NA	0.3240	G3	NA	NA	NA	NA	NA	NA	NA	NA	NA	32.71197028	1:DECEASED	NA	NA	NA	NA	NA	NA	NA	2009	NA	NA	NA	NA	NA	0	NA	26.00519446	1:Recurred/Progressed	NA	NA	NA	5/18/11	NA	NA	NA	NA	NA	No	NA	NA	NA	C54.1	8441/3	C54.1	Yes	NA	NA	NA	NA	NA	NA	NA	NA	NA	NA	NA	NA	NA	NA	NA	Yes	NA	NA	1a094c2b-9fba-4bb1-929d-bb2cdf874bee	NA	NA	NA	NA	NA	NA	NA	NA	NA	NA	NA	NA	NA	NA	NA	NA	NA	NA	NA	NA	NA	NA	NA	NA	NA	NA	University of North Carolina	NA	NA	NA	NA	71	NA	210	-22010	NA	NA	NA	NA	NA	NA	NA	NA	NA	NA	NA	NA	NA	11	NA	UCEC	32.71197028	1:DEAD WITH TUMOR	AFR_ADMIX	Yes	0.2797	0.59	Tumor Free	26.00519446	1:PROGRESSION	NA	No	No	NA	UCEC_CN_HIGH	212	Yes	No	EY	Uterus	Mixed Serous and Endometrioid Carcinoma	NA	NA	NA	NA	NA	NA	NA	NA	NA	NA	NA	NA	NA	NA	NA	NA
ucec_tcga_pan_can_atlas_2018	TCGA-EY-A1GO	TCGA-EY-A1GO-01	Endometrial Cancer	Uterine Endometrioid Carcinoma	Not Hispanic Or Latino	NA	NA	NA	291	UEC	White	1	Primary	Matched	9.766666667	NA	NA	NA	NA	NA	NA	65	NA	NA	NA	NA	NA	NA	NA	NA	NA	NA	NA	NA	NA	NA	NA	NA	NA	NA	NA	NA	NA	NA	NA	NA	NA	NA	NA	NA	NA	NA	NA	NA	NA	NA	NA	NA	NA	NA	NA	NA	NA	NA	NA	NA	NA	NA	NA	NA	NA	NA	NA	NA	NA	NA	NA	NA	NA	NA	NA	NA	NA	NA	NA	NA	NA	NA	NA	NA	NA	NA	NA	NA	NA	NA	NA	NA	NA	NA	NA	NA	NA	NA	NA	NA	NA	NA	NA	NA	NA	NA	NA	NA	NA	NA	NA	NA	NA	NA	NA	NA	NA	NA	NA	NA	NA	NA	NA	NA	NA	NA	NA	NA	NA	NA	NA	NA	NA	NA	NA	NA	NA	NA	NA	NA	NA	NA	NA	NA	NA	NA	NA	NA	NA	NA	NA	NA	NA	NA	NA	Female	NA	NA	NA	NA	NA	NA	NA	NA	NA	NA	NA	NA	NA	NA	NA	NA	NA	NA	0.6229	G2	NA	NA	NA	NA	NA	NA	NA	NA	NA	19.2655423	0:LIVING	NA	NA	NA	NA	NA	NA	NA	2009	NA	NA	NA	NA	NA	0	NA	16.99707401	1:Recurred/Progressed	NA	NA	NA	5/18/11	NA	NA	NA	NA	NA	No	NA	NA	NA	C54.1	8380/3	C54.1	Yes	NA	NA	NA	NA	NA	NA	NA	NA	NA	NA	NA	NA	NA	NA	NA	Yes	NA	NA	9370e189-8fb7-4bfa-8ef9-2220f3557188	NA	NA	NA	NA	NA	NA	NA	NA	NA	NA	NA	NA	NA	NA	NA	NA	NA	NA	NA	NA	NA	NA	NA	NA	NA	NA	University of North Carolina	NA	NA	NA	NA	76	NA	586	-23853	NA	NA	NA	NA	NA	NA	NA	NA	NA	NA	NA	NA	NA	22	3	UCEC	19.2655423	0:ALIVE OR DEAD TUMOR FREE	EUR	Yes	0.4959	3.82	Tumor Free	16.99707401	1:PROGRESSION	NA	No	Yes	6	UCEC_MSI	11	Yes	No	EY	Uterus	Endometrioid Endometrial Adenocarcinoma	2	NA	NA	NA	NA	NA	NA	NA	NA	NA	NA	NA	NA	NA	NA	NA
ucec_tcga_pan_can_atlas_2018	TCGA-EY-A1GP	TCGA-EY-A1GP-01	Endometrial Cancer	Uterine Endometrioid Carcinoma	Not Hispanic Or Latino	NA	NA	NA	30	UEC	Black or African American	1	Primary	Matched	1	NA	NA	NA	NA	NA	NA	54	NA	NA	NA	NA	NA	NA	NA	NA	NA	NA	NA	NA	NA	NA	NA	NA	NA	NA	NA	NA	NA	NA	NA	NA	NA	NA	NA	NA	NA	NA	NA	NA	NA	NA	NA	NA	NA	NA	NA	NA	NA	NA	NA	NA	NA	NA	NA	NA	NA	NA	NA	NA	NA	NA	NA	NA	NA	NA	NA	NA	NA	NA	NA	NA	NA	NA	NA	NA	NA	NA	NA	NA	NA	NA	NA	NA	NA	NA	NA	NA	NA	NA	NA	NA	NA	NA	NA	NA	NA	NA	NA	NA	NA	NA	NA	NA	NA	NA	NA	NA	NA	NA	NA	NA	NA	NA	NA	NA	NA	NA	NA	NA	NA	NA	NA	NA	NA	NA	NA	NA	NA	NA	NA	NA	NA	NA	NA	NA	NA	NA	NA	NA	NA	NA	NA	NA	NA	NA	NA	Female	NA	NA	NA	NA	NA	NA	NA	NA	NA	NA	NA	NA	NA	NA	NA	NA	NA	NA	0.9472	G1	NA	NA	NA	NA	NA	NA	NA	NA	NA	18.83814972	0:LIVING	NA	NA	NA	NA	NA	NA	NA	2009	NA	NA	NA	NA	NA	0	NA	18.83814972	0:DiseaseFree	NA	NA	NA	5/19/11	NA	NA	NA	NA	NA	No	NA	NA	NA	C54.1	8380/3	C54.1	Yes	NA	NA	NA	NA	NA	NA	NA	NA	NA	NA	NA	NA	NA	NA	NA	No	NA	NA	75fb484d-cd12-4cf0-a99d-faf27aead118	NA	NA	NA	NA	NA	NA	NA	NA	NA	NA	NA	NA	NA	NA	NA	NA	NA	NA	NA	NA	NA	NA	NA	NA	NA	NA	University of North Carolina	NA	NA	NA	NA	72	NA	573	-20011	NA	NA	NA	NA	NA	NA	NA	NA	NA	NA	NA	NA	NA	16	-1	UCEC	18.83814972	0:ALIVE OR DEAD TUMOR FREE	AFR	Yes	0.3006	0.5	Tumor Free	18.83814972	0:CENSORED	NA	No	No	4	UCEC_CN_HIGH	15	Yes	No	EY	Uterus	Endometrioid Endometrial Adenocarcinoma	22	NA	NA	NA	NA	NA	NA	NA	NA	NA	NA	NA	NA	NA	NA	NA
ucec_tcga_pan_can_atlas_2018	TCGA-EY-A1GQ	TCGA-EY-A1GQ-01	Endometrial Cancer	Uterine Endometrioid Carcinoma	Not Hispanic Or Latino	NA	NA	NA	453	UEC	White	1	Primary	Matched	15.36666667	NA	NA	NA	NA	NA	NA	76	NA	NA	NA	NA	NA	NA	NA	NA	NA	NA	NA	NA	NA	NA	NA	NA	NA	NA	NA	NA	NA	NA	NA	NA	NA	NA	NA	NA	NA	NA	NA	NA	NA	NA	NA	NA	NA	NA	NA	NA	NA	NA	NA	NA	NA	NA	NA	NA	NA	NA	NA	NA	NA	NA	NA	NA	NA	NA	NA	NA	NA	NA	NA	NA	NA	NA	NA	NA	NA	NA	NA	NA	NA	NA	NA	NA	NA	NA	NA	NA	NA	NA	NA	NA	NA	NA	NA	NA	NA	NA	NA	NA	NA	NA	NA	NA	NA	NA	NA	NA	NA	NA	NA	NA	NA	NA	NA	NA	NA	NA	NA	NA	NA	NA	NA	NA	NA	NA	NA	NA	NA	NA	NA	NA	NA	NA	NA	NA	NA	NA	NA	NA	NA	NA	NA	NA	NA	NA	NA	Female	NA	NA	NA	NA	NA	NA	NA	NA	NA	NA	NA	NA	NA	NA	NA	NA	NA	NA	0.2584	G3	NA	NA	NA	NA	NA	NA	NA	NA	NA	17.88473551	0:LIVING	NA	NA	NA	NA	NA	NA	NA	2009	NA	NA	NA	NA	NA	0	NA	10.98070158	1:Recurred/Progressed	NA	NA	NA	5/19/11	NA	NA	NA	NA	NA	No	NA	NA	NA	C54.1	8380/3	C54.1	Yes	NA	NA	NA	NA	NA	NA	NA	NA	NA	NA	NA	NA	NA	NA	NA	Yes	NA	NA	8636db4d-a67b-4d8a-b02f-15fce553cf17	NA	NA	NA	NA	NA	NA	NA	NA	NA	NA	NA	NA	NA	NA	NA	NA	NA	NA	NA	NA	NA	NA	NA	NA	NA	NA	University of North Carolina	NA	NA	NA	NA	81	NA	544	-27905	NA	NA	NA	NA	NA	NA	NA	NA	NA	NA	NA	NA	NA	9	NA	UCEC	17.88473551	0:ALIVE OR DEAD TUMOR FREE	EUR	Yes	0.6634	13.42	With Tumor	10.98070158	1:PROGRESSION	NA	Yes	Yes	NA	UCEC_MSI	0	Yes	No	EY	Uterus	Endometrioid Endometrial Adenocarcinoma	NA	NA	NA	NA	NA	NA	NA	NA	NA	NA	NA	NA	NA	NA	NA	NA
ucec_tcga_pan_can_atlas_2018	TCGA-EY-A1GR	TCGA-EY-A1GR-01	Endometrial Cancer	Uterine Endometrioid Carcinoma	Not Hispanic Or Latino	NA	NA	NA	42	UEC	Black or African American	1	Primary	Matched	1.366666667	NA	NA	NA	NA	NA	NA	67	NA	NA	NA	NA	NA	NA	NA	NA	NA	NA	NA	NA	NA	NA	NA	NA	NA	NA	NA	NA	NA	NA	NA	NA	NA	NA	NA	NA	NA	NA	NA	NA	NA	NA	NA	NA	NA	NA	NA	NA	NA	NA	NA	NA	NA	NA	NA	NA	NA	NA	NA	NA	NA	NA	NA	NA	NA	NA	NA	NA	NA	NA	NA	NA	NA	NA	NA	NA	NA	NA	NA	NA	NA	NA	NA	NA	NA	NA	NA	NA	NA	NA	NA	NA	NA	NA	NA	NA	NA	NA	NA	NA	NA	NA	NA	NA	NA	NA	NA	NA	NA	NA	NA	NA	NA	NA	NA	NA	NA	NA	NA	NA	NA	NA	NA	NA	NA	NA	NA	NA	NA	NA	NA	NA	NA	NA	NA	NA	NA	NA	NA	NA	NA	NA	NA	NA	NA	NA	NA	Female	NA	NA	NA	NA	NA	NA	NA	NA	NA	NA	NA	NA	NA	NA	NA	NA	NA	NA	0.7230	G3	NA	NA	NA	NA	NA	NA	NA	NA	NA	17.62172469	0:LIVING	NA	NA	NA	NA	NA	NA	NA	2009	NA	NA	NA	NA	NA	0	NA	17.62172469	0:DiseaseFree	NA	NA	NA	5/19/11	NA	NA	NA	NA	NA	No	NA	NA	NA	C54.1	8380/3	C54.1	Yes	NA	NA	NA	NA	NA	NA	NA	NA	NA	NA	NA	NA	NA	NA	NA	No	NA	NA	70cdb758-26c9-4c11-a495-0c31cbc84949	NA	NA	NA	NA	NA	NA	NA	NA	NA	NA	NA	NA	NA	NA	NA	NA	NA	NA	NA	NA	NA	NA	NA	NA	NA	NA	University of North Carolina	NA	NA	NA	NA	93	NA	536	-24784	NA	NA	NA	NA	NA	NA	NA	NA	NA	NA	NA	NA	NA	24	NA	UCEC	17.62172469	0:ALIVE OR DEAD TUMOR FREE	AFR	Yes	0.281	0.58	Tumor Free	17.62172469	0:CENSORED	NA	No	No	NA	UCEC_CN_HIGH	209	Yes	No	EY	Uterus	Endometrioid Endometrial Adenocarcinoma	NA	NA	NA	NA	NA	NA	NA	NA	NA	NA	NA	NA	NA	NA	NA	NA
ucec_tcga_pan_can_atlas_2018	TCGA-EY-A1GS	TCGA-EY-A1GS-01	Endometrial Cancer	Uterine Serous Carcinoma/Uterine Papillary Serous Carcinoma	Not Hispanic Or Latino	NA	NA	NA	353	USC	Black or African American	1	Primary	Matched	11.86666667	NA	NA	NA	NA	NA	NA	71	NA	NA	NA	NA	NA	NA	NA	NA	NA	NA	NA	NA	NA	NA	NA	NA	NA	NA	NA	NA	NA	NA	NA	NA	NA	NA	NA	NA	NA	NA	NA	NA	NA	NA	NA	NA	NA	NA	NA	NA	NA	NA	NA	NA	NA	NA	NA	NA	NA	NA	NA	NA	NA	NA	NA	NA	NA	NA	NA	NA	NA	NA	NA	NA	NA	NA	NA	NA	NA	NA	NA	NA	NA	NA	NA	NA	NA	NA	NA	NA	NA	NA	NA	NA	NA	NA	NA	NA	NA	NA	NA	NA	NA	NA	NA	NA	NA	NA	NA	NA	NA	NA	NA	NA	NA	NA	NA	NA	NA	NA	NA	NA	NA	NA	NA	NA	NA	NA	NA	NA	NA	NA	NA	NA	NA	NA	NA	NA	NA	NA	NA	NA	NA	NA	NA	NA	NA	NA	NA	Female	NA	NA	NA	NA	NA	NA	NA	NA	NA	NA	NA	NA	NA	NA	NA	NA	NA	NA	0.6302	G3	NA	NA	NA	NA	NA	NA	NA	NA	NA	22.02715587	1:DECEASED	NA	NA	NA	NA	NA	NA	NA	2009	NA	NA	NA	NA	NA	0	NA	NA	NA	NA	NA	NA	5/19/11	NA	NA	NA	NA	NA	No	NA	NA	NA	C54.1	8441/3	C54.1	Yes	NA	NA	NA	NA	NA	NA	NA	NA	NA	NA	NA	NA	NA	NA	NA	No	NA	NA	c10b2885-70ea-4d32-bc48-8b85530df702	NA	NA	NA	NA	NA	NA	NA	NA	NA	NA	NA	NA	NA	NA	NA	NA	NA	NA	NA	NA	NA	NA	NA	NA	NA	NA	University of North Carolina	NA	NA	NA	NA	62	NA	459	-26012	NA	NA	NA	NA	NA	NA	NA	NA	NA	NA	NA	NA	NA	24	NA	UCEC	22.02715587	1:DEAD WITH TUMOR	AFR_ADMIX	Yes	0.3141	1.42	With Tumor	22.02715587	1:PROGRESSION	NA	No	No	NA	UCEC_CN_HIGH	261	Yes	No	EY	Uterus	Serous Endometrial Adenocarcinoma	NA	NA	NA	NA	NA	NA	NA	NA	NA	NA	NA	NA	NA	NA	NA	NA
ucec_tcga_pan_can_atlas_2018	TCGA-EY-A1GT	TCGA-EY-A1GT-01	Endometrial Cancer	Uterine Endometrioid Carcinoma	Not Hispanic Or Latino	NA	NA	NA	78	UEC	White	1	Primary	Matched	2.6	NA	NA	NA	NA	NA	NA	68	NA	NA	NA	NA	NA	NA	NA	NA	NA	NA	NA	NA	NA	NA	NA	NA	NA	NA	NA	NA	NA	NA	NA	NA	NA	NA	NA	NA	NA	NA	NA	NA	NA	NA	NA	NA	NA	NA	NA	NA	NA	NA	NA	NA	NA	NA	NA	NA	NA	NA	NA	NA	NA	NA	NA	NA	NA	NA	NA	NA	NA	NA	NA	NA	NA	NA	NA	NA	NA	NA	NA	NA	NA	NA	NA	NA	NA	NA	NA	NA	NA	NA	NA	NA	NA	NA	NA	NA	NA	NA	NA	NA	NA	NA	NA	NA	NA	NA	NA	NA	NA	NA	NA	NA	NA	NA	NA	NA	NA	NA	NA	NA	NA	NA	NA	NA	NA	NA	NA	NA	NA	NA	NA	NA	NA	NA	NA	NA	NA	NA	NA	NA	NA	NA	NA	NA	NA	NA	NA	Female	NA	NA	NA	NA	NA	NA	NA	NA	NA	NA	NA	NA	NA	NA	NA	NA	NA	NA	0.0810	G1	NA	NA	NA	NA	NA	NA	NA	NA	NA	16.1094125	0:LIVING	NA	NA	NA	NA	NA	NA	NA	2009	NA	NA	NA	NA	NA	0	NA	16.1094125	0:DiseaseFree	NA	NA	NA	5/24/11	NA	NA	NA	NA	NA	No	NA	NA	NA	C54.1	8380/3	C54.1	Yes	NA	NA	NA	NA	NA	NA	NA	NA	NA	NA	NA	NA	NA	NA	NA	No	NA	NA	e0d13e2d-cf48-4b66-bfc2-88f872f67d79	NA	NA	NA	NA	NA	NA	NA	NA	NA	NA	NA	NA	NA	NA	NA	NA	NA	NA	NA	NA	NA	NA	NA	NA	NA	NA	University of North Carolina	NA	NA	NA	NA	70	NA	490	-25151	NA	NA	NA	NA	NA	NA	NA	NA	NA	NA	NA	NA	NA	NA	NA	UCEC	16.1094125	0:ALIVE OR DEAD TUMOR FREE	EUR	Yes	0.2756	0.02	Tumor Free	16.1094125	0:CENSORED	NA	No	No	NA	UCEC_CN_LOW	0	Yes	No	EY	Uterus	Endometrioid Endometrial Adenocarcinoma	NA	NA	NA	NA	NA	NA	NA	NA	NA	NA	NA	NA	NA	NA	NA	NA
ucec_tcga_pan_can_atlas_2018	TCGA-EY-A1GU	TCGA-EY-A1GU-01	Endometrial Cancer	Uterine Endometrioid Carcinoma	Not Hispanic Or Latino	NA	NA	NA	1181	UEC	Black or African American	1	Primary	Matched	40.13333333	NA	NA	NA	NA	NA	NA	66	NA	NA	NA	NA	NA	NA	NA	NA	NA	NA	NA	NA	NA	NA	NA	NA	NA	NA	NA	NA	NA	NA	NA	NA	NA	NA	NA	NA	NA	NA	NA	NA	NA	NA	NA	NA	NA	NA	NA	NA	NA	NA	NA	NA	NA	NA	NA	NA	NA	NA	NA	NA	NA	NA	NA	NA	NA	NA	NA	NA	NA	NA	NA	NA	NA	NA	NA	NA	NA	NA	NA	NA	NA	NA	NA	NA	NA	NA	NA	NA	NA	NA	NA	NA	NA	NA	NA	NA	NA	NA	NA	NA	NA	NA	NA	NA	NA	NA	NA	NA	NA	NA	NA	NA	NA	NA	NA	NA	NA	NA	NA	NA	NA	NA	NA	NA	NA	NA	NA	NA	NA	NA	NA	NA	NA	NA	NA	NA	NA	NA	NA	NA	NA	NA	NA	NA	NA	NA	NA	Female	NA	NA	NA	NA	NA	NA	NA	NA	NA	NA	NA	NA	NA	NA	NA	NA	NA	NA	0.0341	G2	NA	NA	NA	NA	NA	NA	NA	NA	NA	32.77772298	1:DECEASED	NA	NA	NA	NA	NA	NA	NA	2009	NA	NA	NA	NA	NA	0	NA	32.77772298	0:DiseaseFree	NA	NA	NA	5/24/11	NA	NA	NA	NA	NA	No	NA	NA	NA	C54.1	8380/3	C54.1	Yes	NA	NA	NA	NA	NA	NA	NA	NA	NA	NA	NA	NA	NA	NA	NA	No	NA	NA	5dd28537-d24f-4a6d-a454-6f64cf37e16a	NA	NA	NA	NA	NA	NA	NA	NA	NA	NA	NA	NA	NA	NA	NA	NA	NA	NA	NA	NA	NA	NA	NA	NA	NA	NA	University of North Carolina	NA	NA	NA	NA	90	NA	378	-24304	NA	NA	NA	NA	NA	NA	NA	NA	NA	NA	NA	NA	NA	1	NA	UCEC	32.77772298	0:ALIVE OR DEAD TUMOR FREE	AFR	Yes	0.9342	22.78	Tumor Free	32.77772298	0:CENSORED	NA	No	Yes	NA	UCEC_MSI	0	Yes	No	EY	Uterus	Endometrioid Endometrial Adenocarcinoma	NA	NA	NA	NA	NA	NA	NA	NA	NA	NA	NA	NA	NA	NA	NA	NA
ucec_tcga_pan_can_atlas_2018	TCGA-EY-A1GV	TCGA-EY-A1GV-01	Endometrial Cancer	Uterine Mixed Endometrial Carcinoma	Not Hispanic Or Latino	NA	NA	NA	35	UMEC	White	1	Primary	Matched	1.133333333	NA	NA	NA	NA	NA	NA	75	NA	NA	NA	NA	NA	NA	NA	NA	NA	NA	NA	NA	NA	NA	NA	NA	NA	NA	NA	NA	NA	NA	NA	NA	NA	NA	NA	NA	NA	NA	NA	NA	NA	NA	NA	NA	NA	NA	NA	NA	NA	NA	NA	NA	NA	NA	NA	NA	NA	NA	NA	NA	NA	NA	NA	NA	NA	NA	NA	NA	NA	NA	NA	NA	NA	NA	NA	NA	NA	NA	NA	NA	NA	NA	NA	NA	NA	NA	NA	NA	NA	NA	NA	NA	NA	NA	NA	NA	NA	NA	NA	NA	NA	NA	NA	NA	NA	NA	NA	NA	NA	NA	NA	NA	NA	NA	NA	NA	NA	NA	NA	NA	NA	NA	NA	NA	NA	NA	NA	NA	NA	NA	NA	NA	NA	NA	NA	NA	NA	NA	NA	NA	NA	NA	NA	NA	NA	NA	NA	Female	NA	NA	NA	NA	NA	NA	NA	NA	NA	NA	NA	NA	NA	NA	NA	NA	NA	NA	0.1646	G3	NA	NA	NA	NA	NA	NA	NA	NA	NA	15.81352533	0:LIVING	NA	NA	NA	NA	NA	NA	NA	2009	NA	NA	NA	NA	NA	0	NA	15.81352533	0:DiseaseFree	NA	NA	NA	5/24/11	NA	NA	NA	NA	NA	No	NA	NA	NA	C54.1	8441/3	C54.1	Yes	NA	NA	NA	NA	NA	NA	NA	NA	NA	NA	NA	NA	NA	NA	NA	No	NA	NA	e3e39474-c2b0-45af-bbe1-4c24f17cc284	NA	NA	NA	NA	NA	NA	NA	NA	NA	NA	NA	NA	NA	NA	NA	NA	NA	NA	NA	NA	NA	NA	NA	NA	NA	NA	University of North Carolina	NA	NA	NA	NA	79	NA	481	-27581	NA	NA	NA	NA	NA	NA	NA	NA	NA	NA	NA	NA	NA	6	NA	UCEC	15.81352533	0:ALIVE OR DEAD TUMOR FREE	EUR	Yes	0.2862	0.01	Tumor Free	15.81352533	0:CENSORED	NA	No	Yes	NA	UCEC_CN_LOW	179	Yes	No	EY	Uterus	Mixed Serous and Endometrioid Carcinoma	NA	NA	NA	NA	NA	NA	NA	NA	NA	NA	NA	NA	NA	NA	NA	NA
ucec_tcga_pan_can_atlas_2018	TCGA-EY-A1GW	TCGA-EY-A1GW-01	Endometrial Cancer	Uterine Endometrioid Carcinoma	Hispanic Or Latino	NA	NA	NA	55	UEC	White	1	Primary	Matched	1.833333333	NA	NA	NA	NA	NA	NA	73	NA	NA	NA	NA	NA	NA	NA	NA	NA	NA	NA	NA	NA	NA	NA	NA	NA	NA	NA	NA	NA	NA	NA	NA	NA	NA	NA	NA	NA	NA	NA	NA	NA	NA	NA	NA	NA	NA	NA	NA	NA	NA	NA	NA	NA	NA	NA	NA	NA	NA	NA	NA	NA	NA	NA	NA	NA	NA	NA	NA	NA	NA	NA	NA	NA	NA	NA	NA	NA	NA	NA	NA	NA	NA	NA	NA	NA	NA	NA	NA	NA	NA	NA	NA	NA	NA	NA	NA	NA	NA	NA	NA	NA	NA	NA	NA	NA	NA	NA	NA	NA	NA	NA	NA	NA	NA	NA	NA	NA	NA	NA	NA	NA	NA	NA	NA	NA	NA	NA	NA	NA	NA	NA	NA	NA	NA	NA	NA	NA	NA	NA	NA	NA	NA	NA	NA	NA	NA	NA	Female	NA	NA	NA	NA	NA	NA	NA	NA	NA	NA	NA	NA	NA	NA	NA	NA	NA	NA	0.5739	G3	NA	NA	NA	NA	NA	NA	NA	NA	NA	11.07933064	1:DECEASED	NA	NA	NA	NA	NA	NA	NA	2009	NA	NA	NA	NA	NA	0	NA	NA	NA	NA	NA	NA	5/24/11	NA	NA	NA	NA	NA	No	NA	NA	NA	C54.1	8380/3	C54.1	Yes	NA	NA	NA	NA	NA	NA	NA	NA	NA	NA	NA	NA	NA	NA	NA	Yes	NA	NA	f8ac5fd2-11f2-4b3a-a3a6-ff1a6d8e1cae	NA	NA	NA	NA	NA	NA	NA	NA	NA	NA	NA	NA	NA	NA	NA	NA	NA	NA	NA	NA	NA	NA	NA	NA	NA	NA	University of North Carolina	NA	NA	NA	NA	81	NA	260	-26979	NA	NA	NA	NA	NA	NA	NA	NA	NA	NA	NA	NA	NA	9	NA	UCEC	11.07933064	1:DEAD WITH TUMOR	EUR	Yes	0.2974	0.32	With Tumor	6.246506888	1:PROGRESSION	NA	No	No	NA	UCEC_CN_HIGH	90	Yes	No	EY	Uterus	Endometrioid Endometrial Adenocarcinoma	NA	NA	NA	NA	NA	NA	NA	NA	NA	NA	NA	NA	NA	NA	NA	NA
ucec_tcga_pan_can_atlas_2018	TCGA-EY-A1GX	TCGA-EY-A1GX-01	Endometrial Cancer	Uterine Endometrioid Carcinoma	Not Hispanic Or Latino	NA	NA	NA	71	UEC	White	1	Primary	Matched	2.433333333	NA	NA	NA	NA	NA	NA	76	NA	NA	NA	NA	NA	NA	NA	NA	NA	NA	NA	NA	NA	NA	NA	NA	NA	NA	NA	NA	NA	NA	NA	NA	NA	NA	NA	NA	NA	NA	NA	NA	NA	NA	NA	NA	NA	NA	NA	NA	NA	NA	NA	NA	NA	NA	NA	NA	NA	NA	NA	NA	NA	NA	NA	NA	NA	NA	NA	NA	NA	NA	NA	NA	NA	NA	NA	NA	NA	NA	NA	NA	NA	NA	NA	NA	NA	NA	NA	NA	NA	NA	NA	NA	NA	NA	NA	NA	NA	NA	NA	NA	NA	NA	NA	NA	NA	NA	NA	NA	NA	NA	NA	NA	NA	NA	NA	NA	NA	NA	NA	NA	NA	NA	NA	NA	NA	NA	NA	NA	NA	NA	NA	NA	NA	NA	NA	NA	NA	NA	NA	NA	NA	NA	NA	NA	NA	NA	NA	Female	NA	NA	NA	NA	NA	NA	NA	NA	NA	NA	NA	NA	NA	NA	NA	NA	NA	NA	0.1997	G2	NA	NA	NA	NA	NA	NA	NA	NA	NA	37.05164875	1:DECEASED	NA	NA	NA	NA	NA	NA	NA	2009	NA	NA	NA	NA	NA	0	NA	24.42712957	1:Recurred/Progressed	NA	NA	NA	5/24/11	NA	NA	NA	NA	NA	No	NA	NA	NA	C54.1	8380/3	C54.1	Yes	NA	NA	NA	NA	NA	NA	NA	NA	NA	NA	NA	NA	NA	NA	NA	Yes	NA	NA	a7fd6522-8953-461f-9e5f-fdeb7d180d46	NA	NA	NA	NA	NA	NA	NA	NA	NA	NA	NA	NA	NA	NA	NA	NA	NA	NA	NA	NA	NA	NA	NA	NA	NA	NA	University of North Carolina	NA	NA	NA	NA	69	NA	197	-27962	NA	NA	NA	NA	NA	NA	NA	NA	NA	NA	NA	NA	NA	8	5	UCEC	37.05164875	0:ALIVE OR DEAD TUMOR FREE	EUR	Yes	0.3021	0.43	Tumor Free	24.42712957	1:PROGRESSION	NA	No	No	2	UCEC_CN_HIGH	10	Yes	No	EY	Uterus	Endometrioid Endometrial Adenocarcinoma	0	NA	NA	NA	NA	NA	NA	NA	NA	NA	NA	NA	NA	NA	NA	NA
ucec_tcga_pan_can_atlas_2018	TCGA-EY-A1H0	TCGA-EY-A1H0-01	Endometrial Cancer	Uterine Endometrioid Carcinoma	Not Hispanic Or Latino	NA	NA	NA	342	UEC	Black or African American	1	Primary	Matched	11.43333333	NA	NA	NA	NA	NA	NA	57	NA	NA	NA	NA	NA	NA	NA	NA	NA	NA	NA	NA	NA	NA	NA	NA	NA	NA	NA	NA	NA	NA	NA	NA	NA	NA	NA	NA	NA	NA	NA	NA	NA	NA	NA	NA	NA	NA	NA	NA	NA	NA	NA	NA	NA	NA	NA	NA	NA	NA	NA	NA	NA	NA	NA	NA	NA	NA	NA	NA	NA	NA	NA	NA	NA	NA	NA	NA	NA	NA	NA	NA	NA	NA	NA	NA	NA	NA	NA	NA	NA	NA	NA	NA	NA	NA	NA	NA	NA	NA	NA	NA	NA	NA	NA	NA	NA	NA	NA	NA	NA	NA	NA	NA	NA	NA	NA	NA	NA	NA	NA	NA	NA	NA	NA	NA	NA	NA	NA	NA	NA	NA	NA	NA	NA	NA	NA	NA	NA	NA	NA	NA	NA	NA	NA	NA	NA	NA	NA	Female	NA	NA	NA	NA	NA	NA	NA	NA	NA	NA	NA	NA	NA	NA	NA	NA	NA	NA	0.1423	G2	NA	NA	NA	NA	NA	NA	NA	NA	NA	19.331295	0:LIVING	NA	NA	NA	NA	NA	NA	NA	2009	NA	NA	NA	NA	NA	0	NA	NA	NA	NA	NA	NA	5/19/11	NA	NA	NA	NA	NA	No	NA	NA	NA	C54.1	8380/3	C54.1	Yes	NA	NA	NA	NA	NA	NA	NA	NA	NA	NA	NA	NA	NA	NA	NA	No	NA	NA	c71e0986-56c0-45f4-be8d-2236e4418604	NA	NA	NA	NA	NA	NA	NA	NA	NA	NA	NA	NA	NA	NA	NA	NA	NA	NA	NA	NA	NA	NA	NA	NA	NA	NA	University of North Carolina	NA	NA	NA	NA	90	NA	588	-20937	NA	NA	NA	NA	NA	NA	NA	NA	NA	NA	NA	NA	NA	6	NA	UCEC	19.331295	0:ALIVE OR DEAD TUMOR FREE	AFR	Yes	0.941	23.33	Tumor Free	19.331295	0:CENSORED	NA	No	Yes	NA	UCEC_MSI	5	Yes	No	EY	Uterus	Endometrioid Endometrial Adenocarcinoma	NA	NA	NA	NA	NA	NA	NA	NA	NA	NA	NA	NA	NA	NA	NA	NA
ucec_tcga_pan_can_atlas_2018	TCGA-EY-A210	TCGA-EY-A210-01	Endometrial Cancer	Uterine Mixed Endometrial Carcinoma	Not Hispanic Or Latino	NA	NA	NA	32	UMEC	Black or African American	1	Primary	Matched	1.1	NA	NA	NA	NA	NA	NA	82	NA	NA	NA	NA	NA	NA	NA	NA	NA	NA	NA	NA	NA	NA	NA	NA	NA	NA	NA	NA	NA	NA	NA	NA	NA	NA	NA	NA	NA	NA	NA	NA	NA	NA	NA	NA	NA	NA	NA	NA	NA	NA	NA	NA	NA	NA	NA	NA	NA	NA	NA	NA	NA	NA	NA	NA	NA	NA	NA	NA	NA	NA	NA	NA	NA	NA	NA	NA	NA	NA	NA	NA	NA	NA	NA	NA	NA	NA	NA	NA	NA	NA	NA	NA	NA	NA	NA	NA	NA	NA	NA	NA	NA	NA	NA	NA	NA	NA	NA	NA	NA	NA	NA	NA	NA	NA	NA	NA	NA	NA	NA	NA	NA	NA	NA	NA	NA	NA	NA	NA	NA	NA	NA	NA	NA	NA	NA	NA	NA	NA	NA	NA	NA	NA	NA	NA	NA	NA	NA	Female	NA	NA	NA	NA	NA	NA	NA	NA	NA	NA	NA	NA	NA	NA	NA	NA	NA	NA	0.2899	G3	NA	NA	NA	NA	NA	NA	NA	NA	NA	12.59164283	0:LIVING	NA	NA	NA	NA	NA	NA	NA	2009	NA	NA	NA	NA	NA	0	NA	12.59164283	0:DiseaseFree	NA	NA	NA	7/6/11	NA	NA	NA	NA	NA	No	NA	NA	NA	C54.1	8441/3	C54.1	Yes	NA	NA	NA	NA	NA	NA	NA	NA	NA	NA	NA	NA	NA	NA	NA	No	NA	NA	ea1c693d-490d-4816-b6e3-d12946ad7cc1	NA	NA	NA	NA	NA	NA	NA	NA	NA	NA	NA	NA	NA	NA	NA	NA	NA	NA	NA	NA	NA	NA	NA	NA	NA	NA	University of North Carolina	NA	NA	NA	NA	63	NA	383	-30095	NA	NA	NA	NA	NA	NA	NA	NA	NA	NA	NA	NA	NA	5	17	UCEC	12.59164283	0:ALIVE OR DEAD TUMOR FREE	AFR_ADMIX	Yes	0.2829	0.3	Tumor Free	12.59164283	0:CENSORED	NA	No	No	4	UCEC_CN_HIGH	101	Yes	No	EY	Uterus	Mixed Serous and Endometrioid Carcinoma	8	NA	NA	NA	NA	NA	NA	NA	NA	NA	NA	NA	NA	NA	NA	NA
ucec_tcga_pan_can_atlas_2018	TCGA-EY-A212	TCGA-EY-A212-01	Endometrial Cancer	Uterine Serous Carcinoma/Uterine Papillary Serous Carcinoma	Not Hispanic Or Latino	NA	NA	NA	64	USC	White	1	Primary	Matched	2.166666667	NA	NA	NA	NA	NA	NA	83	NA	NA	NA	NA	NA	NA	NA	NA	NA	NA	NA	NA	NA	NA	NA	NA	NA	NA	NA	NA	NA	NA	NA	NA	NA	NA	NA	NA	NA	NA	NA	NA	NA	NA	NA	NA	NA	NA	NA	NA	NA	NA	NA	NA	NA	NA	NA	NA	NA	NA	NA	NA	NA	NA	NA	NA	NA	NA	NA	NA	NA	NA	NA	NA	NA	NA	NA	NA	NA	NA	NA	NA	NA	NA	NA	NA	NA	NA	NA	NA	NA	NA	NA	NA	NA	NA	NA	NA	NA	NA	NA	NA	NA	NA	NA	NA	NA	NA	NA	NA	NA	NA	NA	NA	NA	NA	NA	NA	NA	NA	NA	NA	NA	NA	NA	NA	NA	NA	NA	NA	NA	NA	NA	NA	NA	NA	NA	NA	NA	NA	NA	NA	NA	NA	NA	NA	NA	NA	NA	Female	NA	NA	NA	NA	NA	NA	NA	NA	NA	NA	NA	NA	NA	NA	NA	NA	NA	NA	0.3487	G3	NA	NA	NA	NA	NA	NA	NA	NA	NA	10.19166913	1:DECEASED	NA	NA	NA	NA	NA	NA	NA	2009	NA	NA	NA	NA	NA	0	NA	NA	NA	NA	NA	NA	7/8/11	NA	NA	NA	NA	NA	No	NA	NA	NA	C54.1	8460/3	C54.1	Yes	NA	NA	NA	NA	NA	NA	NA	NA	NA	NA	NA	NA	NA	NA	NA	No	NA	NA	37981e2c-4761-4f82-aaf2-4e6963a71603	NA	NA	NA	NA	NA	NA	NA	NA	NA	NA	NA	NA	NA	NA	NA	NA	NA	NA	NA	NA	NA	NA	NA	NA	NA	NA	University of North Carolina	NA	NA	NA	NA	81	NA	110	-30680	NA	NA	NA	NA	NA	NA	NA	NA	NA	NA	NA	NA	NA	5	NA	UCEC	10.19166913	1:DEAD WITH TUMOR	EUR	Yes	0.3103	0.53	Tumor Free	10.19166913	1:PROGRESSION	NA	Yes	No	NA	UCEC_CN_HIGH	691	Yes	No	EY	Uterus	Serous Endometrial Adenocarcinoma	NA	NA	NA	NA	NA	NA	NA	NA	NA	NA	NA	NA	NA	NA	NA	NA
ucec_tcga_pan_can_atlas_2018	TCGA-EY-A214	TCGA-EY-A214-01	Endometrial Cancer	Uterine Endometrioid Carcinoma	NA	NA	NA	NA	51	UEC	White	1	Primary	Matched	1.766666667	NA	NA	NA	NA	NA	NA	66	NA	NA	NA	NA	NA	NA	NA	NA	NA	NA	NA	NA	NA	NA	NA	NA	NA	NA	NA	NA	NA	NA	NA	NA	NA	NA	NA	NA	NA	NA	NA	NA	NA	NA	NA	NA	NA	NA	NA	NA	NA	NA	NA	NA	NA	NA	NA	NA	NA	NA	NA	NA	NA	NA	NA	NA	NA	NA	NA	NA	NA	NA	NA	NA	NA	NA	NA	NA	NA	NA	NA	NA	NA	NA	NA	NA	NA	NA	NA	NA	NA	NA	NA	NA	NA	NA	NA	NA	NA	NA	NA	NA	NA	NA	NA	NA	NA	NA	NA	NA	NA	NA	NA	NA	NA	NA	NA	NA	NA	NA	NA	NA	NA	NA	NA	NA	NA	NA	NA	NA	NA	NA	NA	NA	NA	NA	NA	NA	NA	NA	NA	NA	NA	NA	NA	NA	NA	NA	NA	Female	NA	NA	NA	NA	NA	NA	NA	NA	NA	NA	NA	NA	NA	NA	NA	NA	NA	NA	0.6385	G3	NA	NA	NA	NA	NA	NA	NA	NA	NA	14.39984219	0:LIVING	NA	NA	NA	NA	NA	NA	NA	2009	NA	NA	NA	NA	NA	0	NA	14.39984219	0:DiseaseFree	NA	NA	NA	7/8/11	NA	NA	NA	NA	NA	No	NA	NA	NA	C54.1	8380/3	C54.1	Yes	NA	NA	NA	NA	NA	NA	NA	NA	NA	NA	NA	NA	NA	NA	NA	No	NA	NA	4125e3e5-51c0-4577-9935-10cd086fc415	NA	NA	NA	NA	NA	NA	NA	NA	NA	NA	NA	NA	NA	NA	NA	NA	NA	NA	NA	NA	NA	NA	NA	NA	NA	NA	University of North Carolina	NA	NA	NA	NA	94	NA	438	-24136	NA	NA	NA	NA	NA	NA	NA	NA	NA	NA	NA	NA	NA	25	NA	UCEC	14.39984219	0:ALIVE OR DEAD TUMOR FREE	EUR	Yes	0.2972	0.14	Tumor Free	14.39984219	0:CENSORED	NA	Yes	Yes	NA	UCEC_CN_HIGH	101	Yes	No	EY	Uterus	Endometrioid Endometrial Adenocarcinoma	NA	NA	NA	NA	NA	NA	NA	NA	NA	NA	NA	NA	NA	NA	NA	NA
ucec_tcga_pan_can_atlas_2018	TCGA-EY-A215	TCGA-EY-A215-01	Endometrial Cancer	Uterine Endometrioid Carcinoma	Not Hispanic Or Latino	NA	NA	NA	4646	UEC	White	1	Primary	Matched	155.6333333	NA	NA	NA	NA	NA	NA	60	NA	NA	NA	NA	NA	NA	NA	NA	NA	NA	NA	NA	NA	NA	NA	NA	NA	NA	NA	NA	NA	NA	NA	NA	NA	NA	NA	NA	NA	NA	NA	NA	NA	NA	NA	NA	NA	NA	NA	NA	NA	NA	NA	NA	NA	NA	NA	NA	NA	NA	NA	NA	NA	NA	NA	NA	NA	NA	NA	NA	NA	NA	NA	NA	NA	NA	NA	NA	NA	NA	NA	NA	NA	NA	NA	NA	NA	NA	NA	NA	NA	NA	NA	NA	NA	NA	NA	NA	NA	NA	NA	NA	NA	NA	NA	NA	NA	NA	NA	NA	NA	NA	NA	NA	NA	NA	NA	NA	NA	NA	NA	NA	NA	NA	NA	NA	NA	NA	NA	NA	NA	NA	NA	NA	NA	NA	NA	NA	NA	NA	NA	NA	NA	NA	NA	NA	NA	NA	NA	Female	NA	NA	NA	NA	NA	NA	NA	NA	NA	NA	NA	NA	NA	NA	NA	NA	NA	NA	0.0013	G3	NA	NA	NA	NA	NA	NA	NA	NA	NA	18.87102607	0:LIVING	NA	NA	NA	NA	NA	NA	NA	2009	NA	NA	NA	NA	NA	0	NA	18.87102607	0:DiseaseFree	NA	NA	NA	7/8/11	NA	NA	NA	NA	NA	No	NA	NA	NA	C54.1	8380/3	C54.1	Yes	NA	NA	NA	NA	NA	NA	NA	NA	NA	NA	NA	NA	NA	NA	NA	No	NA	NA	48ab48a5-30e7-4f2e-8d0f-9bad7b8dc7db	NA	NA	NA	NA	NA	NA	NA	NA	NA	NA	NA	NA	NA	NA	NA	NA	NA	NA	NA	NA	NA	NA	NA	NA	NA	NA	University of North Carolina	NA	NA	NA	NA	49	NA	574	-22076	NA	NA	NA	NA	NA	NA	NA	NA	NA	NA	NA	NA	NA	0	NA	UCEC	18.87102607	0:ALIVE OR DEAD TUMOR FREE	EUR	Yes	0.8962	18.6	Tumor Free	18.87102607	0:CENSORED	NA	Yes	Yes	NA	UCEC_MSI	12	Yes	No	EY	Uterus	Endometrioid Endometrial Adenocarcinoma	NA	NA	NA	NA	NA	NA	NA	NA	NA	NA	NA	NA	NA	NA	NA	NA
ucec_tcga_pan_can_atlas_2018	TCGA-EY-A2OM	TCGA-EY-A2OM-01	Endometrial Cancer	Uterine Endometrioid Carcinoma	Not Hispanic Or Latino	NA	NA	NA	621	UEC	White	1	Primary	Matched	21.03333333	NA	NA	NA	NA	NA	NA	55	NA	NA	NA	NA	NA	NA	NA	NA	NA	NA	NA	NA	NA	NA	NA	NA	NA	NA	NA	NA	NA	NA	NA	NA	NA	NA	NA	NA	NA	NA	NA	NA	NA	NA	NA	NA	NA	NA	NA	NA	NA	NA	NA	NA	NA	NA	NA	NA	NA	NA	NA	NA	NA	NA	NA	NA	NA	NA	NA	NA	NA	NA	NA	NA	NA	NA	NA	NA	NA	NA	NA	NA	NA	NA	NA	NA	NA	NA	NA	NA	NA	NA	NA	NA	NA	NA	NA	NA	NA	NA	NA	NA	NA	NA	NA	NA	NA	NA	NA	NA	NA	NA	NA	NA	NA	NA	NA	NA	NA	NA	NA	NA	NA	NA	NA	NA	NA	NA	NA	NA	NA	NA	NA	NA	NA	NA	NA	NA	NA	NA	NA	NA	NA	NA	NA	NA	NA	NA	NA	Female	NA	NA	NA	NA	NA	NA	NA	NA	NA	NA	NA	NA	NA	NA	NA	NA	NA	NA	0.0512	G3	NA	NA	NA	NA	NA	NA	NA	NA	NA	22.81618832	0:LIVING	NA	NA	NA	NA	NA	NA	NA	2009	NA	NA	NA	NA	NA	0	NA	22.81618832	0:DiseaseFree	NA	NA	NA	11/14/11	NA	NA	NA	NA	NA	No	NA	NA	NA	C54.1	8380/3	C54.1	Yes	NA	NA	NA	NA	NA	NA	NA	NA	NA	NA	NA	NA	NA	NA	NA	No	NA	NA	2B60EF45-336C-42E0-AA3F-577069310D1F	NA	NA	NA	NA	NA	NA	NA	NA	NA	NA	NA	NA	NA	NA	NA	NA	NA	NA	NA	NA	NA	NA	NA	NA	NA	NA	University of North Carolina	NA	NA	NA	NA	110	NA	694	-20398	NA	NA	NA	NA	NA	NA	NA	NA	NA	NA	NA	NA	NA	2	NA	UCEC	22.81618832	0:ALIVE OR DEAD TUMOR FREE	EUR	Yes	0.9415	21.96	Tumor Free	22.81618832	0:CENSORED	NA	No	Yes	NA	UCEC_MSI	17	Yes	No	EY	Uterus	Endometrioid Endometrial Adenocarcinoma	NA	NA	NA	NA	NA	NA	NA	NA	NA	NA	NA	NA	NA	NA	NA	NA
ucec_tcga_pan_can_atlas_2018	TCGA-EY-A2ON	TCGA-EY-A2ON-01	Endometrial Cancer	Uterine Serous Carcinoma/Uterine Papillary Serous Carcinoma	Not Hispanic Or Latino	NA	NA	NA	73	USC	Black or African American	1	Primary	Matched	2.4	NA	NA	NA	NA	NA	NA	61	NA	NA	NA	NA	NA	NA	NA	NA	NA	NA	NA	NA	NA	NA	NA	NA	NA	NA	NA	NA	NA	NA	NA	NA	NA	NA	NA	NA	NA	NA	NA	NA	NA	NA	NA	NA	NA	NA	NA	NA	NA	NA	NA	NA	NA	NA	NA	NA	NA	NA	NA	NA	NA	NA	NA	NA	NA	NA	NA	NA	NA	NA	NA	NA	NA	NA	NA	NA	NA	NA	NA	NA	NA	NA	NA	NA	NA	NA	NA	NA	NA	NA	NA	NA	NA	NA	NA	NA	NA	NA	NA	NA	NA	NA	NA	NA	NA	NA	NA	NA	NA	NA	NA	NA	NA	NA	NA	NA	NA	NA	NA	NA	NA	NA	NA	NA	NA	NA	NA	NA	NA	NA	NA	NA	NA	NA	NA	NA	NA	NA	NA	NA	NA	NA	NA	NA	NA	NA	NA	Female	NA	NA	NA	NA	NA	NA	NA	NA	NA	NA	NA	NA	NA	NA	NA	NA	NA	NA	0.4427	G3	NA	NA	NA	NA	NA	NA	NA	NA	NA	20.05457474	1:DECEASED	NA	NA	NA	NA	NA	NA	NA	2009	NA	NA	NA	NA	NA	0	NA	NA	NA	NA	NA	NA	11/15/11	NA	NA	NA	NA	NA	No	NA	NA	NA	C54.1	8441/3	C54.1	Yes	NA	NA	NA	NA	NA	NA	NA	NA	NA	NA	NA	NA	NA	NA	NA	Yes	NA	NA	BEE58BE0-C2B0-4CDC-ADF6-B99243DA586A	NA	NA	NA	NA	NA	NA	NA	NA	NA	NA	NA	NA	NA	NA	NA	NA	NA	NA	NA	NA	NA	NA	NA	NA	NA	NA	University of North Carolina	NA	NA	NA	NA	100	NA	409	-22624	NA	NA	NA	NA	NA	NA	NA	NA	NA	NA	NA	NA	NA	19	27	UCEC	20.05457474	1:DEAD WITH TUMOR	AFR	Yes	0.2803	0.12	With Tumor	7.430055561	1:PROGRESSION	NA	No	No	12	UCEC_CN_HIGH	217	Yes	No	EY	Uterus	Serous Endometrial Adenocarcinoma	22	NA	NA	NA	NA	NA	NA	NA	NA	NA	NA	NA	NA	NA	NA	NA
ucec_tcga_pan_can_atlas_2018	TCGA-EY-A2OO	TCGA-EY-A2OO-01	Endometrial Cancer	Uterine Mixed Endometrial Carcinoma	Not Hispanic Or Latino	NA	NA	NA	63	UMEC	White	1	Primary	Matched	2.2	NA	NA	NA	NA	NA	NA	56	NA	NA	NA	NA	NA	NA	NA	NA	NA	NA	NA	NA	NA	NA	NA	NA	NA	NA	NA	NA	NA	NA	NA	NA	NA	NA	NA	NA	NA	NA	NA	NA	NA	NA	NA	NA	NA	NA	NA	NA	NA	NA	NA	NA	NA	NA	NA	NA	NA	NA	NA	NA	NA	NA	NA	NA	NA	NA	NA	NA	NA	NA	NA	NA	NA	NA	NA	NA	NA	NA	NA	NA	NA	NA	NA	NA	NA	NA	NA	NA	NA	NA	NA	NA	NA	NA	NA	NA	NA	NA	NA	NA	NA	NA	NA	NA	NA	NA	NA	NA	NA	NA	NA	NA	NA	NA	NA	NA	NA	NA	NA	NA	NA	NA	NA	NA	NA	NA	NA	NA	NA	NA	NA	NA	NA	NA	NA	NA	NA	NA	NA	NA	NA	NA	NA	NA	NA	NA	NA	Female	NA	NA	NA	NA	NA	NA	NA	NA	NA	NA	NA	NA	NA	NA	NA	NA	NA	NA	0.4278	G3	NA	NA	NA	NA	NA	NA	NA	NA	NA	45.76388204	0:LIVING	NA	NA	NA	NA	NA	NA	NA	2009	NA	NA	NA	NA	NA	0	NA	45.76388204	0:DiseaseFree	NA	NA	NA	11/15/11	NA	NA	NA	NA	NA	No	NA	NA	NA	C54.1	8441/3	C54.1	Yes	NA	NA	NA	NA	NA	NA	NA	NA	NA	NA	NA	NA	NA	NA	NA	No	NA	NA	068016E2-7829-493C-B8BE-D3B85BEAAB13	NA	NA	NA	NA	NA	NA	NA	NA	NA	NA	NA	NA	NA	NA	NA	NA	NA	NA	NA	NA	NA	NA	NA	NA	NA	NA	University of North Carolina	NA	NA	NA	NA	79	NA	1392	-20797	NA	NA	NA	NA	NA	NA	NA	NA	NA	NA	NA	NA	NA	17	-23	UCEC	45.76388204	0:ALIVE OR DEAD TUMOR FREE	EUR	Yes	0.3071	0.06	Tumor Free	45.76388204	0:CENSORED	NA	No	Yes	-10	UCEC_CN_HIGH	3	No	Yes	EY	Uterus	Mixed Serous and Endometrioid Carcinoma	-10	NA	NA	NA	NA	NA	NA	NA	NA	NA	NA	NA	NA	NA	NA	NA
ucec_tcga_pan_can_atlas_2018	TCGA-EY-A2OP	TCGA-EY-A2OP-01	Endometrial Cancer	Uterine Endometrioid Carcinoma	Not Hispanic Or Latino	NA	NA	NA	449	UEC	White	1	Primary	Matched	15.3	NA	NA	NA	NA	NA	NA	63	NA	NA	NA	NA	NA	NA	NA	NA	NA	NA	NA	NA	NA	NA	NA	NA	NA	NA	NA	NA	NA	NA	NA	NA	NA	NA	NA	NA	NA	NA	NA	NA	NA	NA	NA	NA	NA	NA	NA	NA	NA	NA	NA	NA	NA	NA	NA	NA	NA	NA	NA	NA	NA	NA	NA	NA	NA	NA	NA	NA	NA	NA	NA	NA	NA	NA	NA	NA	NA	NA	NA	NA	NA	NA	NA	NA	NA	NA	NA	NA	NA	NA	NA	NA	NA	NA	NA	NA	NA	NA	NA	NA	NA	NA	NA	NA	NA	NA	NA	NA	NA	NA	NA	NA	NA	NA	NA	NA	NA	NA	NA	NA	NA	NA	NA	NA	NA	NA	NA	NA	NA	NA	NA	NA	NA	NA	NA	NA	NA	NA	NA	NA	NA	NA	NA	NA	NA	NA	NA	Female	NA	NA	NA	NA	NA	NA	NA	NA	NA	NA	NA	NA	NA	NA	NA	NA	NA	NA	0.0803	G3	NA	NA	NA	NA	NA	NA	NA	NA	NA	31.03527633	0:LIVING	NA	NA	NA	NA	NA	NA	NA	2009	NA	NA	NA	NA	NA	0	NA	31.03527633	0:DiseaseFree	NA	NA	NA	11/15/11	NA	NA	NA	NA	NA	No	NA	NA	NA	C54.1	8380/3	C54.1	Yes	NA	NA	NA	NA	NA	NA	NA	NA	NA	NA	NA	NA	NA	NA	NA	No	NA	NA	F7165DEA-C528-44F3-954F-E111A3D77B4E	NA	NA	NA	NA	NA	NA	NA	NA	NA	NA	NA	NA	NA	NA	NA	NA	NA	NA	NA	NA	NA	NA	NA	NA	NA	NA	University of North Carolina	NA	NA	NA	NA	57	NA	944	-23090	NA	NA	NA	NA	NA	NA	NA	NA	NA	NA	NA	NA	NA	3	25	UCEC	31.03527633	0:ALIVE OR DEAD TUMOR FREE	EUR	Yes	0.7773	14.61	Tumor Free	31.03527633	0:CENSORED	NA	No	No	26	UCEC_MSI	2	Yes	No	EY	Uterus	Endometrioid Endometrial Adenocarcinoma	30	NA	NA	NA	NA	NA	NA	NA	NA	NA	NA	NA	NA	NA	NA	NA
ucec_tcga_pan_can_atlas_2018	TCGA-EY-A2OQ	TCGA-EY-A2OQ-01	Endometrial Cancer	Uterine Endometrioid Carcinoma	Not Hispanic Or Latino	NA	NA	NA	47	UEC	White	1	Primary	Matched	1.566666667	NA	NA	NA	NA	NA	NA	61	NA	NA	NA	NA	NA	NA	NA	NA	NA	NA	NA	NA	NA	NA	NA	NA	NA	NA	NA	NA	NA	NA	NA	NA	NA	NA	NA	NA	NA	NA	NA	NA	NA	NA	NA	NA	NA	NA	NA	NA	NA	NA	NA	NA	NA	NA	NA	NA	NA	NA	NA	NA	NA	NA	NA	NA	NA	NA	NA	NA	NA	NA	NA	NA	NA	NA	NA	NA	NA	NA	NA	NA	NA	NA	NA	NA	NA	NA	NA	NA	NA	NA	NA	NA	NA	NA	NA	NA	NA	NA	NA	NA	NA	NA	NA	NA	NA	NA	NA	NA	NA	NA	NA	NA	NA	NA	NA	NA	NA	NA	NA	NA	NA	NA	NA	NA	NA	NA	NA	NA	NA	NA	NA	NA	NA	NA	NA	NA	NA	NA	NA	NA	NA	NA	NA	NA	NA	NA	NA	Female	NA	NA	NA	NA	NA	NA	NA	NA	NA	NA	NA	NA	NA	NA	NA	NA	NA	NA	0.6205	G3	NA	NA	NA	NA	NA	NA	NA	NA	NA	29.09557156	0:LIVING	NA	NA	NA	NA	NA	NA	NA	2009	NA	NA	NA	NA	NA	0	NA	29.09557156	0:DiseaseFree	NA	NA	NA	11/15/11	NA	NA	NA	NA	NA	No	NA	NA	NA	C54.1	8380/3	C54.1	Yes	NA	NA	NA	NA	NA	NA	NA	NA	NA	NA	NA	NA	NA	NA	NA	No	NA	NA	029F0F1D-DD22-44D2-A623-CB9A33CB9438	NA	NA	NA	NA	NA	NA	NA	NA	NA	NA	NA	NA	NA	NA	NA	NA	NA	NA	NA	NA	NA	NA	NA	NA	NA	NA	University of North Carolina	NA	NA	NA	NA	79	NA	885	-22309	NA	NA	NA	NA	NA	NA	NA	NA	NA	NA	NA	NA	NA	13	27	UCEC	29.09557156	0:ALIVE OR DEAD TUMOR FREE	EUR	Yes	0.3004	0.33	Tumor Free	29.09557156	0:CENSORED	NA	No	No	8	UCEC_CN_HIGH	322	Yes	No	EY	Uterus	Endometrioid Endometrial Adenocarcinoma	2	NA	NA	NA	NA	NA	NA	NA	NA	NA	NA	NA	NA	NA	NA	NA
ucec_tcga_pan_can_atlas_2018	TCGA-EY-A3L3	TCGA-EY-A3L3-01	Endometrial Cancer	Uterine Serous Carcinoma/Uterine Papillary Serous Carcinoma	Not Hispanic Or Latino	NA	NA	NA	53	USC	Black or African American	1	Primary	Matched	1.8	NA	NA	NA	NA	NA	NA	82	NA	NA	NA	NA	NA	NA	NA	NA	NA	NA	NA	NA	NA	NA	NA	NA	NA	NA	NA	NA	NA	NA	NA	NA	NA	NA	NA	NA	NA	NA	NA	NA	NA	NA	NA	NA	NA	NA	NA	NA	NA	NA	NA	NA	NA	NA	NA	NA	NA	NA	NA	NA	NA	NA	NA	NA	NA	NA	NA	NA	NA	NA	NA	NA	NA	NA	NA	NA	NA	NA	NA	NA	NA	NA	NA	NA	NA	NA	NA	NA	NA	NA	NA	NA	NA	NA	NA	NA	NA	NA	NA	NA	NA	NA	NA	NA	NA	NA	NA	NA	NA	NA	NA	NA	NA	NA	NA	NA	NA	NA	NA	NA	NA	NA	NA	NA	NA	NA	NA	NA	NA	NA	NA	NA	NA	NA	NA	NA	NA	NA	NA	NA	NA	NA	NA	NA	NA	NA	NA	Female	NA	NA	NA	NA	NA	NA	NA	NA	NA	NA	NA	NA	NA	NA	NA	NA	NA	NA	0.5223	G3	NA	NA	NA	NA	NA	NA	NA	NA	NA	27.3531249	0:LIVING	NA	NA	NA	NA	NA	NA	NA	2009	NA	NA	NA	NA	NA	0	NA	27.3531249	0:DiseaseFree	NA	NA	NA	4/23/12	NA	NA	NA	NA	NA	No	NA	NA	NA	C54.1	8380/3	C54.1	Yes	NA	NA	NA	NA	NA	NA	NA	NA	NA	NA	NA	NA	NA	NA	NA	No	NA	NA	06728B1B-6B69-4467-8E10-A8A4E6328AC8	NA	NA	NA	NA	NA	NA	NA	NA	NA	NA	NA	NA	NA	NA	NA	NA	NA	NA	NA	NA	NA	NA	NA	NA	NA	NA	University of North Carolina	NA	NA	NA	NA	92	NA	832	-30138	NA	NA	NA	NA	NA	NA	NA	NA	NA	NA	NA	NA	NA	15	11	UCEC	27.3531249	0:ALIVE OR DEAD TUMOR FREE	AFR_ADMIX	Yes	0.2962	0.94	Tumor Free	27.3531249	0:CENSORED	NA	No	Yes	10	UCEC_CN_HIGH	351	Yes	No	EY	Uterus	Serous Endometrial Adenocarcinoma	14	NA	NA	NA	NA	NA	NA	NA	NA	NA	NA	NA	NA	NA	NA	NA
ucec_tcga_pan_can_atlas_2018	TCGA-EY-A3QX	TCGA-EY-A3QX-01	Endometrial Cancer	Uterine Serous Carcinoma/Uterine Papillary Serous Carcinoma	Not Hispanic Or Latino	NA	NA	NA	46	USC	White	1	Primary	Matched	1.666666667	NA	NA	NA	NA	NA	NA	64	NA	NA	NA	NA	NA	NA	NA	NA	NA	NA	NA	NA	NA	NA	NA	NA	NA	NA	NA	NA	NA	NA	NA	NA	NA	NA	NA	NA	NA	NA	NA	NA	NA	NA	NA	NA	NA	NA	NA	NA	NA	NA	NA	NA	NA	NA	NA	NA	NA	NA	NA	NA	NA	NA	NA	NA	NA	NA	NA	NA	NA	NA	NA	NA	NA	NA	NA	NA	NA	NA	NA	NA	NA	NA	NA	NA	NA	NA	NA	NA	NA	NA	NA	NA	NA	NA	NA	NA	NA	NA	NA	NA	NA	NA	NA	NA	NA	NA	NA	NA	NA	NA	NA	NA	NA	NA	NA	NA	NA	NA	NA	NA	NA	NA	NA	NA	NA	NA	NA	NA	NA	NA	NA	NA	NA	NA	NA	NA	NA	NA	NA	NA	NA	NA	NA	NA	NA	NA	NA	Female	NA	NA	NA	NA	NA	NA	NA	NA	NA	NA	NA	NA	NA	NA	NA	NA	NA	NA	0.6635	G3	NA	NA	NA	NA	NA	NA	NA	NA	NA	32.51471217	1:DECEASED	NA	NA	NA	NA	NA	NA	NA	2009	NA	NA	NA	NA	NA	0	NA	NA	NA	NA	NA	NA	5/10/12	NA	NA	NA	NA	NA	No	NA	NA	NA	C54.1	8441/3	C54.1	Yes	NA	NA	NA	NA	NA	NA	NA	NA	NA	NA	NA	NA	NA	NA	NA	Yes	NA	NA	8BB89C0F-0F04-485E-8E08-801042DFCBA9	NA	NA	NA	NA	NA	NA	NA	NA	NA	NA	NA	NA	NA	NA	NA	NA	NA	NA	NA	NA	NA	NA	NA	NA	NA	NA	University of North Carolina	NA	NA	NA	NA	63	NA	421	-23663	NA	NA	NA	NA	NA	NA	NA	NA	NA	NA	NA	NA	NA	13	23	UCEC	32.51471217	1:DEAD WITH TUMOR	EUR	Yes	0.3143	0.14	With Tumor	29.45721143	1:PROGRESSION	NA	No	No	16	UCEC_CN_HIGH	246	Yes	No	EY	Uterus	Serous Endometrial Adenocarcinoma	36	NA	NA	NA	NA	NA	NA	NA	NA	NA	NA	NA	NA	NA	NA	NA
ucec_tcga_pan_can_atlas_2018	TCGA-EY-A4KR	TCGA-EY-A4KR-01	Endometrial Cancer	Uterine Serous Carcinoma/Uterine Papillary Serous Carcinoma	Not Hispanic Or Latino	NA	NA	NA	73	USC	Black or African American	1	Primary	Matched	2.433333333	NA	NA	NA	NA	NA	NA	56	NA	NA	NA	NA	NA	NA	NA	NA	NA	NA	NA	NA	NA	NA	NA	NA	NA	NA	NA	NA	NA	NA	NA	NA	NA	NA	NA	NA	NA	NA	NA	NA	NA	NA	NA	NA	NA	NA	NA	NA	NA	NA	NA	NA	NA	NA	NA	NA	NA	NA	NA	NA	NA	NA	NA	NA	NA	NA	NA	NA	NA	NA	NA	NA	NA	NA	NA	NA	NA	NA	NA	NA	NA	NA	NA	NA	NA	NA	NA	NA	NA	NA	NA	NA	NA	NA	NA	NA	NA	NA	NA	NA	NA	NA	NA	NA	NA	NA	NA	NA	NA	NA	NA	NA	NA	NA	NA	NA	NA	NA	NA	NA	NA	NA	NA	NA	NA	NA	NA	NA	NA	NA	NA	NA	NA	NA	NA	NA	NA	NA	NA	NA	NA	NA	NA	NA	NA	NA	NA	Female	NA	NA	NA	NA	NA	NA	NA	NA	NA	NA	NA	NA	NA	NA	NA	NA	NA	NA	0.2889	G3	NA	NA	NA	NA	NA	NA	NA	NA	NA	11.37521781	1:DECEASED	NA	NA	NA	NA	NA	NA	NA	NA	NA	NA	NA	NA	NA	0	NA	NA	NA	NA	NA	NA	1/17/13	NA	NA	NA	NA	NA	No	NA	NA	NA	C54.1	8441/3	C54.1	Yes	NA	NA	NA	NA	NA	NA	NA	NA	NA	NA	NA	NA	NA	NA	NA	No	NA	NA	DF27B584-FA45-4A8F-BD12-A018CC63DCA1	NA	NA	NA	NA	NA	NA	NA	NA	NA	NA	NA	NA	NA	NA	NA	NA	NA	NA	NA	NA	NA	NA	NA	NA	NA	NA	University of North Carolina	NA	NA	NA	NA	114	NA	196	-20669	NA	NA	NA	NA	NA	NA	NA	NA	NA	NA	NA	NA	NA	4	33	UCEC	11.37521781	1:DEAD WITH TUMOR	AFR	Yes	0.2999	0.06	With Tumor	11.37521781	1:PROGRESSION	NA	No	Yes	12	UCEC_CN_HIGH	351	Yes	No	EY	Uterus	Serous Endometrial Adenocarcinoma	50	NA	NA	NA	NA	NA	NA	NA	NA	NA	NA	NA	NA	NA	NA	NA
ucec_tcga_pan_can_atlas_2018	TCGA-EY-A547	TCGA-EY-A547-01	Endometrial Cancer	Uterine Endometrioid Carcinoma	Not Hispanic Or Latino	NA	NA	NA	149	UEC	Black or African American	1	Primary	Matched	4.933333333	NA	NA	NA	NA	NA	NA	75	NA	NA	NA	NA	NA	NA	NA	NA	NA	NA	NA	NA	NA	NA	NA	NA	NA	NA	NA	NA	NA	NA	NA	NA	NA	NA	NA	NA	NA	NA	NA	NA	NA	NA	NA	NA	NA	NA	NA	NA	NA	NA	NA	NA	NA	NA	NA	NA	NA	NA	NA	NA	NA	NA	NA	NA	NA	NA	NA	NA	NA	NA	NA	NA	NA	NA	NA	NA	NA	NA	NA	NA	NA	NA	NA	NA	NA	NA	NA	NA	NA	NA	NA	NA	NA	NA	NA	NA	NA	NA	NA	NA	NA	NA	NA	NA	NA	NA	NA	NA	NA	NA	NA	NA	NA	NA	NA	NA	NA	NA	NA	NA	NA	NA	NA	NA	NA	NA	NA	NA	NA	NA	NA	NA	NA	NA	NA	NA	NA	NA	NA	NA	NA	NA	NA	NA	NA	NA	NA	Female	NA	NA	NA	NA	NA	NA	NA	NA	NA	NA	NA	NA	NA	NA	NA	NA	NA	NA	0.3713	G3	NA	NA	NA	NA	NA	NA	NA	NA	NA	17.91761186	0:LIVING	NA	NA	NA	NA	NA	NA	NA	NA	NA	NA	NA	NA	NA	0	NA	17.91761186	0:DiseaseFree	NA	NA	NA	2/27/13	NA	NA	NA	NA	NA	No	NA	NA	NA	C54.1	8380/3	C54.1	Yes	NA	NA	NA	NA	NA	NA	NA	NA	NA	NA	NA	NA	NA	NA	NA	No	NA	NA	3424120F-248F-451A-948C-E320C19D1B19	NA	NA	NA	NA	NA	NA	NA	NA	NA	NA	NA	NA	NA	NA	NA	NA	NA	NA	NA	NA	NA	NA	NA	NA	NA	NA	University of North Carolina	NA	NA	NA	NA	108	NA	545	-27686	NA	NA	NA	NA	NA	NA	NA	NA	NA	NA	NA	NA	NA	11	25	UCEC	17.91761186	0:ALIVE OR DEAD TUMOR FREE	AFR	Yes	0.4834	6.04	Tumor Free	17.91761186	0:CENSORED	NA	Yes	Yes	18	UCEC_CN_HIGH	83	Yes	No	EY	Uterus	Endometrioid Endometrial Adenocarcinoma	12	NA	NA	NA	NA	NA	NA	NA	NA	NA	NA	NA	NA	NA	NA	NA
ucec_tcga_pan_can_atlas_2018	TCGA-EY-A548	TCGA-EY-A548-01	Endometrial Cancer	Uterine Endometrioid Carcinoma	Not Hispanic Or Latino	NA	NA	NA	596	UEC	Black or African American	1	Primary	Matched	20	NA	NA	NA	NA	NA	NA	83	NA	NA	NA	NA	NA	NA	NA	NA	NA	NA	NA	NA	NA	NA	NA	NA	NA	NA	NA	NA	NA	NA	NA	NA	NA	NA	NA	NA	NA	NA	NA	NA	NA	NA	NA	NA	NA	NA	NA	NA	NA	NA	NA	NA	NA	NA	NA	NA	NA	NA	NA	NA	NA	NA	NA	NA	NA	NA	NA	NA	NA	NA	NA	NA	NA	NA	NA	NA	NA	NA	NA	NA	NA	NA	NA	NA	NA	NA	NA	NA	NA	NA	NA	NA	NA	NA	NA	NA	NA	NA	NA	NA	NA	NA	NA	NA	NA	NA	NA	NA	NA	NA	NA	NA	NA	NA	NA	NA	NA	NA	NA	NA	NA	NA	NA	NA	NA	NA	NA	NA	NA	NA	NA	NA	NA	NA	NA	NA	NA	NA	NA	NA	NA	NA	NA	NA	NA	NA	NA	Female	NA	NA	NA	NA	NA	NA	NA	NA	NA	NA	NA	NA	NA	NA	NA	NA	NA	NA	0.0001	G1	NA	NA	NA	NA	NA	NA	NA	NA	NA	14.13683138	0:LIVING	NA	NA	NA	NA	NA	NA	NA	NA	NA	NA	NA	NA	NA	0	NA	14.13683138	0:DiseaseFree	NA	NA	NA	2/27/13	NA	NA	NA	NA	NA	No	NA	NA	NA	C54.1	8380/3	C54.1	Yes	NA	NA	NA	NA	NA	NA	NA	NA	NA	NA	NA	NA	NA	NA	NA	No	NA	NA	56BDB68C-A647-4ABA-94AC-9CD52BB5344A	NA	NA	NA	NA	NA	NA	NA	NA	NA	NA	NA	NA	NA	NA	NA	NA	NA	NA	NA	NA	NA	NA	NA	NA	NA	NA	University of North Carolina	NA	NA	NA	NA	67	NA	430	-30544	NA	NA	NA	NA	NA	NA	NA	NA	NA	NA	NA	NA	NA	0	-7	UCEC	14.13683138	0:ALIVE OR DEAD TUMOR FREE	AFR	Yes	0.8116	17.93	Tumor Free	14.13683138	0:CENSORED	NA	No	No	-14	UCEC_MSI	0	Yes	No	EY	Uterus	Endometrioid Endometrial Adenocarcinoma	-8	NA	NA	NA	NA	NA	NA	NA	NA	NA	NA	NA	NA	NA	NA	NA
ucec_tcga_pan_can_atlas_2018	TCGA-EY-A549	TCGA-EY-A549-01	Endometrial Cancer	Uterine Endometrioid Carcinoma	Not Hispanic Or Latino	NA	NA	NA	1323	UEC	Black or African American	1	Primary	Matched	44.5	NA	NA	NA	NA	NA	NA	78	NA	NA	NA	NA	NA	NA	NA	NA	NA	NA	NA	NA	NA	NA	NA	NA	NA	NA	NA	NA	NA	NA	NA	NA	NA	NA	NA	NA	NA	NA	NA	NA	NA	NA	NA	NA	NA	NA	NA	NA	NA	NA	NA	NA	NA	NA	NA	NA	NA	NA	NA	NA	NA	NA	NA	NA	NA	NA	NA	NA	NA	NA	NA	NA	NA	NA	NA	NA	NA	NA	NA	NA	NA	NA	NA	NA	NA	NA	NA	NA	NA	NA	NA	NA	NA	NA	NA	NA	NA	NA	NA	NA	NA	NA	NA	NA	NA	NA	NA	NA	NA	NA	NA	NA	NA	NA	NA	NA	NA	NA	NA	NA	NA	NA	NA	NA	NA	NA	NA	NA	NA	NA	NA	NA	NA	NA	NA	NA	NA	NA	NA	NA	NA	NA	NA	NA	NA	NA	NA	Female	NA	NA	NA	NA	NA	NA	NA	NA	NA	NA	NA	NA	NA	NA	NA	NA	NA	NA	0.1560	G3	NA	NA	NA	NA	NA	NA	NA	NA	NA	19.89019298	0:LIVING	NA	NA	NA	NA	NA	NA	NA	NA	NA	NA	NA	NA	NA	0	NA	19.89019298	0:DiseaseFree	NA	NA	NA	2/27/13	NA	NA	NA	NA	NA	No	NA	NA	NA	C54.9	8380/3	C54.9	Yes	NA	NA	NA	NA	NA	NA	NA	NA	NA	NA	NA	NA	NA	NA	NA	No	NA	NA	3D9828AE-EB65-4D0A-8D7A-CC09E98B5E99	NA	NA	NA	NA	NA	NA	NA	NA	NA	NA	NA	NA	NA	NA	NA	NA	NA	NA	NA	NA	NA	NA	NA	NA	NA	NA	University of North Carolina	NA	NA	NA	NA	74	NA	605	-28570	NA	NA	NA	NA	NA	NA	NA	NA	NA	NA	NA	NA	NA	5	9	UCEC	19.89019298	0:ALIVE OR DEAD TUMOR FREE	AFR_ADMIX	Yes	0.8695	20.02	Tumor Free	19.89019298	0:CENSORED	NA	Yes	Yes	0	UCEC_MSI	7	Yes	No	EY	Uterus	Endometrioid Endometrial Adenocarcinoma	4	NA	NA	NA	NA	NA	NA	NA	NA	NA	NA	NA	NA	NA	NA	NA
ucec_tcga_pan_can_atlas_2018	TCGA-EY-A54A	TCGA-EY-A54A-01	Endometrial Cancer	Uterine Endometrioid Carcinoma	Not Hispanic Or Latino	NA	NA	NA	101	UEC	Black or African American	1	Primary	Matched	3.4	NA	NA	NA	NA	NA	NA	67	NA	NA	NA	NA	NA	NA	NA	NA	NA	NA	NA	NA	NA	NA	NA	NA	NA	NA	NA	NA	NA	NA	NA	NA	NA	NA	NA	NA	NA	NA	NA	NA	NA	NA	NA	NA	NA	NA	NA	NA	NA	NA	NA	NA	NA	NA	NA	NA	NA	NA	NA	NA	NA	NA	NA	NA	NA	NA	NA	NA	NA	NA	NA	NA	NA	NA	NA	NA	NA	NA	NA	NA	NA	NA	NA	NA	NA	NA	NA	NA	NA	NA	NA	NA	NA	NA	NA	NA	NA	NA	NA	NA	NA	NA	NA	NA	NA	NA	NA	NA	NA	NA	NA	NA	NA	NA	NA	NA	NA	NA	NA	NA	NA	NA	NA	NA	NA	NA	NA	NA	NA	NA	NA	NA	NA	NA	NA	NA	NA	NA	NA	NA	NA	NA	NA	NA	NA	NA	NA	Female	NA	NA	NA	NA	NA	NA	NA	NA	NA	NA	NA	NA	NA	NA	NA	NA	NA	NA	0.2869	G3	NA	NA	NA	NA	NA	NA	NA	NA	NA	14.69572936	0:LIVING	NA	NA	NA	NA	NA	NA	NA	2009	NA	NA	NA	NA	NA	0	NA	14.69572936	0:DiseaseFree	NA	NA	NA	2/27/13	NA	NA	NA	NA	NA	No	NA	NA	NA	C54.9	8380/3	C54.9	Yes	NA	NA	NA	NA	NA	NA	NA	NA	NA	NA	NA	NA	NA	NA	NA	No	NA	NA	75783DBE-E18C-4535-B9EB-2AFFD320E098	NA	NA	NA	NA	NA	NA	NA	NA	NA	NA	NA	NA	NA	NA	NA	NA	NA	NA	NA	NA	NA	NA	NA	NA	NA	NA	University of North Carolina	NA	NA	NA	NA	70	NA	447	-24822	NA	NA	NA	NA	NA	NA	NA	NA	NA	NA	NA	NA	NA	5	25	UCEC	14.69572936	0:ALIVE OR DEAD TUMOR FREE	AFR	Yes	0.3081	0.17	Tumor Free	14.69572936	0:CENSORED	NA	No	Yes	10	UCEC_CN_HIGH	231	Yes	No	EY	Uterus	Endometrioid Endometrial Adenocarcinoma	26	NA	NA	NA	NA	NA	NA	NA	NA	NA	NA	NA	NA	NA	NA	NA
ucec_tcga_pan_can_atlas_2018	TCGA-EY-A5W2	TCGA-EY-A5W2-01	Endometrial Cancer	Uterine Endometrioid Carcinoma	Not Hispanic Or Latino	NA	NA	NA	775	UEC	Black or African American	1	Primary	Matched	26.06666667	NA	NA	NA	NA	NA	NA	72	NA	NA	NA	NA	NA	NA	NA	NA	NA	NA	NA	NA	NA	NA	NA	NA	NA	NA	NA	NA	NA	NA	NA	NA	NA	NA	NA	NA	NA	NA	NA	NA	NA	NA	NA	NA	NA	NA	NA	NA	NA	NA	NA	NA	NA	NA	NA	NA	NA	NA	NA	NA	NA	NA	NA	NA	NA	NA	NA	NA	NA	NA	NA	NA	NA	NA	NA	NA	NA	NA	NA	NA	NA	NA	NA	NA	NA	NA	NA	NA	NA	NA	NA	NA	NA	NA	NA	NA	NA	NA	NA	NA	NA	NA	NA	NA	NA	NA	NA	NA	NA	NA	NA	NA	NA	NA	NA	NA	NA	NA	NA	NA	NA	NA	NA	NA	NA	NA	NA	NA	NA	NA	NA	NA	NA	NA	NA	NA	NA	NA	NA	NA	NA	NA	NA	NA	NA	NA	NA	Female	NA	NA	NA	NA	NA	NA	NA	NA	NA	NA	NA	NA	NA	NA	NA	NA	NA	NA	0.0341	G3	NA	NA	NA	NA	NA	NA	NA	NA	NA	16.96419765	0:LIVING	NA	NA	NA	NA	NA	NA	NA	2009	NA	NA	NA	NA	NA	0	NA	16.96419765	0:DiseaseFree	NA	NA	NA	5/20/13	NA	NA	NA	NA	NA	No	NA	NA	NA	C54.1	8380/3	C54.1	Yes	NA	NA	NA	NA	NA	NA	NA	NA	NA	NA	NA	NA	NA	NA	NA	No	NA	NA	1944E155-B765-48C3-9602-6787C105E551	NA	NA	NA	NA	NA	NA	NA	NA	NA	NA	NA	NA	NA	NA	NA	NA	NA	NA	NA	NA	NA	NA	NA	NA	NA	NA	University of North Carolina	NA	NA	NA	NA	83	NA	516	-26498	NA	NA	NA	NA	NA	NA	NA	NA	NA	NA	NA	NA	NA	1	15	UCEC	16.96419765	0:ALIVE OR DEAD TUMOR FREE	AFR	Yes	0.9861	27.19	Tumor Free	16.96419765	0:CENSORED	NA	No	Yes	10	UCEC_MSI	2	Yes	No	EY	Uterus	Endometrioid Endometrial Adenocarcinoma	12	NA	NA	NA	NA	NA	NA	NA	NA	NA	NA	NA	NA	NA	NA	NA
ucec_tcga_pan_can_atlas_2018	TCGA-EY-A72D	TCGA-EY-A72D-01	Endometrial Cancer	Uterine Endometrioid Carcinoma	Not Hispanic Or Latino	NA	NA	NA	50	UEC	Black or African American	1	Primary	Matched	1.666666667	NA	NA	NA	NA	NA	NA	87	NA	NA	NA	NA	NA	NA	NA	NA	NA	NA	NA	NA	NA	NA	NA	NA	NA	NA	NA	NA	NA	NA	NA	NA	NA	NA	NA	NA	NA	NA	NA	NA	NA	NA	NA	NA	NA	NA	NA	NA	NA	NA	NA	NA	NA	NA	NA	NA	NA	NA	NA	NA	NA	NA	NA	NA	NA	NA	NA	NA	NA	NA	NA	NA	NA	NA	NA	NA	NA	NA	NA	NA	NA	NA	NA	NA	NA	NA	NA	NA	NA	NA	NA	NA	NA	NA	NA	NA	NA	NA	NA	NA	NA	NA	NA	NA	NA	NA	NA	NA	NA	NA	NA	NA	NA	NA	NA	NA	NA	NA	NA	NA	NA	NA	NA	NA	NA	NA	NA	NA	NA	NA	NA	NA	NA	NA	NA	NA	NA	NA	NA	NA	NA	NA	NA	NA	NA	NA	NA	Female	NA	NA	NA	NA	NA	NA	NA	NA	NA	NA	NA	NA	NA	NA	NA	NA	NA	NA	0.7701	G3	NA	NA	NA	NA	NA	NA	NA	NA	NA	5.884867015	0:LIVING	NA	NA	NA	NA	NA	NA	NA	2009	NA	NA	NA	NA	NA	0	NA	5.884867015	0:DiseaseFree	NA	NA	NA	12/9/13	NA	NA	NA	NA	NA	No	NA	NA	NA	C54.1	8380/3	C54.1	Yes	NA	NA	NA	NA	NA	NA	NA	NA	NA	NA	NA	NA	NA	NA	NA	No	NA	NA	A12DF3D7-C560-4E7D-A482-1025A6E5B465	NA	NA	NA	NA	NA	NA	NA	NA	NA	NA	NA	NA	NA	NA	NA	NA	NA	NA	NA	NA	NA	NA	NA	NA	NA	NA	University of North Carolina	NA	NA	NA	NA	106	NA	179	-31818	NA	NA	NA	NA	NA	NA	NA	NA	NA	NA	NA	NA	NA	23	21	UCEC	5.884867015	0:ALIVE OR DEAD TUMOR FREE	AFR	Yes	0.3729	1.6	Tumor Free	5.884867015	0:CENSORED	NA	Yes	No	18	UCEC_CN_HIGH	142	Yes	No	EY	Uterus	Endometrioid Endometrial Adenocarcinoma	14	NA	NA	NA	NA	NA	NA	NA	NA	NA	NA	NA	NA	NA	NA	NA
ucec_tcga_pan_can_atlas_2018	TCGA-FI-A2CX	TCGA-FI-A2CX-01	Endometrial Cancer	Uterine Endometrioid Carcinoma	Not Hispanic Or Latino	NA	NA	NA	20	UEC	White	1	Primary	Matched	0.666666667	NA	NA	NA	NA	NA	NA	82	NA	NA	NA	NA	NA	NA	NA	NA	NA	NA	NA	NA	NA	NA	NA	NA	NA	NA	NA	NA	NA	NA	NA	NA	NA	NA	NA	NA	NA	NA	NA	NA	NA	NA	NA	NA	NA	NA	NA	NA	NA	NA	NA	NA	NA	NA	NA	NA	NA	NA	NA	NA	NA	NA	NA	NA	NA	NA	NA	NA	NA	NA	NA	NA	NA	NA	NA	NA	NA	NA	NA	NA	NA	NA	NA	NA	NA	NA	NA	NA	NA	NA	NA	NA	NA	NA	NA	NA	NA	NA	NA	NA	NA	NA	NA	NA	NA	NA	NA	NA	NA	NA	NA	NA	NA	NA	NA	NA	NA	NA	NA	NA	NA	NA	NA	NA	NA	NA	NA	NA	NA	NA	NA	NA	NA	NA	NA	NA	NA	NA	NA	NA	NA	NA	NA	NA	NA	NA	NA	Female	NA	NA	NA	NA	NA	NA	NA	NA	NA	NA	NA	NA	NA	NA	NA	NA	NA	NA	0.0044	G3	NA	NA	NA	NA	NA	NA	NA	NA	NA	66.77187099	0:LIVING	NA	NA	NA	NA	NA	NA	NA	1988	NA	NA	NA	NA	NA	0	NA	66.77187099	0:DiseaseFree	NA	NA	NA	10/27/11	NA	NA	NA	NA	NA	No	NA	NA	NA	C54.1	8380/3	C54.1	Yes	NA	NA	NA	NA	NA	NA	NA	NA	NA	NA	NA	NA	NA	NA	NA	No	NA	NA	DFFC7091-BC27-452C-AD94-1EE214107593	NA	NA	NA	NA	NA	NA	NA	NA	NA	NA	NA	NA	NA	NA	NA	NA	NA	NA	NA	NA	NA	NA	NA	NA	NA	NA	Washington University	NA	NA	NA	NA	52	NA	2031	-30224	NA	NA	NA	NA	NA	NA	NA	NA	NA	NA	NA	NA	NA	0	NA	UCEC	66.77187099	0:ALIVE OR DEAD TUMOR FREE	EUR	Yes	0.2871	0	Tumor Free	66.77187099	0:CENSORED	NA	Yes	No	NA	UCEC_CN_LOW	33	No	Yes	FI	Uterus	Endometrioid Endometrial Adenocarcinoma	NA	NA	NA	NA	NA	NA	NA	NA	NA	NA	NA	NA	NA	NA	NA	NA
ucec_tcga_pan_can_atlas_2018	TCGA-FI-A2CY	TCGA-FI-A2CY-01	Endometrial Cancer	Uterine Mixed Endometrial Carcinoma	Not Hispanic Or Latino	NA	NA	NA	33	UMEC	Black or African American	1	Primary	Matched	1.133333333	NA	NA	NA	NA	NA	NA	60	NA	NA	NA	NA	NA	NA	NA	NA	NA	NA	NA	NA	NA	NA	NA	NA	NA	NA	NA	NA	NA	NA	NA	NA	NA	NA	NA	NA	NA	NA	NA	NA	NA	NA	NA	NA	NA	NA	NA	NA	NA	NA	NA	NA	NA	NA	NA	NA	NA	NA	NA	NA	NA	NA	NA	NA	NA	NA	NA	NA	NA	NA	NA	NA	NA	NA	NA	NA	NA	NA	NA	NA	NA	NA	NA	NA	NA	NA	NA	NA	NA	NA	NA	NA	NA	NA	NA	NA	NA	NA	NA	NA	NA	NA	NA	NA	NA	NA	NA	NA	NA	NA	NA	NA	NA	NA	NA	NA	NA	NA	NA	NA	NA	NA	NA	NA	NA	NA	NA	NA	NA	NA	NA	NA	NA	NA	NA	NA	NA	NA	NA	NA	NA	NA	NA	NA	NA	NA	NA	Female	NA	NA	NA	NA	NA	NA	NA	NA	NA	NA	NA	NA	NA	NA	NA	NA	NA	NA	0.2356	G3	NA	NA	NA	NA	NA	NA	NA	NA	NA	68.38281224	0:LIVING	NA	NA	NA	NA	NA	NA	NA	1988	NA	NA	NA	NA	NA	0	NA	68.38281224	0:DiseaseFree	NA	NA	NA	10/27/11	NA	NA	NA	NA	NA	No	NA	NA	NA	C54.1	8441/3	C54.1	Yes	NA	NA	NA	NA	NA	NA	NA	NA	NA	NA	NA	NA	NA	NA	NA	No	NA	NA	B9AB4AB9-BA9C-4A01-9F61-55C82B924936	NA	NA	NA	NA	NA	NA	NA	NA	NA	NA	NA	NA	NA	NA	NA	NA	NA	NA	NA	NA	NA	NA	NA	NA	NA	NA	Washington University	NA	NA	NA	NA	100	NA	2080	-22098	NA	NA	NA	NA	NA	NA	NA	NA	NA	NA	NA	NA	NA	6	NA	UCEC	68.38281224	0:ALIVE OR DEAD TUMOR FREE	AFR	Yes	0.2839	0.3	Tumor Free	68.38281224	0:CENSORED	NA	No	No	NA	UCEC_CN_HIGH	185	No	Yes	FI	Uterus	Mixed Serous and Endometrioid Carcinoma	NA	NA	NA	NA	NA	NA	NA	NA	NA	NA	NA	NA	NA	NA	NA	NA
ucec_tcga_pan_can_atlas_2018	TCGA-FI-A2D2	TCGA-FI-A2D2-01	Endometrial Cancer	Uterine Mixed Endometrial Carcinoma	Not Hispanic Or Latino	NA	NA	NA	40	UMEC	White	1	Primary	Matched	1.333333333	NA	NA	NA	NA	NA	NA	66	NA	NA	NA	NA	NA	NA	NA	NA	NA	NA	NA	NA	NA	NA	NA	NA	NA	NA	NA	NA	NA	NA	NA	NA	NA	NA	NA	NA	NA	NA	NA	NA	NA	NA	NA	NA	NA	NA	NA	NA	NA	NA	NA	NA	NA	NA	NA	NA	NA	NA	NA	NA	NA	NA	NA	NA	NA	NA	NA	NA	NA	NA	NA	NA	NA	NA	NA	NA	NA	NA	NA	NA	NA	NA	NA	NA	NA	NA	NA	NA	NA	NA	NA	NA	NA	NA	NA	NA	NA	NA	NA	NA	NA	NA	NA	NA	NA	NA	NA	NA	NA	NA	NA	NA	NA	NA	NA	NA	NA	NA	NA	NA	NA	NA	NA	NA	NA	NA	NA	NA	NA	NA	NA	NA	NA	NA	NA	NA	NA	NA	NA	NA	NA	NA	NA	NA	NA	NA	NA	Female	NA	NA	NA	NA	NA	NA	NA	NA	NA	NA	NA	NA	NA	NA	NA	NA	NA	NA	0.5059	G3	NA	NA	NA	NA	NA	NA	NA	NA	NA	77.32518	1:DECEASED	NA	NA	NA	NA	NA	NA	NA	1988	NA	NA	NA	NA	NA	0	NA	63.02396686	1:Recurred/Progressed	NA	NA	NA	10/27/11	NA	NA	NA	NA	NA	No	NA	NA	NA	C54.1	8441/3	C54.1	Yes	NA	NA	NA	NA	NA	NA	NA	NA	NA	NA	NA	NA	NA	NA	NA	Yes	NA	NA	46A1FDB9-548D-44D1-AB77-D51D44AC8198	NA	NA	NA	NA	NA	NA	NA	NA	NA	NA	NA	NA	NA	NA	NA	NA	NA	NA	NA	NA	NA	NA	NA	NA	NA	NA	Washington University	NA	NA	NA	NA	166	NA	1215	-24260	NA	NA	NA	NA	NA	NA	NA	NA	NA	NA	NA	NA	NA	24	NA	UCEC	77.32518	1:DEAD WITH TUMOR	EUR	Yes	0.2878	0.37	Tumor Free	63.02396686	1:PROGRESSION	NA	No	No	NA	UCEC_CN_HIGH	165	No	Yes	FI	Uterus	Mixed Serous and Endometrioid Carcinoma	NA	NA	NA	NA	NA	NA	NA	NA	NA	NA	NA	NA	NA	NA	NA	NA
ucec_tcga_pan_can_atlas_2018	TCGA-FI-A2D4	TCGA-FI-A2D4-01	Endometrial Cancer	Uterine Endometrioid Carcinoma	NA	NA	NA	NA	328	UEC	White	1	Primary	Matched	10.96666667	NA	NA	NA	NA	NA	NA	44	NA	NA	NA	NA	NA	NA	NA	NA	NA	NA	NA	NA	NA	NA	NA	NA	NA	NA	NA	NA	NA	NA	NA	NA	NA	NA	NA	NA	NA	NA	NA	NA	NA	NA	NA	NA	NA	NA	NA	NA	NA	NA	NA	NA	NA	NA	NA	NA	NA	NA	NA	NA	NA	NA	NA	NA	NA	NA	NA	NA	NA	NA	NA	NA	NA	NA	NA	NA	NA	NA	NA	NA	NA	NA	NA	NA	NA	NA	NA	NA	NA	NA	NA	NA	NA	NA	NA	NA	NA	NA	NA	NA	NA	NA	NA	NA	NA	NA	NA	NA	NA	NA	NA	NA	NA	NA	NA	NA	NA	NA	NA	NA	NA	NA	NA	NA	NA	NA	NA	NA	NA	NA	NA	NA	NA	NA	NA	NA	NA	NA	NA	NA	NA	NA	NA	NA	NA	NA	NA	Female	NA	NA	NA	NA	NA	NA	NA	NA	NA	NA	NA	NA	NA	NA	NA	NA	NA	NA	0.1856	G3	NA	NA	NA	NA	NA	NA	NA	NA	NA	7.988953546	1:DECEASED	NA	NA	NA	NA	NA	NA	NA	1988	NA	NA	NA	NA	NA	0	NA	NA	NA	NA	NA	NA	10/28/11	NA	NA	NA	NA	NA	No	NA	NA	NA	C54.1	8380/3	C54.1	Yes	NA	NA	NA	NA	NA	NA	NA	NA	NA	NA	NA	NA	NA	NA	NA	No	NA	NA	490AE247-EE67-48D4-94ED-93DF5B9BBEFE	NA	NA	NA	NA	NA	NA	NA	NA	NA	NA	NA	NA	NA	NA	NA	NA	NA	NA	NA	NA	NA	NA	NA	NA	NA	NA	Washington University	NA	NA	NA	NA	112	NA	NA	-16163	NA	NA	NA	NA	NA	NA	NA	NA	NA	NA	NA	NA	NA	6	NA	UCEC	7.988953546	1:DEAD WITH TUMOR	EUR	Yes	0.814	14.97	With Tumor	7.988953546	1:PROGRESSION	NA	No	No	NA	UCEC_MSI	12	No	Yes	FI	Uterus	Endometrioid Endometrial Adenocarcinoma	NA	NA	NA	NA	NA	NA	NA	NA	NA	NA	NA	NA	NA	NA	NA	NA
ucec_tcga_pan_can_atlas_2018	TCGA-FI-A2D6	TCGA-FI-A2D6-01	Endometrial Cancer	Uterine Endometrioid Carcinoma	Not Hispanic Or Latino	NA	NA	NA	630	UEC	White	1	Primary	Matched	21.23333333	NA	NA	NA	NA	NA	NA	74	NA	NA	NA	NA	NA	NA	NA	NA	NA	NA	NA	NA	NA	NA	NA	NA	NA	NA	NA	NA	NA	NA	NA	NA	NA	NA	NA	NA	NA	NA	NA	NA	NA	NA	NA	NA	NA	NA	NA	NA	NA	NA	NA	NA	NA	NA	NA	NA	NA	NA	NA	NA	NA	NA	NA	NA	NA	NA	NA	NA	NA	NA	NA	NA	NA	NA	NA	NA	NA	NA	NA	NA	NA	NA	NA	NA	NA	NA	NA	NA	NA	NA	NA	NA	NA	NA	NA	NA	NA	NA	NA	NA	NA	NA	NA	NA	NA	NA	NA	NA	NA	NA	NA	NA	NA	NA	NA	NA	NA	NA	NA	NA	NA	NA	NA	NA	NA	NA	NA	NA	NA	NA	NA	NA	NA	NA	NA	NA	NA	NA	NA	NA	NA	NA	NA	NA	NA	NA	NA	Female	NA	NA	NA	NA	NA	NA	NA	NA	NA	NA	NA	NA	NA	NA	NA	NA	NA	NA	0.0456	G3	NA	NA	NA	NA	NA	NA	NA	NA	NA	25.21616202	1:DECEASED	NA	NA	NA	NA	NA	NA	NA	2009	NA	NA	NA	NA	NA	0	NA	25.21616202	0:DiseaseFree	NA	NA	NA	10/28/11	NA	NA	NA	NA	NA	No	NA	NA	NA	C54.1	8380/3	C54.1	Yes	NA	NA	NA	NA	NA	NA	NA	NA	NA	NA	NA	NA	NA	NA	NA	NA	NA	NA	787D313F-9255-4B93-8AC2-0AA8FEBB7909	NA	NA	NA	NA	NA	NA	NA	NA	NA	NA	NA	NA	NA	NA	NA	NA	NA	NA	NA	NA	NA	NA	NA	NA	NA	NA	Washington University	NA	NA	NA	NA	95	NA	263	-27060	NA	NA	NA	NA	NA	NA	NA	NA	NA	NA	NA	NA	NA	2	NA	UCEC	25.21616202	0:ALIVE OR DEAD TUMOR FREE	EUR	Yes	1.1265	22.68	Tumor Free	25.21616202	0:CENSORED	NA	No	No	NA	UCEC_MSI	0	No	Yes	FI	Uterus	Endometrioid Endometrial Adenocarcinoma	NA	NA	NA	NA	NA	NA	NA	NA	NA	NA	NA	NA	NA	NA	NA	NA
ucec_tcga_pan_can_atlas_2018	TCGA-FI-A2EU	TCGA-FI-A2EU-01	Endometrial Cancer	Uterine Serous Carcinoma/Uterine Papillary Serous Carcinoma	Not Hispanic Or Latino	NA	NA	NA	57	USC	NA	1	Primary	Matched	1.866666667	NA	NA	NA	NA	NA	NA	68	NA	NA	NA	NA	NA	NA	NA	NA	NA	NA	NA	NA	NA	NA	NA	NA	NA	NA	NA	NA	NA	NA	NA	NA	NA	NA	NA	NA	NA	NA	NA	NA	NA	NA	NA	NA	NA	NA	NA	NA	NA	NA	NA	NA	NA	NA	NA	NA	NA	NA	NA	NA	NA	NA	NA	NA	NA	NA	NA	NA	NA	NA	NA	NA	NA	NA	NA	NA	NA	NA	NA	NA	NA	NA	NA	NA	NA	NA	NA	NA	NA	NA	NA	NA	NA	NA	NA	NA	NA	NA	NA	NA	NA	NA	NA	NA	NA	NA	NA	NA	NA	NA	NA	NA	NA	NA	NA	NA	NA	NA	NA	NA	NA	NA	NA	NA	NA	NA	NA	NA	NA	NA	NA	NA	NA	NA	NA	NA	NA	NA	NA	NA	NA	NA	NA	NA	NA	NA	NA	Female	NA	NA	NA	NA	NA	NA	NA	NA	NA	NA	NA	NA	NA	NA	NA	NA	NA	NA	0.3318	G3	NA	NA	NA	NA	NA	NA	NA	NA	NA	96.68935135	0:LIVING	NA	NA	NA	NA	NA	NA	NA	1988	NA	NA	NA	NA	NA	0	NA	96.68935135	0:DiseaseFree	NA	NA	NA	10/27/11	NA	NA	NA	NA	NA	No	NA	NA	NA	C54.1	8441/3	C54.1	Yes	NA	NA	NA	NA	NA	NA	NA	NA	NA	NA	NA	NA	NA	NA	NA	No	NA	NA	4284A85D-D9B6-40EE-AAC4-C2C03554528E	NA	NA	NA	NA	NA	NA	NA	NA	NA	NA	NA	NA	NA	NA	NA	NA	NA	NA	NA	NA	NA	NA	NA	NA	NA	NA	Washington University	NA	NA	NA	NA	93	NA	2941	-24837	NA	NA	NA	NA	NA	NA	NA	NA	NA	NA	NA	NA	NA	10	NA	UCEC	96.68935135	0:ALIVE OR DEAD TUMOR FREE	EUR	Yes	0.3271	1.87	Tumor Free	96.68935135	0:CENSORED	NA	No	No	NA	UCEC_CN_HIGH	193	No	Yes	FI	Uterus	Serous Endometrial Adenocarcinoma	NA	NA	NA	NA	NA	NA	NA	NA	NA	NA	NA	NA	NA	NA	NA	NA
ucec_tcga_pan_can_atlas_2018	TCGA-FI-A2EW	TCGA-FI-A2EW-01	Endometrial Cancer	Uterine Serous Carcinoma/Uterine Papillary Serous Carcinoma	NA	NA	NA	NA	98	USC	Black or African American	1	Primary	Matched	3.3	NA	NA	NA	NA	NA	NA	71	NA	NA	NA	NA	NA	NA	NA	NA	NA	NA	NA	NA	NA	NA	NA	NA	NA	NA	NA	NA	NA	NA	NA	NA	NA	NA	NA	NA	NA	NA	NA	NA	NA	NA	NA	NA	NA	NA	NA	NA	NA	NA	NA	NA	NA	NA	NA	NA	NA	NA	NA	NA	NA	NA	NA	NA	NA	NA	NA	NA	NA	NA	NA	NA	NA	NA	NA	NA	NA	NA	NA	NA	NA	NA	NA	NA	NA	NA	NA	NA	NA	NA	NA	NA	NA	NA	NA	NA	NA	NA	NA	NA	NA	NA	NA	NA	NA	NA	NA	NA	NA	NA	NA	NA	NA	NA	NA	NA	NA	NA	NA	NA	NA	NA	NA	NA	NA	NA	NA	NA	NA	NA	NA	NA	NA	NA	NA	NA	NA	NA	NA	NA	NA	NA	NA	NA	NA	NA	NA	Female	NA	NA	NA	NA	NA	NA	NA	NA	NA	NA	NA	NA	NA	NA	NA	NA	NA	NA	0.5549	G3	NA	NA	NA	NA	NA	NA	NA	NA	NA	59.01305191	0:LIVING	NA	NA	NA	NA	NA	NA	NA	1988	NA	NA	NA	NA	NA	0	NA	38.43245554	1:Recurred/Progressed	NA	NA	NA	10/27/11	NA	NA	NA	NA	NA	No	NA	NA	NA	C54.1	8441/3	C54.1	Yes	NA	NA	NA	NA	NA	NA	NA	NA	NA	NA	NA	NA	NA	NA	NA	Yes	NA	NA	93D6DF4A-AEA2-48C2-8B6A-4B3ECA0BF26F	NA	NA	NA	NA	NA	NA	NA	NA	NA	NA	NA	NA	NA	NA	NA	NA	NA	NA	NA	NA	NA	NA	NA	NA	NA	NA	Washington University	NA	NA	NA	NA	83	NA	1462	-26267	NA	NA	NA	NA	NA	NA	NA	NA	NA	NA	NA	NA	NA	18	NA	UCEC	59.01305191	0:ALIVE OR DEAD TUMOR FREE	AFR_ADMIX	Yes	0.322	1.87	With Tumor	38.43245554	1:PROGRESSION	NA	No	No	NA	UCEC_CN_HIGH	255	No	Yes	FI	Uterus	Serous Endometrial Adenocarcinoma	NA	NA	NA	NA	NA	NA	NA	NA	NA	NA	NA	NA	NA	NA	NA	NA
ucec_tcga_pan_can_atlas_2018	TCGA-FI-A2EX	TCGA-FI-A2EX-01	Endometrial Cancer	Uterine Serous Carcinoma/Uterine Papillary Serous Carcinoma	Not Hispanic Or Latino	NA	NA	NA	63	USC	White	1	Primary	Matched	2.133333333	NA	NA	NA	NA	NA	NA	58	NA	NA	NA	NA	NA	NA	NA	NA	NA	NA	NA	NA	NA	NA	NA	NA	NA	NA	NA	NA	NA	NA	NA	NA	NA	NA	NA	NA	NA	NA	NA	NA	NA	NA	NA	NA	NA	NA	NA	NA	NA	NA	NA	NA	NA	NA	NA	NA	NA	NA	NA	NA	NA	NA	NA	NA	NA	NA	NA	NA	NA	NA	NA	NA	NA	NA	NA	NA	NA	NA	NA	NA	NA	NA	NA	NA	NA	NA	NA	NA	NA	NA	NA	NA	NA	NA	NA	NA	NA	NA	NA	NA	NA	NA	NA	NA	NA	NA	NA	NA	NA	NA	NA	NA	NA	NA	NA	NA	NA	NA	NA	NA	NA	NA	NA	NA	NA	NA	NA	NA	NA	NA	NA	NA	NA	NA	NA	NA	NA	NA	NA	NA	NA	NA	NA	NA	NA	NA	NA	Female	NA	NA	NA	NA	NA	NA	NA	NA	NA	NA	NA	NA	NA	NA	NA	NA	NA	NA	0.5270	G3	NA	NA	NA	NA	NA	NA	NA	NA	NA	9.336883979	0:LIVING	NA	NA	NA	NA	NA	NA	NA	1988	NA	NA	NA	NA	NA	0	NA	7.002662985	1:Recurred/Progressed	NA	NA	NA	10/27/11	NA	NA	NA	NA	NA	No	NA	NA	NA	C54.1	8441/3	C54.1	Yes	NA	NA	NA	NA	NA	NA	NA	NA	NA	NA	NA	NA	NA	NA	NA	Yes	NA	NA	3878F58E-76BA-4480-A784-88505BD464D0	NA	NA	NA	NA	NA	NA	NA	NA	NA	NA	NA	NA	NA	NA	NA	NA	NA	NA	NA	NA	NA	NA	NA	NA	NA	NA	Washington University	NA	NA	NA	NA	89	NA	284	-21489	NA	NA	NA	NA	NA	NA	NA	NA	NA	NA	NA	NA	NA	15	NA	UCEC	9.336883979	0:ALIVE OR DEAD TUMOR FREE	EUR	Yes	0.3055	0.44	With Tumor	7.002662985	1:PROGRESSION	NA	No	No	NA	UCEC_CN_HIGH	404	No	Yes	FI	Uterus	Serous Endometrial Adenocarcinoma	NA	NA	NA	NA	NA	NA	NA	NA	NA	NA	NA	NA	NA	NA	NA	NA
ucec_tcga_pan_can_atlas_2018	TCGA-FI-A2EY	TCGA-FI-A2EY-01	Endometrial Cancer	Uterine Serous Carcinoma/Uterine Papillary Serous Carcinoma	Not Hispanic Or Latino	NA	NA	NA	95	USC	White	1	Primary	Matched	3.266666667	NA	NA	NA	NA	NA	NA	63	NA	NA	NA	NA	NA	NA	NA	NA	NA	NA	NA	NA	NA	NA	NA	NA	NA	NA	NA	NA	NA	NA	NA	NA	NA	NA	NA	NA	NA	NA	NA	NA	NA	NA	NA	NA	NA	NA	NA	NA	NA	NA	NA	NA	NA	NA	NA	NA	NA	NA	NA	NA	NA	NA	NA	NA	NA	NA	NA	NA	NA	NA	NA	NA	NA	NA	NA	NA	NA	NA	NA	NA	NA	NA	NA	NA	NA	NA	NA	NA	NA	NA	NA	NA	NA	NA	NA	NA	NA	NA	NA	NA	NA	NA	NA	NA	NA	NA	NA	NA	NA	NA	NA	NA	NA	NA	NA	NA	NA	NA	NA	NA	NA	NA	NA	NA	NA	NA	NA	NA	NA	NA	NA	NA	NA	NA	NA	NA	NA	NA	NA	NA	NA	NA	NA	NA	NA	NA	NA	Female	NA	NA	NA	NA	NA	NA	NA	NA	NA	NA	NA	NA	NA	NA	NA	NA	NA	NA	0.6687	G3	NA	NA	NA	NA	NA	NA	NA	NA	NA	28.9311898	1:DECEASED	NA	NA	NA	NA	NA	NA	NA	1988	NA	NA	NA	NA	NA	0	NA	28.9311898	0:DiseaseFree	NA	NA	NA	10/27/11	NA	NA	NA	NA	NA	No	NA	NA	NA	C54.1	8441/3	C54.1	Yes	NA	NA	NA	NA	NA	NA	NA	NA	NA	NA	NA	NA	NA	NA	NA	Yes	NA	NA	787C3E2F-A708-4985-A5B1-B2383C7BFC52	NA	NA	NA	NA	NA	NA	NA	NA	NA	NA	NA	NA	NA	NA	NA	NA	NA	NA	NA	NA	NA	NA	NA	NA	NA	NA	Washington University	NA	NA	NA	NA	96	NA	NA	-23042	NA	NA	NA	NA	NA	NA	NA	NA	NA	NA	NA	NA	NA	18	3	UCEC	28.9311898	0:ALIVE OR DEAD TUMOR FREE	EUR	Yes	0.3239	1.09	Tumor Free	18.96965513	1:PROGRESSION	NA	No	No	6	UCEC_CN_HIGH	270	No	Yes	FI	Uterus	Serous Endometrial Adenocarcinoma	10	NA	NA	NA	NA	NA	NA	NA	NA	NA	NA	NA	NA	NA	NA	NA
ucec_tcga_pan_can_atlas_2018	TCGA-FI-A2F4	TCGA-FI-A2F4-01	Endometrial Cancer	Uterine Endometrioid Carcinoma	Not Hispanic Or Latino	NA	NA	NA	1906	UEC	Black or African American	1	Primary	Matched	64.13333333	NA	NA	NA	NA	NA	NA	64	NA	NA	NA	NA	NA	NA	NA	NA	NA	NA	NA	NA	NA	NA	NA	NA	NA	NA	NA	NA	NA	NA	NA	NA	NA	NA	NA	NA	NA	NA	NA	NA	NA	NA	NA	NA	NA	NA	NA	NA	NA	NA	NA	NA	NA	NA	NA	NA	NA	NA	NA	NA	NA	NA	NA	NA	NA	NA	NA	NA	NA	NA	NA	NA	NA	NA	NA	NA	NA	NA	NA	NA	NA	NA	NA	NA	NA	NA	NA	NA	NA	NA	NA	NA	NA	NA	NA	NA	NA	NA	NA	NA	NA	NA	NA	NA	NA	NA	NA	NA	NA	NA	NA	NA	NA	NA	NA	NA	NA	NA	NA	NA	NA	NA	NA	NA	NA	NA	NA	NA	NA	NA	NA	NA	NA	NA	NA	NA	NA	NA	NA	NA	NA	NA	NA	NA	NA	NA	NA	Female	NA	NA	NA	NA	NA	NA	NA	NA	NA	NA	NA	NA	NA	NA	NA	NA	NA	NA	0.0344	G3	NA	NA	NA	NA	NA	NA	NA	NA	NA	73.31426505	0:LIVING	NA	NA	NA	NA	NA	NA	NA	1988	NA	NA	NA	NA	NA	0	NA	73.31426505	0:DiseaseFree	NA	NA	NA	10/27/11	NA	NA	NA	NA	NA	No	NA	NA	NA	C54.1	8380/3	C54.1	Yes	NA	NA	NA	NA	NA	NA	NA	NA	NA	NA	NA	NA	NA	NA	NA	No	NA	NA	43476C88-86BC-4A65-9327-F0D24A41C971	NA	NA	NA	NA	NA	NA	NA	NA	NA	NA	NA	NA	NA	NA	NA	NA	NA	NA	NA	NA	NA	NA	NA	NA	NA	NA	Washington University	NA	NA	NA	NA	74	NA	2230	-23621	NA	NA	NA	NA	NA	NA	NA	NA	NA	NA	NA	NA	NA	1	NA	UCEC	73.31426505	0:ALIVE OR DEAD TUMOR FREE	AFR	Yes	0.7492	19.52	Tumor Free	73.31426505	0:CENSORED	NA	Yes	No	NA	UCEC_MSI	3	No	Yes	FI	Uterus	Endometrioid Endometrial Adenocarcinoma	NA	NA	NA	NA	NA	NA	NA	NA	NA	NA	NA	NA	NA	NA	NA	NA
ucec_tcga_pan_can_atlas_2018	TCGA-FI-A2F8	TCGA-FI-A2F8-01	Endometrial Cancer	Uterine Serous Carcinoma/Uterine Papillary Serous Carcinoma	Not Hispanic Or Latino	NA	NA	NA	68	USC	White	1	Primary	Matched	2.266666667	NA	NA	NA	NA	NA	NA	64	NA	NA	NA	NA	NA	NA	NA	NA	NA	NA	NA	NA	NA	NA	NA	NA	NA	NA	NA	NA	NA	NA	NA	NA	NA	NA	NA	NA	NA	NA	NA	NA	NA	NA	NA	NA	NA	NA	NA	NA	NA	NA	NA	NA	NA	NA	NA	NA	NA	NA	NA	NA	NA	NA	NA	NA	NA	NA	NA	NA	NA	NA	NA	NA	NA	NA	NA	NA	NA	NA	NA	NA	NA	NA	NA	NA	NA	NA	NA	NA	NA	NA	NA	NA	NA	NA	NA	NA	NA	NA	NA	NA	NA	NA	NA	NA	NA	NA	NA	NA	NA	NA	NA	NA	NA	NA	NA	NA	NA	NA	NA	NA	NA	NA	NA	NA	NA	NA	NA	NA	NA	NA	NA	NA	NA	NA	NA	NA	NA	NA	NA	NA	NA	NA	NA	NA	NA	NA	NA	Female	NA	NA	NA	NA	NA	NA	NA	NA	NA	NA	NA	NA	NA	NA	NA	NA	NA	NA	0.3156	G3	NA	NA	NA	NA	NA	NA	NA	NA	NA	30.67363645	0:LIVING	NA	NA	NA	NA	NA	NA	NA	2009	NA	NA	NA	NA	NA	0	NA	30.67363645	0:DiseaseFree	NA	NA	NA	10/28/11	NA	NA	NA	NA	NA	No	NA	NA	NA	C54.1	8441/3	C54.1	Yes	NA	NA	NA	NA	NA	NA	NA	NA	NA	NA	NA	NA	NA	NA	NA	No	NA	NA	601734DA-2D11-4745-A260-0965F58AADEA	NA	NA	NA	NA	NA	NA	NA	NA	NA	NA	NA	NA	NA	NA	NA	NA	NA	NA	NA	NA	NA	NA	NA	NA	NA	NA	Washington University	NA	NA	NA	NA	99	NA	933	-23649	NA	NA	NA	NA	NA	NA	NA	NA	NA	NA	NA	NA	NA	13	NA	UCEC	30.67363645	0:ALIVE OR DEAD TUMOR FREE	EUR	Yes	0.3111	0.06	Tumor Free	30.67363645	0:CENSORED	NA	No	No	NA	UCEC_CN_HIGH	315	No	Yes	FI	Uterus	Serous Endometrial Adenocarcinoma	NA	NA	NA	NA	NA	NA	NA	NA	NA	NA	NA	NA	NA	NA	NA	NA
ucec_tcga_pan_can_atlas_2018	TCGA-FI-A2F9	TCGA-FI-A2F9-01	Endometrial Cancer	Uterine Endometrioid Carcinoma	Not Hispanic Or Latino	NA	NA	NA	45	UEC	White	1	Primary	Matched	1.466666667	NA	NA	NA	NA	NA	NA	79	NA	NA	NA	NA	NA	NA	NA	NA	NA	NA	NA	NA	NA	NA	NA	NA	NA	NA	NA	NA	NA	NA	NA	NA	NA	NA	NA	NA	NA	NA	NA	NA	NA	NA	NA	NA	NA	NA	NA	NA	NA	NA	NA	NA	NA	NA	NA	NA	NA	NA	NA	NA	NA	NA	NA	NA	NA	NA	NA	NA	NA	NA	NA	NA	NA	NA	NA	NA	NA	NA	NA	NA	NA	NA	NA	NA	NA	NA	NA	NA	NA	NA	NA	NA	NA	NA	NA	NA	NA	NA	NA	NA	NA	NA	NA	NA	NA	NA	NA	NA	NA	NA	NA	NA	NA	NA	NA	NA	NA	NA	NA	NA	NA	NA	NA	NA	NA	NA	NA	NA	NA	NA	NA	NA	NA	NA	NA	NA	NA	NA	NA	NA	NA	NA	NA	NA	NA	NA	NA	Female	NA	NA	NA	NA	NA	NA	NA	NA	NA	NA	NA	NA	NA	NA	NA	NA	NA	NA	0.3709	G3	NA	NA	NA	NA	NA	NA	NA	NA	NA	59.27606273	0:LIVING	NA	NA	NA	NA	NA	NA	NA	2009	NA	NA	NA	NA	NA	0	NA	59.27606273	0:DiseaseFree	NA	NA	NA	10/28/11	NA	NA	NA	NA	NA	No	NA	NA	NA	C54.1	8380/3	C54.1	Yes	NA	NA	NA	NA	NA	NA	NA	NA	NA	NA	NA	NA	NA	NA	NA	No	NA	NA	25E7D9D6-7381-40E1-B7ED-1D8C936B7C5C	NA	NA	NA	NA	NA	NA	NA	NA	NA	NA	NA	NA	NA	NA	NA	NA	NA	NA	NA	NA	NA	NA	NA	NA	NA	NA	Washington University	NA	NA	NA	NA	99	NA	1803	-28886	NA	NA	NA	NA	NA	NA	NA	NA	NA	NA	NA	NA	NA	6	NA	UCEC	59.27606273	0:ALIVE OR DEAD TUMOR FREE	EUR	Yes	0.3153	0.22	Tumor Free	59.27606273	0:CENSORED	NA	No	No	NA	UCEC_CN_HIGH	380	No	Yes	FI	Uterus	Endometrioid Endometrial Adenocarcinoma	NA	NA	NA	NA	NA	NA	NA	NA	NA	NA	NA	NA	NA	NA	NA	NA
ucec_tcga_pan_can_atlas_2018	TCGA-FI-A3PV	TCGA-FI-A3PV-01	Endometrial Cancer	Uterine Serous Carcinoma/Uterine Papillary Serous Carcinoma	Not Hispanic Or Latino	NA	NA	NA	61	USC	Black or African American	1	Primary	Matched	2.033333333	NA	NA	NA	NA	NA	NA	68	NA	NA	NA	NA	NA	NA	NA	NA	NA	NA	NA	NA	NA	NA	NA	NA	NA	NA	NA	NA	NA	NA	NA	NA	NA	NA	NA	NA	NA	NA	NA	NA	NA	NA	NA	NA	NA	NA	NA	NA	NA	NA	NA	NA	NA	NA	NA	NA	NA	NA	NA	NA	NA	NA	NA	NA	NA	NA	NA	NA	NA	NA	NA	NA	NA	NA	NA	NA	NA	NA	NA	NA	NA	NA	NA	NA	NA	NA	NA	NA	NA	NA	NA	NA	NA	NA	NA	NA	NA	NA	NA	NA	NA	NA	NA	NA	NA	NA	NA	NA	NA	NA	NA	NA	NA	NA	NA	NA	NA	NA	NA	NA	NA	NA	NA	NA	NA	NA	NA	NA	NA	NA	NA	NA	NA	NA	NA	NA	NA	NA	NA	NA	NA	NA	NA	NA	NA	NA	NA	Female	NA	NA	NA	NA	NA	NA	NA	NA	NA	NA	NA	NA	NA	NA	NA	NA	NA	NA	0.4828	High Grade	NA	NA	NA	NA	NA	NA	NA	NA	NA	41.0625637	1:DECEASED	NA	NA	NA	NA	NA	NA	NA	2009	NA	NA	NA	NA	NA	0	NA	NA	NA	NA	NA	NA	6/15/12	NA	NA	NA	NA	NA	No	NA	NA	NA	C54.1	8441/3	C54.1	Yes	NA	NA	NA	NA	NA	NA	NA	NA	NA	NA	NA	NA	NA	NA	NA	NA	NA	NA	60E307DD-E11E-40BA-93C1-7E8A1F669F60	NA	NA	NA	NA	NA	NA	NA	NA	NA	NA	NA	NA	NA	NA	NA	NA	NA	NA	NA	NA	NA	NA	NA	NA	NA	NA	Washington University	NA	NA	NA	NA	105	NA	NA	-24898	NA	NA	NA	NA	NA	NA	NA	NA	NA	NA	NA	NA	NA	15	7	UCEC	41.0625637	1:DEAD WITH TUMOR	AFR	Yes	0.2839	0.31	With Tumor	41.0625637	1:PROGRESSION	NA	No	NA	10	UCEC_CN_HIGH	333	No	Yes	FI	Uterus	Serous Endometrial Adenocarcinoma	-8	NA	NA	NA	NA	NA	NA	NA	NA	NA	NA	NA	NA	NA	NA	NA
ucec_tcga_pan_can_atlas_2018	TCGA-FI-A3PX	TCGA-FI-A3PX-01	Endometrial Cancer	Uterine Serous Carcinoma/Uterine Papillary Serous Carcinoma	Not Hispanic Or Latino	NA	NA	NA	87	USC	White	1	Primary	Matched	2.9	NA	NA	NA	NA	NA	NA	57	NA	NA	NA	NA	NA	NA	NA	NA	NA	NA	NA	NA	NA	NA	NA	NA	NA	NA	NA	NA	NA	NA	NA	NA	NA	NA	NA	NA	NA	NA	NA	NA	NA	NA	NA	NA	NA	NA	NA	NA	NA	NA	NA	NA	NA	NA	NA	NA	NA	NA	NA	NA	NA	NA	NA	NA	NA	NA	NA	NA	NA	NA	NA	NA	NA	NA	NA	NA	NA	NA	NA	NA	NA	NA	NA	NA	NA	NA	NA	NA	NA	NA	NA	NA	NA	NA	NA	NA	NA	NA	NA	NA	NA	NA	NA	NA	NA	NA	NA	NA	NA	NA	NA	NA	NA	NA	NA	NA	NA	NA	NA	NA	NA	NA	NA	NA	NA	NA	NA	NA	NA	NA	NA	NA	NA	NA	NA	NA	NA	NA	NA	NA	NA	NA	NA	NA	NA	NA	NA	Female	NA	NA	NA	NA	NA	NA	NA	NA	NA	NA	NA	NA	NA	NA	NA	NA	NA	NA	0.5130	High Grade	NA	NA	NA	NA	NA	NA	NA	NA	NA	78.37722326	0:LIVING	NA	NA	NA	NA	NA	NA	NA	2009	NA	NA	NA	NA	NA	0	NA	78.37722326	0:DiseaseFree	NA	NA	NA	6/15/12	NA	NA	NA	NA	NA	No	NA	NA	NA	C54.1	8441/3	C54.1	Yes	NA	NA	NA	NA	NA	NA	NA	NA	NA	NA	NA	NA	NA	NA	NA	No	NA	NA	3E8E34C8-766A-4514-97F4-8000B5350AB9	NA	NA	NA	NA	NA	NA	NA	NA	NA	NA	NA	NA	NA	NA	NA	NA	NA	NA	NA	NA	NA	NA	NA	NA	NA	NA	Washington University	NA	NA	NA	NA	90	NA	2384	-21063	NA	NA	NA	NA	NA	NA	NA	NA	NA	NA	NA	NA	NA	21	25	UCEC	78.37722326	0:ALIVE OR DEAD TUMOR FREE	EUR	Yes	0.3305	0.5	Tumor Free	78.37722326	0:CENSORED	NA	No	No	18	UCEC_CN_HIGH	636	No	Yes	FI	Uterus	Serous Endometrial Adenocarcinoma	30	NA	NA	NA	NA	NA	NA	NA	NA	NA	NA	NA	NA	NA	NA	NA
ucec_tcga_pan_can_atlas_2018	TCGA-H5-A2HR	TCGA-H5-A2HR-01	Endometrial Cancer	Uterine Endometrioid Carcinoma	Not Hispanic Or Latino	NA	NA	NA	46	UEC	Black or African American	1	Primary	Matched	1.533333333	NA	NA	NA	NA	NA	NA	71	NA	NA	NA	NA	NA	NA	NA	NA	NA	NA	NA	NA	NA	NA	NA	NA	NA	NA	NA	NA	NA	NA	NA	NA	NA	NA	NA	NA	NA	NA	NA	NA	NA	NA	NA	NA	NA	NA	NA	NA	NA	NA	NA	NA	NA	NA	NA	NA	NA	NA	NA	NA	NA	NA	NA	NA	NA	NA	NA	NA	NA	NA	NA	NA	NA	NA	NA	NA	NA	NA	NA	NA	NA	NA	NA	NA	NA	NA	NA	NA	NA	NA	NA	NA	NA	NA	NA	NA	NA	NA	NA	NA	NA	NA	NA	NA	NA	NA	NA	NA	NA	NA	NA	NA	NA	NA	NA	NA	NA	NA	NA	NA	NA	NA	NA	NA	NA	NA	NA	NA	NA	NA	NA	NA	NA	NA	NA	NA	NA	NA	NA	NA	NA	NA	NA	NA	NA	NA	NA	Female	NA	NA	NA	NA	NA	NA	NA	NA	NA	NA	NA	NA	NA	NA	NA	NA	NA	NA	0.2775	G3	NA	NA	NA	NA	NA	NA	NA	NA	NA	1.742446658	0:LIVING	NA	NA	NA	NA	NA	NA	NA	1988	NA	NA	NA	NA	NA	0	NA	NA	NA	NA	NA	NA	10/1/11	NA	NA	NA	NA	NA	No	NA	NA	NA	C54.1	8380/3	C54.1	Yes	NA	NA	NA	NA	NA	NA	NA	NA	NA	NA	NA	NA	NA	NA	NA	NA	NA	NA	FDB395E7-FF30-400D-861E-0CF2462EE390	NA	NA	NA	NA	NA	NA	NA	NA	NA	NA	NA	NA	NA	NA	NA	NA	NA	NA	NA	NA	NA	NA	NA	NA	NA	NA	Medical College of Georgia	NA	NA	NA	NA	95	NA	39	-25986	NA	NA	NA	NA	NA	NA	NA	NA	NA	NA	NA	NA	NA	5	17	UCEC	1.742446658	0:ALIVE OR DEAD TUMOR FREE	AFR	Yes	0.2896	0.51	Tumor Free	1.742446658	0:CENSORED	NA	No	NA	4	UCEC_CN_HIGH	442	No	Yes	H5	Uterus	Endometrioid Endometrial Adenocarcinoma	-12	NA	NA	NA	NA	NA	NA	NA	NA	NA	NA	NA	NA	NA	NA	NA
ucec_tcga_pan_can_atlas_2018	TCGA-JU-AAVI	TCGA-JU-AAVI-01	Endometrial Cancer	Uterine Serous Carcinoma/Uterine Papillary Serous Carcinoma	Not Hispanic Or Latino	NA	NA	NA	48	USC	Black or African American	1	Primary	Matched	1.666666667	NA	NA	NA	NA	NA	NA	61	NA	NA	NA	NA	NA	NA	NA	NA	NA	NA	NA	NA	NA	NA	NA	NA	NA	NA	NA	NA	NA	NA	NA	NA	NA	NA	NA	NA	NA	NA	NA	NA	NA	NA	NA	NA	NA	NA	NA	NA	NA	NA	NA	NA	NA	NA	NA	NA	NA	NA	NA	NA	NA	NA	NA	NA	NA	NA	NA	NA	NA	NA	NA	NA	NA	NA	NA	NA	NA	NA	NA	NA	NA	NA	NA	NA	NA	NA	NA	NA	NA	NA	NA	NA	NA	NA	NA	NA	NA	NA	NA	NA	NA	NA	NA	NA	NA	NA	NA	NA	NA	NA	NA	NA	NA	NA	NA	NA	NA	NA	NA	NA	NA	NA	NA	NA	NA	NA	NA	NA	NA	NA	NA	NA	NA	NA	NA	NA	NA	NA	NA	NA	NA	NA	NA	NA	NA	NA	NA	Female	NA	NA	NA	NA	NA	NA	NA	NA	NA	NA	NA	NA	NA	NA	NA	NA	NA	NA	0.4885	G3	NA	NA	NA	NA	NA	NA	NA	NA	NA	17.7532301	1:DECEASED	NA	NA	NA	NA	NA	NA	NA	1988	NA	NA	NA	NA	NA	0	NA	16.60255778	1:Recurred/Progressed	NA	NA	NA	4/3/14	NA	NA	NA	NA	NA	No	NA	NA	NA	C54.1	8441/3	C54.1	Yes	NA	NA	NA	NA	NA	NA	NA	NA	NA	NA	NA	NA	NA	NA	NA	No	NA	NA	3E41CF2F-3DE9-44C1-A819-BCE693BAF67D	NA	NA	NA	NA	NA	NA	NA	NA	NA	NA	NA	NA	NA	NA	NA	NA	NA	NA	NA	NA	NA	NA	NA	NA	NA	NA	BLN - Baylor	NA	NA	NA	NA	121	NA	236	-22289	NA	NA	NA	NA	NA	NA	NA	NA	NA	NA	NA	NA	NA	17	19	UCEC	17.7532301	1:DEAD WITH TUMOR	AFR	Yes	0.3208	0.46	Tumor Free	16.60255778	1:PROGRESSION	NA	No	Yes	4	UCEC_CN_HIGH	264	Yes	No	JU	Uterus	Serous Endometrial Adenocarcinoma	24	NA	NA	NA	NA	NA	NA	NA	NA	NA	NA	NA	NA	NA	NA	NA
ucec_tcga_pan_can_atlas_2018	TCGA-K6-A3WQ	TCGA-K6-A3WQ-01	Endometrial Cancer	Uterine Serous Carcinoma/Uterine Papillary Serous Carcinoma	Not Hispanic Or Latino	NA	NA	NA	32	USC	White	1	Primary	Matched	1.133333333	NA	NA	NA	NA	NA	NA	60	NA	NA	NA	NA	NA	NA	NA	NA	NA	NA	NA	NA	NA	NA	NA	NA	NA	NA	NA	NA	NA	NA	NA	NA	NA	NA	NA	NA	NA	NA	NA	NA	NA	NA	NA	NA	NA	NA	NA	NA	NA	NA	NA	NA	NA	NA	NA	NA	NA	NA	NA	NA	NA	NA	NA	NA	NA	NA	NA	NA	NA	NA	NA	NA	NA	NA	NA	NA	NA	NA	NA	NA	NA	NA	NA	NA	NA	NA	NA	NA	NA	NA	NA	NA	NA	NA	NA	NA	NA	NA	NA	NA	NA	NA	NA	NA	NA	NA	NA	NA	NA	NA	NA	NA	NA	NA	NA	NA	NA	NA	NA	NA	NA	NA	NA	NA	NA	NA	NA	NA	NA	NA	NA	NA	NA	NA	NA	NA	NA	NA	NA	NA	NA	NA	NA	NA	NA	NA	NA	Female	NA	NA	NA	NA	NA	NA	NA	NA	NA	NA	NA	NA	NA	NA	NA	NA	NA	NA	0.7330	G3	NA	NA	NA	NA	NA	NA	NA	NA	NA	14.03820232	1:DECEASED	NA	NA	NA	NA	NA	NA	NA	2009	NA	NA	NA	NA	NA	0	NA	NA	NA	NA	NA	NA	9/26/12	NA	NA	NA	NA	NA	No	NA	NA	NA	C54.1	8441/3	C54.1	Yes	NA	NA	NA	NA	NA	NA	NA	NA	NA	NA	NA	NA	NA	NA	NA	Yes	NA	NA	D6303A05-F705-4413-8860-506A105D5B08	NA	NA	NA	NA	NA	NA	NA	NA	NA	NA	NA	NA	NA	NA	NA	NA	NA	NA	NA	NA	NA	NA	NA	NA	NA	NA	ABS - Lahey Clinic	NA	NA	NA	NA	99	NA	400	-22092	NA	NA	NA	NA	NA	NA	NA	NA	NA	NA	NA	NA	NA	18	19	UCEC	14.03820232	1:DEAD WITH TUMOR	NA	Yes	0.3158	0.63	Tumor Free	11.53959957	1:PROGRESSION	NA	No	Yes	10	UCEC_CN_HIGH	289	Yes	No	K6	Uterus	Serous Endometrial Adenocarcinoma	18	NA	NA	NA	NA	NA	NA	NA	NA	NA	NA	NA	NA	NA	NA	NA
ucec_tcga_pan_can_atlas_2018	TCGA-KP-A3VZ	TCGA-KP-A3VZ-01	Endometrial Cancer	Uterine Serous Carcinoma/Uterine Papillary Serous Carcinoma	Not Hispanic Or Latino	NA	NA	NA	76	USC	White	1	Primary	Matched	2.533333333	NA	NA	NA	NA	NA	NA	69	NA	NA	NA	NA	NA	NA	NA	NA	NA	NA	NA	NA	NA	NA	NA	NA	NA	NA	NA	NA	NA	NA	NA	NA	NA	NA	NA	NA	NA	NA	NA	NA	NA	NA	NA	NA	NA	NA	NA	NA	NA	NA	NA	NA	NA	NA	NA	NA	NA	NA	NA	NA	NA	NA	NA	NA	NA	NA	NA	NA	NA	NA	NA	NA	NA	NA	NA	NA	NA	NA	NA	NA	NA	NA	NA	NA	NA	NA	NA	NA	NA	NA	NA	NA	NA	NA	NA	NA	NA	NA	NA	NA	NA	NA	NA	NA	NA	NA	NA	NA	NA	NA	NA	NA	NA	NA	NA	NA	NA	NA	NA	NA	NA	NA	NA	NA	NA	NA	NA	NA	NA	NA	NA	NA	NA	NA	NA	NA	NA	NA	NA	NA	NA	NA	NA	NA	NA	NA	NA	Female	NA	NA	NA	NA	NA	NA	NA	NA	NA	NA	NA	NA	NA	NA	NA	NA	NA	NA	0.7216	High Grade	NA	NA	NA	NA	NA	NA	NA	NA	NA	23.73672617	0:LIVING	NA	NA	NA	NA	NA	NA	NA	2009	NA	NA	NA	NA	NA	0	NA	NA	NA	NA	NA	NA	7/16/12	NA	NA	NA	NA	NA	No	NA	NA	NA	C54.1	8441/3	C54.1	Yes	NA	NA	NA	NA	NA	NA	NA	NA	NA	NA	NA	NA	NA	NA	NA	NA	NA	NA	6B35A816-F9C4-44D4-9824-5DEE4804B80D	NA	NA	NA	NA	NA	NA	NA	NA	NA	NA	NA	NA	NA	NA	NA	NA	NA	NA	NA	NA	NA	NA	NA	NA	NA	NA	British Columbia Cancer Agency	NA	NA	NA	NA	55	NA	722	-25366	NA	NA	NA	NA	NA	NA	NA	NA	NA	NA	NA	NA	NA	18	13	UCEC	23.73672617	0:ALIVE OR DEAD TUMOR FREE	EUR	Yes	0.3111	0.55	With Tumor	23.73672617	0:CENSORED	NA	Yes	NA	10	UCEC_CN_HIGH	350	No	Yes	KP	Uterus	Serous Endometrial Adenocarcinoma	24	NA	NA	NA	NA	NA	NA	NA	NA	NA	NA	NA	NA	NA	NA	NA
ucec_tcga_pan_can_atlas_2018	TCGA-KP-A3W0	TCGA-KP-A3W0-01	Endometrial Cancer	Uterine Serous Carcinoma/Uterine Papillary Serous Carcinoma	NA	NA	NA	NA	39	USC	NA	1	Primary	Matched	1.3	NA	NA	NA	NA	NA	NA	72	NA	NA	NA	NA	NA	NA	NA	NA	NA	NA	NA	NA	NA	NA	NA	NA	NA	NA	NA	NA	NA	NA	NA	NA	NA	NA	NA	NA	NA	NA	NA	NA	NA	NA	NA	NA	NA	NA	NA	NA	NA	NA	NA	NA	NA	NA	NA	NA	NA	NA	NA	NA	NA	NA	NA	NA	NA	NA	NA	NA	NA	NA	NA	NA	NA	NA	NA	NA	NA	NA	NA	NA	NA	NA	NA	NA	NA	NA	NA	NA	NA	NA	NA	NA	NA	NA	NA	NA	NA	NA	NA	NA	NA	NA	NA	NA	NA	NA	NA	NA	NA	NA	NA	NA	NA	NA	NA	NA	NA	NA	NA	NA	NA	NA	NA	NA	NA	NA	NA	NA	NA	NA	NA	NA	NA	NA	NA	NA	NA	NA	NA	NA	NA	NA	NA	NA	NA	NA	NA	Female	NA	NA	NA	NA	NA	NA	NA	NA	NA	NA	NA	NA	NA	NA	NA	NA	NA	NA	0.3267	G3	NA	NA	NA	NA	NA	NA	NA	NA	NA	13.28204622	0:LIVING	NA	NA	NA	NA	NA	NA	NA	2009	NA	NA	NA	NA	NA	0	NA	13.28204622	0:DiseaseFree	NA	NA	NA	7/19/12	NA	NA	NA	NA	NA	No	NA	NA	NA	C54.1	8441/3	C54.1	Yes	NA	NA	NA	NA	NA	NA	NA	NA	NA	NA	NA	NA	NA	NA	NA	No	NA	NA	C9EBAEFF-6A27-4A6C-A34C-5337A3508A52	NA	NA	NA	NA	NA	NA	NA	NA	NA	NA	NA	NA	NA	NA	NA	NA	NA	NA	NA	NA	NA	NA	NA	NA	NA	NA	British Columbia Cancer Agency	NA	NA	NA	NA	94	NA	404	-26378	NA	NA	NA	NA	NA	NA	NA	NA	NA	NA	NA	NA	NA	9	9	UCEC	13.28204622	0:ALIVE OR DEAD TUMOR FREE	EUR	Yes	0.2945	0.21	Tumor Free	13.28204622	0:CENSORED	NA	No	Yes	2	UCEC_CN_LOW	119	No	Yes	KP	Uterus	Serous Endometrial Adenocarcinoma	0	NA	NA	NA	NA	NA	NA	NA	NA	NA	NA	NA	NA	NA	NA	NA
ucec_tcga_pan_can_atlas_2018	TCGA-KP-A3W1	TCGA-KP-A3W1-01	Endometrial Cancer	Uterine Serous Carcinoma/Uterine Papillary Serous Carcinoma	NA	NA	NA	NA	43	USC	NA	1	Primary	Matched	1.433333333	NA	NA	NA	NA	NA	NA	76	NA	NA	NA	NA	NA	NA	NA	NA	NA	NA	NA	NA	NA	NA	NA	NA	NA	NA	NA	NA	NA	NA	NA	NA	NA	NA	NA	NA	NA	NA	NA	NA	NA	NA	NA	NA	NA	NA	NA	NA	NA	NA	NA	NA	NA	NA	NA	NA	NA	NA	NA	NA	NA	NA	NA	NA	NA	NA	NA	NA	NA	NA	NA	NA	NA	NA	NA	NA	NA	NA	NA	NA	NA	NA	NA	NA	NA	NA	NA	NA	NA	NA	NA	NA	NA	NA	NA	NA	NA	NA	NA	NA	NA	NA	NA	NA	NA	NA	NA	NA	NA	NA	NA	NA	NA	NA	NA	NA	NA	NA	NA	NA	NA	NA	NA	NA	NA	NA	NA	NA	NA	NA	NA	NA	NA	NA	NA	NA	NA	NA	NA	NA	NA	NA	NA	NA	NA	NA	NA	Female	NA	NA	NA	NA	NA	NA	NA	NA	NA	NA	NA	NA	NA	NA	NA	NA	NA	NA	0.5404	G3	NA	NA	NA	NA	NA	NA	NA	NA	NA	9.468389388	0:LIVING	NA	NA	NA	NA	NA	NA	NA	2009	NA	NA	NA	NA	NA	0	NA	9.468389388	0:DiseaseFree	NA	NA	NA	7/19/12	NA	NA	NA	NA	NA	No	NA	NA	NA	C54.1	8441/3	C54.1	Yes	NA	NA	NA	NA	NA	NA	NA	NA	NA	NA	NA	NA	NA	NA	NA	No	NA	NA	3BCE9803-E74C-462E-BD40-8EC337A66F3A	NA	NA	NA	NA	NA	NA	NA	NA	NA	NA	NA	NA	NA	NA	NA	NA	NA	NA	NA	NA	NA	NA	NA	NA	NA	NA	British Columbia Cancer Agency	NA	NA	NA	NA	66	NA	288	-27902	NA	NA	NA	NA	NA	NA	NA	NA	NA	NA	NA	NA	NA	31	21	UCEC	9.468389388	0:ALIVE OR DEAD TUMOR FREE	EUR	Yes	0.2968	0.04	Tumor Free	9.468389388	0:CENSORED	NA	No	Yes	14	UCEC_CN_HIGH	292	No	Yes	KP	Uterus	Serous Endometrial Adenocarcinoma	16	NA	NA	NA	NA	NA	NA	NA	NA	NA	NA	NA	NA	NA	NA	NA
ucec_tcga_pan_can_atlas_2018	TCGA-KP-A3W3	TCGA-KP-A3W3-01	Endometrial Cancer	Uterine Serous Carcinoma/Uterine Papillary Serous Carcinoma	Not Hispanic Or Latino	NA	NA	NA	32	USC	White	1	Primary	Matched	1.1	NA	NA	NA	NA	NA	NA	72	NA	NA	NA	NA	NA	NA	NA	NA	NA	NA	NA	NA	NA	NA	NA	NA	NA	NA	NA	NA	NA	NA	NA	NA	NA	NA	NA	NA	NA	NA	NA	NA	NA	NA	NA	NA	NA	NA	NA	NA	NA	NA	NA	NA	NA	NA	NA	NA	NA	NA	NA	NA	NA	NA	NA	NA	NA	NA	NA	NA	NA	NA	NA	NA	NA	NA	NA	NA	NA	NA	NA	NA	NA	NA	NA	NA	NA	NA	NA	NA	NA	NA	NA	NA	NA	NA	NA	NA	NA	NA	NA	NA	NA	NA	NA	NA	NA	NA	NA	NA	NA	NA	NA	NA	NA	NA	NA	NA	NA	NA	NA	NA	NA	NA	NA	NA	NA	NA	NA	NA	NA	NA	NA	NA	NA	NA	NA	NA	NA	NA	NA	NA	NA	NA	NA	NA	NA	NA	NA	Female	NA	NA	NA	NA	NA	NA	NA	NA	NA	NA	NA	NA	NA	NA	NA	NA	NA	NA	0.6446	G3	NA	NA	NA	NA	NA	NA	NA	NA	NA	26.10382352	0:LIVING	NA	NA	NA	NA	NA	NA	NA	2009	NA	NA	NA	NA	NA	0	NA	21.7312687	1:Recurred/Progressed	NA	NA	NA	7/19/12	NA	NA	NA	NA	NA	No	NA	NA	NA	C54.1	8441/3	C54.1	Yes	NA	NA	NA	NA	NA	NA	NA	NA	NA	NA	NA	NA	NA	NA	NA	Yes	NA	NA	0264C9C2-6B6A-485C-98F5-AED4F52ED0CA	NA	NA	NA	NA	NA	NA	NA	NA	NA	NA	NA	NA	NA	NA	NA	NA	NA	NA	NA	NA	NA	NA	NA	NA	NA	NA	British Columbia Cancer Agency	NA	NA	NA	NA	126	NA	794	-26310	NA	NA	NA	NA	NA	NA	NA	NA	NA	NA	NA	NA	NA	18	-1	UCEC	26.10382352	0:ALIVE OR DEAD TUMOR FREE	EUR	Yes	0.4075	0.55	With Tumor	21.7312687	1:PROGRESSION	NA	No	Yes	2	UCEC_CN_HIGH	147	No	Yes	KP	Uterus	Serous Endometrial Adenocarcinoma	-8	NA	NA	NA	NA	NA	NA	NA	NA	NA	NA	NA	NA	NA	NA	NA
ucec_tcga_pan_can_atlas_2018	TCGA-KP-A3W4	TCGA-KP-A3W4-01	Endometrial Cancer	Uterine Serous Carcinoma/Uterine Papillary Serous Carcinoma	Not Hispanic Or Latino	NA	NA	NA	47	USC	White	1	Primary	Matched	1.533333333	NA	NA	NA	NA	NA	NA	63	NA	NA	NA	NA	NA	NA	NA	NA	NA	NA	NA	NA	NA	NA	NA	NA	NA	NA	NA	NA	NA	NA	NA	NA	NA	NA	NA	NA	NA	NA	NA	NA	NA	NA	NA	NA	NA	NA	NA	NA	NA	NA	NA	NA	NA	NA	NA	NA	NA	NA	NA	NA	NA	NA	NA	NA	NA	NA	NA	NA	NA	NA	NA	NA	NA	NA	NA	NA	NA	NA	NA	NA	NA	NA	NA	NA	NA	NA	NA	NA	NA	NA	NA	NA	NA	NA	NA	NA	NA	NA	NA	NA	NA	NA	NA	NA	NA	NA	NA	NA	NA	NA	NA	NA	NA	NA	NA	NA	NA	NA	NA	NA	NA	NA	NA	NA	NA	NA	NA	NA	NA	NA	NA	NA	NA	NA	NA	NA	NA	NA	NA	NA	NA	NA	NA	NA	NA	NA	NA	Female	NA	NA	NA	NA	NA	NA	NA	NA	NA	NA	NA	NA	NA	NA	NA	NA	NA	NA	0.1501	G3	NA	NA	NA	NA	NA	NA	NA	NA	NA	18.21349903	1:DECEASED	NA	NA	NA	NA	NA	NA	NA	2009	NA	NA	NA	NA	NA	0	NA	NA	NA	NA	NA	NA	7/19/12	NA	NA	NA	NA	NA	No	NA	NA	NA	C54.1	8441/3	C54.1	Yes	NA	NA	NA	NA	NA	NA	NA	NA	NA	NA	NA	NA	NA	NA	NA	Yes	NA	NA	62DF1BD8-23A8-4E52-A483-6895B2F02494	NA	NA	NA	NA	NA	NA	NA	NA	NA	NA	NA	NA	NA	NA	NA	NA	NA	NA	NA	NA	NA	NA	NA	NA	NA	NA	British Columbia Cancer Agency	NA	NA	NA	NA	61	NA	NA	-23200	NA	NA	NA	NA	NA	NA	NA	NA	NA	NA	NA	NA	NA	3	-5	UCEC	18.21349903	1:DEAD WITH TUMOR	EUR	Yes	0.3573	0.06	With Tumor	10.55330901	1:PROGRESSION	NA	No	No	2	UCEC_CN_HIGH	170	No	Yes	KP	Uterus	Serous Endometrial Adenocarcinoma	-4	NA	NA	NA	NA	NA	NA	NA	NA	NA	NA	NA	NA	NA	NA	NA
ucec_tcga_pan_can_atlas_2018	TCGA-PG-A5BC	TCGA-PG-A5BC-01	Endometrial Cancer	Uterine Serous Carcinoma/Uterine Papillary Serous Carcinoma	Not Hispanic Or Latino	NA	NA	NA	42	USC	Black or African American	1	Primary	Matched	1.4	NA	NA	NA	NA	NA	NA	72	NA	NA	NA	NA	NA	NA	NA	NA	NA	NA	NA	NA	NA	NA	NA	NA	NA	NA	NA	NA	NA	NA	NA	NA	NA	NA	NA	NA	NA	NA	NA	NA	NA	NA	NA	NA	NA	NA	NA	NA	NA	NA	NA	NA	NA	NA	NA	NA	NA	NA	NA	NA	NA	NA	NA	NA	NA	NA	NA	NA	NA	NA	NA	NA	NA	NA	NA	NA	NA	NA	NA	NA	NA	NA	NA	NA	NA	NA	NA	NA	NA	NA	NA	NA	NA	NA	NA	NA	NA	NA	NA	NA	NA	NA	NA	NA	NA	NA	NA	NA	NA	NA	NA	NA	NA	NA	NA	NA	NA	NA	NA	NA	NA	NA	NA	NA	NA	NA	NA	NA	NA	NA	NA	NA	NA	NA	NA	NA	NA	NA	NA	NA	NA	NA	NA	NA	NA	NA	NA	Female	NA	NA	NA	NA	NA	NA	NA	NA	NA	NA	NA	NA	NA	NA	NA	NA	NA	NA	0.4200	G3	NA	NA	NA	NA	NA	NA	NA	NA	NA	23.24358089	0:LIVING	NA	NA	NA	NA	NA	NA	NA	2009	NA	NA	NA	NA	NA	0	NA	23.24358089	0:DiseaseFree	NA	NA	NA	5/20/13	NA	NA	NA	NA	NA	No	NA	NA	NA	C54.1	8441/3	C54.1	Yes	NA	NA	NA	NA	NA	NA	NA	NA	NA	NA	NA	NA	NA	NA	NA	No	NA	NA	22669A01-21D3-404C-AC19-CF0A6C03BB1D	NA	NA	NA	NA	NA	NA	NA	NA	NA	NA	NA	NA	NA	NA	NA	NA	NA	NA	NA	NA	NA	NA	NA	NA	NA	NA	Montefiore Medical Center	NA	NA	NA	NA	87	NA	707	-26436	NA	NA	NA	NA	NA	NA	NA	NA	NA	NA	NA	NA	NA	9	21	UCEC	23.24358089	0:ALIVE OR DEAD TUMOR FREE	AFR	Yes	0.3104	0.35	Tumor Free	23.24358089	0:CENSORED	NA	No	No	14	UCEC_CN_HIGH	195	No	Yes	PG	Uterus	Serous Endometrial Adenocarcinoma	30	NA	NA	NA	NA	NA	NA	NA	NA	NA	NA	NA	NA	NA	NA	NA
ucec_tcga_pan_can_atlas_2018	TCGA-PG-A6IB	TCGA-PG-A6IB-01	Endometrial Cancer	Uterine Serous Carcinoma/Uterine Papillary Serous Carcinoma	Not Hispanic Or Latino	NA	NA	NA	433	USC	Black or African American	1	Primary	Matched	14.6	NA	NA	NA	NA	NA	NA	68	NA	NA	NA	NA	NA	NA	NA	NA	NA	NA	NA	NA	NA	NA	NA	NA	NA	NA	NA	NA	NA	NA	NA	NA	NA	NA	NA	NA	NA	NA	NA	NA	NA	NA	NA	NA	NA	NA	NA	NA	NA	NA	NA	NA	NA	NA	NA	NA	NA	NA	NA	NA	NA	NA	NA	NA	NA	NA	NA	NA	NA	NA	NA	NA	NA	NA	NA	NA	NA	NA	NA	NA	NA	NA	NA	NA	NA	NA	NA	NA	NA	NA	NA	NA	NA	NA	NA	NA	NA	NA	NA	NA	NA	NA	NA	NA	NA	NA	NA	NA	NA	NA	NA	NA	NA	NA	NA	NA	NA	NA	NA	NA	NA	NA	NA	NA	NA	NA	NA	NA	NA	NA	NA	NA	NA	NA	NA	NA	NA	NA	NA	NA	NA	NA	NA	NA	NA	NA	NA	Female	NA	NA	NA	NA	NA	NA	NA	NA	NA	NA	NA	NA	NA	NA	NA	NA	NA	NA	0.0006	G3	NA	NA	NA	NA	NA	NA	NA	NA	NA	21.30387612	0:LIVING	NA	NA	NA	NA	NA	NA	NA	2009	NA	NA	NA	NA	NA	0	NA	21.30387612	0:DiseaseFree	NA	NA	NA	2/5/14	NA	NA	NA	NA	NA	No	NA	NA	NA	C54.1	8441/3	C54.1	Yes	NA	NA	NA	NA	NA	NA	NA	NA	NA	NA	NA	NA	NA	NA	NA	No	NA	NA	E8C7195B-A26B-4D98-B1C5-0AA18385E9C8	NA	NA	NA	NA	NA	NA	NA	NA	NA	NA	NA	NA	NA	NA	NA	NA	NA	NA	NA	NA	NA	NA	NA	NA	NA	NA	Montefiore Medical Center	NA	NA	NA	NA	NA	NA	648	-24969	NA	NA	NA	NA	NA	NA	NA	NA	NA	NA	NA	NA	NA	0	23	UCEC	21.30387612	0:ALIVE OR DEAD TUMOR FREE	AFR_ADMIX	Yes	0.6358	9.83	Tumor Free	21.30387612	0:CENSORED	NA	No	NA	22	UCEC_MSI	5	No	Yes	PG	Uterus	Serous Endometrial Adenocarcinoma	22	NA	NA	NA	NA	NA	NA	NA	NA	NA	NA	NA	NA	NA	NA	NA
ucec_tcga_pan_can_atlas_2018	TCGA-PG-A7D5	TCGA-PG-A7D5-01	Endometrial Cancer	Uterine Serous Carcinoma/Uterine Papillary Serous Carcinoma	Not Hispanic Or Latino	NA	NA	NA	30	USC	Black or African American	1	Primary	Matched	0.966666667	NA	NA	NA	NA	NA	NA	62	NA	NA	NA	NA	NA	NA	NA	NA	NA	NA	NA	NA	NA	NA	NA	NA	NA	NA	NA	NA	NA	NA	NA	NA	NA	NA	NA	NA	NA	NA	NA	NA	NA	NA	NA	NA	NA	NA	NA	NA	NA	NA	NA	NA	NA	NA	NA	NA	NA	NA	NA	NA	NA	NA	NA	NA	NA	NA	NA	NA	NA	NA	NA	NA	NA	NA	NA	NA	NA	NA	NA	NA	NA	NA	NA	NA	NA	NA	NA	NA	NA	NA	NA	NA	NA	NA	NA	NA	NA	NA	NA	NA	NA	NA	NA	NA	NA	NA	NA	NA	NA	NA	NA	NA	NA	NA	NA	NA	NA	NA	NA	NA	NA	NA	NA	NA	NA	NA	NA	NA	NA	NA	NA	NA	NA	NA	NA	NA	NA	NA	NA	NA	NA	NA	NA	NA	NA	NA	NA	Female	NA	NA	NA	NA	NA	NA	NA	NA	NA	NA	NA	NA	NA	NA	NA	NA	NA	NA	0.4382	G3	NA	NA	NA	NA	NA	NA	NA	NA	NA	38.69546635	0:LIVING	NA	NA	NA	NA	NA	NA	NA	2009	NA	NA	NA	NA	NA	0	NA	NA	NA	NA	NA	NA	2/5/14	NA	NA	NA	NA	NA	No	NA	NA	NA	C54.1	8441/3	C54.1	Yes	NA	NA	NA	NA	NA	NA	NA	NA	NA	NA	NA	NA	NA	NA	NA	No	NA	NA	4ADC20D7-5AF1-4126-9073-C7D7AE465D92	NA	NA	NA	NA	NA	NA	NA	NA	NA	NA	NA	NA	NA	NA	NA	NA	NA	NA	NA	NA	NA	NA	NA	NA	NA	NA	Montefiore Medical Center	NA	NA	NA	NA	79	NA	1177	-23006	NA	NA	NA	NA	NA	NA	NA	NA	NA	NA	NA	NA	NA	5	17	UCEC	38.69546635	0:ALIVE OR DEAD TUMOR FREE	AFR	Yes	0.3506	0.1	Tumor Free	38.69546635	0:CENSORED	NA	No	Yes	16	UCEC_CN_HIGH	266	No	Yes	PG	Uterus	Serous Endometrial Adenocarcinoma	34	NA	NA	NA	NA	NA	NA	NA	NA	NA	NA	NA	NA	NA	NA	NA
ucec_tcga_pan_can_atlas_2018	TCGA-PG-A914	TCGA-PG-A914-01	Endometrial Cancer	Uterine Serous Carcinoma/Uterine Papillary Serous Carcinoma	Not Hispanic Or Latino	NA	NA	NA	135	USC	Black or African American	1	Primary	Matched	4.566666667	NA	NA	NA	NA	NA	NA	73	NA	NA	NA	NA	NA	NA	NA	NA	NA	NA	NA	NA	NA	NA	NA	NA	NA	NA	NA	NA	NA	NA	NA	NA	NA	NA	NA	NA	NA	NA	NA	NA	NA	NA	NA	NA	NA	NA	NA	NA	NA	NA	NA	NA	NA	NA	NA	NA	NA	NA	NA	NA	NA	NA	NA	NA	NA	NA	NA	NA	NA	NA	NA	NA	NA	NA	NA	NA	NA	NA	NA	NA	NA	NA	NA	NA	NA	NA	NA	NA	NA	NA	NA	NA	NA	NA	NA	NA	NA	NA	NA	NA	NA	NA	NA	NA	NA	NA	NA	NA	NA	NA	NA	NA	NA	NA	NA	NA	NA	NA	NA	NA	NA	NA	NA	NA	NA	NA	NA	NA	NA	NA	NA	NA	NA	NA	NA	NA	NA	NA	NA	NA	NA	NA	NA	NA	NA	NA	NA	Female	NA	NA	NA	NA	NA	NA	NA	NA	NA	NA	NA	NA	NA	NA	NA	NA	NA	NA	0.6161	G3	NA	NA	NA	NA	NA	NA	NA	NA	NA	22.58605385	0:LIVING	NA	NA	NA	NA	NA	NA	NA	2009	NA	NA	NA	NA	NA	0	NA	22.58605385	0:DiseaseFree	NA	NA	NA	4/23/14	NA	NA	NA	NA	NA	No	NA	NA	NA	C54.1	8461/3	C54.1	Yes	NA	NA	NA	NA	NA	NA	NA	NA	NA	NA	NA	NA	NA	NA	NA	No	NA	NA	FF6B5FC8-0572-4B58-B3A5-BCDA41BADBC8	NA	NA	NA	NA	NA	NA	NA	NA	NA	NA	NA	NA	NA	NA	NA	NA	NA	NA	NA	NA	NA	NA	NA	NA	NA	NA	Montefiore Medical Center	NA	NA	NA	NA	NA	NA	687	-26992	NA	NA	NA	NA	NA	NA	NA	NA	NA	NA	NA	NA	NA	21	19	UCEC	22.58605385	0:ALIVE OR DEAD TUMOR FREE	AFR	Yes	0.3571	0.34	Tumor Free	22.58605385	0:CENSORED	NA	No	Yes	10	UCEC_CN_HIGH	776	No	Yes	PG	Uterus	Serous Endometrial Adenocarcinoma	20	NA	NA	NA	NA	NA	NA	NA	NA	NA	NA	NA	NA	NA	NA	NA
ucec_tcga_pan_can_atlas_2018	TCGA-PG-A915	TCGA-PG-A915-01	Endometrial Cancer	Uterine Serous Carcinoma/Uterine Papillary Serous Carcinoma	Not Hispanic Or Latino	NA	NA	NA	73	USC	Black or African American	1	Primary	Matched	2.433333333	NA	NA	NA	NA	NA	NA	60	NA	NA	NA	NA	NA	NA	NA	NA	NA	NA	NA	NA	NA	NA	NA	NA	NA	NA	NA	NA	NA	NA	NA	NA	NA	NA	NA	NA	NA	NA	NA	NA	NA	NA	NA	NA	NA	NA	NA	NA	NA	NA	NA	NA	NA	NA	NA	NA	NA	NA	NA	NA	NA	NA	NA	NA	NA	NA	NA	NA	NA	NA	NA	NA	NA	NA	NA	NA	NA	NA	NA	NA	NA	NA	NA	NA	NA	NA	NA	NA	NA	NA	NA	NA	NA	NA	NA	NA	NA	NA	NA	NA	NA	NA	NA	NA	NA	NA	NA	NA	NA	NA	NA	NA	NA	NA	NA	NA	NA	NA	NA	NA	NA	NA	NA	NA	NA	NA	NA	NA	NA	NA	NA	NA	NA	NA	NA	NA	NA	NA	NA	NA	NA	NA	NA	NA	NA	NA	NA	Female	NA	NA	NA	NA	NA	NA	NA	NA	NA	NA	NA	NA	NA	NA	NA	NA	NA	NA	0.4091	G3	NA	NA	NA	NA	NA	NA	NA	NA	NA	8.186211658	0:LIVING	NA	NA	NA	NA	NA	NA	NA	2009	NA	NA	NA	NA	NA	0	NA	8.186211658	0:DiseaseFree	NA	NA	NA	4/25/14	NA	NA	NA	NA	NA	No	NA	NA	NA	C54.1	8461/3	C54.1	Yes	NA	NA	NA	NA	NA	NA	NA	NA	NA	NA	NA	NA	NA	NA	NA	No	NA	NA	EA95897E-3FE0-4C79-B170-88B0F229794C	NA	NA	NA	NA	NA	NA	NA	NA	NA	NA	NA	NA	NA	NA	NA	NA	NA	NA	NA	NA	NA	NA	NA	NA	NA	NA	Montefiore Medical Center	NA	NA	NA	NA	NA	NA	249	-22119	NA	NA	NA	NA	NA	NA	NA	NA	NA	NA	NA	NA	NA	19	21	UCEC	8.186211658	0:ALIVE OR DEAD TUMOR FREE	AFR	Yes	0.3462	0.42	Tumor Free	8.186211658	0:CENSORED	NA	No	No	16	UCEC_CN_HIGH	318	No	Yes	PG	Uterus	Serous Endometrial Adenocarcinoma	30	NA	NA	NA	NA	NA	NA	NA	NA	NA	NA	NA	NA	NA	NA	NA
ucec_tcga_pan_can_atlas_2018	TCGA-PG-A916	TCGA-PG-A916-01	Endometrial Cancer	Uterine Endometrioid Carcinoma	Not Hispanic Or Latino	NA	NA	NA	41	UEC	Black or African American	1	Primary	Matched	1.366666667	NA	NA	NA	NA	NA	NA	70	NA	NA	NA	NA	NA	NA	NA	NA	NA	NA	NA	NA	NA	NA	NA	NA	NA	NA	NA	NA	NA	NA	NA	NA	NA	NA	NA	NA	NA	NA	NA	NA	NA	NA	NA	NA	NA	NA	NA	NA	NA	NA	NA	NA	NA	NA	NA	NA	NA	NA	NA	NA	NA	NA	NA	NA	NA	NA	NA	NA	NA	NA	NA	NA	NA	NA	NA	NA	NA	NA	NA	NA	NA	NA	NA	NA	NA	NA	NA	NA	NA	NA	NA	NA	NA	NA	NA	NA	NA	NA	NA	NA	NA	NA	NA	NA	NA	NA	NA	NA	NA	NA	NA	NA	NA	NA	NA	NA	NA	NA	NA	NA	NA	NA	NA	NA	NA	NA	NA	NA	NA	NA	NA	NA	NA	NA	NA	NA	NA	NA	NA	NA	NA	NA	NA	NA	NA	NA	NA	Female	NA	NA	NA	NA	NA	NA	NA	NA	NA	NA	NA	NA	NA	NA	NA	NA	NA	NA	0.0000	G2	NA	NA	NA	NA	NA	NA	NA	NA	NA	17.16145577	0:LIVING	NA	NA	NA	NA	NA	NA	NA	2009	NA	NA	NA	NA	NA	0	NA	17.16145577	0:DiseaseFree	NA	NA	NA	4/28/14	NA	NA	NA	NA	NA	No	NA	NA	NA	C54.1	8380/3	C54.1	Yes	NA	NA	NA	NA	NA	NA	NA	NA	NA	NA	NA	NA	NA	NA	NA	No	NA	NA	5EDAED6D-9914-4DF2-A843-D6009C36CBCC	NA	NA	NA	NA	NA	NA	NA	NA	NA	NA	NA	NA	NA	NA	NA	NA	NA	NA	NA	NA	NA	NA	NA	NA	NA	NA	Montefiore Medical Center	NA	NA	NA	NA	NA	NA	522	-25617	NA	NA	NA	NA	NA	NA	NA	NA	NA	NA	NA	NA	NA	0	3	UCEC	17.16145577	0:ALIVE OR DEAD TUMOR FREE	AFR_ADMIX	Yes	0.3407	0.08	Tumor Free	17.16145577	0:CENSORED	NA	No	No	8	UCEC_CN_LOW	0	No	Yes	PG	Uterus	Endometrioid Endometrial Adenocarcinoma	-2	NA	NA	NA	NA	NA	NA	NA	NA	NA	NA	NA	NA	NA	NA	NA
ucec_tcga_pan_can_atlas_2018	TCGA-PG-A917	TCGA-PG-A917-01	Endometrial Cancer	Uterine Endometrioid Carcinoma	Not Hispanic Or Latino	NA	NA	NA	715	UEC	Black or African American	1	Primary	Matched	24.26666667	NA	NA	NA	NA	NA	NA	74	NA	NA	NA	NA	NA	NA	NA	NA	NA	NA	NA	NA	NA	NA	NA	NA	NA	NA	NA	NA	NA	NA	NA	NA	NA	NA	NA	NA	NA	NA	NA	NA	NA	NA	NA	NA	NA	NA	NA	NA	NA	NA	NA	NA	NA	NA	NA	NA	NA	NA	NA	NA	NA	NA	NA	NA	NA	NA	NA	NA	NA	NA	NA	NA	NA	NA	NA	NA	NA	NA	NA	NA	NA	NA	NA	NA	NA	NA	NA	NA	NA	NA	NA	NA	NA	NA	NA	NA	NA	NA	NA	NA	NA	NA	NA	NA	NA	NA	NA	NA	NA	NA	NA	NA	NA	NA	NA	NA	NA	NA	NA	NA	NA	NA	NA	NA	NA	NA	NA	NA	NA	NA	NA	NA	NA	NA	NA	NA	NA	NA	NA	NA	NA	NA	NA	NA	NA	NA	NA	Female	NA	NA	NA	NA	NA	NA	NA	NA	NA	NA	NA	NA	NA	NA	NA	NA	NA	NA	0.0516	G2	NA	NA	NA	NA	NA	NA	NA	NA	NA	6.969786633	0:LIVING	NA	NA	NA	NA	NA	NA	NA	2009	NA	NA	NA	NA	NA	0	NA	6.969786633	0:DiseaseFree	NA	NA	NA	4/28/14	NA	NA	NA	NA	NA	No	NA	NA	NA	C54.1	8380/3	C54.1	Yes	NA	NA	NA	NA	NA	NA	NA	NA	NA	NA	NA	NA	NA	NA	NA	No	NA	NA	B1B9173C-B370-4FE5-A263-C807E8A9709C	NA	NA	NA	NA	NA	NA	NA	NA	NA	NA	NA	NA	NA	NA	NA	NA	NA	NA	NA	NA	NA	NA	NA	NA	NA	NA	Montefiore Medical Center	NA	NA	NA	NA	NA	NA	212	-27104	NA	NA	NA	NA	NA	NA	NA	NA	NA	NA	NA	NA	NA	1	3	UCEC	6.969786633	0:ALIVE OR DEAD TUMOR FREE	AFR	Yes	0.809	22.02	Tumor Free	6.969786633	0:CENSORED	NA	No	No	-6	UCEC_MSI	25	No	Yes	PG	Uterus	Endometrioid Endometrial Adenocarcinoma	-2	NA	NA	NA	NA	NA	NA	NA	NA	NA	NA	NA	NA	NA	NA	NA
ucec_tcga_pan_can_atlas_2018	TCGA-QF-A5YT	TCGA-QF-A5YT-01	Endometrial Cancer	Uterine Endometrioid Carcinoma	Not Hispanic Or Latino	NA	NA	NA	7	UEC	Black or African American	1	Primary	Matched	0.233333333	NA	NA	NA	NA	NA	NA	57	NA	NA	NA	NA	NA	NA	NA	NA	NA	NA	NA	NA	NA	NA	NA	NA	NA	NA	NA	NA	NA	NA	NA	NA	NA	NA	NA	NA	NA	NA	NA	NA	NA	NA	NA	NA	NA	NA	NA	NA	NA	NA	NA	NA	NA	NA	NA	NA	NA	NA	NA	NA	NA	NA	NA	NA	NA	NA	NA	NA	NA	NA	NA	NA	NA	NA	NA	NA	NA	NA	NA	NA	NA	NA	NA	NA	NA	NA	NA	NA	NA	NA	NA	NA	NA	NA	NA	NA	NA	NA	NA	NA	NA	NA	NA	NA	NA	NA	NA	NA	NA	NA	NA	NA	NA	NA	NA	NA	NA	NA	NA	NA	NA	NA	NA	NA	NA	NA	NA	NA	NA	NA	NA	NA	NA	NA	NA	NA	NA	NA	NA	NA	NA	NA	NA	NA	NA	NA	NA	Female	NA	NA	NA	NA	NA	NA	NA	NA	NA	NA	NA	NA	NA	NA	NA	NA	NA	NA	0.0001	G1	NA	NA	NA	NA	NA	NA	NA	NA	NA	39.94476773	0:LIVING	NA	NA	NA	NA	NA	NA	NA	2009	NA	NA	NA	NA	NA	0	NA	39.94476773	0:DiseaseFree	NA	NA	NA	6/25/13	NA	NA	NA	NA	NA	No	NA	NA	NA	C54.0	8380/3	C54.0	Yes	NA	NA	NA	NA	NA	NA	NA	NA	NA	NA	NA	NA	NA	NA	NA	No	NA	NA	E4BCCEA0-0104-40C4-9E3C-2AD7262D918E	NA	NA	NA	NA	NA	NA	NA	NA	NA	NA	NA	NA	NA	NA	NA	NA	NA	NA	NA	NA	NA	NA	NA	NA	NA	NA	BLN - Baylor	NA	NA	NA	NA	146	NA	1215	-20981	NA	NA	NA	NA	NA	NA	NA	NA	NA	NA	NA	NA	NA	0	23	UCEC	39.94476773	0:ALIVE OR DEAD TUMOR FREE	AFR	Yes	0.3502	0	Tumor Free	39.94476773	0:CENSORED	NA	No	Yes	20	UCEC_CN_LOW	2	No	Yes	QF	Uterus	Endometrioid Endometrial Adenocarcinoma	32	NA	NA	NA	NA	NA	NA	NA	NA	NA	NA	NA	NA	NA	NA	NA
ucec_tcga_pan_can_atlas_2018	TCGA-QS-A5YR	TCGA-QS-A5YR-01	Endometrial Cancer	Uterine Endometrioid Carcinoma	Not Hispanic Or Latino	NA	NA	NA	246	UEC	Black or African American	1	Primary	Matched	8.233333333	NA	NA	NA	NA	NA	NA	61	NA	NA	NA	NA	NA	NA	NA	NA	NA	NA	NA	NA	NA	NA	NA	NA	NA	NA	NA	NA	NA	NA	NA	NA	NA	NA	NA	NA	NA	NA	NA	NA	NA	NA	NA	NA	NA	NA	NA	NA	NA	NA	NA	NA	NA	NA	NA	NA	NA	NA	NA	NA	NA	NA	NA	NA	NA	NA	NA	NA	NA	NA	NA	NA	NA	NA	NA	NA	NA	NA	NA	NA	NA	NA	NA	NA	NA	NA	NA	NA	NA	NA	NA	NA	NA	NA	NA	NA	NA	NA	NA	NA	NA	NA	NA	NA	NA	NA	NA	NA	NA	NA	NA	NA	NA	NA	NA	NA	NA	NA	NA	NA	NA	NA	NA	NA	NA	NA	NA	NA	NA	NA	NA	NA	NA	NA	NA	NA	NA	NA	NA	NA	NA	NA	NA	NA	NA	NA	NA	Female	NA	NA	NA	NA	NA	NA	NA	NA	NA	NA	NA	NA	NA	NA	NA	NA	NA	NA	0.0001	G2	NA	NA	NA	NA	NA	NA	NA	NA	NA	23.63809712	0:LIVING	NA	NA	NA	NA	NA	NA	NA	2009	NA	NA	NA	NA	NA	0	NA	NA	NA	NA	NA	NA	5/13/13	NA	NA	NA	NA	NA	No	NA	NA	NA	C54.1	8380/3	C54.1	Yes	NA	NA	NA	NA	NA	NA	NA	NA	NA	NA	NA	NA	NA	NA	NA	No	NA	NA	6696CF88-3C43-482C-AABB-F1EA5CF565AA	NA	NA	NA	NA	NA	NA	NA	NA	NA	NA	NA	NA	NA	NA	NA	NA	NA	NA	NA	NA	NA	NA	NA	NA	NA	NA	Candler	NA	NA	NA	NA	100	NA	719	-22372	NA	NA	NA	NA	NA	NA	NA	NA	NA	NA	NA	NA	NA	0	21	UCEC	23.63809712	0:ALIVE OR DEAD TUMOR FREE	AFR	Yes	0.5106	3.89	With Tumor	23.63809712	0:CENSORED	NA	No	No	8	UCEC_MSI	0	Yes	No	QS	Uterus	Endometrioid Endometrial Adenocarcinoma	28	NA	NA	NA	NA	NA	NA	NA	NA	NA	NA	NA	NA	NA	NA	NA
ucec_tcga_pan_can_atlas_2018	TCGA-QS-A744	TCGA-QS-A744-01	Endometrial Cancer	Uterine Endometrioid Carcinoma	Not Hispanic Or Latino	NA	NA	NA	63	UEC	Black or African American	1	Primary	Matched	2.1	NA	NA	NA	NA	NA	NA	86	NA	NA	NA	NA	NA	NA	NA	NA	NA	NA	NA	NA	NA	NA	NA	NA	NA	NA	NA	NA	NA	NA	NA	NA	NA	NA	NA	NA	NA	NA	NA	NA	NA	NA	NA	NA	NA	NA	NA	NA	NA	NA	NA	NA	NA	NA	NA	NA	NA	NA	NA	NA	NA	NA	NA	NA	NA	NA	NA	NA	NA	NA	NA	NA	NA	NA	NA	NA	NA	NA	NA	NA	NA	NA	NA	NA	NA	NA	NA	NA	NA	NA	NA	NA	NA	NA	NA	NA	NA	NA	NA	NA	NA	NA	NA	NA	NA	NA	NA	NA	NA	NA	NA	NA	NA	NA	NA	NA	NA	NA	NA	NA	NA	NA	NA	NA	NA	NA	NA	NA	NA	NA	NA	NA	NA	NA	NA	NA	NA	NA	NA	NA	NA	NA	NA	NA	NA	NA	NA	Female	NA	NA	NA	NA	NA	NA	NA	NA	NA	NA	NA	NA	NA	NA	NA	NA	NA	NA	0.1992	G2	NA	NA	NA	NA	NA	NA	NA	NA	NA	14.82723477	0:LIVING	NA	NA	NA	NA	NA	NA	NA	2009	NA	NA	NA	NA	NA	0	NA	NA	NA	NA	NA	NA	11/12/13	NA	NA	NA	NA	NA	No	NA	NA	NA	C54.0	8380/3	C54.0	Yes	NA	NA	NA	NA	NA	NA	NA	NA	NA	NA	NA	NA	NA	NA	NA	No	NA	NA	8E8F19BD-DBAA-4738-BAD2-207F634CD63D	NA	NA	NA	NA	NA	NA	NA	NA	NA	NA	NA	NA	NA	NA	NA	NA	NA	NA	NA	NA	NA	NA	NA	NA	NA	NA	Candler	NA	NA	NA	NA	76	NA	451	-31520	NA	NA	NA	NA	NA	NA	NA	NA	NA	NA	NA	NA	NA	7	25	UCEC	14.82723477	0:ALIVE OR DEAD TUMOR FREE	AFR	Yes	0.3346	0.07	Tumor Free	14.82723477	0:CENSORED	NA	No	No	24	UCEC_CN_LOW	2	Yes	No	QS	Uterus	Endometrioid Endometrial Adenocarcinoma	42	NA	NA	NA	NA	NA	NA	NA	NA	NA	NA	NA	NA	NA	NA	NA
ucec_tcga_pan_can_atlas_2018	TCGA-QS-A8F1	TCGA-QS-A8F1-01	Endometrial Cancer	Uterine Serous Carcinoma/Uterine Papillary Serous Carcinoma	Not Hispanic Or Latino	NA	NA	NA	63	USC	Black or African American	1	Primary	Matched	2.1	NA	NA	NA	NA	NA	NA	85	NA	NA	NA	NA	NA	NA	NA	NA	NA	NA	NA	NA	NA	NA	NA	NA	NA	NA	NA	NA	NA	NA	NA	NA	NA	NA	NA	NA	NA	NA	NA	NA	NA	NA	NA	NA	NA	NA	NA	NA	NA	NA	NA	NA	NA	NA	NA	NA	NA	NA	NA	NA	NA	NA	NA	NA	NA	NA	NA	NA	NA	NA	NA	NA	NA	NA	NA	NA	NA	NA	NA	NA	NA	NA	NA	NA	NA	NA	NA	NA	NA	NA	NA	NA	NA	NA	NA	NA	NA	NA	NA	NA	NA	NA	NA	NA	NA	NA	NA	NA	NA	NA	NA	NA	NA	NA	NA	NA	NA	NA	NA	NA	NA	NA	NA	NA	NA	NA	NA	NA	NA	NA	NA	NA	NA	NA	NA	NA	NA	NA	NA	NA	NA	NA	NA	NA	NA	NA	NA	Female	NA	NA	NA	NA	NA	NA	NA	NA	NA	NA	NA	NA	NA	NA	NA	NA	NA	NA	0.6549	G3	NA	NA	NA	NA	NA	NA	NA	NA	NA	4.438307525	1:DECEASED	NA	NA	NA	NA	NA	NA	NA	2009	NA	NA	NA	NA	NA	0	NA	NA	NA	NA	NA	NA	2/13/14	NA	NA	NA	NA	NA	No	NA	NA	NA	C54.3	8441/3	C54.3	Yes	NA	NA	NA	NA	NA	NA	NA	NA	NA	NA	NA	NA	NA	NA	NA	No	NA	NA	54AC877A-52FF-450C-9DF9-B7CD3FC8E2E2	NA	NA	NA	NA	NA	NA	NA	NA	NA	NA	NA	NA	NA	NA	NA	NA	NA	NA	NA	NA	NA	NA	NA	NA	NA	NA	Candler	NA	NA	NA	NA	75	NA	125	-31386	NA	NA	NA	NA	NA	NA	NA	NA	NA	NA	NA	NA	NA	19	-3	UCEC	4.438307525	1:DEAD WITH TUMOR	AFR	Yes	0.3647	0.15	With Tumor	4.438307525	1:PROGRESSION	NA	No	No	-12	UCEC_CN_HIGH	237	Yes	No	QS	Other	Serous Endometrial Adenocarcinoma	-4	NA	NA	NA	NA	NA	NA	NA	NA	NA	NA	NA	NA	NA	NA	NA
ucec_tcga_pan_can_atlas_2018	TCGA-SJ-A6ZI	TCGA-SJ-A6ZI-01	Endometrial Cancer	Uterine Endometrioid Carcinoma	Not Hispanic Or Latino	NA	NA	NA	1306	UEC	Black or African American	1	Primary	Matched	43.93333333	NA	NA	NA	NA	NA	NA	64	NA	NA	NA	NA	NA	NA	NA	NA	NA	NA	NA	NA	NA	NA	NA	NA	NA	NA	NA	NA	NA	NA	NA	NA	NA	NA	NA	NA	NA	NA	NA	NA	NA	NA	NA	NA	NA	NA	NA	NA	NA	NA	NA	NA	NA	NA	NA	NA	NA	NA	NA	NA	NA	NA	NA	NA	NA	NA	NA	NA	NA	NA	NA	NA	NA	NA	NA	NA	NA	NA	NA	NA	NA	NA	NA	NA	NA	NA	NA	NA	NA	NA	NA	NA	NA	NA	NA	NA	NA	NA	NA	NA	NA	NA	NA	NA	NA	NA	NA	NA	NA	NA	NA	NA	NA	NA	NA	NA	NA	NA	NA	NA	NA	NA	NA	NA	NA	NA	NA	NA	NA	NA	NA	NA	NA	NA	NA	NA	NA	NA	NA	NA	NA	NA	NA	NA	NA	NA	NA	Female	NA	NA	NA	NA	NA	NA	NA	NA	NA	NA	NA	NA	NA	NA	NA	NA	NA	NA	0.0275	G1	NA	NA	NA	NA	NA	NA	NA	NA	NA	20.74497814	0:LIVING	NA	NA	NA	NA	NA	NA	NA	2009	NA	NA	NA	NA	NA	0	NA	20.74497814	0:DiseaseFree	NA	NA	NA	11/11/13	NA	NA	NA	NA	NA	No	NA	NA	NA	C54.1	8380/3	C54.1	Yes	NA	NA	NA	NA	NA	NA	NA	NA	NA	NA	NA	NA	NA	NA	NA	No	NA	NA	3C2A6E30-A507-49F6-8B1F-36EB3AA41E60	NA	NA	NA	NA	NA	NA	NA	NA	NA	NA	NA	NA	NA	NA	NA	NA	NA	NA	NA	NA	NA	NA	NA	NA	NA	NA	Albert Einstein Medical Center	NA	NA	NA	NA	93	NA	631	-23653	NA	NA	NA	NA	NA	NA	NA	NA	NA	NA	NA	NA	NA	1	33	UCEC	20.74497814	0:ALIVE OR DEAD TUMOR FREE	AFR_ADMIX	Yes	0.6138	14.35	Tumor Free	20.74497814	0:CENSORED	NA	No	Yes	16	UCEC_MSI	12	Yes	No	SJ	Uterus	Endometrioid Endometrial Adenocarcinoma	38	NA	NA	NA	NA	NA	NA	NA	NA	NA	NA	NA	NA	NA	NA	NA
ucec_tcga_pan_can_atlas_2018	TCGA-SJ-A6ZJ	TCGA-SJ-A6ZJ-01	Endometrial Cancer	Uterine Endometrioid Carcinoma	Not Hispanic Or Latino	NA	NA	NA	56	UEC	Black or African American	1	Primary	Matched	1.866666667	NA	NA	NA	NA	NA	NA	61	NA	NA	NA	NA	NA	NA	NA	NA	NA	NA	NA	NA	NA	NA	NA	NA	NA	NA	NA	NA	NA	NA	NA	NA	NA	NA	NA	NA	NA	NA	NA	NA	NA	NA	NA	NA	NA	NA	NA	NA	NA	NA	NA	NA	NA	NA	NA	NA	NA	NA	NA	NA	NA	NA	NA	NA	NA	NA	NA	NA	NA	NA	NA	NA	NA	NA	NA	NA	NA	NA	NA	NA	NA	NA	NA	NA	NA	NA	NA	NA	NA	NA	NA	NA	NA	NA	NA	NA	NA	NA	NA	NA	NA	NA	NA	NA	NA	NA	NA	NA	NA	NA	NA	NA	NA	NA	NA	NA	NA	NA	NA	NA	NA	NA	NA	NA	NA	NA	NA	NA	NA	NA	NA	NA	NA	NA	NA	NA	NA	NA	NA	NA	NA	NA	NA	NA	NA	NA	NA	Female	NA	NA	NA	NA	NA	NA	NA	NA	NA	NA	NA	NA	NA	NA	NA	NA	NA	NA	0.0466	G2	NA	NA	NA	NA	NA	NA	NA	NA	NA	18.27925173	0:LIVING	NA	NA	NA	NA	NA	NA	NA	2009	NA	NA	NA	NA	NA	0	NA	18.27925173	0:DiseaseFree	NA	NA	NA	11/11/13	NA	NA	NA	NA	NA	No	NA	NA	NA	C54.1	8380/3	C54.1	Yes	NA	NA	NA	NA	NA	NA	NA	NA	NA	NA	NA	NA	NA	NA	NA	No	NA	NA	FBFED398-2A44-44A9-83CF-657C29CB7D28	NA	NA	NA	NA	NA	NA	NA	NA	NA	NA	NA	NA	NA	NA	NA	NA	NA	NA	NA	NA	NA	NA	NA	NA	NA	NA	Albert Einstein Medical Center	NA	NA	NA	NA	132	NA	556	-22597	NA	NA	NA	NA	NA	NA	NA	NA	NA	NA	NA	NA	NA	2	11	UCEC	18.27925173	0:ALIVE OR DEAD TUMOR FREE	AFR_ADMIX	Yes	0.3382	0	Tumor Free	18.27925173	0:CENSORED	NA	No	Yes	2	UCEC_CN_LOW	1	Yes	No	SJ	Uterus	Endometrioid Endometrial Adenocarcinoma	2	NA	NA	NA	NA	NA	NA	NA	NA	NA	NA	NA	NA	NA	NA	NA
ucec_tcga_pan_can_atlas_2018	TCGA-SL-A6J9	TCGA-SL-A6J9-01	Endometrial Cancer	Uterine Endometrioid Carcinoma	Not Hispanic Or Latino	NA	NA	NA	48	UEC	Black or African American	1	Primary	Matched	1.633333333	NA	NA	NA	NA	NA	NA	73	NA	NA	NA	NA	NA	NA	NA	NA	NA	NA	NA	NA	NA	NA	NA	NA	NA	NA	NA	NA	NA	NA	NA	NA	NA	NA	NA	NA	NA	NA	NA	NA	NA	NA	NA	NA	NA	NA	NA	NA	NA	NA	NA	NA	NA	NA	NA	NA	NA	NA	NA	NA	NA	NA	NA	NA	NA	NA	NA	NA	NA	NA	NA	NA	NA	NA	NA	NA	NA	NA	NA	NA	NA	NA	NA	NA	NA	NA	NA	NA	NA	NA	NA	NA	NA	NA	NA	NA	NA	NA	NA	NA	NA	NA	NA	NA	NA	NA	NA	NA	NA	NA	NA	NA	NA	NA	NA	NA	NA	NA	NA	NA	NA	NA	NA	NA	NA	NA	NA	NA	NA	NA	NA	NA	NA	NA	NA	NA	NA	NA	NA	NA	NA	NA	NA	NA	NA	NA	NA	Female	NA	NA	NA	NA	NA	NA	NA	NA	NA	NA	NA	NA	NA	NA	NA	NA	NA	NA	0.4226	G3	NA	NA	NA	NA	NA	NA	NA	NA	NA	0.065752704	0:LIVING	NA	NA	NA	NA	NA	NA	NA	2009	NA	NA	NA	NA	NA	0	NA	NA	NA	NA	NA	NA	11/12/14	NA	NA	NA	NA	NA	No	NA	NA	NA	C54.1	8380/3	C54.1	Yes	NA	NA	NA	NA	NA	NA	NA	NA	NA	NA	NA	NA	NA	NA	NA	NA	NA	NA	C1F1DC90-2C67-4862-9E5F-078B861FFC6E	NA	NA	NA	NA	NA	NA	NA	NA	NA	NA	NA	NA	NA	NA	NA	NA	NA	NA	NA	NA	NA	NA	NA	NA	NA	NA	St. Joseph's Hospital AZ	NA	NA	NA	NA	88	NA	2	-26701	NA	NA	NA	NA	NA	NA	NA	NA	NA	NA	NA	NA	NA	19	33	UCEC	0.065752704	0:ALIVE OR DEAD TUMOR FREE	AFR	Yes	0.3503	0.03	NA	0.065752704	0:CENSORED	NA	No	NA	12	UCEC_CN_HIGH	190	No	Yes	SL	Uterus	Endometrioid Endometrial Adenocarcinoma	18	NA	NA	NA	NA	NA	NA	NA	NA	NA	NA	NA	NA	NA	NA	NA
ucec_tcga_pan_can_atlas_2018	TCGA-SL-A6JA	TCGA-SL-A6JA-01	Endometrial Cancer	Uterine Endometrioid Carcinoma	Not Hispanic Or Latino	NA	NA	NA	742	UEC	Black or African American	1	Primary	Matched	25.06666667	NA	NA	NA	NA	NA	NA	77	NA	NA	NA	NA	NA	NA	NA	NA	NA	NA	NA	NA	NA	NA	NA	NA	NA	NA	NA	NA	NA	NA	NA	NA	NA	NA	NA	NA	NA	NA	NA	NA	NA	NA	NA	NA	NA	NA	NA	NA	NA	NA	NA	NA	NA	NA	NA	NA	NA	NA	NA	NA	NA	NA	NA	NA	NA	NA	NA	NA	NA	NA	NA	NA	NA	NA	NA	NA	NA	NA	NA	NA	NA	NA	NA	NA	NA	NA	NA	NA	NA	NA	NA	NA	NA	NA	NA	NA	NA	NA	NA	NA	NA	NA	NA	NA	NA	NA	NA	NA	NA	NA	NA	NA	NA	NA	NA	NA	NA	NA	NA	NA	NA	NA	NA	NA	NA	NA	NA	NA	NA	NA	NA	NA	NA	NA	NA	NA	NA	NA	NA	NA	NA	NA	NA	NA	NA	NA	NA	Female	NA	NA	NA	NA	NA	NA	NA	NA	NA	NA	NA	NA	NA	NA	NA	NA	NA	NA	0.0488	G3	NA	NA	NA	NA	NA	NA	NA	NA	NA	0.230134464	0:LIVING	NA	NA	NA	NA	NA	NA	NA	2009	NA	NA	NA	NA	NA	0	NA	0.230134464	0:DiseaseFree	NA	NA	NA	11/12/14	NA	NA	NA	NA	NA	No	NA	NA	NA	C54.1	8380/3	C54.1	Yes	NA	NA	NA	NA	NA	NA	NA	NA	NA	NA	NA	NA	NA	NA	NA	NA	NA	NA	2A19051E-3AD1-444A-9D02-F895C26AC02C	NA	NA	NA	NA	NA	NA	NA	NA	NA	NA	NA	NA	NA	NA	NA	NA	NA	NA	NA	NA	NA	NA	NA	NA	NA	NA	St. Joseph's Hospital AZ	NA	NA	NA	NA	129	NA	7	-28401	NA	NA	NA	NA	NA	NA	NA	NA	NA	NA	NA	NA	NA	2	15	UCEC	0.230134464	0:ALIVE OR DEAD TUMOR FREE	AFR_ADMIX	Yes	0.9515	26.1	Tumor Free	0.230134464	0:CENSORED	NA	No	No	2	UCEC_MSI	2	No	Yes	SL	Uterus	Endometrioid Endometrial Adenocarcinoma	22	NA	NA	NA	NA	NA	NA	NA	NA	NA	NA	NA	NA	NA	NA	NA