ModelID,StrippedCellLineName,OncotreeLineage,OncotreePrimaryDisease,OncotreeSubtype,TP53_mut,KRAS_mut,abs_cn_17p,ploidy,ratio_17p,loh_frac_17p,has_17p_loss,master_ccl_id,SN-38_AUC,fluorouracil_AUC,oxaliplatin_AUC,has_snv,has_cna,has_both
ACH-000001,NIHOVCAR3,Ovary/Fallopian Tube,Ovarian Epithelial Tumor,High-Grade Serous Ovarian Cancer,1,0,4.954431451082143,3.734830703606039,1.326547799421955,0.3927612811550848,0,135853.0,,,,1,1,1
ACH-000003,CACO2,Bowel,Colorectal Adenocarcinoma,Colon Adenocarcinoma,0,0,,,,,-1,,,,,0,0,0
ACH-000007,LS513,Bowel,Colorectal Adenocarcinoma,Colon Adenocarcinoma,0,1,,,,,-1,632.0,9.5636,10.117,12.04,1,1,1
ACH-000008,A101D,Skin,Melanoma,Melanoma,0,0,3.4790509330207704,2.8940440455899568,1.2021416668907534,0.0,0,23.0,13.007,15.802,15.0,1,1,1
ACH-000009,C2BBE1,Bowel,Colorectal Adenocarcinoma,Colon Adenocarcinoma,1,0,4.4226822682012825,4.153083631874306,1.0649152919189602,0.7201123103019005,1,102.0,13.478,12.691,12.347,1,1,1
ACH-000011,253J,Bladder/Urinary Tract,Bladder Urothelial Carcinoma,Bladder Urothelial Carcinoma,0,0,3.0,2.6055341534389007,1.1513953851038434,0.0,0,8.0,12.58,12.734,13.048,1,1,1
ACH-000012,HCC827,Lung,Non-Small Cell Lung Cancer,Lung Adenocarcinoma,1,0,5.979846305560064,2.8856235095363747,2.0722891554625673,1.0,1,340.0,13.385,13.008,14.565,1,1,1
ACH-000013,ONCODG1,Ovary/Fallopian Tube,Ovarian Epithelial Tumor,High-Grade Serous Ovarian Cancer,1,0,3.100102257169929,3.152482269000983,0.9833845181791766,0.3839237225622253,0,898.0,11.866,13.902,12.268,1,1,1
ACH-000014,HS294T,Skin,Melanoma,Melanoma,0,0,4.063292002554379,2.969840896484076,1.3681850793302812,0.0047946026480658035,0,395.0,10.305,13.524,14.521,1,1,1
ACH-000015,NCIH1581,Lung,Non-Small Cell Lung Cancer,Large Cell Lung Carcinoma,1,0,,,,,-1,155425.0,10.047,14.465,13.555,1,1,1
ACH-000016,SLR21,Kidney,Renal Cell Carcinoma,Renal Clear Cell Carcinoma,0,0,,,,,-1,1065.0,,,,0,0,0
ACH-000017,SKBR3,Breast,Invasive Breast Carcinoma,Invasive Breast Carcinoma,1,0,2.8599411106576946,4.236134716168646,0.675129877183027,0.9981807430149412,1,1033.0,8.1849,12.489,10.435,1,1,1
ACH-000018,T24,Bladder/Urinary Tract,Bladder Urothelial Carcinoma,Bladder Urothelial Carcinoma,1,0,3.1904390457278304,3.6897132028380293,0.8646848333019026,0.9927892298662855,1,1172.0,9.0654,12.537,13.928,1,1,1
ACH-000019,MCF7,Breast,Invasive Breast Carcinoma,Invasive Breast Carcinoma,0,0,5.218029411305205,4.192951293639925,1.2444765144828105,0.0,0,646.0,13.801,13.413,14.322,1,1,1
ACH-000021,NCIH1693,Lung,Non-Small Cell Lung Cancer,Lung Adenocarcinoma,1,0,3.768940268631516,2.972202614814979,1.2680630350855586,0.9945633020724013,1,155439.0,10.789,14.326,14.512,1,1,1
ACH-000022,PATU8988S,Pancreas,Pancreatic Adenocarcinoma,Pancreatic Adenocarcinoma,1,1,1.7186815252357213,3.1339386836256238,0.5484094293917056,0.9019421004594699,1,929.0,13.525,14.252,12.563,1,1,1
ACH-000023,PATU8988T,Pancreas,Pancreatic Adenocarcinoma,Pancreatic Adenocarcinoma,1,1,2.797726839227881,3.089162220641184,0.9056587642222256,0.9559618233154061,1,930.0,14.536,15.744,15.0,1,1,1
ACH-000025,CH157MN,CNS/Brain,Meningothelial Tumor,Meningioma,0,0,4.005293412965168,3.8138361396304545,1.0502007077192532,1.0,1,140.0,,,,1,1,1
ACH-000026,253JBV,Bladder/Urinary Tract,Bladder Urothelial Carcinoma,Bladder Urothelial Carcinoma,0,0,3.0,2.5625875889600884,1.170691691836928,0.0,0,9.0,11.252,14.096,14.227,1,1,1
ACH-000027,GOS3,CNS/Brain,Diffuse Glioma,Glioblastoma,0,0,1.9572279186763295,1.8575420767350577,1.0536654556522813,0.04277208132367046,0,281.0,11.297,13.983,14.265,1,1,1
ACH-000028,KPL1,Breast,Invasive Breast Carcinoma,Invasive Breast Carcinoma,0,0,4.0,3.8049301590693374,1.0512676534852285,0.0,0,569.0,14.641,14.624,,1,1,1
ACH-000029,HCC827GR5,Lung,Non-Small Cell Lung Cancer,Lung Adenocarcinoma,1,0,4.0,2.647228190148035,1.5110144319580994,1.0,1,341.0,,,,1,1,1
ACH-000030,PC14,Lung,Non-Small Cell Lung Cancer,Lung Adenocarcinoma,1,0,4.812990655703309,3.3951861610280556,1.417592564127896,0.9985413943393158,1,931.0,,13.372,15.696,1,1,1
ACH-000031,PANC0213,Pancreas,Pancreatic Adenocarcinoma,Pancreatic Adenocarcinoma,1,1,2.224035585092391,3.640593292341608,0.6108992151831123,0.8613198499077099,1,921.0,,,,1,1,1
ACH-000033,NCIH1819,Lung,Non-Small Cell Lung Cancer,Lung Adenocarcinoma,0,0,,,,,-1,,,,,0,0,0
ACH-000035,NCIH1650,Lung,Non-Small Cell Lung Cancer,Non-Small Cell Lung Cancer,1,0,2.071363602934699,2.1486766686343586,0.9640182877078487,0.9954638786274884,1,155434.0,,12.63,14.196,1,1,1
ACH-000036,U343,CNS/Brain,Diffuse Glioma,Glioblastoma,0,0,3.0,2.8775908561784687,1.0425387589617567,0.0,0,1227.0,,,,1,1,1
ACH-000037,S117,Soft Tissue,"Sarcoma, NOS","Sarcoma, NOS",1,0,2.250063498080471,3.2706639156106254,0.6879531361633008,0.9999285536260218,1,1002.0,,,,1,1,1
ACH-000039,SKNMC,Bone,Ewing Sarcoma,Ewing Sarcoma,0,0,0.9999499416718548,2.017455106251313,0.49564916640444523,0.9999499416718548,1,1056.0,,12.778,14.658,1,1,1
ACH-000040,U118MG,CNS/Brain,Diffuse Glioma,Astrocytoma,1,0,4.00738623824051,4.072912335486609,0.9839117339513594,1.0,1,1218.0,9.4518,13.584,14.004,1,1,1
ACH-000041,RDES,Bone,Ewing Sarcoma,Ewing Sarcoma,1,0,2.0,3.0267526221742296,0.6607741859535667,1.0,1,963.0,,,,1,1,1
ACH-000042,PANC0203,Pancreas,Pancreatic Adenocarcinoma,Pancreatic Adenocarcinoma,1,1,2.0,3.5301838696476304,0.5665427280419908,1.0,1,920.0,12.484,14.325,14.884,1,1,1
ACH-000043,HS895T,Fibroblast,Non-Cancerous,"Fibroblast, Skin",0,0,2.0,1.9999095633115789,1.0000452203890018,0.0,0,434.0,14.196,14.732,14.624,1,1,1
ACH-000044,MDAMB134VI,Breast,Invasive Breast Carcinoma,Breast Invasive Lobular Carcinoma,0,0,,,,,-1,647.0,,,,1,1,1
ACH-000046,ACHN,Kidney,Renal Cell Carcinoma,Papillary Renal Cell Carcinoma,0,0,4.021639981554698,2.5756030182686205,1.5614362745459651,0.9992922697300826,1,43.0,9.8277,14.05,14.693,1,1,1
ACH-000047,GCIY,Esophagus/Stomach,Esophagogastric Adenocarcinoma,Stomach Adenocarcinoma,1,0,3.1353102690255072,4.457124076644718,0.7034379602431305,0.9926405611454633,1,270.0,,,,1,1,1
ACH-000048,TOV112D,Ovary/Fallopian Tube,Ovarian Epithelial Tumor,Endometrioid Ovarian Cancer,1,0,3.0050793408191305,2.449302280357669,1.2269124006940875,0.993250263301363,1,1208.0,7.4011,14.532,12.216,1,1,1
ACH-000049,HEKTE,Kidney,Non-Cancerous,Immortalized Embyonic Kidney Cells,0,0,,,,,-1,361.0,,,,0,0,0
ACH-000051,TE617T,Soft Tissue,Rhabdomyosarcoma,Rhabdomyosarcoma,0,0,2.0,1.9989216869311237,1.0005394473810185,0.0,0,1195.0,,13.099,10.963,1,1,1
ACH-000052,A673,Bone,Ewing Sarcoma,Ewing Sarcoma,1,0,3.9997672584209574,3.421776279233065,1.168915478985505,1.0,1,37.0,,12.552,12.661,1,1,1
ACH-000054,HT1080,Soft Tissue,Fibrosarcoma,Fibrosarcoma,0,0,,,,,-1,446.0,11.557,13.359,13.587,1,1,1
ACH-000055,D283MED,CNS/Brain,Embryonal Tumor,Medulloblastoma,1,0,,,,,-1,193.0,,11.471,13.064,1,1,1
ACH-000058,ML1,Thyroid,Well-Differentiated Thyroid Cancer,Follicular Thyroid Cancer,1,0,2.0,3.325519835927657,0.6014097340189516,1.0,1,686.0,,14.753,14.139,1,1,1
ACH-000060,PANC1005,Pancreas,Pancreatic Adenocarcinoma,Pancreatic Adenocarcinoma,1,1,,,,,-1,927.0,10.333,13.445,14.128,1,1,1
ACH-000062,RERFLCMS,Lung,Non-Small Cell Lung Cancer,Lung Adenocarcinoma,1,0,3.9864514870015975,4.406167159438089,0.9047435884184618,0.9963312844120276,1,971.0,8.9528,12.737,14.455,1,1,1
ACH-000063,HS616T,Fibroblast,Non-Cancerous,"Fibroblast, Lymphoid",0,0,1.999903971114062,1.999871235328009,1.0000163689468975,6.617908689504458e-05,0,406.0,,,,1,1,1
ACH-000064,SALE,Lung,Non-Cancerous,Immortalized Lung Cells,0,0,,,,,-1,1003.0,,,,0,0,0
ACH-000066,HCC4006,Lung,Non-Small Cell Lung Cancer,Lung Adenocarcinoma,1,0,3.9757903247073823,3.651719404418132,1.088744748541513,0.9999305121224042,1,331.0,13.557,17.009,14.93,1,1,1
ACH-000067,HS683,CNS/Brain,Diffuse Glioma,Oligodendroglioma,1,0,1.9539744205928793,2.0862215263694392,0.9366092698666072,0.05094935350757024,0,409.0,11.165,14.337,14.144,1,1,1
ACH-000071,HS706T,Fibroblast,Non-Cancerous,"Fibroblast, Bone",0,0,,,,,-1,413.0,,,,0,0,0
ACH-000075,U87MG,CNS/Brain,Diffuse Glioma,Glioblastoma,0,0,,,,,-1,1230.0,13.825,14.18,14.722,1,1,1
ACH-000078,MHHNB11,Peripheral Nervous System,Neuroblastoma,Neuroblastoma,0,0,2.0,2.454982803588843,0.814669657594456,1.0,1,678.0,5.5644,9.7751,11.878,1,1,1
ACH-000079,TE125T,Fibroblast,Non-Cancerous,"Fibroblast, Soft Tissue",1,0,2.0,1.999919191953125,1.0000404056559886,0.0,0,1187.0,,,,1,1,1
ACH-000082,G292CLONEA141B1,Bone,Osteosarcoma,Osteosarcoma,0,0,5.184469925981379,2.6203332113598856,1.9785536829839943,0.8933005641386513,1,262.0,11.45,13.554,14.645,1,1,1
ACH-000083,HS281T,Fibroblast,Non-Cancerous,"Fibroblast, Breast",0,0,2.0,2.000905639178271,0.9995473853636381,0.0,0,394.0,,,,1,1,1
ACH-000085,T3M4,Pancreas,Pancreatic Adenocarcinoma,Pancreatic Adenocarcinoma,1,1,2.2319113893622897,2.7375067637348227,0.8153080821313693,0.8401883053770498,1,1174.0,,,,1,1,1
ACH-000086,ACCMESO1,Pleura,Pleural Mesothelioma,"Pleural Mesothelioma, Epithelioid Type",0,0,4.976212396181659,4.133792388533452,1.2037886590494868,1.0,1,41.0,15.501,18.097,14.879,1,1,1
ACH-000087,SKES1,Bone,Ewing Sarcoma,Ewing Sarcoma,1,0,2.0,2.241631143916645,0.8922074469868133,1.0,1,1035.0,5.3697,12.385,11.771,1,1,1
ACH-000088,HS172T,Fibroblast,Non-Cancerous,"Fibroblast, Urinary Tract",0,0,,,,,-1,388.0,,,,0,0,0
ACH-000089,NCIH684,Bowel,Colorectal Adenocarcinoma,Colon Adenocarcinoma,1,1,1.999943376419745,3.128709837633567,0.6392230280876489,1.0,1,155345.0,,,,1,1,1
ACH-000090,PC3,Prostate,Prostate Adenocarcinoma,Prostate Adenocarcinoma,1,0,3.084397698580139,3.443989174902635,0.8955886740460902,0.963315702058724,1,932.0,12.954,14.453,15.382,1,1,1
ACH-000091,OV56,Ovary/Fallopian Tube,Ovarian Epithelial Tumor,Serous Ovarian Cancer,1,1,,,,,-1,905.0,8.9415,14.227,15.234,1,1,1
ACH-000092,NCIH2452,Pleura,Pleural Mesothelioma,"Pleural Mesothelioma, Biphasic Type",0,0,3.6432843337710734,3.468283267958952,1.0504575469451514,0.6804822650520727,1,155520.0,,11.687,14.294,1,1,1
ACH-000093,PANC0504,Pancreas,Pancreatic Adenocarcinoma,Pancreatic Adenocarcinoma,0,1,,,,,-1,924.0,12.314,14.132,14.353,1,1,1
ACH-000094,HPAFII,Pancreas,Pancreatic Adenocarcinoma,Pancreatic Adenocarcinoma,1,1,1.9985630479960628,2.5605720624315214,0.7805142754303995,0.9992815239980314,1,385.0,13.381,13.837,14.795,1,1,1
ACH-000095,D341MED,CNS/Brain,Embryonal Tumor,Medulloblastoma,0,0,,,,,-1,195.0,,,,1,1,1
ACH-000096,G401,Kidney,Rhabdoid Cancer,Rhabdoid Cancer,0,0,1.992662637905393,1.9987420773852904,0.9969583671907031,0.0,0,264.0,9.1285,10.708,12.542,1,1,1
ACH-000097,ZR751,Breast,Invasive Breast Carcinoma,Breast Invasive Ductal Carcinoma,0,0,2.5720683471012737,3.4748839391172193,0.7401882745340547,0.007173362170129851,1,1285.0,10.003,14.301,15.65,1,1,1
ACH-000098,GAMG,CNS/Brain,Diffuse Glioma,Glioblastoma,1,0,2.681637205956371,3.0767807593929253,0.8715724049462271,0.9992020143396223,1,268.0,12.289,14.797,15.0,1,1,1
ACH-000099,SIMA,Peripheral Nervous System,Neuroblastoma,Neuroblastoma,0,0,0.9990536102333563,2.0345733422200056,0.4910383860349061,0.9990536102333563,1,1030.0,6.7917,10.943,11.206,1,1,1
ACH-000100,RH41,Soft Tissue,Rhabdomyosarcoma,Alveolar Rhabdomyosarcoma,1,0,3.0405958040699166,3.2573995249274432,0.9334426989387015,1.0,1,976.0,9.308,14.153,14.451,1,1,1
ACH-000102,GMS10,CNS/Brain,Diffuse Glioma,Glioblastoma,1,0,4.006066444330096,4.340286630214396,0.9229958262300776,1.0,1,280.0,12.313,15.578,14.944,1,1,1
ACH-000103,CAOV4,Ovary/Fallopian Tube,Ovarian Epithelial Tumor,High-Grade Serous Ovarian Cancer,1,0,2.997245379758986,2.666512315693213,1.1240320782016686,0.9932459947886725,1,127.0,,,,1,1,1
ACH-000107,CAPAN2,Pancreas,Pancreatic Adenocarcinoma,Pancreatic Adenocarcinoma,0,1,1.9999390848678331,3.4098723259119463,0.5865143599864735,1.0,1,129.0,13.091,13.968,13.986,1,1,1
ACH-000108,KP3,Pancreas,Adenosquamous Carcinoma of the Pancreas,Adenosquamous Carcinoma of the Pancreas,1,1,2.9999011258791546,2.8349612322575974,1.0581806522589405,1.0,1,567.0,16.074,11.96,14.126,1,1,1
ACH-000109,NCIH3255,Lung,Non-Small Cell Lung Cancer,Lung Adenocarcinoma,1,0,4.0058250674935865,3.968872930592934,1.0093104862631952,0.9999286457662575,1,155524.0,,,,1,1,1
ACH-000110,NCCSTCK140,Esophagus/Stomach,Esophagogastric Adenocarcinoma,Stomach Adenocarcinoma,1,0,3.7840232004386887,4.4769610703620195,0.8452213769490522,0.6541600881793324,1,723.0,,11.519,14.349,1,1,1
ACH-000111,HCC1187,Breast,Invasive Breast Carcinoma,Breast Invasive Ductal Carcinoma,1,0,,,,,-1,297.0,,,,1,1,1
ACH-000114,SU8686,Pancreas,Pancreatic Adenocarcinoma,Pancreatic Adenocarcinoma,1,1,2.990772994762825,3.1094502401788833,0.961833367235608,0.009227005237174762,0,1138.0,,13.642,13.675,1,1,1
ACH-000115,VCAP,Prostate,Prostate Adenocarcinoma,Prostate Adenocarcinoma,1,0,3.077948672238081,3.474600889368919,0.8858423658543181,0.16539341765046198,0,1249.0,12.685,11.005,13.972,1,1,1
ACH-000116,OAW28,Ovary/Fallopian Tube,Ovarian Epithelial Tumor,High-Grade Serous Ovarian Cancer,1,0,1.7857426185957497,3.2348873667004985,0.5520262117865207,0.7277633662930866,1,879.0,12.5515,14.0175,15.0485,1,1,1
ACH-000117,EFM192A,Breast,Invasive Breast Carcinoma,Invasive Breast Carcinoma,1,0,5.280097020757521,3.4663016163516036,1.5232653142039603,0.7921482383811058,1,236.0,13.708,13.582,13.896,1,1,1
ACH-000118,HUPT3,Pancreas,Pancreatic Adenocarcinoma,Pancreatic Adenocarcinoma,1,1,,,,,-1,462.0,12.007,13.989,14.686,1,1,1
ACH-000119,HS863T,Fibroblast,Non-Cancerous,"Fibroblast, Bone",0,0,2.0,1.9999040007646878,1.00004800192173,0.0,0,429.0,,,,1,1,1
ACH-000120,CHP212,Peripheral Nervous System,Neuroblastoma,Neuroblastoma,0,0,,,,,-1,144.0,6.359,11.908,12.403,1,1,1
ACH-000121,NCIH2405,Lung,Non-Small Cell Lung Cancer,Lung Adenocarcinoma,1,0,,,,,-1,155518.0,10.572,13.728,14.812,1,1,1
ACH-000123,COV434,Ovary/Fallopian Tube,Ovarian Epithelial Tumor,Small Cell Carcinoma of the Ovary,0,0,2.0,1.9997926401477557,1.0001036906767637,0.0,0,186.0,9.2296,12.843,12.654,1,1,1
ACH-000125,TO175T,Fibroblast,Non-Cancerous,"Fibroblast, Lymphoid",0,0,2.0,2.0003750714164648,0.9998124994548152,0.0,0,1205.0,,,,1,1,1
ACH-000126,KG1C,CNS/Brain,Diffuse Glioma,Oligodendroglioma,0,0,4.0,4.228477139184543,0.9459670392758457,1.0,1,530.0,12.575,,15.146,1,1,1
ACH-000127,SLR20,Bladder/Urinary Tract,Bladder Urothelial Carcinoma,Bladder Urothelial Carcinoma,1,0,3.70809131431359,2.992831289099396,1.238991094425984,1.0,1,1064.0,,,,1,1,1
ACH-000128,LN319,CNS/Brain,Diffuse Glioma,Astrocytoma,1,0,6.134228427846334,4.476838811968664,1.3702142707141254,0.8657715721536665,1,608.0,,,,1,1,1
ACH-000129,NCIH1341,Cervix,Small Cell Neuroendocrine Carcinoma of the Cervix,Small Cell Neuroendocrine Carcinoma of the Cervix,0,0,3.704093723818339,3.94584535274827,0.9387326143530811,0.004747898014907474,0,155400.0,,13.498,13.784,1,1,1
ACH-000131,HS229T,Fibroblast,Non-Cancerous,"Fibroblast, Lung",0,0,2.0,1.9999191433980446,1.0000404299354912,0.0,0,390.0,,,,1,1,1
ACH-000132,JHOS2,Ovary/Fallopian Tube,Ovarian Epithelial Tumor,High-Grade Serous Ovarian Cancer,1,0,2.28401997070143,3.681889809339017,0.620339034836967,0.9620271184815095,1,495.0,11.686,14.749,14.884,1,1,1
ACH-000133,HS729,Fibroblast,Non-Cancerous,Fibroblast,1,0,5.1853156966835385,4.081237378309146,1.270525386306202,0.7076827097567094,1,414.0,9.208,14.065,14.695,1,1,1
ACH-000134,HS274T,Fibroblast,Non-Cancerous,"Fibroblast, Breast",0,0,2.0,2.0001069867937438,0.9999465094645186,0.0,0,393.0,,,,1,1,1
ACH-000135,HS940T,Fibroblast,Non-Cancerous,"Fibroblast, Skin",1,0,1.9985630479960628,1.999985574941294,0.9992887313973386,0.0,0,439.0,15.0,13.776,13.744,1,1,1
ACH-000136,CHP126,Peripheral Nervous System,Neuroblastoma,Neuroblastoma,0,0,,,,,-1,143.0,,9.8779,13.931,1,1,1
ACH-000137,8MGBA,CNS/Brain,Diffuse Glioma,Glioblastoma,1,0,2.0091185170116415,2.4006469640238417,0.836907111757932,0.999892595205307,1,22.0,,14.706,14.991,1,1,1
ACH-000138,CFPAC1,Pancreas,Pancreatic Adenocarcinoma,Pancreatic Adenocarcinoma,1,1,2.0910326684694014,3.4756046426863056,0.601631337116996,0.9115542388352486,1,138.0,12.281,13.821,15.0,1,1,1
ACH-000139,PANC0327,Pancreas,Pancreatic Adenocarcinoma,Pancreatic Adenocarcinoma,0,1,3.1870649736951893,3.3691429147641316,0.9459571927711801,0.9555564289920766,1,922.0,9.0822,12.581,14.308,1,1,1
ACH-000141,SNU308,Biliary Tract,Intracholecystic Papillary Neoplasm,"Gallbladder Adenocarcinoma, NOS",1,0,1.999938700713286,3.129404736753643,0.6390795914714331,1.0,1,1097.0,12.432,14.703,,1,1,1
ACH-000142,CAL29,Bladder/Urinary Tract,Bladder Urothelial Carcinoma,Bladder Urothelial Carcinoma,1,0,2.0287826580216075,3.034085220505134,0.6686637027564581,0.9762490052929299,1,115.0,7.4848,16.591,14.602,1,1,1
ACH-000143,HCC2429,Lung,Non-Small Cell Lung Cancer,NUT Carcinoma of the Lung,1,0,,,,,-1,,,,,1,1,1
ACH-000144,RERFGC1B,Esophagus/Stomach,Esophagogastric Adenocarcinoma,Stomach Adenocarcinoma,1,0,2.3827121440088916,2.8033980528713984,0.8499371473731258,0.9643848057213529,1,966.0,,,,1,1,1
ACH-000145,SKLMS1,Soft Tissue,Leiomyosarcoma,Leiomyosarcoma,1,0,3.623343916247186,3.25926833458234,1.1117046969719664,1.0,1,1037.0,10.652,14.131,14.849,1,1,1
ACH-000147,T47D,Breast,Invasive Breast Carcinoma,Breast Invasive Ductal Carcinoma,1,0,2.43923515718878,3.0062635138257345,0.8113843467050693,0.8552839457364746,1,1175.0,11.387,12.75,13.806,1,1,1
ACH-000148,HS578T,Breast,Invasive Breast Carcinoma,"Breast Invasive Carcinoma, NOS",1,0,2.941571183413561,2.704598639306095,1.0876183773309391,0.9555942536024482,1,400.0,,14.843,11.925,1,1,1
ACH-000149,SKNSH,Peripheral Nervous System,Neuroblastoma,Neuroblastoma,0,0,,,,,-1,1058.0,6.2982,12.318,13.708,1,1,1
ACH-000150,HCC2935,Lung,Non-Small Cell Lung Cancer,Lung Adenocarcinoma,1,0,4.757987210249949,4.564295365097505,1.04243630827084,0.9755558193343746,1,324.0,12.333,14.239,15.919,1,1,1
ACH-000152,M059K,CNS/Brain,Diffuse Glioma,Glioblastoma,1,0,2.992135697634616,4.077241302550969,0.733862794866361,0.9921356976346162,1,638.0,11.507,14.656,14.31,1,1,1
ACH-000153,NCIH2052,Pleura,Pleural Mesothelioma,"Pleural Mesothelioma, Sarcomatoid Type",0,0,,,,,-1,155481.0,9.9249,12.564,14.545,1,1,1
ACH-000154,HS888T,Fibroblast,Non-Cancerous,"Fibroblast, Bone",0,0,1.9999447123789373,1.999999542668665,0.9999725848488673,3.5667455584171634e-05,0,432.0,13.749,14.102,10.919,1,1,1
ACH-000155,SW1990,Pancreas,Pancreatic Adenocarcinoma,Pancreatic Adenocarcinoma,1,1,3.3409036424894394,2.7576382229279033,1.2115090423073183,0.8474699074426225,1,1160.0,9.275,12.49,13.669,1,1,1
ACH-000159,OSRC2,Kidney,Renal Cell Carcinoma,Renal Clear Cell Carcinoma,0,0,2.990586123687219,2.964672478135678,1.0087408122626202,0.0,0,902.0,13.643,14.467,14.349,1,1,1
ACH-000160,BT12,CNS/Brain,Embryonal Tumor,Atypical Teratoid/Rhabdoid Tumor,0,0,,,,,-1,155820.0,11.788,13.202,14.676,1,1,1
ACH-000161,CORL105,Lung,Non-Small Cell Lung Cancer,Lung Adenocarcinoma,0,0,,,,,-1,174.0,12.773,13.758,14.122,1,1,1
ACH-000163,SW579,Head and Neck,Head and Neck Squamous Cell Carcinoma,Head and Neck Squamous Cell Carcinoma,1,0,4.035042693522771,3.6578372484332444,1.103122533746162,0.7674143325815715,1,1165.0,6.3886,12.369,14.548,1,1,1
ACH-000164,PANC1,Pancreas,Pancreatic Adenocarcinoma,Pancreatic Adenocarcinoma,1,1,2.275221464095661,2.9662016462951772,0.7670488171083855,0.9975173893803799,1,926.0,,14.618,12.037,1,1,1
ACH-000165,HS751T,Fibroblast,Non-Cancerous,"Fibroblast, Lymphoid",0,0,1.9998828355674043,2.000124385224177,0.9998792326824486,6.64969711408038e-05,0,420.0,,,,1,1,1
ACH-000169,RD,Soft Tissue,Rhabdomyosarcoma,Embryonal Rhabdomyosarcoma,1,0,1.7758740769404677,2.3027694180890297,0.7711905773067761,0.9718015998594898,1,961.0,12.116,14.001,13.174,1,1,1
ACH-000170,PRECLH,Prostate,Non-Cancerous,"Immortalized Epithelial Cells, Prostate",0,0,,,,,-1,951.0,,,,0,0,0
ACH-000171,VMRCRCZ,Kidney,Renal Cell Carcinoma,Renal Cell Carcinoma,1,0,,,,,-1,1254.0,13.221,14.423,14.809,1,1,1
ACH-000172,TM87,Soft Tissue,Rhabdoid Cancer,Extrarenal Rhabdoid Cancer,0,0,,,,,-1,,,,,1,1,1
ACH-000173,JHUEM3,Uterus,Endometrial Carcinoma,Endometrial Carcinoma,1,1,,,,,-1,499.0,9.1873,16.651,14.674,1,1,1
ACH-000174,CAL62,Thyroid,Anaplastic Thyroid Cancer,Anaplastic Thyroid Cancer,1,1,3.0,3.0001993177507242,0.9999335651636393,1.0,1,119.0,7.9834,13.57,14.472,1,1,1
ACH-000175,TE159T,Fibroblast,Non-Cancerous,"Fibroblast, Soft Tissue",0,0,2.0,2.00042016678923,0.9997899607311476,0.0,0,1190.0,,,,1,1,1
ACH-000176,LOUNH91,Lung,Non-Small Cell Lung Cancer,Lung Squamous Cell Carcinoma,1,0,2.0,2.2015234709055136,0.9084618113007786,1.0,1,621.0,11.327,13.59,15.281,1,1,1
ACH-000177,NCIH660,Prostate,Prostate Small Cell Carcinoma,Prostate Small Cell Carcinoma,0,0,2.553900876021296,3.2704520090272595,0.780901498927945,0.8081439859064724,1,155341.0,,,,1,1,1
ACH-000178,HS766T,Pancreas,Pancreatic Adenocarcinoma,Pancreatic Adenocarcinoma,0,1,1.9977328014189042,2.5245822054506166,0.791312240538559,0.9994619333618946,1,421.0,11.032,11.691,14.313,1,1,1
ACH-000179,NCIH1618,Lung,Lung Neuroendocrine Tumor,Small Cell Lung Cancer,1,0,3.4246869763012455,3.1513105563684225,1.0867500727214465,0.7564381774552437,1,155429.0,,,,1,1,1
ACH-000180,HS839T,Fibroblast,Non-Cancerous,"Fibroblast, Skin",1,0,2.0,1.999869553248349,1.0000652276301918,0.0,0,426.0,14.471,14.397,14.076,1,1,1
ACH-000181,SCC9,Head and Neck,Head and Neck Squamous Cell Carcinoma,Oral Cavity Squamous Cell Carcinoma,1,0,4.001042115612848,3.3209729965388415,1.2047800809530167,0.002584430360119746,0,1010.0,11.596,12.075,14.216,1,1,1
ACH-000182,SNU869,Ampulla of Vater,Ampullary Carcinoma,Ampullary Carcinoma,0,1,1.0228529235256838,1.8350641575407292,0.5573935490606854,0.9771196929509405,1,1126.0,9.9179,13.277,14.33,1,1,1
ACH-000184,HS343T,Fibroblast,Non-Cancerous,"Fibroblast, Breast",0,0,2.0,1.9998648993320807,1.0000675548973155,0.0,0,396.0,,,,1,1,1
ACH-000185,HS737T,Fibroblast,Non-Cancerous,"Fibroblast, Bone",0,0,,,,,-1,415.0,,,,0,0,0
ACH-000186,NCIH2444,Lung,Non-Small Cell Lung Cancer,Non-Small Cell Lung Cancer,1,1,2.0,2.6288304431475575,0.7607945979221677,1.0,1,155519.0,,14.769,16.431,1,1,1
ACH-000187,CORL311,Lung,Lung Neuroendocrine Tumor,Small Cell Lung Cancer,1,0,5.140675088292748,3.7037772849408572,1.3879546994345897,0.9628675680147368,1,179.0,,,,1,1,1
ACH-000188,SCC25,Head and Neck,Head and Neck Squamous Cell Carcinoma,Oral Cavity Squamous Cell Carcinoma,1,0,4.496043181074095,3.8776637708504285,1.159472158177357,0.9516376769276186,1,1008.0,7.9102,13.825,14.713,1,1,1
ACH-000189,RCC10RGB,Kidney,Renal Cell Carcinoma,Renal Cell Carcinoma,0,0,3.004943091651757,3.452662748961008,0.8703262699364481,0.0,0,956.0,13.489,14.424,15.16,1,1,1
ACH-000191,BHT101,Thyroid,Anaplastic Thyroid Cancer,Anaplastic Thyroid Cancer,1,0,4.0,4.892996763341407,0.8174949204888533,1.0,1,64.0,11.463,13.349,16.409,1,1,1
ACH-000192,MFE280,Uterus,Endometrial Carcinoma,Endometrial Carcinoma,1,0,5.24141288482277,3.0738920444512874,1.7051388952595443,0.9074556167623524,1,670.0,,,,1,1,1
ACH-000194,HS934T,Fibroblast,Non-Cancerous,"Fibroblast, Skin",0,0,,,,,-1,436.0,,,14.248,0,0,0
ACH-000196,HCC1599,Breast,Invasive Breast Carcinoma,Breast Invasive Ductal Carcinoma,1,0,2.9101618471218957,4.384615227864945,0.6637211467558983,0.9937181058474972,1,308.0,,,,1,1,1
ACH-000199,HS255T,Fibroblast,Non-Cancerous,"Fibroblast, Colorectal",0,0,1.9998846474578298,2.000000082506331,0.9999422824781303,6.617908689504458e-05,0,391.0,,,,1,1,1
ACH-000200,NMCG1,CNS/Brain,Diffuse Glioma,Glioblastoma,0,0,2.0,2.2287677444593115,0.8973568488560438,0.9982134331686904,1,855.0,12.272,16.336,14.828,1,1,1
ACH-000201,A204,Kidney,Rhabdoid Cancer,Rhabdoid Cancer,0,0,,,,,-1,26.0,8.3972,12.03,12.106,1,1,1
ACH-000202,COLO320,Bowel,Colorectal Adenocarcinoma,Colon Adenocarcinoma,1,0,2.10354632887804,2.4656504050864454,0.8531405443929063,0.9772183985212596,1,157.0,12.971,11.567,14.059,1,1,1
ACH-000203,NH6,Peripheral Nervous System,Neuroblastoma,Neuroblastoma,0,0,1.5529725599379487,2.112263580416105,0.7352172211538207,0.4470274400620513,1,852.0,,12.55,14.725,1,1,1
ACH-000205,PK59,Pancreas,Pancreatic Adenocarcinoma,Pancreatic Adenocarcinoma,0,1,3.0,3.4267470945948872,0.8754658331021836,1.0,1,946.0,13.207,12.899,13.891,1,1,1
ACH-000207,DETROIT562,Head and Neck,Head and Neck Squamous Cell Carcinoma,Oropharynx Squamous Cell Carcinoma,1,0,3.8553314423903173,3.073428531762056,1.2544073833335507,0.9089191035618572,1,208.0,10.418,12.436,14.919,1,1,1
ACH-000208,U178,CNS/Brain,Diffuse Glioma,Astrocytoma,1,0,2.0,1.9412071683960022,1.0302867373257114,0.0,0,1221.0,,,,1,1,1
ACH-000209,SNU1079,Biliary Tract,Intraductal Papillary Neoplasm of the Bile Duct,Intrahepatic Cholangiocarcinoma,0,0,4.0,2.8001045001489047,1.4285181141586991,0.0,0,1082.0,13.026,11.334,13.798,1,1,1
ACH-000210,CADOES1,Bone,Ewing Sarcoma,Ewing Sarcoma,0,0,2.0,2.1023155880775595,0.951331955745464,0.0,0,108.0,6.8926,,,1,1,1
ACH-000211,DAOY,CNS/Brain,Embryonal Tumor,Medulloblastoma,1,0,3.8885879188905,4.25613775939112,0.9136424003923216,0.9964798676879062,1,202.0,8.8424,13.331,13.093,1,1,1
ACH-000212,CAL120,Breast,Invasive Breast Carcinoma,Invasive Breast Carcinoma,1,0,4.68507516157479,4.592155923517695,1.0202343386428214,0.9948282827925629,1,111.0,15.543,15.113,15.316,1,1,1
ACH-000213,HUPT4,Pancreas,Pancreatic Adenocarcinoma,Pancreatic Adenocarcinoma,1,1,3.3217982653845977,3.4318019471389904,0.967945795401713,0.841625428365055,1,463.0,,12.376,14.086,1,1,1
ACH-000214,HS675T,Fibroblast,Non-Cancerous,"Fibroblast, Colorectal",0,0,2.0,1.999863290782871,1.0000683592812363,0.0,0,408.0,,,,1,1,1
ACH-000215,LN382,CNS/Brain,Diffuse Glioma,Glioblastoma,1,0,4.0,3.4948466163267233,1.1445423616914612,0.0,0,610.0,,,,1,1,1
ACH-000216,JHESOAD1,Esophagus/Stomach,Esophagogastric Adenocarcinoma,Esophageal Adenocarcinoma,1,0,3.332972006529436,3.4099832780857593,0.9774159386495423,0.8178177890807729,1,485.0,,,,1,1,1
ACH-000217,JHH6,Liver,Hepatocellular Carcinoma,Hepatocellular Carcinoma,1,0,2.9857360704911606,3.207109518954507,0.9309741537808437,0.9982131519390652,1,490.0,,17.433,14.735,1,1,1
ACH-000219,A375,Skin,Melanoma,Melanoma,0,0,4.175805290465171,2.8122213966665757,1.4848778604041981,0.00703390393989133,0,30.0,10.533999999999999,14.1875,14.332,1,1,1
ACH-000221,SNU398,Liver,Hepatocellular Carcinoma,Hepatocellular Carcinoma,0,0,2.8660862476451694,2.698871409104182,1.0619573196325385,0.5669568761774153,1,1101.0,9.2016,15.158,15.152,1,1,1
ACH-000222,ASPC1,Pancreas,Pancreatic Adenocarcinoma,Pancreatic Adenocarcinoma,1,1,1.990653315227217,2.5986222609989644,0.7660418157358386,0.9920219301242786,1,52.0,14.015,14.976500000000001,14.560500000000001,1,1,1
ACH-000223,HCC1937,Breast,Invasive Breast Carcinoma,Breast Invasive Ductal Carcinoma,1,0,,,,,-1,313.0,13.318,14.799,14.926,1,1,1
ACH-000224,HS819T,Fibroblast,Non-Cancerous,"Fibroblast, Bone",0,0,2.0,1.9998275517500739,1.000086231560204,0.0,0,422.0,,,,1,1,1
ACH-000225,ECC12,Esophagus/Stomach,Esophagogastric Adenocarcinoma,Small Cell Carcinoma of the Stomach,1,0,2.316502733827181,2.3666766593523225,0.9787998392907326,0.839566562147099,1,232.0,9.2818,14.528,15.0,1,1,1
ACH-000227,KPNYN,Peripheral Nervous System,Neuroblastoma,Neuroblastoma,1,0,,,,,-1,572.0,17.492,12.835,13.553,1,1,1
ACH-000228,BICR31,Head and Neck,Head and Neck Squamous Cell Carcinoma,Oral Cavity Squamous Cell Carcinoma,1,0,1.9999338155750412,2.0879303716400197,0.9578546501070055,0.8210798146092356,1,69.0,13.914,13.743,14.195,1,1,1
ACH-000229,HS822T,Fibroblast,Non-Cancerous,"Fibroblast, Bone",0,0,,,,,-1,424.0,13.728,14.781,14.226,0,0,0
ACH-000230,HS742T,Fibroblast,Non-Cancerous,"Fibroblast, Breast",0,0,,,,,-1,417.0,,,,0,0,0
ACH-000231,KALS1,CNS/Brain,Diffuse Glioma,Glioblastoma,1,0,2.7749047714894983,3.191861252203196,0.8693688579270507,0.9912481506465394,1,514.0,11.048,14.481,14.293,1,1,1
ACH-000232,U251MG,CNS/Brain,Diffuse Glioma,Astrocytoma,1,0,4.018387824066967,2.9047059834373146,1.3834060476275005,1.0,1,1223.0,10.13,14.05,14.211,1,1,1
ACH-000234,CAKI2,Kidney,Renal Cell Carcinoma,Papillary Renal Cell Carcinoma,0,0,1.9759516991009298,3.0614122743128593,0.6454379619760414,0.9879610151893764,1,110.0,15.568,15.727,14.462,1,1,1
ACH-000235,PANC0403,Pancreas,Pancreatic Adenocarcinoma,Pancreatic Adenocarcinoma,1,1,2.467911061263273,2.7431862990273603,0.8996512785654804,0.5320889387367271,1,923.0,12.24,14.132,14.744,1,1,1
ACH-000236,SW1417,Bowel,Colorectal Adenocarcinoma,Colon Adenocarcinoma,1,0,2.024792876530984,3.0010014221478545,0.6747057370875267,0.9771637384457013,1,1155.0,12.195,13.464,14.246,1,1,1
ACH-000237,JHOM1,Ovary/Fallopian Tube,Ovarian Epithelial Tumor,Mucinous Ovarian Cancer,1,0,6.0,4.939465801242226,1.2147062539619287,0.0,0,493.0,14.457,15.0,15.0,1,1,1
ACH-000238,SCC4,Head and Neck,Head and Neck Squamous Cell Carcinoma,Oral Cavity Squamous Cell Carcinoma,1,0,3.934671124896084,4.3308727880914,0.9085169011925837,0.8331062733562642,1,1009.0,10.674,16.716,16.04,1,1,1
ACH-000239,HUG1N,Esophagus/Stomach,Esophagogastric Adenocarcinoma,Tubular Stomach Adenocarcinoma,1,0,2.0,2.978934459062822,0.6713810013226016,1.0,1,456.0,13.55,14.123,13.774,1,1,1
ACH-000240,HS600T,Fibroblast,Non-Cancerous,"Fibroblast, Skin",0,0,1.9940363558777248,1.9998612019268893,0.9970873748420379,0.0,0,402.0,,,,1,1,1
ACH-000242,RT4,Bladder/Urinary Tract,Bladder Urothelial Carcinoma,Bladder Urothelial Carcinoma,0,0,3.0668117679421196,3.9021934323725924,0.7859199758012642,0.0,1,999.0,11.679,12.459,14.4,1,1,1
ACH-000243,DANG,Pancreas,Pancreatic Adenocarcinoma,Pancreatic Adenocarcinoma,1,1,,,,,-1,201.0,9.417,12.751,14.383,1,1,1
ACH-000244,DKMG,CNS/Brain,Diffuse Glioma,Glioblastoma,0,0,2.0,1.974131441067985,1.0131037672537246,0.0,0,211.0,12.381,14.153,14.898,1,1,1
ACH-000246,SLR23,Kidney,Renal Cell Carcinoma,Renal Clear Cell Carcinoma,0,0,4.212725490079433,4.828575581080459,0.8724571914305168,0.0010663322746286143,0,1066.0,,,,1,1,1
ACH-000247,OCUM1,Esophagus/Stomach,Esophagogastric Adenocarcinoma,Diffuse Type Stomach Adenocarcinoma,0,0,2.130634495167444,2.442824855620798,0.8722010873047152,0.03585269075690444,0,893.0,,,,1,1,1
ACH-000248,AU565,Breast,Invasive Breast Carcinoma,Invasive Breast Carcinoma,1,0,3.7394697353982917,4.392020151302667,0.8514236288941367,0.9687629469548762,1,53.0,10.088,12.015,14.454,1,1,1
ACH-000249,CL11,Bowel,Colorectal Adenocarcinoma,Colon Adenocarcinoma,1,1,1.0850588786120898,2.0155550767410997,0.5383424601656107,0.9147089498639207,1,147.0,9.536,13.686,13.114,1,1,1
ACH-000250,KMRC20,Kidney,Renal Cell Carcinoma,Renal Clear Cell Carcinoma,1,0,2.110476603769469,3.201155007428001,0.659285976115587,0.8155013415899399,1,542.0,11.519,14.579,14.721,1,1,1
ACH-000251,NCIH2887,Lung,Non-Small Cell Lung Cancer,Non-Small Cell Lung Cancer,1,1,2.6139270764574096,3.3149610523143265,0.7885242195025209,1.0,1,,,,,1,1,1
ACH-000252,LS1034,Bowel,Colorectal Adenocarcinoma,Colon Adenocarcinoma,1,1,1.986541777428184,3.123891957994989,0.6359188487117872,0.993270888714092,1,626.0,12.044,12.761,13.311,1,1,1
ACH-000253,COLO201,Bowel,Colorectal Adenocarcinoma,Colon Adenocarcinoma,1,0,3.019329092191534,3.108005305982846,0.971468448390158,0.931968922709633,1,155.0,11.908,13.374,14.674,1,1,1
ACH-000254,SCC15,Head and Neck,Head and Neck Squamous Cell Carcinoma,Oral Cavity Squamous Cell Carcinoma,1,0,6.010193210344697,4.864933994628728,1.2354110491489556,1.0,1,1007.0,,,,1,1,1
ACH-000255,LMSU,Esophagus/Stomach,Esophagogastric Adenocarcinoma,Stomach Adenocarcinoma,1,0,3.350896855309819,2.631408058679497,1.273423498213112,0.9999335952272425,1,603.0,11.368,14.241,13.539,1,1,1
ACH-000256,COV318,Ovary/Fallopian Tube,Ovarian Epithelial Tumor,High-Grade Serous Ovarian Cancer,1,0,2.0,3.920274785007728,0.5101683197434481,1.0,1,184.0,,,,1,1,1
ACH-000257,CORL279,Lung,Lung Neuroendocrine Tumor,Small Cell Lung Cancer,1,0,4.011138647668976,3.3544701039733464,1.1957592476134489,0.9626335029227364,1,178.0,4.7,12.303,,1,1,1
ACH-000258,DU4475,Breast,Invasive Breast Carcinoma,Invasive Breast Carcinoma,0,0,4.1334554948252755,4.301231981228742,0.9609933881418928,0.011606407328331278,0,226.0,3.4561,11.221,,1,1,1
ACH-000259,KELLY,Peripheral Nervous System,Neuroblastoma,Neuroblastoma,1,0,2.0,2.1975071189673216,0.910122193797426,1.0,1,528.0,,10.782,14.346,1,1,1
ACH-000260,SKNAS,Peripheral Nervous System,Neuroblastoma,Neuroblastoma,0,0,,,,,-1,1051.0,10.889,13.421,14.826,1,1,1
ACH-000261,RERFLCAI,Lung,Non-Small Cell Lung Cancer,Lung Squamous Cell Carcinoma,1,0,4.377322860010106,3.505793320843408,1.248596953501249,0.9979497854663609,1,969.0,8.9407,13.707,14.066,1,1,1
ACH-000262,UOK101,Kidney,Renal Cell Carcinoma,Renal Clear Cell Carcinoma,0,0,,,,,-1,1246.0,,,,1,1,1
ACH-000264,CALU6,Lung,Non-Small Cell Lung Cancer,Lung Adenocarcinoma,1,1,4.31883610350401,2.775470518724956,1.5560734925363473,0.959715951318822,1,124.0,12.983,13.588,13.881,1,1,1
ACH-000265,KP4,Pancreas,Pancreatic Adenocarcinoma,Pancreatic Adenocarcinoma,0,1,3.428891589818065,3.270400531511573,1.0484622775648944,0.7855542050909673,1,568.0,9.7949,13.536,11.898,1,1,1
ACH-000266,SNU213,Pancreas,Pancreatic Adenocarcinoma,Pancreatic Adenocarcinoma,1,1,2.0,3.022016584677375,0.6618097366310504,1.0,1,1093.0,13.509,14.893,15.811,1,1,1
ACH-000268,SNU245,Biliary Tract,Intraductal Papillary Neoplasm of the Bile Duct,Extrahepatic Cholangiocarcinoma,1,0,2.100871241159649,3.268286593798263,0.6428050848252284,0.9325945532232075,1,1095.0,13.324,,13.286,1,1,1
ACH-000269,AM38,CNS/Brain,Diffuse Glioma,Glioblastoma,0,0,3.2590654492601936,3.416671663677734,0.9538714193426793,0.8402686922272082,1,47.0,,,14.326,1,1,1
ACH-000270,HPAC,Pancreas,Pancreatic Adenocarcinoma,Pancreatic Adenocarcinoma,1,1,3.2857195445278204,2.9313920364334285,1.1208734634230282,0.9911981888712599,1,384.0,9.2481,13.594,14.904,1,1,1
ACH-000272,SLR24,Kidney,Renal Cell Carcinoma,Renal Clear Cell Carcinoma,0,0,,,,,-1,1067.0,,,,1,1,1
ACH-000273,SF539,CNS/Brain,Diffuse Glioma,Gliosarcoma,1,0,4.0,4.757539364130155,0.8407707627515008,1.0,1,1019.0,7.7189,10.227,13.993,1,1,1
ACH-000274,HS852T,Skin,Melanoma,Melanoma,0,0,0.9981310216884587,2.1745466151240542,0.45900649576625285,0.9981234187328604,1,428.0,10.224,16.068,14.93,1,1,1
ACH-000275,HS834T,Fibroblast,Non-Cancerous,"Fibroblast, Skin",0,0,2.0,1.9992331149110236,1.0003835896290716,0.0,0,425.0,,,,1,1,1
ACH-000276,HCC38,Breast,Invasive Breast Carcinoma,Breast Invasive Ductal Carcinoma,1,0,,,,,-1,330.0,9.1373,14.308,14.742,1,1,1
ACH-000277,HCC1419,Breast,Invasive Breast Carcinoma,Breast Invasive Ductal Carcinoma,1,0,,,,,-1,301.0,12.71,15.731,13.778,1,1,1
ACH-000278,COV362,Ovary/Fallopian Tube,Ovarian Epithelial Tumor,High-Grade Serous Ovarian Cancer,1,0,1.2644206888300724,1.8947849852798182,0.6673161855583024,0.9603801935698595,1,185.0,13.053,14.267,14.035,1,1,1
ACH-000279,EWS502,Bone,Ewing Sarcoma,Ewing Sarcoma,1,0,2.997850563771886,3.2464455877038767,0.9234254765046547,0.9992835212572954,1,251.0,,,,1,1,1
ACH-000280,SNU840,Ovary/Fallopian Tube,Ovarian Epithelial Tumor,"Brenner Tumor, Malignant",0,0,2.082567632657706,3.0639802187879126,0.6796935632572568,0.8255495255095201,1,1125.0,14.648,13.419,14.851,1,1,1
ACH-000281,KP2,Pancreas,Pancreatic Adenocarcinoma,Pancreatic Adenocarcinoma,1,1,3.0,4.411587999460584,0.6800272374407622,0.9993186515325404,1,566.0,14.496,13.677,15.126,1,1,1
ACH-000282,NCIH1755,Lung,Non-Small Cell Lung Cancer,Lung Adenocarcinoma,0,0,,,,,-1,127984.0,13.178,15.91,13.855,0,0,0
ACH-000283,A1207,CNS/Brain,Diffuse Glioma,Glioblastoma,0,0,,,,,-1,24.0,,,,1,1,1
ACH-000284,HS840T,Fibroblast,Non-Cancerous,"Fibroblast, Upper Aerodigestive",0,0,2.0,1.9999919555990244,1.000004022216666,0.0,0,427.0,,,,1,1,1
ACH-000286,SNU1033,Bowel,Colorectal Adenocarcinoma,Rectal Adenocarcinoma,1,1,2.0,2.8677675667624616,0.6974065901226021,1.0,1,1076.0,8.6282,11.894,13.716,1,1,1
ACH-000288,BT549,Breast,Invasive Breast Carcinoma,"Breast Invasive Carcinoma, NOS",1,0,4.00727928222204,3.206184403778936,1.2498592649564704,0.999964111636321,1,99.0,9.954,14.117,14.409,1,1,1
ACH-000289,SNU466,CNS/Brain,Diffuse Glioma,Glioblastoma,0,0,2.0,2.1354644331938974,0.9365644161109765,1.0,1,1107.0,13.365,14.628,15.265,1,1,1
ACH-000290,NCIH209,Lung,Lung Neuroendocrine Tumor,Small Cell Lung Cancer,1,0,3.7945982921548573,4.155730220761625,0.9131002472675951,0.9962869529931494,1,127989.0,,,8.3285,1,1,1
ACH-000291,OV90,Ovary/Fallopian Tube,Ovarian Epithelial Tumor,Serous Ovarian Cancer,1,0,,,,,-1,907.0,11.369,15.438,15.066,1,1,1
ACH-000292,NCIH841,Lung,SMARCA4-deficient undifferentiated tumor,SMARCA4-deficient undifferentiated tumor,1,0,,,,,-1,155366.0,,13.402,13.998,1,1,1
ACH-000293,KLE,Uterus,Endometrial Carcinoma,Endometrial Carcinoma,1,0,,,,,-1,534.0,10.705,14.124,13.846,1,1,1
ACH-000296,OUMS23,Bowel,Colorectal Adenocarcinoma,Colon Adenocarcinoma,1,0,2.596372524814326,2.8094083473269955,0.9241705739518564,0.5530736515753097,1,903.0,14.47,16.622,17.204,1,1,1
ACH-000297,NCIH889,Lung,Lung Neuroendocrine Tumor,Small Cell Lung Cancer,1,0,2.2225971004529312,3.2349797820840993,0.6870513110351026,0.9373672224676068,1,155371.0,11.459,14.759,14.608,1,1,1
ACH-000298,NCIH2029,Lung,Lung Neuroendocrine Tumor,Small Cell Lung Cancer,1,0,3.1817219842982514,4.441327401902718,0.7163898754537131,0.9589206609363825,1,155479.0,9.3496,13.241,13.799,1,1,1
ACH-000300,SLR25,Kidney,Renal Cell Carcinoma,Renal Clear Cell Carcinoma,0,0,,,,,-1,1068.0,,,,0,0,0
ACH-000302,SNU1077,Uterus,Endometrial Carcinoma,Uterine Carcinosarcoma/Uterine Malignant Mixed Mullerian Tumor,1,0,2.9998355507731107,3.8612286729903267,0.7769121709256058,0.9999335031175918,1,1081.0,13.683,15.251,15.0,1,1,1
ACH-000303,SNU5,Esophagus/Stomach,Esophagogastric Adenocarcinoma,Stomach Adenocarcinoma,0,0,2.0026418048999113,4.146890771953527,0.4829261041656282,1.0,1,1111.0,9.5866,9.8809,14.176,1,1,1
ACH-000304,WM115,Skin,Melanoma,Melanoma,0,0,2.0,2.0399972093246763,0.9803934980195796,0.0,0,1255.0,,14.135,14.352,1,1,1
ACH-000305,ECGI10,Esophagus/Stomach,Esophageal Squamous Cell Carcinoma,Esophageal Squamous Cell Carcinoma,1,0,7.01006222834188,4.767138683077981,1.4704968104296305,3.571662166490506e-05,0,233.0,9.0661,13.426,14.537,1,1,1
ACH-000306,HS688AT,Fibroblast,Non-Cancerous,"Fibroblast, Skin",0,0,,,,,-1,410.0,14.426,14.695,14.505,0,0,0
ACH-000307,PK1,Pancreas,Pancreatic Adenocarcinoma,Pancreatic Adenocarcinoma,1,1,,,,,-1,944.0,12.856,13.319,14.98,1,1,1
ACH-000308,EFO21,Ovary/Fallopian Tube,Ovarian Epithelial Tumor,Serous Ovarian Cancer,1,0,3.2942327792095627,2.9657887951786726,1.110744225807591,0.9597584982098085,1,237.0,10.76,13.81,14.191,1,1,1
ACH-000309,SKLU1,Lung,Non-Small Cell Lung Cancer,Lung Adenocarcinoma,1,1,3.119626731067885,4.115636995148652,0.7579936555981921,0.9769484729204784,1,1038.0,,14.284,14.932,1,1,1
ACH-000310,IMR32,Peripheral Nervous System,Neuroblastoma,Neuroblastoma,0,0,2.0,2.3166789267465253,0.8633047838047805,0.0,0,475.0,3.2732,10.229,11.504,1,1,1
ACH-000311,NCIH2122,Lung,Non-Small Cell Lung Cancer,Lung Adenocarcinoma,1,1,4.644405963515183,4.182113101675282,1.110540497255972,0.0,0,127990.0,12.679,10.208,14.98,1,1,1
ACH-000312,SKNBE2,Peripheral Nervous System,Neuroblastoma,Neuroblastoma,1,0,0.9960577201358732,1.9582147083161023,0.5086560303657396,0.9921444073888278,1,1052.0,8.5762,12.251,12.544,1,1,1
ACH-000313,KMRC3,Kidney,Renal Cell Carcinoma,Renal Clear Cell Carcinoma,1,0,2.0,1.9857896292657926,1.0071560302887983,0.0,0,543.0,11.988,12.396,15.196,1,1,1
ACH-000314,HCC2108,Lung,Non-Small Cell Lung Cancer,Lung Adenocarcinoma,1,1,2.9212382257407747,3.1248981054271736,0.9348267134430105,0.997526926837726,1,316.0,12.743,14.033,14.736,1,1,1
ACH-000316,SNU886,Liver,Hepatocellular Carcinoma,Hepatocellular Carcinoma,1,0,1.4878123348865835,1.932278653027045,0.769978146038008,0.5121876651134164,1,1128.0,,18.251,17.844,1,1,1
ACH-000317,TUHR14TKB,Kidney,Renal Cell Carcinoma,Renal Cell Carcinoma,0,0,1.9998839433722837,2.028708569350071,0.9857916378856615,6.617908689504458e-05,0,1214.0,9.8958,15.0,13.901,1,1,1
ACH-000318,TE10,Esophagus/Stomach,Esophageal Squamous Cell Carcinoma,Esophageal Squamous Cell Carcinoma,1,0,3.2366237541821508,2.948053170714437,1.0978851352934658,1.0,1,1185.0,12.493,13.398,14.932,1,1,1
ACH-000319,MPP89,Pleura,Pleural Mesothelioma,"Pleural Mesothelioma, Epithelioid Type",0,0,3.981945877754911,4.70070609042923,0.847095266360572,0.9996362097858374,1,705.0,11.361,14.693,14.247,1,1,1
ACH-000320,PSN1,Pancreas,Pancreatic Adenocarcinoma,Pancreatic Adenocarcinoma,1,1,2.0229660078619425,2.9273042877096866,0.6910678935412978,0.9770339921380575,1,952.0,10.693,11.828,11.17,1,1,1
ACH-000322,HT144,Skin,Melanoma,Melanoma,0,0,,,,,-1,450.0,11.792,14.608,14.129,1,1,1
ACH-000323,42MGBA,CNS/Brain,Diffuse Glioma,Glioblastoma,1,0,2.9975162954562404,4.231218537628998,0.7084286166736086,0.004763128771800914,1,10.0,8.2463,7.85,14.841,1,1,1
ACH-000324,JHOC5,Ovary/Fallopian Tube,Ovarian Epithelial Tumor,Clear Cell Ovarian Cancer,0,0,1.9998809488410854,2.8085088970898147,0.7120792641651832,0.9999336383454064,1,492.0,10.472,13.814,14.916,1,1,1
ACH-000325,SNU620,Esophagus/Stomach,Esophagogastric Adenocarcinoma,Stomach Adenocarcinoma,1,0,2.0,3.3059199128861154,0.6049753329486954,1.0,1,1116.0,10.463,9.5719,13.515,1,1,1
ACH-000327,NCIH1395,Lung,Non-Small Cell Lung Cancer,Lung Adenocarcinoma,0,0,3.004044325480582,2.8653512558308987,1.048403514008081,0.4471123970586982,0,127978.0,13.037,12.603,12.181,1,1,1
ACH-000328,LN215,CNS/Brain,Diffuse Glioma,Glioblastoma,1,0,,,,,-1,605.0,,,,1,1,1
ACH-000329,CCFSTTG1,CNS/Brain,Diffuse Glioma,Astrocytoma,0,0,2.0412933278641967,2.039951916602223,1.0006575700393017,0.0,0,131.0,14.8045,14.336,14.7635,1,1,1
ACH-000330,EFM19,Breast,Invasive Breast Carcinoma,Breast Invasive Ductal Carcinoma,1,0,3.5334731802503305,3.1335615220944955,1.1276220860308914,0.9252153177123895,1,235.0,,,,1,1,1
ACH-000331,ISTMES2,Pleura,Pleural Mesothelioma,"Pleural Mesothelioma, Epithelioid Type",1,0,0.9999418948381836,1.8888388656967832,0.5293950230472996,0.9999310873748475,1,481.0,,,,1,1,1
ACH-000332,YAPC,Pancreas,Pancreatic Adenocarcinoma,Pancreatic Adenocarcinoma,1,1,2.05526585871702,3.301662324264729,0.6224942640597633,0.9768248535741054,1,1277.0,10.238,13.269,14.332,1,1,1
ACH-000333,JHOM2B,Ovary/Fallopian Tube,Ovarian Epithelial Tumor,Mucinous Ovarian Cancer,0,0,,,,,-1,494.0,,,,0,0,0
ACH-000335,MSTO211H,Pleura,Pleural Mesothelioma,"Pleural Mesothelioma, Biphasic Type",0,0,4.0,3.578273054060748,1.117857675914548,0.0,0,706.0,,12.733,13.675,1,1,1
ACH-000337,NCIH3122,Lung,Non-Small Cell Lung Cancer,Lung Adenocarcinoma,1,0,,,,,-1,,,,,1,1,1
ACH-000339,HCC461,Lung,Non-Small Cell Lung Cancer,Lung Adenocarcinoma,1,1,2.1293874091256266,2.6543420015535064,0.8022279750986724,0.8706125908743735,1,,,,,1,1,1
ACH-000340,HS870T,Fibroblast,Non-Cancerous,"Fibroblast, Bone",1,0,2.0,2.0002391795573713,0.9998804245213194,0.0,0,430.0,,,,1,1,1
ACH-000341,SKNFI,Peripheral Nervous System,Neuroblastoma,Neuroblastoma,1,0,2.0049141289293257,2.1456021058417623,0.9344296053171323,0.4455486078441583,0,1055.0,11.743,12.431,14.76,1,1,1
ACH-000342,CL14,Bowel,Colorectal Adenocarcinoma,Colon Adenocarcinoma,1,0,2.526458743177235,3.740115299440855,0.6755029032273254,0.7815208512543002,1,148.0,,,,1,1,1
ACH-000343,NCIH522,Lung,Non-Small Cell Lung Cancer,Lung Adenocarcinoma,1,0,,,,,-1,155325.0,11.533,13.617,12.579,1,1,1
ACH-000344,SNU668,Esophagus/Stomach,Esophagogastric Adenocarcinoma,Diffuse Type Stomach Adenocarcinoma,1,1,1.997668782740488,2.779577052409713,0.7186952349490144,0.998834391370244,1,1118.0,13.97,12.836,15.481,1,1,1
ACH-000345,KPNRTBM1,Peripheral Nervous System,Neuroblastoma,Neuroblastoma,0,0,2.0,1.9827930848807298,1.0086781193915175,0.0,0,570.0,,,,1,1,1
ACH-000347,QGP1,Pancreas,Pancreatic Neuroendocrine Tumor,Pancreatic Neuroendocrine Tumor,1,1,5.276040381432929,4.206102434986261,1.2543775295501483,0.954323269510899,1,954.0,13.574,13.157,13.934,1,1,1
ACH-000348,RPMI7951,Skin,Melanoma,Melanoma,1,0,,,,,-1,991.0,9.7318,13.283,13.567,1,1,1
ACH-000349,HCC1500,Breast,Breast Ductal Carcinoma In Situ,Breast Ductal Carcinoma In Situ,0,0,1.8611937803140326,2.0182475526193646,0.9221830978556118,0.8970326670378744,1,305.0,10.873,14.068,13.79,1,1,1
ACH-000350,COLO678,Bowel,Colorectal Adenocarcinoma,Colon Adenocarcinoma,0,1,1.9365878623373847,2.439420542752237,0.7938720808477167,0.0887262852305717,1,160.0,13.22,13.846,13.398,1,1,1
ACH-000351,MKN1,Esophagus/Stomach,Esophagogastric Adenocarcinoma,Adenosquamous Carcinoma of the Stomach,1,0,3.342431644559375,3.2802225730049406,1.0189648934393638,0.9634661521156286,1,682.0,13.54,14.459,,1,1,1
ACH-000352,HCC1428,Breast,Invasive Breast Carcinoma,Invasive Breast Carcinoma,0,0,3.2258352809464164,3.8894165892144774,0.8293879575388758,0.9514551212946157,1,302.0,13.706,14.881,14.884,1,1,1
ACH-000353,TE15,Esophagus/Stomach,Esophageal Squamous Cell Carcinoma,Esophageal Squamous Cell Carcinoma,1,0,3.4244637466496757,2.843366930391845,1.2043692673100583,0.008902168296642825,0,1189.0,8.3848,11.977,13.66,1,1,1
ACH-000354,CAPAN1,Pancreas,Pancreatic Adenocarcinoma,Pancreatic Adenocarcinoma,1,1,2.96712510212534,2.901755242826818,1.0225276957662495,0.9911431752904445,1,128.0,8.597,14.515,14.454,1,1,1
ACH-000355,NCIH82,Lung,Lung Neuroendocrine Tumor,Small Cell Lung Cancer,0,0,4.268214194942693,2.877243150043395,1.483438824027896,0.9587418256498946,1,155288.0,,,,1,1,1
ACH-000356,MKN45,Esophagus/Stomach,Esophagogastric Adenocarcinoma,Diffuse Type Stomach Adenocarcinoma,1,0,,,,,-1,683.0,13.636,14.426,12.801,1,1,1
ACH-000358,NCIH69,Lung,Lung Neuroendocrine Tumor,Small Cell Lung Cancer,1,0,,,,,-1,128006.0,11.526,14.482,13.03,1,1,1
ACH-000359,MG63,Bone,Osteosarcoma,Osteosarcoma,0,0,2.427874786931872,3.4149571005891,0.7109532317442727,0.966848059377929,1,673.0,10.632,13.48,14.732,1,1,1
ACH-000360,NCIH508,Bowel,Colorectal Adenocarcinoma,Colon Adenocarcinoma,1,0,4.8168123948627075,4.673418887163629,1.0306827851646114,0.9688765293361519,1,128003.0,12.892,9.7751,13.74,1,1,1
ACH-000361,SKHEP1,Liver,Hepatocellular Carcinoma,Hepatocellular Carcinoma,0,0,6.166868604951322,4.514839488509887,1.3659109300886096,0.0,0,1036.0,12.624,14.344,14.848,1,1,1
ACH-000364,U2OS,Bone,Osteosarcoma,Osteosarcoma,0,0,2.904577655754344,3.1975485199240854,0.9083764132602757,0.0,0,1226.0,8.9575,11.966,16.575,1,1,1
ACH-000366,SKNDZ,Peripheral Nervous System,Neuroblastoma,Neuroblastoma,1,0,4.687864319254886,3.8534227829853998,1.2165455448994391,0.7376402047273403,1,1053.0,,14.457,13.109,1,1,1
ACH-000367,NCIH226,Pleura,Pleural Mesothelioma,"Pleural Mesothelioma, Epithelioid Type",0,0,,,,,-1,155297.0,,14.884,14.786,1,1,1
ACH-000368,SNU1105,CNS/Brain,Diffuse Glioma,Glioblastoma,1,0,4.0,3.7901883806057572,1.055356514854998,1.0,1,1083.0,15.768,13.906,15.413,1,1,1
ACH-000370,SNU626,CNS/Brain,Diffuse Glioma,Glioblastoma,1,0,4.0,3.3508477676852686,1.1937277600537368,0.0,0,1117.0,10.294,14.611,14.675,1,1,1
ACH-000374,HCC1143,Breast,Invasive Breast Carcinoma,Breast Invasive Ductal Carcinoma,1,0,3.9761606023746223,3.7515528148973205,1.059870618530383,1.0,1,295.0,10.299,13.621,14.361,1,1,1
ACH-000375,G402,Kidney,Rhabdoid Cancer,Rhabdoid Cancer,0,0,,,,,-1,265.0,,11.716,11.692,1,1,1
ACH-000376,SF295,CNS/Brain,Diffuse Glioma,Glioblastoma,1,0,3.6814843137429882,3.2315070862356654,1.1392468639242548,0.8883757001277237,1,1018.0,10.218,14.46,15.658,1,1,1
ACH-000377,SNU478,Ampulla of Vater,Ampullary Carcinoma,Ampullary Carcinoma,1,0,2.046223105963807,2.84928999569371,0.7181519287458902,0.9768884470180966,1,1109.0,9.811,9.93,14.038,1,1,1
ACH-000378,NCIH647,Lung,Non-Small Cell Lung Cancer,Lung Adenosquamous Carcinoma,1,1,3.9923991514688444,3.3220168301029105,1.2017997968255827,0.9918518286139139,1,155339.0,12.511,13.286,13.934,1,1,1
ACH-000379,NCIH1781,Lung,Non-Small Cell Lung Cancer,Lung Adenocarcinoma,1,0,2.1208118116620067,2.637818847215776,0.8040020693234976,0.8949867385011453,1,155448.0,,,,1,1,1
ACH-000381,T84,Bowel,Colorectal Adenocarcinoma,Colon Adenocarcinoma,1,1,2.845863066343799,2.9212955681123476,0.9741784081720664,0.9975181609598861,1,1176.0,11.593,12.107,12.555,1,1,1
ACH-000382,CORL24,Lung,Lung Neuroendocrine Tumor,Small Cell Lung Cancer,1,0,,,,,-1,176.0,,,,1,1,1
ACH-000383,OE33,Esophagus/Stomach,Esophagogastric Adenocarcinoma,Esophageal Adenocarcinoma,1,0,3.0486640359815453,4.9265245310915935,0.6188265209563543,0.9757609523470164,1,896.0,11.91,14.847,13.864,1,1,1
ACH-000384,SW780,Bladder/Urinary Tract,Bladder Urothelial Carcinoma,Bladder Urothelial Carcinoma,0,0,4.007371193393989,3.741068473002779,1.071183599635497,0.0,0,1167.0,,,,1,1,1
ACH-000385,SKRC52,Kidney,Renal Cell Carcinoma,Renal Cell Carcinoma,0,0,4.0,3.521339501714716,1.135931368745388,0.0,0,,,,,1,1,1
ACH-000389,H4,CNS/Brain,Diffuse Glioma,Astrocytoma,0,0,2.582795187232763,3.1614164559810995,0.816974044133401,0.0,1,291.0,,,,1,1,1
ACH-000390,LUDLU1,Lung,Non-Small Cell Lung Cancer,Lung Squamous Cell Carcinoma,1,0,2.8469887536202627,3.475763628347747,0.8190973432142217,0.9761956890133284,1,635.0,9.9904,12.919,14.025,1,1,1
ACH-000391,MHHES1,Bone,Ewing Sarcoma,Ewing Sarcoma,1,0,2.175277892586237,2.2757166563108346,0.9558649960019983,1.0,1,677.0,6.4737,12.03,14.901,1,1,1
ACH-000392,CALU3,Lung,Non-Small Cell Lung Cancer,Lung Adenocarcinoma,1,0,1.9998644094974662,3.020063514202198,0.6621928314066484,0.9997843249397824,1,123.0,9.1459,13.43,13.141,1,1,1
ACH-000393,HLF,Liver,Hepatocellular Carcinoma,Hepatocellular Carcinoma,1,0,3.628262847806557,2.7021412471111916,1.3427361917832623,0.6729364603022497,1,374.0,8.4383,14.647,14.205,1,1,1
ACH-000394,NCIH2081,Lung,Lung Neuroendocrine Tumor,Small Cell Lung Cancer,0,0,4.650607502259818,4.870939574199853,0.9547660017982815,0.9991595457955081,1,155487.0,6.5466,14.316,11.615,1,1,1
ACH-000395,NCIH520,Lung,Non-Small Cell Lung Cancer,Lung Squamous Cell Carcinoma,1,0,2.7856419202209195,2.909625278135341,0.9573885479872248,0.9491936702657863,1,155324.0,10.489,11.775500000000001,13.515,1,1,1
ACH-000396,J82,Bladder/Urinary Tract,Bladder Urothelial Carcinoma,Bladder Urothelial Carcinoma,1,0,3.0,3.3348509507460173,0.8995904297698493,0.0,0,482.0,8.1109,12.829,13.822,1,1,1
ACH-000397,TEN,Uterus,Endometrial Carcinoma,Uterine Clear Cell Carcinoma,1,1,2.336520371391921,3.418163980493057,0.6835600587701726,0.9999321451733818,1,1198.0,,,,1,1,1
ACH-000399,NCIH2196,Lung,Lung Neuroendocrine Tumor,Small Cell Lung Cancer,1,0,,,,,-1,155502.0,9.9321,14.729,14.091,1,1,1
ACH-000400,SKCO1,Bowel,Colorectal Adenocarcinoma,Colon Adenocarcinoma,0,1,3.276636012962317,3.7411585213863123,0.8758345828521954,0.004515333773364388,0,1034.0,7.1365,13.015,13.403,1,1,1
ACH-000401,COLO800,Skin,Melanoma,Cutaneous Melanoma,1,0,3.0049141289293257,2.6892901699048375,1.1173632962915478,1.0,1,170.0,9.2265,14.103,15.483,1,1,1
ACH-000403,NCIH747,Bowel,Colorectal Adenocarcinoma,Colon Adenocarcinoma,1,1,2.0093104528696175,3.0796847974206187,0.6524402934198038,0.9997783647754016,1,155356.0,11.925,12.91,12.509,1,1,1
ACH-000404,K029AX,Skin,Melanoma,Cutaneous Melanoma,0,0,2.0,1.9276988307827756,1.0375064652541524,0.0,0,512.0,12.066,14.544,14.684,1,1,1
ACH-000407,SNU685,Uterus,Endometrial Carcinoma,Uterine Carcinosarcoma/Uterine Malignant Mixed Mullerian Tumor,1,0,2.8914915486004342,3.7897087271532657,0.7629851676681364,1.0,1,1119.0,9.9843,14.746,14.922,1,1,1
ACH-000408,TE5,Esophagus/Stomach,Esophageal Squamous Cell Carcinoma,Esophageal Squamous Cell Carcinoma,1,0,2.0950041745660934,3.1994000480460527,0.6548115718900362,0.9886936668084199,1,1193.0,7.9699,12.761,11.366,1,1,1
ACH-000409,OVSAHO,Ovary/Fallopian Tube,Ovarian Epithelial Tumor,High-Grade Serous Ovarian Cancer,1,0,2.1148306859877146,2.923249636761838,0.7234519622930217,0.9985402123756971,1,915.0,13.914,12.688,14.684,1,1,1
ACH-000410,SAOS2,Bone,Osteosarcoma,Osteosarcoma,0,0,,,,,-1,1004.0,8.192,14.06,14.825,1,1,1
ACH-000411,769P,Kidney,Renal Cell Carcinoma,Renal Clear Cell Carcinoma,0,0,,,,,-1,16.0,13.378,13.109,14.61,1,1,1
ACH-000412,SNU1197,Bowel,Colorectal Adenocarcinoma,Colon Adenocarcinoma,1,1,1.0,2.1252774570290534,0.4705267995445216,1.0,1,1086.0,,,,1,1,1
ACH-000413,HS739T,Fibroblast,Non-Cancerous,"Fibroblast, Breast",0,0,,,,,-1,416.0,,,,0,0,0
ACH-000414,NCIH1944,Lung,Non-Small Cell Lung Cancer,Lung Adenocarcinoma,0,1,2.0,2.2058619025609656,0.9066750723053135,0.0,0,155467.0,11.502,11.273,12.405,1,1,1
ACH-000415,BICR6,Head and Neck,Head and Neck Squamous Cell Carcinoma,Hypopharynx Squamous Cell Carcinoma,1,0,3.0,3.0611529928211825,0.9800228890994359,0.0,0,71.0,9.5614,13.013,15.629,1,1,1
ACH-000416,NCIH838,Lung,Non-Small Cell Lung Cancer,Lung Adenocarcinoma,1,0,2.7936118940496617,2.5096664349607134,1.113140716683886,0.7369749405712206,1,155365.0,,14.572,14.956,1,1,1
ACH-000417,PANC0813,Pancreas,Pancreatic Adenocarcinoma,Pancreatic Adenocarcinoma,0,1,2.0008713573016434,2.595959649552932,0.770763658690237,0.9992069439817864,1,925.0,8.7803,12.577,13.75,1,1,1
ACH-000418,SW1353,Bone,Chondrosarcoma,Chondrosarcoma,1,0,2.0,2.054553377854262,0.9734475733547324,0.0,0,1154.0,13.611,13.134,14.888,1,1,1
ACH-000420,SNU449,Liver,Hepatocellular Carcinoma,Hepatocellular Carcinoma,1,0,2.5246249567267354,2.5112576201606123,1.0053229650589446,0.8835980259859112,1,1105.0,13.699,14.132,14.634,1,1,1
ACH-000421,SW837,Bowel,Colorectal Adenocarcinoma,Rectal Adenocarcinoma,1,1,1.0902965869532417,1.9260011232629102,0.5660934325449041,0.9117584776561373,1,1168.0,,,,1,1,1
ACH-000422,SNU475,Liver,Hepatocellular Carcinoma,Hepatocellular Carcinoma,1,0,3.0,3.0606259815202317,0.9801916399173615,0.0,0,1108.0,,14.925,14.417,1,1,1
ACH-000423,SKMEL3,Skin,Melanoma,Cutaneous Melanoma,1,0,3.0658629638459396,4.012453606686047,0.7640868317423581,0.9992811088068614,1,1044.0,12.142,14.956,15.041,1,1,1
ACH-000424,TC71,Bone,Ewing Sarcoma,Ewing Sarcoma,1,0,2.0,3.6422353034089294,0.5491133420534668,1.0,1,1180.0,4.7343,10.991,15.1,1,1,1
ACH-000425,UACC62,Skin,Melanoma,Melanoma,0,0,4.007350895134319,3.5533603237898657,1.1277637306593906,0.002450298378106296,0,1233.0,11.014,15.555,15.0,1,1,1
ACH-000427,NCIN87,Esophagus/Stomach,Esophagogastric Adenocarcinoma,Tubular Stomach Adenocarcinoma,1,0,,,,,-1,134841.0,9.7263,12.458,14.343,1,1,1
ACH-000428,UO31,Kidney,Renal Cell Carcinoma,Renal Cell Carcinoma,0,0,2.0,2.339571693187847,0.8548573253059177,0.0,0,1245.0,10.141,10.003,13.05,1,1,1
ACH-000429,A704,Kidney,Renal Cell Carcinoma,Renal Cell Carcinoma,0,0,,,,,-1,39.0,,,,1,1,1
ACH-000430,TYKNU,Ovary/Fallopian Tube,Ovarian Epithelial Tumor,High-Grade Serous Ovarian Cancer,1,0,2.0,2.502902525712042,0.7990722688775213,1.0,1,1217.0,7.048,13.651,13.434,1,1,1
ACH-000431,NCIH1694,Lung,Lung Neuroendocrine Tumor,Small Cell Lung Cancer,1,0,,,,,-1,155440.0,6.7094,13.724,12.118,1,1,1
ACH-000433,CAKI1,Kidney,Renal Cell Carcinoma,Renal Clear Cell Carcinoma,0,0,,,,,-1,109.0,13.379,14.735,14.507,1,1,1
ACH-000434,NCIH1915,Lung,Non-Small Cell Lung Cancer,Large Cell Lung Carcinoma,1,0,5.00761111874237,4.246811271273718,1.1791461402146253,0.9884492879098159,1,155463.0,12.151,14.307,14.123,1,1,1
ACH-000435,EFE184,Uterus,Endometrial Carcinoma,Endometrial Carcinoma,1,0,3.1057747534519677,3.511809985238108,0.8843800679726668,0.980955209594896,1,234.0,13.489,14.238,14.512,1,1,1
ACH-000437,SW1088,CNS/Brain,Diffuse Glioma,Astrocytoma,1,0,4.0,3.5609486776494235,1.12329616686315,1.0,1,1151.0,11.107,13.957,14.365,1,1,1
ACH-000438,LU65,Lung,Non-Small Cell Lung Cancer,Giant Cell Carcinoma of the Lung,0,1,1.8280864098500857,2.407317769238602,0.7593872455102932,0.97622263336061,1,633.0,12.217,14.647,12.992,1,1,1
ACH-000441,SH4,Skin,Melanoma,Melanoma,0,0,2.0024613932910342,2.431064095536075,0.8236974899049178,0.0,1,1025.0,13.503,13.627,13.678,1,1,1
ACH-000442,RERFLCSQ1,Lung,Non-Small Cell Lung Cancer,Lung Squamous Cell Carcinoma,1,0,3.0,3.100421948809681,0.9676102316175915,1.0,1,972.0,,,,1,1,1
ACH-000443,OVKATE,Ovary/Fallopian Tube,Ovarian Epithelial Tumor,High-Grade Serous Ovarian Cancer,1,0,1.0,2.06825516534197,0.48349933642479637,1.0,1,913.0,,,,1,1,1
ACH-000444,LU99,Lung,Non-Small Cell Lung Cancer,Giant Cell Carcinoma of the Lung,0,1,2.423982832353773,2.7950490285254577,0.8672416145889783,0.9635089143760805,1,634.0,7.9523,12.488,12.247,1,1,1
ACH-000445,KNS60,CNS/Brain,Diffuse Glioma,Glioblastoma,1,0,5.021587391236427,3.8182999712510495,1.3151369533680521,0.9162305801617461,1,557.0,,14.646,15.246,1,1,1
ACH-000446,KPNSI9S,Peripheral Nervous System,Neuroblastoma,Neuroblastoma,0,1,2.0,2.3096247668911167,0.8659415281089625,0.0,0,571.0,6.339,12.158,13.767,1,1,1
ACH-000447,NCIH2228,Lung,Non-Small Cell Lung Cancer,Lung Adenocarcinoma,1,0,3.443831171823535,3.9933288468689114,0.8623960870449658,0.9641294727637677,1,155505.0,,13.367,13.298,1,1,1
ACH-000448,NCIH1666,Lung,Non-Small Cell Lung Cancer,Lung Adenocarcinoma,0,0,2.4549646206280062,3.2124362675493736,0.7642064826085377,0.0,1,127983.0,9.4825,11.555,13.748,1,1,1
ACH-000449,MESSA,Uterus,Uterine Sarcoma/Mesenchymal,Uterine Sarcoma/Mesenchymal,0,0,2.0027475455933272,1.9729315571958825,1.0151125305329,0.0,0,668.0,,13.819,13.689,1,1,1
ACH-000450,MELHO,Skin,Melanoma,Melanoma,0,0,2.025359051074582,3.3346912700719287,0.6073602882676737,1.0,1,666.0,11.819,13.688,14.555,1,1,1
ACH-000451,NCIH2085,Lung,Non-Small Cell Lung Cancer,Lung Adenocarcinoma,1,0,3.007425386613563,2.98981982291031,1.0058885032363307,1.0,1,155488.0,11.596,16.768,14.198,1,1,1
ACH-000452,TE8,Esophagus/Stomach,Esophageal Squamous Cell Carcinoma,Esophageal Squamous Cell Carcinoma,1,0,2.0,2.730401862582342,0.7324929078785687,1.0,1,1196.0,,13.411,13.359,1,1,1
ACH-000454,HCC95,Lung,Non-Small Cell Lung Cancer,Lung Squamous Cell Carcinoma,1,0,5.061617446628157,3.9629510258516434,1.2772344178894839,0.9912143908716814,1,342.0,13.254,13.869,16.017,1,1,1
ACH-000455,LN428,CNS/Brain,Diffuse Glioma,Glioblastoma,1,0,2.9925517724829924,3.2207230767619226,0.9291552552514601,0.0,0,613.0,,,,1,1,1
ACH-000456,BCPAP,Thyroid,Poorly Differentiated Thyroid Cancer,Poorly Differentiated Thyroid Cancer,1,0,3.0,3.1371761497211823,0.9562740046543533,1.0,1,57.0,9.7583,14.312,14.539,1,1,1
ACH-000457,CAL54,Kidney,Renal Cell Carcinoma,Renal Cell Carcinoma,0,0,3.309859488251885,2.5389247162562256,1.3036461723577382,0.03736680798465415,0,118.0,10.13,11.552,12.535,1,1,1
ACH-000458,CJM,Skin,Melanoma,Melanoma,1,0,,,,,-1,146.0,8.8438,12.566,13.978,1,1,1
ACH-000459,TUHR10TKB,Kidney,Renal Cell Carcinoma,Renal Clear Cell Carcinoma,0,0,0.9999312183774189,1.8755925320828706,0.5331281721765985,0.9999312183774189,1,1213.0,13.188,16.044,16.098,1,1,1
ACH-000460,SNU8,Ovary/Fallopian Tube,Ovarian Epithelial Tumor,Serous Ovarian Cancer,1,1,,,,,-1,1123.0,11.634,13.893,14.466,1,1,1
ACH-000461,SNU1196,Biliary Tract,Intraductal Papillary Neoplasm of the Bile Duct,Extrahepatic Cholangiocarcinoma,1,0,2.0169680116336246,2.799375265024716,0.7205064775821747,1.0,1,1085.0,9.9877,13.673,14.555,1,1,1
ACH-000463,NCIH460,Lung,Non-Small Cell Lung Cancer,Large Cell Lung Carcinoma,0,1,2.9896539093378154,2.568751471680401,1.1638548696896989,0.0,0,128001.0,12.100000000000001,12.904,15.833,1,1,1
ACH-000464,CAS1,CNS/Brain,Diffuse Glioma,Glioblastoma,1,0,4.359317960433458,3.7023088097633456,1.1774593056466591,0.7176963970976388,1,130.0,12.364,13.897,,1,1,1
ACH-000465,SKMEL1,Skin,Melanoma,Melanoma,0,0,3.2702307380543076,3.7497218138719477,0.8721262270593563,3.670072168827327e-05,0,1040.0,13.46,14.45,14.836,1,1,1
ACH-000466,SNU216,Esophagus/Stomach,Esophagogastric Adenocarcinoma,Tubular Stomach Adenocarcinoma,1,0,2.0,2.304172196317722,0.8679906836807523,1.0,1,1094.0,12.312,11.168,13.157,1,1,1
ACH-000467,HCC56,Bowel,Colorectal Adenocarcinoma,Colon Adenocarcinoma,1,1,2.0024067246840853,2.877888666711389,0.6957901978092392,0.9999593735299337,1,337.0,12.725,14.702,16.576,1,1,1
ACH-000468,PK45H,Pancreas,Pancreatic Adenocarcinoma,Pancreatic Adenocarcinoma,0,1,2.0,2.3360184407637106,0.8561576249141867,1.0,1,945.0,15.872,14.004,14.059,1,1,1
ACH-000469,YH13,CNS/Brain,Diffuse Glioma,Glioblastoma,1,0,2.0457562875537723,3.865121135069467,0.5292864611646911,0.977121856223114,1,1282.0,,14.476,14.597,1,1,1
ACH-000470,SW1463,Bowel,Colorectal Adenocarcinoma,Rectal Adenocarcinoma,1,1,2.0267997902710873,3.519438678785539,0.575887229542661,0.9768800331959651,1,1156.0,,,9.7926,1,1,1
ACH-000471,LI7,Liver,Hepatocellular Carcinoma,Hepatocellular Carcinoma,0,0,2.0,2.814095014003368,0.7107080571365549,1.0,1,601.0,9.9009,13.793,14.656,1,1,1
ACH-000472,HSC2,Head and Neck,Head and Neck Squamous Cell Carcinoma,Oral Cavity Squamous Cell Carcinoma,1,0,3.448958941417843,2.6068381995525947,1.3230429652326636,0.44400923420242316,0,441.0,6.78,14.137,13.552,1,1,1
ACH-000473,RT112,Bladder/Urinary Tract,Bladder Urothelial Carcinoma,Bladder Urothelial Carcinoma,1,0,,,,,-1,997.0,11.558,12.776,14.691,1,1,1
ACH-000475,HUH1,Liver,Hepatocellular Carcinoma,Hepatocellular Carcinoma,1,0,4.209370994910756,2.973588050310498,1.4155864644637712,0.7429667874429241,1,457.0,9.755,14.695,15.337,1,1,1
ACH-000476,JHH4,Liver,Hepatocellular Carcinoma,Hepatocellular Carcinoma,1,0,3.068634431330658,3.6653170670351067,0.83720845296827,0.977121856223114,1,488.0,9.2187,14.374,14.699,1,1,1
ACH-000477,MALME3M,Skin,Melanoma,Melanoma,0,0,4.943118607492517,3.8778732464517933,1.274698344515363,0.011323151740645458,0,641.0,13.036,13.675,,1,1,1
ACH-000478,SNU387,Liver,Hepatocellular Carcinoma,Hepatocellular Carcinoma,1,0,3.186284188083988,4.345771631620191,0.7331918145215738,0.9960187407400165,1,1100.0,15.834,15.764,15.509,1,1,1
ACH-000479,KNS81,CNS/Brain,Diffuse Glioma,Glioblastoma,0,0,,,,,-1,559.0,,14.72,14.314,1,1,1
ACH-000480,HUH7,Liver,Hepatocellular Carcinoma,Hepatocellular Carcinoma,1,0,3.0,2.648257715145659,1.1328202624852899,1.0,1,460.0,,,,1,1,1
ACH-000481,NCIH2170,Lung,Non-Small Cell Lung Cancer,Lung Squamous Cell Carcinoma,1,0,,,,,-1,155498.0,8.878,14.015,13.941,1,1,1
ACH-000482,RERFLCKJ,Lung,Non-Small Cell Lung Cancer,Lung Adenocarcinoma,1,0,3.5273566847413926,3.168053074198766,1.1134146436714918,0.9771030823735795,1,970.0,,,,1,1,1
ACH-000483,SNU182,Liver,Hepatocellular Carcinoma,Hepatocellular Carcinoma,1,0,10.727889471471578,3.3842494318172727,3.169946449754125,0.7301129058702233,1,1091.0,11.882,12.444,14.604,1,1,1
ACH-000484,VMRCRCW,Kidney,Renal Cell Carcinoma,Renal Cell Carcinoma,1,0,2.0049450055683047,2.230420149208521,0.8989091164190622,0.0,0,1253.0,12.194,14.416,14.901,1,1,1
ACH-000485,GSU,Esophagus/Stomach,Esophagogastric Adenocarcinoma,Stomach Adenocarcinoma,1,1,3.0,3.7170792571639524,0.8070852926307879,0.0,1,286.0,15.949,13.458,16.612,1,1,1
ACH-000486,KU1919,Bladder/Urinary Tract,Bladder Urothelial Carcinoma,Bladder Urothelial Carcinoma,0,0,4.211101680515292,3.3875482141957116,1.2431119542058275,0.004784292632019237,0,575.0,10.768,13.646,14.756,1,1,1
ACH-000488,TE11,Esophagus/Stomach,Esophageal Squamous Cell Carcinoma,Esophageal Squamous Cell Carcinoma,1,0,2.772079425528904,2.843758014635129,0.974794413330059,0.9962728557483443,1,1186.0,,12.463,14.757,1,1,1
ACH-000489,SW1116,Bowel,Colorectal Adenocarcinoma,Colon Adenocarcinoma,1,1,2.162589448479602,2.797120017873015,0.7731486080901446,0.8414179547632389,1,1152.0,,,,1,1,1
ACH-000490,SF767,Cervix,Cervical Squamous Cell Carcinoma,Cervical Squamous Cell Carcinoma,0,0,6.0,4.946737146570542,1.212920723746088,0.0,0,1021.0,,,,1,1,1
ACH-000491,NCIH716,Bowel,Colorectal Adenocarcinoma,Colon Adenocarcinoma,1,0,1.9985421094678468,3.0114707594118926,0.6636432059722673,0.9992710547339234,1,155348.0,14.4,13.84,14.412,1,1,1
ACH-000493,SNU423,Liver,Hepatocellular Carcinoma,Hepatocellular Carcinoma,1,0,3.9862592721411607,4.456311703159456,0.8945198490749569,0.9589648218754329,1,1104.0,12.754,14.104,13.755,1,1,1
ACH-000494,OELE,Ovary/Fallopian Tube,Non-Cancerous,Immortalized Ovarian Cells,0,0,,,,,-1,897.0,,,,1,0,0
ACH-000495,TUHR4TKB,Kidney,Renal Cell Carcinoma,Renal Cell Carcinoma,0,0,3.0575041678281196,2.452846375089611,1.2465127041298778,0.05759504958059876,0,1216.0,13.175,14.078,15.0,1,1,1
ACH-000496,NCIH1792,Lung,Non-Small Cell Lung Cancer,Lung Adenocarcinoma,1,1,,,,,-1,155450.0,14.011,13.313,15.208,1,1,1
ACH-000499,EW8,Bone,Ewing Sarcoma,Ewing Sarcoma,1,0,3.0,3.04517509408501,0.985165025757383,0.0,0,250.0,,,,1,1,1
ACH-000500,SNU46,Head and Neck,Head and Neck Squamous Cell Carcinoma,Larynx Squamous Cell Carcinoma,1,0,3.8883982269947506,3.1368686730054147,1.2395795400861649,0.9111300388566091,1,1106.0,13.455,15.634,16.169,1,1,1
ACH-000501,LS123,Bowel,Colorectal Adenocarcinoma,Colon Adenocarcinoma,1,1,4.0,2.9278434674149167,1.3661932560662895,1.0,1,627.0,11.57,14.929,14.335,1,1,1
ACH-000502,TCCPAN2,Pancreas,Pancreatic Adenocarcinoma,Pancreatic Adenocarcinoma,1,1,2.0,3.298402135413757,0.6063542036086866,1.0,1,1182.0,13.146,13.496,14.314,1,1,1
ACH-000503,BICR16,Head and Neck,Head and Neck Squamous Cell Carcinoma,Oral Cavity Squamous Cell Carcinoma,1,0,3.64973357207848,2.97345661558125,1.227437976714865,1.0,1,66.0,12.77,14.682,14.415,1,1,1
ACH-000504,SNB75,CNS/Brain,Diffuse Glioma,Glioblastoma,1,0,,,,,-1,1073.0,11.023,13.763,14.126,1,1,1
ACH-000505,RKN,Soft Tissue,Leiomyosarcoma,Leiomyosarcoma,1,1,4.156231456779599,4.734755421669145,0.8778133370433739,0.9916389610219795,1,978.0,11.487,14.996,14.913,1,1,1
ACH-000506,NCIH146,Lung,Lung Neuroendocrine Tumor,Small Cell Lung Cancer,1,0,3.1061128781784433,3.2827680878820016,0.9461871186223411,0.9921285409546733,1,155292.0,8.0616,,,1,1,1
ACH-000507,KE39,Esophagus/Stomach,Esophagogastric Adenocarcinoma,Stomach Adenocarcinoma,1,0,3.1677268510436596,3.3908239926270296,0.9342056261049025,0.709317862220755,1,526.0,12.986,13.273,14.2525,1,1,1
ACH-000508,CORL88,Lung,Lung Neuroendocrine Tumor,Small Cell Lung Cancer,1,0,2.887340208488807,3.588948356211891,0.804508708934551,0.9772803832484398,1,182.0,,,11.854,1,1,1
ACH-000510,NCIH1299,Lung,Non-Small Cell Lung Cancer,Large Cell Lung Carcinoma,0,0,4.371324606951021,3.2672034733335225,1.337940732075363,0.9974805341325985,1,155395.0,13.120999999999999,13.344000000000001,13.842,1,1,1
ACH-000511,CALU1,Lung,Non-Small Cell Lung Cancer,Lung Squamous Cell Carcinoma,0,1,3.0508843884008305,2.8980534410541887,1.0527357243250313,0.862689302151619,1,122.0,13.145,13.678,13.894,1,1,1
ACH-000513,SNU1272,Kidney,Renal Cell Carcinoma,Renal Clear Cell Carcinoma,0,0,2.0,1.947182240782228,1.027125226448529,0.0,0,1088.0,14.803,16.132,14.999,1,1,1
ACH-000514,NCIH1092,Lung,Lung Neuroendocrine Tumor,Small Cell Lung Cancer,1,0,2.0148188938270377,2.952046822099234,0.682515900067695,0.9851811061729621,1,155385.0,9.6227,14.276,13.24,1,1,1
ACH-000515,HCC33,Lung,Lung Neuroendocrine Tumor,Small Cell Lung Cancer,1,0,2.732693992359896,2.7337053127470647,0.9996300550822164,0.9994675698853906,1,326.0,,,,1,1,1
ACH-000516,CAL78,Bone,Chondrosarcoma,Dedifferentiated Chondrosarcoma,1,0,3.8527552087654864,3.934809771998219,0.9791464980552127,1.0,1,120.0,10.298,14.778,15.664,1,1,1
ACH-000517,SNU410,Pancreas,Pancreatic Adenocarcinoma,Pancreatic Adenocarcinoma,1,1,2.0,2.870040986481556,0.696854159721197,1.0,1,1103.0,,15.576,14.635,1,1,1
ACH-000518,CAL33,Head and Neck,Head and Neck Squamous Cell Carcinoma,Oral Cavity Squamous Cell Carcinoma,1,0,2.0024496813088652,2.197506296764096,0.9112372894027841,0.44966434271794575,0,116.0,8.8694,11.218,14.514,1,1,1
ACH-000520,59M,Ovary/Fallopian Tube,Ovarian Epithelial Tumor,High-Grade Serous Ovarian Cancer,1,0,2.3112612734125393,2.9374643837560472,0.7868218883584213,0.9677674865203703,1,13.0,,,,1,1,1
ACH-000521,NCIH2030,Lung,Non-Small Cell Lung Cancer,Lung Adenocarcinoma,1,1,3.5015657464545398,3.8603864658694413,0.9070505705614406,0.9601599488683072,1,155480.0,12.226,14.402,15.0,1,1,1
ACH-000522,UMUC3,Bladder/Urinary Tract,Bladder Urothelial Carcinoma,Bladder Urothelial Carcinoma,1,1,4.321305979811541,3.6994451556715844,1.1680957002934853,1.0,1,1244.0,,14.15,14.645,1,1,1
ACH-000523,NCIH1184,Lung,Lung Neuroendocrine Tumor,Small Cell Lung Cancer,1,0,3.0950150216337766,2.5966354145482384,1.1919328390475048,1.0,1,155390.0,5.2797,14.26,13.317,1,1,1
ACH-000524,KURAMOCHI,Ovary/Fallopian Tube,Ovarian Epithelial Tumor,High-Grade Serous Ovarian Cancer,1,0,3.05928218234422,2.8733398019379397,1.0647129797460329,0.9999634379819036,1,577.0,13.524,13.874,14.987,1,1,1
ACH-000525,NCIH2171,Lung,Lung Neuroendocrine Tumor,Small Cell Lung Cancer,1,0,2.0126131323581693,1.8982013397086104,1.060273791960932,0.9863210579575652,1,155499.0,,13.532,,1,1,1
ACH-000526,HS821T,Fibroblast,Non-Cancerous,"Fibroblast, Bone",0,0,,,,,-1,423.0,,,,0,0,0
ACH-000527,OVISE,Ovary/Fallopian Tube,Ovarian Epithelial Tumor,Clear Cell Ovarian Cancer,0,0,2.2295085430420536,3.94295887581506,0.5654404758612112,0.9655468155957475,1,911.0,13.658,14.962,14.945,1,1,1
ACH-000528,ABC1,Lung,Non-Small Cell Lung Cancer,Lung Adenocarcinoma,1,0,,,,,-1,40.0,,,,1,1,1
ACH-000529,T173,Fibroblast,Non-Cancerous,"Fibroblast, Bone",0,0,2.0,1.9995374976059939,1.0002313046864888,0.0,0,1171.0,,,,1,1,1
ACH-000530,DMS114,Lung,SMARCA4-deficient undifferentiated tumor,SMARCA4-deficient undifferentiated tumor,1,0,2.036875473602093,3.0571363268112646,0.6662691014916724,0.9963007796474729,1,215.0,10.703,12.019,13.155,1,1,1
ACH-000531,RS5,Fibroblast,Non-Cancerous,"Fibroblast, Lung",0,0,2.0,1.9999958184079183,1.0000020908004124,0.0,0,996.0,,,,1,1,1
ACH-000532,SNU61,Bowel,Colorectal Adenocarcinoma,Rectal Adenocarcinoma,1,1,2.070765141918079,2.9218515704140935,0.7087167475877646,0.9766114804280142,1,1115.0,12.909,11.707,13.598,1,1,1
ACH-000533,NCIH2004RT,Kidney,Rhabdoid Cancer,Rhabdoid Cancer,0,0,2.0,1.9995749182355957,1.000212586065432,0.0,0,,,,,1,1,1
ACH-000535,BXPC3,Pancreas,Pancreatic Adenocarcinoma,Pancreatic Adenocarcinoma,1,0,2.0,2.5941496871947183,0.7709655344379049,1.0,1,101.0,10.866,11.74,13.953,1,1,1
ACH-000536,BT20,Breast,Invasive Breast Carcinoma,Breast Invasive Ductal Carcinoma,1,0,4.209780809201313,2.7299532997220575,1.5420706316221309,1.0,1,90.0,12.474,14.867,14.974,1,1,1
ACH-000537,SNU761,Liver,Hepatocellular Carcinoma,Hepatocellular Carcinoma,1,0,1.99988533010372,2.249527359531184,0.8890246751746593,0.9999322808800659,1,1122.0,,13.916,14.221,1,1,1
ACH-000538,HUTU80,Bowel,Small Bowel Cancer,Duodenal Adenocarcinoma,0,0,1.97652610192811,1.9957504124938548,0.9903673773807605,0.0,0,466.0,,,,1,1,1
ACH-000539,HS618T,Fibroblast,Non-Cancerous,"Fibroblast, Lung",0,0,,,,,-1,407.0,,,,0,0,0
ACH-000540,HS606T,Fibroblast,Non-Cancerous,"Fibroblast, Breast",0,0,1.9999338375633848,1.999884503900744,1.000024668255864,0.0,0,404.0,,,,1,1,1
ACH-000542,HEYA8,Ovary/Fallopian Tube,Ovarian Epithelial Tumor,High-Grade Serous Ovarian Cancer,0,1,4.0,3.8498893059634365,1.0389909117137586,0.0,0,367.0,,12.976,14.551,1,1,1
ACH-000543,SNU489,CNS/Brain,Diffuse Glioma,Glioblastoma,1,0,3.1304204862128966,3.611100959182531,0.8668881101905139,0.8695795137871033,1,1110.0,13.851,,15.489,1,1,1
ACH-000544,OE21,Esophagus/Stomach,Esophageal Squamous Cell Carcinoma,Esophageal Squamous Cell Carcinoma,1,0,2.977837660533093,3.2487560320463618,0.9166085822262807,0.46312973574586147,0,895.0,10.438,11.331,13.756,1,1,1
ACH-000545,VMCUB1,Bladder/Urinary Tract,Bladder Urothelial Carcinoma,Bladder Urothelial Carcinoma,1,0,4.181265011253134,3.888663403978996,1.075244776129181,0.9425624463718606,1,1250.0,12.27,11.984,14.858,1,1,1
ACH-000546,HSC4,Head and Neck,Head and Neck Squamous Cell Carcinoma,Oral Cavity Squamous Cell Carcinoma,1,0,4.0,3.742093806854949,1.068920290740068,0.0,0,443.0,,12.469,14.059,1,1,1
ACH-000547,HT1197,Bladder/Urinary Tract,Bladder Urothelial Carcinoma,Bladder Urothelial Carcinoma,0,0,3.01828947515397,3.35602779175102,0.8993636711152402,0.0,0,448.0,14.552,13.777,14.246,1,1,1
ACH-000548,BHY,Head and Neck,Head and Neck Squamous Cell Carcinoma,Oral Cavity Squamous Cell Carcinoma,1,0,2.0508871487916194,3.0549315773447017,0.6713365248508179,0.9768797329043772,1,65.0,9.9677,13.278,14.533,1,1,1
ACH-000549,SNU1076,Head and Neck,Head and Neck Squamous Cell Carcinoma,Larynx Squamous Cell Carcinoma,1,0,3.0,3.7464096842167325,0.8007666680552088,1.0,1,1080.0,9.9248,12.432,14.531,1,1,1
ACH-000550,IGR39,Skin,Melanoma,Melanoma,1,0,4.0,4.905229670807068,0.8154562107062097,1.0,1,472.0,11.155,13.387,15.294,1,1,1
ACH-000552,HT29,Bowel,Colorectal Adenocarcinoma,Colon Adenocarcinoma,1,0,2.7507568059760654,3.216538378382428,0.8551916633307511,0.9992440655611026,1,451.0,15.028,15.418,16.128,1,1,1
ACH-000553,SQ1,Lung,Non-Small Cell Lung Cancer,Lung Squamous Cell Carcinoma,1,0,2.0,3.0478426203931046,0.6562018611518872,1.0,1,1135.0,11.294,18.691,,1,1,1
ACH-000554,UACC893,Breast,Invasive Breast Carcinoma,Breast Invasive Lobular Carcinoma,1,0,2.2151591164828535,3.4432972937538926,0.643324966595574,0.8480536028448165,1,1235.0,,,,1,1,1
ACH-000555,A498,Kidney,Renal Cell Carcinoma,Renal Cell Carcinoma,0,0,4.0,3.705714591186888,1.0794139434032497,0.0,0,33.0,10.58,16.3,,1,1,1
ACH-000556,SIHA,Cervix,Cervical Squamous Cell Carcinoma,Cervical Squamous Cell Carcinoma,0,0,5.0,4.987367263487974,1.0025329469125943,1.0,1,,,,,1,1,1
ACH-000558,A172,CNS/Brain,Diffuse Glioma,Glioblastoma,0,0,4.162240657830257,3.625085229633791,1.148177323888942,0.002458930852418839,0,25.0,12.076,12.92,12.133,1,1,1
ACH-000559,NCIH1836,Lung,Lung Neuroendocrine Tumor,Small Cell Lung Cancer,1,0,3.539081149292062,3.224229380745176,1.0976517894251427,0.9548592344873085,1,155454.0,,,,1,1,1
ACH-000560,ECC10,Esophagus/Stomach,Esophagogastric Adenocarcinoma,Small Cell Carcinoma of the Stomach,0,0,4.0,3.851485419918353,1.0385603381265807,0.0,0,231.0,,12.765,13.113,1,1,1
ACH-000561,TDOTT,Esophagus/Stomach,Esophageal Squamous Cell Carcinoma,Esophageal Squamous Cell Carcinoma,1,0,3.8637666544574114,3.9220100430655163,0.985149607479694,0.13609723192240414,0,,,,,1,1,1
ACH-000562,HCC78,Lung,Non-Small Cell Lung Cancer,Lung Adenocarcinoma,1,0,1.9682144041733745,2.250294882888876,0.87464732695238,0.03174424655345802,0,339.0,7.8079,12.72,14.898,1,1,1
ACH-000563,EBC1,Lung,Non-Small Cell Lung Cancer,Lung Squamous Cell Carcinoma,1,0,3.0410820988230935,3.0556608807903847,0.9952289267245127,0.9863059670589689,1,230.0,,13.629,14.587,1,1,1
ACH-000565,RCM1,Bowel,Colorectal Adenocarcinoma,Rectal Adenocarcinoma,1,1,2.0023056866285294,3.207752334966538,0.6242083170830008,1.0,1,960.0,10.03,14.32,14.961,1,1,1
ACH-000566,SW1710,Bladder/Urinary Tract,Bladder Urothelial Carcinoma,Bladder Urothelial Carcinoma,1,0,3.074568678575268,3.8365414552174255,0.8013907094354661,0.977165923803144,1,1158.0,15.192,14.605,16.651,1,1,1
ACH-000568,UACC812,Breast,Invasive Breast Carcinoma,Breast Invasive Lobular Carcinoma,0,0,3.6162064371530205,2.983487421386336,1.2120736327665425,0.7747121988362952,1,1234.0,,,,1,1,1
ACH-000569,ISTMES1,Pleura,Pleural Mesothelioma,"Pleural Mesothelioma, Epithelioid Type",0,0,3.5915553201745887,3.407327267359224,1.054068200193211,0.0,0,480.0,12.473,14.835,14.334,1,1,1
ACH-000570,YKG1,CNS/Brain,Diffuse Glioma,Glioblastoma,1,0,4.0,3.2503062847470003,1.2306532522092313,0.9992835212572954,1,1283.0,14.065,14.207,14.695,1,1,1
ACH-000571,T98G,CNS/Brain,Diffuse Glioma,Glioblastoma,1,0,,,,,-1,1177.0,13.996,14.968,13.566,1,1,1
ACH-000572,G361,Skin,Melanoma,Melanoma,0,0,2.8748712171746553,3.4434800779673806,0.8348737765521315,1.0,1,263.0,9.8343,12.324,13.246,1,1,1
ACH-000573,MDAMB436,Breast,Invasive Breast Carcinoma,"Breast Invasive Carcinoma, NOS",1,0,1.8332576463381522,1.677352834817657,1.0929469389411104,1.0,1,656.0,,,,1,1,1
ACH-000574,FUOV1,Ovary/Fallopian Tube,Ovarian Epithelial Tumor,High-Grade Serous Ovarian Cancer,1,0,3.1938399706771277,3.06876570160114,1.0407571907528588,0.9456472080700624,1,261.0,13.638,13.416,14.902,1,1,1
ACH-000575,HCC364,Lung,Non-Small Cell Lung Cancer,Lung Adenocarcinoma,0,0,,,,,-1,327.0,,,,0,0,0
ACH-000577,JHH2,Liver,Hepatocellular Carcinoma,Hepatocellular Carcinoma,1,0,,,,,-1,487.0,12.001,15.783,15.482,1,1,1
ACH-000578,HCC1171,Lung,Non-Small Cell Lung Cancer,Lung Adenocarcinoma,0,0,,,,,-1,296.0,13.902,14.615,15.546,0,0,0
ACH-000579,UACC257,Skin,Melanoma,Melanoma,0,0,,,,,-1,1232.0,14.027,14.89,14.641,1,1,1
ACH-000580,C32,Skin,Melanoma,Melanoma,0,0,2.0,2.1450844561857503,0.9323642219459601,0.0,0,103.0,10.822,14.382,14.591,1,1,1
ACH-000581,SNU16,Esophagus/Stomach,Esophagogastric Adenocarcinoma,Stomach Adenocarcinoma,1,0,,,,,-1,1089.0,7.0354,12.41,10.237,1,1,1
ACH-000582,COLO741,Skin,Melanoma,Melanoma,1,0,5.476949267716523,3.9639097235251968,1.3817038352845596,0.9975247594774674,1,166.0,13.162,,,1,1,1
ACH-000584,JHOS4,Ovary/Fallopian Tube,Ovarian Epithelial Tumor,High-Grade Serous Ovarian Cancer,1,0,2.0,3.260183868393681,0.6134623324129924,1.0,1,496.0,,,,1,1,1
ACH-000585,EPLC272H,Lung,Non-Small Cell Lung Cancer,Lung Squamous Cell Carcinoma,1,0,2.8911056255312406,3.1363740560706654,0.9217987312244561,0.9018979839558853,1,246.0,9.5302,15.469,16.112,1,1,1
ACH-000586,NCIH1876,Lung,Lung Neuroendocrine Tumor,Small Cell Lung Cancer,1,0,1.9937232834199485,2.625986789464724,0.7592282228603081,0.9448517892859265,1,155458.0,,,,1,1,1
ACH-000587,NCIH1975,Lung,Non-Small Cell Lung Cancer,Lung Adenocarcinoma,1,0,6.664063121867819,4.253957898211687,1.5665559653679955,0.997480557964538,1,127985.0,,,,1,1,1
ACH-000589,NCIH1437,Lung,Non-Small Cell Lung Cancer,Lung Adenocarcinoma,1,0,,,,,-1,155409.0,,,,1,1,1
ACH-000590,NCIH2073,Lung,Non-Small Cell Lung Cancer,Lung Adenocarcinoma,1,0,2.0,2.6060665716896048,0.7674401036898031,0.9762110808553046,1,155485.0,,,,1,1,1
ACH-000591,LN235,CNS/Brain,Diffuse Glioma,Astrocytoma,1,0,3.714854020605942,4.031142090171126,0.9215388437097347,0.7132514274295568,1,607.0,,,,1,1,1
ACH-000592,TM31,CNS/Brain,Diffuse Glioma,Astrocytoma,1,0,3.850023145561639,2.8882163127711062,1.333010664242016,0.07498842721918049,0,1204.0,12.365,14.361,15.197,1,1,1
ACH-000593,BC3C,Bladder/Urinary Tract,Bladder Urothelial Carcinoma,Bladder Urothelial Carcinoma,1,0,3.0,3.1762790001369607,0.9445014118314671,0.9124189881314159,1,55.0,13.494,12.353,13.881,1,1,1
ACH-000594,DMS153,Lung,Lung Neuroendocrine Tumor,Small Cell Lung Cancer,1,0,,,,,-1,216.0,,,,1,1,1
ACH-000595,LN229,CNS/Brain,Diffuse Glioma,Glioblastoma,1,0,4.029078601156221,3.766817703239761,1.0696239952602151,0.9946072146837166,1,606.0,13.877,14.221,15.716,1,1,1
ACH-000596,LCLC97TM1,Lung,Non-Small Cell Lung Cancer,Large Cell Lung Carcinoma,1,1,1.9998965242163413,2.8112732056912013,0.7113846210918626,0.9999482621081707,1,600.0,8.1049,11.311,,1,1,1
ACH-000597,TTC709,Soft Tissue,Rhabdoid Cancer,Extrarenal Rhabdoid Cancer,0,0,2.0,1.9962129681608614,1.0018971081240033,0.0,0,155824.0,9.2216,10.457,12.078,1,1,1
ACH-000599,PATU8902,Pancreas,Pancreatic Adenocarcinoma,Pancreatic Adenocarcinoma,1,1,3.398177939275817,4.192553926972637,0.8105269481243326,0.8364015331497792,1,928.0,13.478,14.244,13.949,1,1,1
ACH-000600,SLR26,Kidney,Renal Cell Carcinoma,Renal Clear Cell Carcinoma,0,0,,,,,-1,1069.0,,,,0,0,0
ACH-000601,MIAPACA2,Pancreas,Pancreatic Adenocarcinoma,Pancreatic Adenocarcinoma,1,1,,,,,-1,679.0,9.0492,14.259,13.386,1,1,1
ACH-000603,BEN,Lung,Non-Small Cell Lung Cancer,Non-Small Cell Lung Cancer,1,0,3.0047262288929946,3.9830828890346974,0.7543720059567206,0.9999285725357514,1,60.0,15.494,15.0,15.0,1,1,1
ACH-000605,TE6,Esophagus/Stomach,Esophageal Squamous Cell Carcinoma,Esophageal Squamous Cell Carcinoma,1,0,3.0,2.782762754684741,1.0780653129518654,1.0,1,1194.0,,11.842,13.548,1,1,1
ACH-000606,PECAPJ34CLONEC12,Head and Neck,Head and Neck Squamous Cell Carcinoma,Oral Cavity Squamous Cell Carcinoma,1,0,3.999791457002893,4.1581801568620165,0.9619091299837639,0.8413936653672546,1,937.0,9.1034,10.399,14.248,1,1,1
ACH-000607,KYM1,Kidney,Rhabdoid Cancer,Rhabdoid Cancer,0,0,,,,,-1,578.0,9.0329,12.419,10.553,1,1,1
ACH-000608,COV644,Ovary/Fallopian Tube,Ovarian Epithelial Tumor,Mucinous Ovarian Cancer,1,0,2.515508374300753,2.688200281058999,0.9357592855059836,0.931353806877943,1,188.0,14.409,15.293,14.438,1,1,1
ACH-000609,SF126,CNS/Brain,Diffuse Glioma,Glioblastoma,0,0,1.9998473274921602,2.063124261094948,0.9693295577023532,0.32818096165838556,0,1015.0,11.101,13.237,14.835,1,1,1
ACH-000610,NCIH2227,Lung,Lung Neuroendocrine Tumor,Small Cell Lung Cancer,1,0,2.5714440997357517,2.551271915678314,1.0079067166198452,0.9949900373133551,1,155504.0,,,,1,1,1
ACH-000613,HOS,Bone,Osteosarcoma,Osteosarcoma,1,0,3.0051083432963734,2.3423589341639666,1.2829410127824645,1.0,1,383.0,10.183,14.766,14.735,1,1,1
ACH-000614,RVH421,Skin,Melanoma,Melanoma,0,0,3.0,3.237461195664869,0.9266520333949201,0.0,0,1000.0,12.332,14.687,14.869,1,1,1
ACH-000615,SKMEL28,Skin,Melanoma,Cutaneous Melanoma,1,0,4.0058135627664235,4.1993856258186995,0.9539046707541802,0.9999286457662575,1,1043.0,15.118,16.493,14.982,1,1,1
ACH-000616,HS746T,Esophagus/Stomach,Esophagogastric Adenocarcinoma,Stomach Adenocarcinoma,1,0,,,,,-1,418.0,10.954,13.819,14.025,1,1,1
ACH-000617,OVCAR4,Ovary/Fallopian Tube,Ovarian Epithelial Tumor,High-Grade Serous Ovarian Cancer,1,0,,,,,-1,908.0,12.76,13.32,15.868,1,1,1
ACH-000618,SNU1041,Head and Neck,Head and Neck Squamous Cell Carcinoma,Hypopharynx Squamous Cell Carcinoma,1,0,2.0,2.08253285939017,0.9603690001730208,0.0,0,1078.0,13.915,14.04,14.739,1,1,1
ACH-000619,PECAPJ15,Head and Neck,Head and Neck Squamous Cell Carcinoma,Oral Cavity Squamous Cell Carcinoma,1,0,4.0006602404221985,3.5799319808721326,1.117524093138655,0.8114236880742163,1,935.0,9.5469,12.549,13.785,1,1,1
ACH-000620,JHH1,Liver,Hepatocellular Carcinoma,Hepatocellular Carcinoma,0,0,3.3811678440733983,4.245746407785475,0.7963659435413549,0.006511925557843719,1,486.0,12.557,14.55,14.154,1,1,1
ACH-000621,MDAMB157,Breast,Invasive Breast Carcinoma,Breast Invasive Ductal Carcinoma,1,0,,,,,-1,648.0,5.5622,9.0606,12.777,1,1,1
ACH-000622,KNS42,CNS/Brain,Diffuse Glioma,Glioblastoma,1,0,4.0,3.314154686729337,1.2069442672718176,1.0,1,556.0,13.039,15.052,14.44,1,1,1
ACH-000623,SNU201,CNS/Brain,Diffuse Glioma,Glioblastoma,1,0,4.0,3.3459176347100668,1.1954866905582424,0.0,0,1092.0,14.379,15.34,13.789,1,1,1
ACH-000624,HCC1806,Breast,Breast Ductal Carcinoma In Situ,Breast Ductal Carcinoma In Situ,1,0,2.899185607865284,2.454689314486184,1.1810804694329076,1.0,1,309.0,10.611,12.346,15.601,1,1,1
ACH-000625,HEP3B217,Liver,Hepatocellular Carcinoma,Hepatocellular Carcinoma,0,0,2.9899976117705616,2.8204996144278547,1.0600950258867843,0.9967250003225548,1,365.0,15.329,14.363,14.882,1,1,1
ACH-000627,LCLC103H,Lung,Non-Small Cell Lung Cancer,Large Cell Lung Carcinoma,1,0,5.007371193393989,4.437398904646311,1.1284473857310577,1.0,1,599.0,15.578,15.625,13.431,1,1,1
ACH-000628,NCIH596,Lung,Non-Small Cell Lung Cancer,Lung Adenosquamous Carcinoma,1,0,4.521117291208854,3.4951603305450565,1.293536451446221,0.9981338433930333,1,128004.0,,,,1,1,1
ACH-000629,IOMMLEE,CNS/Brain,Meningothelial Tumor,Meningioma,0,0,,,,,-1,477.0,,,,0,0,0
ACH-000630,YD8,Head and Neck,Head and Neck Squamous Cell Carcinoma,Oral Cavity Squamous Cell Carcinoma,1,0,4.998430364139666,3.4200096378297022,1.4615252275463209,0.1903457053051724,0,1281.0,,13.585,13.668,1,1,1
ACH-000631,KS1,CNS/Brain,Diffuse Glioma,Glioblastoma,0,0,4.0,3.6773018711756915,1.087754049063461,0.0,0,574.0,,,,1,1,1
ACH-000632,HS944T,Skin,Melanoma,Cutaneous Melanoma,1,0,2.0145255579334154,2.75503644945894,0.7312155736919731,1.0,1,440.0,,14.301,15.532,1,1,1
ACH-000633,FU97,Esophagus/Stomach,Esophagogastric Adenocarcinoma,Diffuse Type Stomach Adenocarcinoma,1,0,3.0438325473641137,3.8201530916538573,0.7967828708263491,0.814924579791949,1,259.0,12.08,14.205,14.095,1,1,1
ACH-000634,LN340,CNS/Brain,Diffuse Glioma,Glioblastoma,1,0,4.0,3.574329225772239,1.119091092996839,0.0,0,609.0,,,,1,1,1
ACH-000635,SNU119,Ovary/Fallopian Tube,Ovarian Epithelial Tumor,High-Grade Serous Ovarian Cancer,1,0,3.461869164997369,3.519825342611082,0.9835343598126606,0.9897010380160934,1,1084.0,12.839,13.673,13.439,1,1,1
ACH-000637,KYSE520,Esophagus/Stomach,Esophageal Squamous Cell Carcinoma,Esophageal Squamous Cell Carcinoma,1,0,3.45727351933709,2.9473744087697544,1.1730011324825778,0.9945633902351246,1,588.0,12.956,13.307,14.445,1,1,1
ACH-000638,NCIH441,Lung,Non-Small Cell Lung Cancer,Lung Adenocarcinoma,1,1,3.6501822604330254,2.8267576414887645,1.2912965041143707,0.3498177395669745,0,127999.0,12.374,14.846,15.0,1,1,1
ACH-000639,NCIH211,Lung,Lung Neuroendocrine Tumor,Small Cell Lung Cancer,1,0,1.651154163096174,1.9616073069135775,0.8417353245355335,0.9861770498239528,1,155295.0,8.4957,13.132,11.937,1,1,1
ACH-000640,SKMEL31,Skin,Melanoma,Cutaneous Melanoma,0,0,2.999867276690813,3.433295129125351,0.873757473175644,0.0,0,1046.0,13.04,14.658,15.202,1,1,1
ACH-000642,HMEL,Breast,Non-Cancerous,Immortalized Breast Cells,0,0,,,,,-1,378.0,,,,0,0,0
ACH-000643,HDQP1,Breast,Invasive Breast Carcinoma,Breast Invasive Ductal Carcinoma,1,0,3.53331466986042,2.7071884604784984,1.3051602137946108,0.9973516946397083,1,349.0,14.127,,15.611,1,1,1
ACH-000644,COLO829,Skin,Melanoma,Cutaneous Melanoma,0,0,4.068970436917388,3.667193794122368,1.1095596975101156,0.006529310027317761,0,172.0,10.312,14.003,14.354,1,1,1
ACH-000645,JL1,Pleura,Pleural Mesothelioma,"Pleural Mesothelioma, Epithelioid Type",0,0,1.9999430328690007,2.064663923890349,0.9686530624803101,3.567643088382028e-05,0,504.0,,14.784,14.732,1,1,1
ACH-000646,OVMANA,Ovary/Fallopian Tube,Ovarian Epithelial Tumor,Clear Cell Ovarian Cancer,0,0,2.1256665283559673,3.849932482916629,0.5521308588626486,0.9494078031477322,1,914.0,,,,1,1,1
ACH-000647,TE1,Esophagus/Stomach,Esophageal Squamous Cell Carcinoma,Esophageal Squamous Cell Carcinoma,1,0,3.688780844977546,2.8257617322790396,1.3054111402387993,0.9642781611633421,1,1184.0,13.036,14.036,14.487,1,1,1
ACH-000648,NCIH28,Pleura,Pleural Mesothelioma,"Pleural Mesothelioma, Epithelioid Type",0,0,3.0049066024235955,3.969769732834676,0.756947330614538,0.0,1,155285.0,10.322,13.618,14.332,1,1,1
ACH-000649,786O,Kidney,Renal Cell Carcinoma,Renal Clear Cell Carcinoma,1,0,3.0,3.7150307386665617,0.8075303304426471,0.0,1,19.0,11.263,13.033,14.949,1,1,1
ACH-000650,IGR37,Skin,Melanoma,Melanoma,1,0,2.0024613932910342,2.9022130418980967,0.6899773946234459,1.0,1,471.0,9.4572,14.643,13.966,1,1,1
ACH-000651,SW620,Bowel,Colorectal Adenocarcinoma,Colon Adenocarcinoma,1,1,2.5192448007986195,2.2891714309053866,1.1005050852841707,0.9980215822622496,1,1166.0,10.553,13.574,15.0,1,1,1
ACH-000652,SUIT2,Pancreas,Pancreatic Adenocarcinoma,Pancreatic Adenocarcinoma,1,1,3.1265497191256757,3.8681605885540757,0.8082781589722946,0.9632496480370217,1,1145.0,11.7225,14.125,14.3635,1,1,1
ACH-000655,SF268,CNS/Brain,Diffuse Glioma,Astrocytoma,1,0,,,,,-1,1017.0,8.3426,12.987,14.102,1,1,1
ACH-000657,A2780,Ovary/Fallopian Tube,Ovarian Epithelial Tumor,Endometrioid Ovarian Cancer,0,0,,,,,-1,29.0,5.601,11.718,,1,1,1
ACH-000659,SCLC21H,Lung,Lung Neuroendocrine Tumor,Small Cell Lung Cancer,1,0,,,,,-1,1011.0,,,,1,1,1
ACH-000661,WM1799,Skin,Melanoma,Melanoma,0,0,3.0,2.548968211929936,1.1769468077158043,0.0,0,1256.0,11.037,14.311,14.629,1,1,1
ACH-000662,CORL23,Lung,Non-Small Cell Lung Cancer,Large Cell Lung Carcinoma,0,1,3.1893712854435603,3.4303969976710587,0.9297382453427012,0.9943299390373425,1,175.0,,,,1,1,1
ACH-000663,OVTOKO,Ovary/Fallopian Tube,Ovarian Epithelial Tumor,Clear Cell Ovarian Cancer,0,0,3.8107257835248762,3.352785355359967,1.1365850717024928,6.654168698710324e-05,0,916.0,11.335,13.385,14.775,1,1,1
ACH-000665,SKMES1,Lung,Non-Small Cell Lung Cancer,Lung Squamous Cell Carcinoma,1,0,2.121587918486453,2.6791531282257206,0.7918875170421792,1.0,1,1048.0,9.3695,13.187,13.686,1,1,1
ACH-000666,NCIH1355,Lung,Non-Small Cell Lung Cancer,Lung Adenocarcinoma,1,1,3.7986845750758818,2.601335758455959,1.4602823040923474,0.8474713611115872,1,155401.0,13.018,14.357,16.811,1,1,1
ACH-000667,HCC44,Lung,Non-Small Cell Lung Cancer,Lung Adenocarcinoma,1,1,5.55239020171916,4.363971328350139,1.272325087391974,0.7671684079037524,1,332.0,12.502,13.056,13.162,1,1,1
ACH-000668,HCC70,Breast,Invasive Breast Carcinoma,Breast Invasive Ductal Carcinoma,1,0,,,,,-1,338.0,,,,1,1,1
ACH-000669,SW900,Lung,Non-Small Cell Lung Cancer,Lung Squamous Cell Carcinoma,1,1,4.817585474434132,3.042472160832736,1.5834443898791635,0.8757372480350923,1,1169.0,,,,1,1,1
ACH-000670,SBC5,Lung,Lung Neuroendocrine Tumor,Small Cell Lung Cancer,1,0,3.3715653321845656,3.0636984380449532,1.100488641544,0.42649981713832485,0,1005.0,9.0721,14.343,12.454,1,1,1
ACH-000671,HUH6,Liver,Hepatoblastoma,Hepatoblastoma,1,0,3.0,3.8531003071412546,0.7785937974258971,0.0,1,459.0,,15.277,,1,1,1
ACH-000672,IALM,Lung,Non-Small Cell Lung Cancer,Large Cell Lung Carcinoma,1,1,,,,,-1,469.0,11.97,,15.0,1,1,1
ACH-000673,LN443,CNS/Brain,Diffuse Glioma,Glioblastoma,1,0,,,,,-1,614.0,,,,1,1,1
ACH-000674,NUGC4,Esophagus/Stomach,Esophagogastric Adenocarcinoma,Diffuse Type Stomach Adenocarcinoma,0,0,3.285396709339325,3.9407405436881837,0.8337003344717755,0.0009762023876688318,1,878.0,11.394,10.205,12.187,1,1,1
ACH-000675,NCIH1734,Lung,Non-Small Cell Lung Cancer,Lung Adenocarcinoma,1,1,2.274457093280636,2.6883933716450685,0.8460283815864571,0.7280060787343804,1,155445.0,6.6144,14.153,14.153,1,1,1
ACH-000676,LN464,Skin,Melanoma,Melanoma,1,0,3.341741096511093,3.8574886139729716,0.8662996656441998,1.0,1,616.0,,,,1,1,1
ACH-000677,SW1573,Lung,Non-Small Cell Lung Cancer,Lung Adenocarcinoma,0,1,4.0,3.4688826722359147,1.1531090492091352,0.0,0,1157.0,7.6953,,,1,1,1
ACH-000678,MKN7,Esophagus/Stomach,Esophagogastric Adenocarcinoma,Tubular Stomach Adenocarcinoma,1,0,3.055086092453744,3.286980665142318,0.9294505820652482,0.9429164747336782,1,684.0,11.498,14.431,14.966,1,1,1
ACH-000679,OE19,Esophagus/Stomach,Esophageal Squamous Cell Carcinoma,Esophageal Squamous Cell Carcinoma,1,0,4.085159965893545,3.458969488917694,1.1810338249533923,0.5047827890644802,1,894.0,15.123,13.618,15.094,1,1,1
ACH-000680,SW948,Bowel,Colorectal Adenocarcinoma,Colon Adenocarcinoma,1,1,3.685193186396419,3.037966400509335,1.2130460645577161,0.9987149603434856,1,1170.0,13.625,12.923,13.311,1,1,1
ACH-000681,A549,Lung,Non-Small Cell Lung Cancer,Lung Adenocarcinoma,0,1,4.268781186357578,2.8453782565773045,1.5002508634800913,0.038112294999256655,0,35.0,11.396666666666667,13.177333333333332,14.177999999999999,1,1,1
ACH-000682,SNU1066,Head and Neck,Head and Neck Squamous Cell Carcinoma,Larynx Squamous Cell Carcinoma,1,0,4.0,3.805819646519434,1.051021953617311,1.0,1,1079.0,11.404,16.361,15.0,1,1,1
ACH-000683,SNU503,Bowel,Colorectal Adenocarcinoma,Rectal Adenocarcinoma,1,0,2.269592833802693,2.704195092299928,0.8392859081303915,0.9760288832792531,1,1112.0,13.525,14.731,14.299,1,1,1
ACH-000684,KMRC1,Kidney,Renal Cell Carcinoma,Renal Clear Cell Carcinoma,0,0,4.004945005568305,3.541034441243661,1.131009898949673,0.0,0,540.0,13.002,13.714,14.796,1,1,1
ACH-000685,L33,Pancreas,Adenosquamous Carcinoma of the Pancreas,Adenosquamous Carcinoma of the Pancreas,1,1,1.9998935787245413,2.276679095440402,0.8784257661652052,0.7777943340663865,1,591.0,,12.663,15.0,1,1,1
ACH-000686,SNU878,Liver,Hepatocellular Carcinoma,Hepatocellular Carcinoma,1,0,2.691864115224716,3.0323742177172672,0.8877084165591926,0.7124303244726023,1,1127.0,10.384,12.97,13.378,1,1,1
ACH-000688,OV7,Ovary/Fallopian Tube,Ovarian Epithelial Tumor,Mixed Ovarian Carcinoma,1,1,,,,,-1,906.0,8.8074,12.429,13.862,1,1,1
ACH-000689,RH18,Soft Tissue,Rhabdomyosarcoma,Embryonal Rhabdomyosarcoma,0,0,3.0,3.722620862593856,0.8058838411789412,0.0,1,973.0,9.7588,15.549,15.818,1,1,1
ACH-000690,HCC2814,Lung,Non-Small Cell Lung Cancer,Lung Squamous Cell Carcinoma,0,0,,,,,-1,323.0,,,,0,0,0
ACH-000691,HCC2157,Breast,Invasive Breast Carcinoma,Breast Invasive Ductal Carcinoma,1,0,2.5829296548038077,2.8703998836103812,0.8998501113214252,0.9982723670741755,1,317.0,,,,1,1,1
ACH-000692,SNU899,Head and Neck,Head and Neck Squamous Cell Carcinoma,Larynx Squamous Cell Carcinoma,0,0,4.0,4.358359968965317,0.91777641784591,1.0,1,1129.0,12.316,13.516,15.472,1,1,1
ACH-000693,KYSE180,Esophagus/Stomach,Esophageal Squamous Cell Carcinoma,Esophageal Squamous Cell Carcinoma,1,0,2.6233536263788952,2.7790711402809856,0.9439677841833347,0.9553010323021225,1,582.0,13.48,11.183,15.734,1,1,1
ACH-000694,TE9,Esophagus/Stomach,Esophageal Squamous Cell Carcinoma,Esophageal Squamous Cell Carcinoma,1,0,4.0,3.3382242205282506,1.1982418602687592,1.0,1,1197.0,11.083,13.027,16.309,1,1,1
ACH-000695,CORL47,Lung,Lung Neuroendocrine Tumor,Small Cell Lung Cancer,1,0,1.0,1.949837515400349,0.5128632473740642,1.0,1,180.0,,,,1,1,1
ACH-000696,OVCAR8,Ovary/Fallopian Tube,Ovarian Epithelial Tumor,High-Grade Serous Ovarian Cancer,1,1,3.3248848946369334,2.7455850679430664,1.2109932172408944,0.9982761851972669,1,910.0,11.608,13.915,15.354,1,1,1
ACH-000698,DMS53,Lung,Lung Neuroendocrine Tumor,Small Cell Lung Cancer,1,0,2.9758830974190578,3.021449682716401,0.9849189660321013,0.5322361768207003,1,219.0,8.4495,13.511,10.064,1,1,1
ACH-000699,HCC1395,Breast,Invasive Breast Carcinoma,Breast Invasive Ductal Carcinoma,1,0,2.840322494281875,2.89670407902797,0.9805359528595635,1.0,1,300.0,11.386,15.47,14.952,1,1,1
ACH-000700,NCIH2882,Lung,Non-Small Cell Lung Cancer,Lung Squamous Cell Carcinoma,1,0,2.874631671673312,4.3324924756552825,0.6635052888899775,0.5578957096803631,1,,,,,1,1,1
ACH-000701,RMUGS,Ovary/Fallopian Tube,Ovarian Epithelial Tumor,Mucinous Ovarian Cancer,1,0,1.0,1.7647744557987537,0.5666446478269035,1.0,1,985.0,,,,1,1,1
ACH-000703,DMS79,Lung,Lung Neuroendocrine Tumor,Small Cell Lung Cancer,1,0,2.5669004109190414,3.567291323880432,0.7195656810352163,0.9963753698428544,1,220.0,9.8391,,,1,1,1
ACH-000704,OAW42,Ovary/Fallopian Tube,Ovarian Epithelial Tumor,Serous Ovarian Cancer,0,0,4.829069859390042,3.9340284056970085,1.2275127074316219,0.0062765858039487,0,880.0,10.141,14.629,12.749,1,1,1
ACH-000705,LC1F,Lung,Non-Small Cell Lung Cancer,Lung Squamous Cell Carcinoma,1,0,,,,,-1,597.0,,14.596,,1,1,1
ACH-000706,EKVX,Lung,Non-Small Cell Lung Cancer,Lung Adenocarcinoma,1,0,2.9834186360716504,2.931325504763507,1.017771186183005,1.0,1,241.0,14.457,13.606,14.689,1,1,1
ACH-000708,SNU283,Bowel,Colorectal Adenocarcinoma,Rectal Adenocarcinoma,0,0,2.534204713890194,3.708248576307759,0.6833966660383537,0.812544445027772,1,1096.0,,,,1,1,1
ACH-000709,KMRC2,Kidney,Renal Cell Carcinoma,Renal Clear Cell Carcinoma,0,0,1.9998959311638949,1.8911711574539318,1.0574907106009053,6.64969711408038e-05,0,541.0,14.547,13.949,13.578,1,1,1
ACH-000710,NCIH854,Bowel,Colorectal Adenocarcinoma,Colon Adenocarcinoma,0,0,,,,,-1,155368.0,,,,0,0,0
ACH-000711,JIMT1,Breast,Invasive Breast Carcinoma,Breast Invasive Ductal Carcinoma,1,0,1.9759495827829978,2.6469685344307927,0.7464953047535596,1.0,1,501.0,14.07,14.196,14.606,1,1,1
ACH-000712,HCC1833,Lung,Non-Small Cell Lung Cancer,Lung Adenocarcinoma,1,0,3.917779945536721,3.177168528161285,1.2331042281235387,0.0,0,310.0,12.334,13.52,14.34,1,1,1
ACH-000713,CAOV3,Ovary/Fallopian Tube,Ovarian Epithelial Tumor,High-Grade Serous Ovarian Cancer,1,0,,,,,-1,126.0,,12.577,15.203,1,1,1
ACH-000715,SNU1214,Head and Neck,Head and Neck Squamous Cell Carcinoma,Larynx Squamous Cell Carcinoma,1,0,1.9983169966843355,2.039193505870032,0.9799545707319931,0.675219632894366,1,1087.0,12.987,12.437,14.66,1,1,1
ACH-000716,TT2609C02,Thyroid,Well-Differentiated Thyroid Cancer,Follicular Thyroid Cancer,1,0,2.5253612834148793,3.348937263732318,0.754078408922005,0.7373193582925603,1,1210.0,9.118,13.91,12.833,1,1,1
ACH-000717,COLO680N,Esophagus/Stomach,Esophageal Squamous Cell Carcinoma,Esophageal Squamous Cell Carcinoma,1,0,3.4426959857364423,3.159722605623149,1.0895563995427018,0.8007792439132287,1,162.0,11.912,13.693,14.897,1,1,1
ACH-000718,NCIH2291,Lung,Non-Small Cell Lung Cancer,Lung Adenocarcinoma,1,1,2.0,3.019072197032992,0.6624551747936037,1.0,1,155511.0,13.594,14.351,14.409,1,1,1
ACH-000719,RMGI,Ovary/Fallopian Tube,Ovarian Epithelial Tumor,Clear Cell Ovarian Cancer,0,0,,,,,-1,983.0,13.063,13.713,13.806,1,1,1
ACH-000720,TCCSUP,Bladder/Urinary Tract,Bladder Urothelial Carcinoma,Bladder Urothelial Carcinoma,1,0,3.0049141289293257,3.1979659580744193,0.9396329317835093,0.4455486078441583,0,1183.0,12.273,13.16,14.04,1,1,1
ACH-000721,HMC18,Breast,Invasive Breast Carcinoma,Breast Invasive Ductal Carcinoma,1,1,3.011718433144583,3.583103059719712,0.8405335774461855,1.0,1,376.0,12.825,13.781,14.772,1,1,1
ACH-000722,SNUC1,Bowel,Colorectal Adenocarcinoma,Colon Adenocarcinoma,1,0,2.0269245720022893,3.4536544591836065,0.5868926946679619,0.9771641631838138,1,1130.0,9.8037,11.066,13.584,1,1,1
ACH-000723,YD10B,Head and Neck,Head and Neck Squamous Cell Carcinoma,Oral Cavity Squamous Cell Carcinoma,1,0,3.1949792462551345,3.3739919004290506,0.9469433657647038,0.195112751052087,0,1278.0,11.054,12.185,14.94,1,1,1
ACH-000724,HT1376,Bladder/Urinary Tract,Bladder Urothelial Carcinoma,Bladder Urothelial Carcinoma,1,0,3.3817548914880295,4.500409521724646,0.7514327029936765,0.9593169667959486,1,449.0,14.304,14.711,15.429,1,1,1
ACH-000725,HCC202,Breast,Breast Ductal Carcinoma In Situ,Breast Ductal Carcinoma In Situ,1,0,3.5906775054330993,3.457949829435471,1.038383343467796,0.24457133256249636,0,315.0,17.814,13.691,14.926,1,1,1
ACH-000726,TE14,Esophagus/Stomach,Esophageal Squamous Cell Carcinoma,Esophageal Squamous Cell Carcinoma,1,0,3.0,3.5116447363743593,0.8543005415454944,1.0,1,1188.0,9.9497,13.119,13.798,1,1,1
ACH-000727,NCIH2066,Lung,Lung Neuroendocrine Tumor,Small Cell Lung Cancer,1,0,6.839023250375087,4.579666508022717,1.493345255248259,0.9926620655106583,1,155484.0,,,,1,1,1
ACH-000729,NCIH1963,Lung,Lung Neuroendocrine Tumor,Small Cell Lung Cancer,1,0,,,,,-1,155469.0,,,,1,1,1
ACH-000730,SKMEL5,Skin,Melanoma,Cutaneous Melanoma,0,0,3.827006058835018,3.4083795356467235,1.1228227428342608,0.0,0,1047.0,11.135,14.625,14.758,1,1,1
ACH-000731,HCC2279,Lung,Non-Small Cell Lung Cancer,Lung Adenosquamous Carcinoma,0,0,,,,,-1,319.0,15.86,13.641,16.169,0,0,0
ACH-000732,PECAPJ41CLONED2,Head and Neck,Head and Neck Squamous Cell Carcinoma,Oral Cavity Squamous Cell Carcinoma,1,0,1.999895064507397,2.018175549367282,0.9909420739610009,0.1998242636852602,0,939.0,11.044,12.918,13.633,1,1,1
ACH-000733,NCIH1838,Lung,Non-Small Cell Lung Cancer,Lung Adenocarcinoma,1,0,5.014274763383085,3.297836024513849,1.5204742522400778,0.5653813513003946,1,155455.0,12.752,13.564,14.599,1,1,1
ACH-000734,JHH5,Liver,Hepatocellular Carcinoma,Hepatocellular Carcinoma,1,0,5.0,4.645660728878887,1.076273170125926,1.0,1,489.0,6.7321,12.894,12.102,1,1,1
ACH-000735,PECAPJ49,Head and Neck,Head and Neck Squamous Cell Carcinoma,Oral Cavity Squamous Cell Carcinoma,0,0,1.988647808948613,2.0539627805224736,0.9682005086979978,0.8014436947641215,1,940.0,,11.329,14.707,1,1,1
ACH-000736,SNU601,Esophagus/Stomach,Esophagogastric Adenocarcinoma,Signet Ring Cell Carcinoma of the Stomach,1,1,2.9320133060262457,2.2380029708288633,1.3101025084610811,1.0,1,1114.0,8.6961,11.684,13.832,1,1,1
ACH-000737,NCIH1385,Lung,Non-Small Cell Lung Cancer,Lung Squamous Cell Carcinoma,0,0,,,,,-1,155404.0,,,13.192,0,0,0
ACH-000738,GB1,CNS/Brain,Diffuse Glioma,Glioblastoma,1,0,4.876068368946619,4.338975567262484,1.1237833201312526,1.0,1,269.0,8.9988,13.762,13.176,1,1,1
ACH-000739,HEPG2,Liver,Hepatoblastoma,Hepatoblastoma,0,0,,,,,-1,366.0,12.197,13.2,14.203,1,1,1
ACH-000740,A253,Head and Neck,Head and Neck Squamous Cell Carcinoma,Oral Cavity Squamous Cell Carcinoma,1,0,4.98337496076683,4.2142975657178,1.182492427992098,0.46416774607672723,0,28.0,13.361,13.485,13.533,1,1,1
ACH-000741,UBLC1,Bladder/Urinary Tract,Bladder Urothelial Carcinoma,Bladder Urothelial Carcinoma,1,0,3.1028512112663327,3.001064394648728,1.033916905215064,0.8036029724119378,1,1236.0,10.555,14.037,13.607,1,1,1
ACH-000742,DM3,Fibroblast,Non-Cancerous,"Fibroblast, Lung",0,0,,,,,-1,214.0,,,,0,0,0
ACH-000743,CORL95,Lung,Lung Neuroendocrine Tumor,Small Cell Lung Cancer,1,0,2.0159755200036997,2.9673050837848236,0.6793961062582433,0.9766312350206103,1,183.0,6.7137,14.335,12.945,1,1,1
ACH-000744,NCIH1623,Lung,Non-Small Cell Lung Cancer,Lung Adenocarcinoma,1,0,2.0,2.8644740175460712,0.6982084626179831,0.6797562302539121,1,155431.0,9.8642,12.6,14.525,1,1,1
ACH-000746,GSS,Esophagus/Stomach,Esophagogastric Adenocarcinoma,Stomach Adenocarcinoma,1,0,2.0,2.7719802520345422,0.7215058615702856,1.0,1,285.0,9.2189,12.296,12.896,1,1,1
ACH-000747,NCIH1703,Lung,Non-Small Cell Lung Cancer,Lung Squamous Cell Carcinoma,1,0,2.990631262841516,2.4643038626079066,1.213580560506289,0.9964623941549507,1,155441.0,,13.974,14.525,1,1,1
ACH-000748,SJSA1,Bone,Osteosarcoma,Osteosarcoma,0,0,,,,,-1,1032.0,,13.827,14.033,1,1,1
ACH-000749,DMS273,Lung,Lung Neuroendocrine Tumor,Small Cell Lung Cancer,1,0,2.679984830682922,2.8191941833358025,0.9506208712135744,0.9924123716719845,1,217.0,,14.35,12.829,1,1,1
ACH-000750,LOXIMVI,Skin,Melanoma,Melanoma,0,0,4.434102604845105,3.338558868073973,1.3281486953091095,0.007033904251061883,0,623.0,8.84005,12.932,13.9595,1,1,1
ACH-000752,NCIH196,Lung,SMARCA4-deficient undifferentiated tumor,SMARCA4-deficient undifferentiated tumor,1,0,2.9882667638166485,4.827274464475678,0.619038089880233,0.9955142502954798,1,155294.0,13.624,13.147,14.902,1,1,1
ACH-000753,JMSU1,Bladder/Urinary Tract,Bladder Urothelial Carcinoma,Bladder Urothelial Carcinoma,1,0,2.0,3.374171090584766,0.5927381707408876,1.0,1,506.0,9.5327,13.831,14.529,1,1,1
ACH-000755,HCC2218,Breast,Breast Ductal Carcinoma In Situ,Breast Ductal Carcinoma In Situ,0,0,2.127712666301264,4.228666660303608,0.503163960941887,0.9762376738219785,1,318.0,,,13.922,1,1,1
ACH-000756,GI1,CNS/Brain,Diffuse Glioma,Gliosarcoma,1,0,3.9589045842587134,4.5070898254285545,0.8783726833938311,0.9045155366858117,1,274.0,10.111,14.701,13.523,1,1,1
ACH-000757,A427,Lung,Non-Small Cell Lung Cancer,Lung Adenocarcinoma,0,1,2.8958261245857186,3.098725487396416,0.9345216723340098,0.10417387541428144,0,,,,,1,1,1
ACH-000758,MKN74,Esophagus/Stomach,Esophagogastric Adenocarcinoma,Tubular Stomach Adenocarcinoma,1,0,4.192968528752506,4.812953292153164,0.871184130456563,0.9604321513556675,1,685.0,12.8225,13.965,15.213000000000001,1,1,1
ACH-000759,MDAMB175VII,Breast,Invasive Breast Carcinoma,Breast Invasive Ductal Carcinoma,0,0,3.132718498637357,4.221996442162723,0.7419993222525355,0.9213615541012954,1,649.0,,,,1,1,1
ACH-000760,LNZ308,CNS/Brain,Diffuse Glioma,Glioblastoma,0,0,4.43145439091444,3.3576909703617153,1.319792211383006,0.03704859812299452,0,619.0,,,,1,1,1
ACH-000761,NUGC2,Esophagus/Stomach,Esophagogastric Adenocarcinoma,Stomach Adenocarcinoma,1,1,2.9997994764300526,3.0959458744379336,0.9689444189571511,1.0,1,876.0,,,,1,1,1
ACH-000762,YD38,Head and Neck,Head and Neck Squamous Cell Carcinoma,Head and Neck Squamous Cell Carcinoma,1,0,3.0,2.9234315819723125,1.0261912809931506,1.0,1,1280.0,12.034,12.021,14.965,1,1,1
ACH-000764,SH10TC,Esophagus/Stomach,Esophagogastric Adenocarcinoma,Mucinous Stomach Adenocarcinoma,1,1,,,,,-1,1024.0,13.594,15.712,15.048,1,1,1
ACH-000765,WM983B,Skin,Melanoma,Melanoma,1,0,2.721874651023208,2.581484867279817,1.0543833456174097,0.9557223836103282,1,1273.0,10.915,14.445,14.605,1,1,1
ACH-000766,NCIH1648,Lung,Non-Small Cell Lung Cancer,Lung Adenocarcinoma,1,0,2.0,2.5399052713130543,0.7874309418500716,1.0,1,155433.0,,,,1,1,1
ACH-000767,NCIH526,Lung,Lung Neuroendocrine Tumor,Small Cell Lung Cancer,1,0,2.0619286847169453,3.1363159873629165,0.6574365252178115,0.9618712076449648,1,155327.0,6.0141,13.969,14.026,1,1,1
ACH-000768,MDAMB231,Breast,Invasive Breast Carcinoma,Invasive Breast Carcinoma,1,1,4.086856753482128,2.9376605667572777,1.3911943400572604,0.9965541331190172,1,650.0,14.394,14.035,14.782,1,1,1
ACH-000769,LK2,Lung,Non-Small Cell Lung Cancer,Lung Squamous Cell Carcinoma,1,0,2.3582204376701674,2.987420733320402,0.78938343413353,1.0,1,602.0,15.613,13.661,15.233,1,1,1
ACH-000771,BICR56,Head and Neck,Head and Neck Squamous Cell Carcinoma,Oral Cavity Squamous Cell Carcinoma,1,0,1.9998656130973205,2.0307328865495005,0.9847999342224532,0.189794622654162,0,70.0,9.202,12.466,15.829,1,1,1
ACH-000772,TE441T,Soft Tissue,CIC-DUX4 Sarcoma,CIC-DUX4 Sarcoma,0,0,2.0,2.099799760593373,0.9524717725631271,0.0,0,1192.0,7.5786,12.711,11.335,1,1,1
ACH-000774,RERFLCAD2,Lung,Non-Small Cell Lung Cancer,Lung Adenocarcinoma,1,1,,,,,-1,968.0,14.112,13.706,14.984,1,1,1
ACH-000775,NCIH727,Lung,Lung Neuroendocrine Tumor,Lung Carcinoid,1,1,3.0,2.8093650747395227,1.0678569428283196,1.0,1,155352.0,13.748,14.307,14.241,1,1,1
ACH-000776,ONS76,CNS/Brain,Embryonal Tumor,Medulloblastoma,0,0,,,,,-1,899.0,9.4503,12.951,14.094,1,1,1
ACH-000777,KYSE30,Esophagus/Stomach,Esophageal Squamous Cell Carcinoma,Esophageal Squamous Cell Carcinoma,1,0,5.930188448507928,3.368630178762437,1.7604154014575009,0.0033178878433667083,0,584.0,12.506,14.284,14.789,1,1,1
ACH-000778,HSC3,Head and Neck,Head and Neck Squamous Cell Carcinoma,Oral Cavity Squamous Cell Carcinoma,1,0,3.4165971046029573,2.761160938267189,1.2373770240090016,0.6071869449947532,1,442.0,10.023,12.297,14.851,1,1,1
ACH-000779,PC9,Lung,Non-Small Cell Lung Cancer,Lung Adenocarcinoma,1,0,2.576977126340758,3.1621447883020886,0.8149459619540268,1.0,1,,,,,1,1,1
ACH-000780,NCIH1105,Lung,Lung Neuroendocrine Tumor,Small Cell Lung Cancer,1,0,,,,,-1,155387.0,6.0239,12.566,12.476,1,1,1
ACH-000781,NCIH2023,Lung,Non-Small Cell Lung Cancer,Lung Adenocarcinoma,1,0,2.022748258690883,2.6837663842261468,0.753697591034599,0.9770382936719116,1,155477.0,12.377,11.63,14.994,1,1,1
ACH-000783,CAMA1,Breast,Invasive Breast Carcinoma,Breast Invasive Lobular Carcinoma,1,0,2.9228276342688915,3.844872125207101,0.7601885157913947,0.9982671023608892,1,125.0,13.358,14.135,14.809,1,1,1
ACH-000784,KYSE70,Esophagus/Stomach,Esophageal Squamous Cell Carcinoma,Esophageal Squamous Cell Carcinoma,1,0,3.611263002732844,2.917443008119043,1.2378178400342177,0.006851211210317438,0,589.0,12.05,11.713,14.491,1,1,1
ACH-000785,NCIH2126,Lung,Non-Small Cell Lung Cancer,Lung Adenocarcinoma,1,0,3.046253549272541,3.593140311860974,0.8477969922902379,0.9766796930474066,1,155494.0,12.037,13.763,14.71,1,1,1
ACH-000787,LXF289,Lung,Non-Small Cell Lung Cancer,Lung Adenocarcinoma,1,0,2.0931640097882256,3.1000041802013563,0.6752132862131389,0.911840047524971,1,636.0,12.261,13.94,14.899,1,1,1
ACH-000788,A2058,Skin,Melanoma,Melanoma,1,0,,,,,-1,27.0,,18.241,17.236,1,1,1
ACH-000789,NCIH810,Lung,Non-Small Cell Lung Cancer,Large Cell Lung Carcinoma,1,0,2.0915650011347746,2.7553694537778237,0.7590869523021959,0.912187146058925,1,155362.0,10.829,11.935,11.93,1,1,1
ACH-000790,SHP77,Lung,Lung Neuroendocrine Tumor,Small Cell Lung Cancer,1,1,,,,,-1,1026.0,14.235,13.646,14.408,1,1,1
ACH-000791,RERFLCAD1,Lung,Non-Small Cell Lung Cancer,Lung Adenocarcinoma,1,1,3.617813542846298,3.5934723713599652,1.0067737188353896,0.37473510060222825,0,967.0,14.343,15.491,15.78,1,1,1
ACH-000792,BFTC909,Kidney,Renal Cell Carcinoma,Renal Cell Carcinoma,1,0,,,,,-1,62.0,12.218,13.352,14.636,1,1,1
ACH-000793,KATOIII,Esophagus/Stomach,Esophagogastric Adenocarcinoma,Signet Ring Cell Carcinoma of the Stomach,0,0,,,,,-1,522.0,13.419,13.88,14.941,1,1,1
ACH-000794,BICR22,Head and Neck,Head and Neck Squamous Cell Carcinoma,Oral Cavity Squamous Cell Carcinoma,1,0,2.0,2.0701661707149412,0.9661060200347544,0.0,0,68.0,8.4088,10.454,14.569,1,1,1
ACH-000796,MCAS,Ovary/Fallopian Tube,Ovarian Epithelial Tumor,Mucinous Ovarian Cancer,1,1,3.0,3.6632925669024323,0.8189354099382534,1.0,1,644.0,9.6218,13.607,12.015,1,1,1
ACH-000797,HLFA,Fibroblast,Non-Cancerous,"Fibroblast, Lung",0,0,2.0,1.9998370558165368,1.000081478729974,0.0,0,375.0,,,,1,1,1
ACH-000798,CL40,Bowel,Colorectal Adenocarcinoma,Colon Adenocarcinoma,1,1,2.0,2.082595897064887,0.9603399309576603,0.0,0,150.0,,,,1,1,1
ACH-000799,HS695T,Skin,Melanoma,Melanoma,0,0,3.0,2.597923859718426,1.154768254187847,0.0,0,411.0,,,,1,1,1
ACH-000800,NCIH446,Lung,Lung Neuroendocrine Tumor,Small Cell Lung Cancer,1,0,2.699045733200933,3.347988827339524,0.8061692772570354,0.7381081648608492,1,128000.0,,14.213,13.356,1,1,1
ACH-000801,HS936T,Skin,Melanoma,Melanoma,0,0,1.9786264344588804,3.130606277560487,0.6320265977364351,1.0,1,437.0,12.274,14.06,13.983,1,1,1
ACH-000802,BFTC905,Bladder/Urinary Tract,Bladder Urothelial Carcinoma,Bladder Urothelial Carcinoma,1,0,2.0484557516903066,2.8351796520319725,0.7225135628432501,0.9770078982276363,1,61.0,,,,1,1,1
ACH-000803,COLO668,Lung,Lung Neuroendocrine Tumor,Small Cell Lung Cancer,1,1,2.4936064996448346,3.2649287640367874,0.7637552546664806,0.004685315961903779,1,158.0,6.0656,13.291,9.8909,1,1,1
ACH-000804,NB1,Peripheral Nervous System,Neuroblastoma,Neuroblastoma,0,0,2.9998089077850447,3.6061541507592993,0.831858201944422,0.0,1,720.0,,13.093,14.286,1,1,1
ACH-000805,COLO679,Skin,Melanoma,Cutaneous Melanoma,0,0,4.0,4.222152752284136,0.9473840087467338,0.0,0,161.0,,,,1,1,1
ACH-000807,SNU738,CNS/Brain,Diffuse Glioma,Oligodendroglioma,1,0,7.0,4.448166380824517,1.5736821424162808,1.0,1,1121.0,10.906,14.186,14.833,1,1,1
ACH-000808,HUH28,Biliary Tract,Intraductal Papillary Neoplasm of the Bile Duct,Intrahepatic Cholangiocarcinoma,1,0,2.9998009150362193,2.4261785507952545,1.2364303995898993,1.0,1,458.0,12.425,15.664,15.418,1,1,1
ACH-000809,KYSE410,Esophagus/Stomach,Esophageal Squamous Cell Carcinoma,Esophageal Squamous Cell Carcinoma,1,1,3.3583486827846323,4.508533542454257,0.744887145933595,0.9934808563333147,1,585.0,12.147,12.979,14.59,1,1,1
ACH-000810,SKMEL30,Skin,Melanoma,Cutaneous Melanoma,1,0,3.003154558654847,3.741269541385729,0.8027100227433783,0.0,1,1045.0,14.092,14.429,14.745,1,1,1
ACH-000811,SKOV3,Ovary/Fallopian Tube,Ovarian Epithelial Tumor,Serous Ovarian Cancer,1,0,,,,,-1,1059.0,11.754,14.443,14.86,1,1,1
ACH-000812,COLO783,Skin,Melanoma,Melanoma,1,0,3.6123455853868545,2.806459146004133,1.2871541673892355,0.3473034638943272,0,168.0,,,,1,1,1
ACH-000813,T3M10,Lung,Non-Small Cell Lung Cancer,Large Cell Lung Carcinoma,1,1,1.0204991328470088,1.9037015698279425,0.5360604566498529,0.9795008671529912,1,1173.0,12.604,14.429,14.821,1,1,1
ACH-000814,HS939T,Skin,Melanoma,Melanoma,0,0,2.0,2.0630904847556577,0.969419429141941,0.0,0,438.0,,,,1,1,1
ACH-000816,NCIH524,Lung,Lung Neuroendocrine Tumor,Small Cell Lung Cancer,1,0,,,,,-1,155326.0,7.5255,,,1,1,1
ACH-000818,BT483,Breast,Invasive Breast Carcinoma,Breast Invasive Ductal Carcinoma,1,0,2.910665694729499,4.015199697239883,0.7249118136590668,0.9541626350501102,1,98.0,,,,1,1,1
ACH-000819,LN18,CNS/Brain,Diffuse Glioma,Glioblastoma,1,0,3.2427192027026543,2.6231781328916544,1.2361795647968636,1.0,1,604.0,12.117,14.343,15.0,1,1,1
ACH-000820,SW403,Bowel,Colorectal Adenocarcinoma,Colon Adenocarcinoma,1,1,2.0,3.0702487236049074,0.6514130222165572,1.0,1,1161.0,,,,1,1,1
ACH-000822,SKMEL24,Skin,Melanoma,Melanoma,0,0,,,,,-1,1042.0,9.9336,14.309,14.63,1,1,1
ACH-000823,KYSE140,Esophagus/Stomach,Esophageal Squamous Cell Carcinoma,Esophageal Squamous Cell Carcinoma,1,0,2.9833977095226305,3.125956985972613,0.9543949974072895,0.8355594337771008,1,580.0,14.21,12.303,14.263,1,1,1
ACH-000824,KYSE510,Esophagus/Stomach,Esophageal Squamous Cell Carcinoma,Esophageal Squamous Cell Carcinoma,1,0,4.007350895134319,3.936377571669613,1.018030110722992,0.0,0,587.0,9.0573,13.908,14.34,1,1,1
ACH-000825,HOP92,Lung,Non-Small Cell Lung Cancer,Non-Small Cell Lung Cancer,1,0,3.132017563849242,4.189437533270934,0.747598583097597,0.8678263475036998,1,382.0,8.4584,12.717,13.088,1,1,1
ACH-000826,CAL12T,Lung,Non-Small Cell Lung Cancer,Non-Small Cell Lung Cancer,1,0,2.0,2.6181086930832596,0.7639102246914992,1.0,1,112.0,12.639,12.972,15.846,1,1,1
ACH-000827,WM793,Skin,Melanoma,Melanoma,0,0,2.0,2.332439412638871,0.8574713620266105,0.0,0,1270.0,10.187,13.61,14.638,1,1,1
ACH-000828,ZR7530,Breast,Invasive Breast Carcinoma,Breast Invasive Lobular Carcinoma,0,0,2.0028762526642043,3.987384978383871,0.5023032046120591,0.9998425921419047,1,1286.0,14.737,14.223,14.316,1,1,1
ACH-000830,NCIH1436,Lung,Lung Neuroendocrine Tumor,Small Cell Lung Cancer,1,0,,,,,-1,155408.0,,,,1,1,1
ACH-000831,HEC50B,Uterus,Endometrial Carcinoma,Endometrial Carcinoma,1,1,2.9957548407089476,2.310150283356179,1.2967792018953521,1.0,1,356.0,10.711,14.046,14.786,1,1,1
ACH-000832,CAL27,Head and Neck,Head and Neck Squamous Cell Carcinoma,Oral Cavity Squamous Cell Carcinoma,1,0,,,,,-1,114.0,,12.089,15.382,1,1,1
ACH-000833,RH30,Soft Tissue,Rhabdomyosarcoma,Alveolar Rhabdomyosarcoma,1,0,,,,,-1,975.0,9.0227,14.305,14.706,1,1,1
ACH-000834,UMUC1,Bladder/Urinary Tract,Bladder Urothelial Carcinoma,Bladder Urothelial Carcinoma,1,0,2.152901700096245,2.8436699127060856,0.7570856555736831,0.8469126172917423,1,1243.0,12.902,12.868,13.275,1,1,1
ACH-000835,GCT,Soft Tissue,Undifferentiated Pleomorphic Sarcoma/Malignant Fibrous Histiocytoma/High-Grade Spindle Cell Sarcoma,Undifferentiated Pleomorphic Sarcoma/Malignant Fibrous Histiocytoma/High-Grade Spindle Cell Sarcoma,1,0,3.0,2.920960141041313,1.0270595472523325,0.0,0,271.0,7.5323,13.238,13.529,1,1,1
ACH-000836,YD15,Head and Neck,Head and Neck Squamous Cell Carcinoma,Oral Cavity Squamous Cell Carcinoma,1,0,3.9314606214527665,3.0414182747372966,1.2926405598691773,0.8344139250735578,1,1279.0,7.6255,12.583,14.873,1,1,1
ACH-000837,NCIH322,Lung,Non-Small Cell Lung Cancer,Lung Adenocarcinoma,1,0,2.3969087610562254,2.3926736826716786,1.0017700192112358,0.5798969827480098,1,155305.0,11.51,13.667,13.77,1,1,1
ACH-000839,SCABER,Bladder/Urinary Tract,Bladder Squamous Cell Carcinoma,Bladder Squamous Cell Carcinoma,1,0,2.009036407822576,3.344161318342774,0.6007594181545555,1.0,1,1006.0,,12.988,14.272,1,1,1
ACH-000840,HCC366,Lung,Non-Small Cell Lung Cancer,Lung Adenosquamous Carcinoma,1,0,2.392387621984557,2.495011037143072,0.9588685526313244,1.0,1,328.0,12.446,12.536,14.772,1,1,1
ACH-000841,NCIH2087,Lung,Non-Small Cell Lung Cancer,Lung Adenocarcinoma,1,0,3.9821392877722257,2.82423268387624,1.4099898037815946,1.0,1,127988.0,5.9489,13.686,14.306,1,1,1
ACH-000842,SW480,Bowel,Colorectal Adenocarcinoma,Colon Adenocarcinoma,1,1,3.0849780349184797,2.782081185004965,1.1088741951694605,0.9896246246026538,1,1163.0,,,,1,1,1
ACH-000843,HARA,Lung,Non-Small Cell Lung Cancer,Lung Squamous Cell Carcinoma,1,0,4.167186866115059,2.9597082556757575,1.4079721736504773,0.7965592751353241,1,293.0,9.3687,14.043,14.456,1,1,1
ACH-000844,DMS454,Lung,Lung Neuroendocrine Tumor,Small Cell Lung Cancer,1,0,2.0330293927375838,3.2478763732367373,0.6259565202327966,0.9588555581526637,1,218.0,9.8922,15.894,13.852,1,1,1
ACH-000845,NCIH1373,Lung,Non-Small Cell Lung Cancer,Lung Adenocarcinoma,1,1,2.0,2.9106010802015567,0.6871432892691367,0.8946469491504622,1,155402.0,13.345,14.271,14.895,1,1,1
ACH-000846,FADU,Head and Neck,Head and Neck Squamous Cell Carcinoma,Hypopharynx Squamous Cell Carcinoma,1,0,,,,,-1,255.0,6.1225,13.246,14.345,1,1,1
ACH-000847,HGC27,Esophagus/Stomach,Esophagogastric Adenocarcinoma,Stomach Adenocarcinoma,1,0,,,,,-1,368.0,10.256,12.639,12.341,1,1,1
ACH-000848,JHH7,Liver,Hepatocellular Carcinoma,Hepatocellular Carcinoma,1,0,5.588549050303633,3.1733264016819054,1.7611012366523744,0.9618712485999273,1,491.0,,,,1,1,1
ACH-000849,MDAMB468,Breast,Invasive Breast Carcinoma,Invasive Breast Carcinoma,1,0,2.0,2.929740052593249,0.6826544212445426,1.0,1,658.0,,13.307,13.932,1,1,1
ACH-000850,HS698T,Fibroblast,Non-Cancerous,"Fibroblast, Colorectal",0,0,,,,,-1,412.0,,,,0,0,0
ACH-000851,MORCPR,Lung,Non-Small Cell Lung Cancer,Lung Adenocarcinoma,1,1,,,,,-1,703.0,13.536,11.46,16.029,1,1,1
ACH-000852,NCIH1435,Lung,Non-Small Cell Lung Cancer,Lung Adenocarcinoma,1,0,,,,,-1,155407.0,12.186,13.062,15.431,1,1,1
ACH-000853,NCIH661,Lung,Non-Small Cell Lung Cancer,Large Cell Lung Carcinoma,1,0,4.949638391874843,4.402182439567905,1.124360123602845,0.004641114245783905,0,128005.0,8.9197,14.667,14.916,1,1,1
ACH-000855,KYSE150,Esophagus/Stomach,Esophageal Squamous Cell Carcinoma,Esophageal Squamous Cell Carcinoma,1,0,4.0,3.2268667767479506,1.2395925449488858,0.0,0,581.0,10.931,13.977,14.87,1,1,1
ACH-000856,CAL51,Breast,Invasive Breast Carcinoma,Invasive Breast Carcinoma,0,0,,,,,-1,117.0,9.44285,12.700500000000002,14.535,1,1,1
ACH-000857,CAL851,Breast,Invasive Breast Carcinoma,Breast Invasive Ductal Carcinoma,1,0,5.369117643101586,2.771690651132556,1.9371273056420208,0.9982761852734622,1,121.0,,11.406,13.512,1,1,1
ACH-000858,KNS62,Lung,Non-Small Cell Lung Cancer,Lung Squamous Cell Carcinoma,1,0,2.195166454552254,2.9077942033628754,0.7549249709671804,0.9775274985760413,1,558.0,10.793,13.603,14.212,1,1,1
ACH-000859,HCC1954,Breast,Breast Ductal Carcinoma In Situ,Breast Ductal Carcinoma In Situ,1,0,4.86496256073469,4.84828052329406,1.0034408152252081,0.9946793422769052,1,314.0,12.921,12.447,14.343,1,1,1
ACH-000860,NCIH358,Lung,Non-Small Cell Lung Cancer,Lung Adenocarcinoma,0,1,2.746948586128203,3.4579755418510567,0.7943805711991125,0.25715744437679877,1,127997.0,9.5814,14.442,14.218,1,1,1
ACH-000861,HOP62,Lung,Non-Small Cell Lung Cancer,Lung Adenocarcinoma,1,1,2.805086209737433,2.8569234360718583,0.9818555773389226,0.5045395459035297,1,381.0,7.5259,13.429,14.272,1,1,1
ACH-000862,KMBC2,Bladder/Urinary Tract,Bladder Urothelial Carcinoma,Bladder Urothelial Carcinoma,1,0,2.461292330320949,3.489140465505228,0.7054150885165219,0.7692201123110362,1,537.0,10.044,15.0,14.385,1,1,1
ACH-000863,DBTRG05MG,CNS/Brain,Diffuse Glioma,Glioblastoma,0,0,4.0,3.8828565814925957,1.0301693910266378,0.0,0,205.0,10.798,14.228,15.558,1,1,1
ACH-000864,COLO684,Uterus,Endometrial Carcinoma,Endometrial Carcinoma,0,0,1.9998570546545136,2.3426563425115803,0.8536706892785013,0.8120217303744154,1,163.0,10.916,13.464,12.133,1,1,1
ACH-000865,KYSE450,Esophagus/Stomach,Esophageal Squamous Cell Carcinoma,Esophageal Squamous Cell Carcinoma,1,0,3.2084473668633007,2.4981340437869224,1.2843375538006014,0.037880922296276175,0,586.0,14.593,14.519,15.511,1,1,1
ACH-000866,NCIH1048,Lung,Lung Neuroendocrine Tumor,Small Cell Lung Cancer,1,0,,,,,-1,155380.0,,,,1,1,1
ACH-000867,CHAGOK1,Lung,Non-Small Cell Lung Cancer,Non-Small Cell Lung Cancer,1,0,2.0,2.2751283357641943,0.8790712895447362,0.0,0,141.0,13.611,13.548,14.109,1,1,1
ACH-000868,HCC1195,Lung,Non-Small Cell Lung Cancer,Lung Adenosquamous Carcinoma,1,0,4.473093433206231,4.587746119465899,0.9750089295976528,0.8318324308066207,1,298.0,,14.684,14.818,1,1,1
ACH-000869,NCIH1568,Lung,Non-Small Cell Lung Cancer,Lung Adenocarcinoma,1,0,,,,,-1,155422.0,,11.771,14.534,1,1,1
ACH-000870,NCIH1930,Lung,Lung Neuroendocrine Tumor,Small Cell Lung Cancer,1,0,3.99411491528569,3.1136042511280175,1.2827946627573736,0.9831282978585427,1,155466.0,,,,1,1,1
ACH-000871,NCIH510,Lung,Lung Neuroendocrine Tumor,Small Cell Lung Cancer,1,0,5.924101449927934,4.405503692140135,1.3447046839382137,0.8265564577819089,1,155322.0,,,,1,1,1
ACH-000872,HCC515,Lung,Non-Small Cell Lung Cancer,Lung Adenocarcinoma,1,1,2.0,3.0402690808827635,0.6578365094642498,1.0,1,,,,,1,1,1
ACH-000873,KYSE270,Esophagus/Stomach,Esophageal Squamous Cell Carcinoma,Esophageal Squamous Cell Carcinoma,1,0,3.0049850430678875,3.1252672629056417,0.9615129812207085,1.0,1,583.0,,,,1,1,1
ACH-000875,NCIH2347,Lung,Non-Small Cell Lung Cancer,Lung Adenocarcinoma,0,1,2.099824488702875,3.747189942036789,0.560373111900891,0.9085126215509588,1,155514.0,,,,1,1,1
ACH-000876,MDAMB415,Breast,Invasive Breast Carcinoma,Invasive Breast Carcinoma,1,0,2.9998009150362193,3.211078285182587,0.9342036065824679,1.0,1,652.0,12.849,14.739,,1,1,1
ACH-000878,HCC15,Lung,Non-Small Cell Lung Cancer,Lung Squamous Cell Carcinoma,1,0,1.4590015905068219,1.791277262845746,0.8145034946677946,0.9958383319806816,1,304.0,10.577,14.358,13.84,1,1,1
ACH-000879,MFE296,Uterus,Endometrial Carcinoma,Endometrial Carcinoma,1,0,,,,,-1,671.0,8.6827,13.89,12.859,1,1,1
ACH-000880,AGS,Esophagus/Stomach,Esophagogastric Adenocarcinoma,Stomach Adenocarcinoma,0,1,2.2340229904086804,2.13688957314251,1.0454555155713199,0.03739822134090093,0,44.0,12.716,14.488,14.732,1,1,1
ACH-000881,MELJUSO,Skin,Melanoma,Cutaneous Melanoma,0,0,2.002457064464663,2.2512292259759956,0.8894949662873712,0.0,0,667.0,12.277,13.101,15.219,1,1,1
ACH-000882,IGR1,Skin,Melanoma,Melanoma,0,0,3.996822268126733,3.308883838635587,1.2079064914454103,0.005265195907169987,0,470.0,10.63,14.999,13.603,1,1,1
ACH-000883,SW1783,CNS/Brain,Diffuse Glioma,Anaplastic Astrocytoma,1,0,3.9870288541101653,3.6576234715439258,1.0900599487970788,0.0,0,1159.0,14.506,14.948,12.335,1,1,1
ACH-000884,MDAMB435S,Skin,Melanoma,Melanoma,1,0,2.7705164139275373,2.5972450871506436,1.0667135064126676,0.5658584329789196,1,655.0,13.05,13.67,14.649,1,1,1
ACH-000885,TOV21G,Ovary/Fallopian Tube,Ovarian Epithelial Tumor,Clear Cell Ovarian Cancer,0,1,,,,,-1,1209.0,12.523,15.822,13.708,1,1,1
ACH-000886,NCIH2009,Lung,Non-Small Cell Lung Cancer,Lung Adenocarcinoma,1,1,2.135378368366874,2.4621507979101493,0.8672817157175602,0.9996550183441076,1,155476.0,11.356,13.179,13.583,1,1,1
ACH-000887,SF172,CNS/Brain,Diffuse Glioma,Glioblastoma,1,0,,,,,-1,1016.0,,,,1,1,1
ACH-000888,NCIH1793,Lung,Non-Small Cell Lung Cancer,Lung Adenocarcinoma,1,0,4.313902773456562,3.399824241045562,1.2688605256046674,0.006511987580451828,0,155451.0,11.259,12.271,14.104,1,1,1
ACH-000890,SW1271,Lung,SMARCA4-deficient undifferentiated tumor,SMARCA4-deficient undifferentiated tumor,1,0,3.8325776782418965,2.9553985325189025,1.2968057052445545,0.539299002324176,1,1153.0,,14.044,13.799,1,1,1
ACH-000891,HCC1438,Lung,Non-Small Cell Lung Cancer,Large Cell Lung Carcinoma,1,0,2.0,2.705999585855623,0.7390984131904849,1.0,1,303.0,7.9232,11.939,14.779,1,1,1
ACH-000892,NCIH1563,Lung,Non-Small Cell Lung Cancer,Lung Adenocarcinoma,0,0,3.523340006646484,3.8215165740959747,0.9219742838561342,0.752125676497954,1,155421.0,13.892,14.962,13.428,1,1,1
ACH-000893,NCIH1651,Lung,Non-Small Cell Lung Cancer,Lung Adenocarcinoma,1,0,3.02225159676046,3.104278023561997,0.9735763271913976,0.9772036645893512,1,155435.0,10.33,13.155,14.242,1,1,1
ACH-000894,NCIH1869,Lung,Non-Small Cell Lung Cancer,Lung Squamous Cell Carcinoma,1,0,3.6597637608684996,4.121519283581447,0.887964730735968,0.9641806804266879,1,155456.0,12.665500000000002,14.021999999999998,15.085,1,1,1
ACH-000895,CL34,Bowel,Colorectal Adenocarcinoma,Colon Adenocarcinoma,1,0,2.0,2.039223626896724,0.9807654117089579,0.0,0,149.0,,,,1,1,1
ACH-000896,647V,Bladder/Urinary Tract,Bladder Urothelial Carcinoma,Bladder Urothelial Carcinoma,1,0,3.0,2.6657729046953964,1.1253771822483107,0.0,0,15.0,3.8469,13.831,14.975,1,1,1
ACH-000897,FTC238,Thyroid,Well-Differentiated Thyroid Cancer,Follicular Thyroid Cancer,1,0,3.0,2.4497486020210046,1.2246154554492026,1.0,1,258.0,,13.079,14.874,1,1,1
ACH-000898,SNU719,Esophagus/Stomach,Esophagogastric Adenocarcinoma,Tubular Stomach Adenocarcinoma,0,0,2.0,2.301530041149567,0.868987136488143,0.0,0,1120.0,12.252,12.028,13.356,1,1,1
ACH-000899,WM88,Skin,Melanoma,Melanoma,0,0,2.0,2.385057046030121,0.8385543663741543,1.0,1,1271.0,10.381,13.119,13.404,1,1,1
ACH-000900,NCIH23,Lung,Non-Small Cell Lung Cancer,Lung Adenocarcinoma,1,1,,,,,-1,127991.0,,13.05,12.998,1,1,1
ACH-000901,HCC1359,Lung,Non-Small Cell Lung Cancer,Giant Cell Carcinoma of the Lung,1,0,,,,,-1,299.0,,,,1,1,1
ACH-000902,CAL148,Breast,Invasive Breast Carcinoma,Breast Invasive Ductal Carcinoma,1,0,2.0024502983781063,2.1429476165500274,0.9344373529773394,0.0,0,113.0,8.1866,12.399,12.826,1,1,1
ACH-000903,FTC133,Thyroid,Well-Differentiated Thyroid Cancer,Follicular Thyroid Cancer,1,0,3.1675915074949237,4.213203963385695,0.7518248665439577,0.9931600404861002,1,257.0,7.3535,14.876,14.813,1,1,1
ACH-000904,NCIH2106,Lung,Non-Small Cell Lung Cancer,Large Cell Lung Carcinoma,0,0,,,,,-1,155491.0,13.484,13.513,13.691,0,0,0
ACH-000905,5637,Bladder/Urinary Tract,Bladder Urothelial Carcinoma,Bladder Urothelial Carcinoma,1,0,2.0001788389985142,3.114872334086721,0.6421383043889552,0.9562164735588687,1,3.0,8.8102,8.6557,15.769,1,1,1
ACH-000906,ES2,Ovary/Fallopian Tube,Ovarian Epithelial Tumor,Clear Cell Ovarian Cancer,1,0,,,,,-1,247.0,11.155,14.487,14.933,1,1,1
ACH-000907,SNU349,Kidney,Renal Cell Carcinoma,Renal Clear Cell Carcinoma,1,0,3.0,3.3056812761892895,0.9075285090576937,0.0,0,1099.0,,,,1,1,1
ACH-000908,SNU520,Esophagus/Stomach,Esophagogastric Adenocarcinoma,Stomach Adenocarcinoma,0,0,1.999942427535591,2.2852167154760963,0.8751653241425411,3.567643088382028e-05,0,1113.0,,,,1,1,1
ACH-000909,JHUEM2,Uterus,Endometrial Carcinoma,Endometrial Carcinoma,0,0,2.0,2.183730667307101,0.915863860842477,0.0,0,498.0,6.5701,10.998,11.423,1,1,1
ACH-000910,MDAMB453,Breast,Invasive Breast Carcinoma,Invasive Breast Carcinoma,0,0,,,,,-1,657.0,9.975,12.465,17.69,1,1,1
ACH-000911,NUGC3,Esophagus/Stomach,Esophagogastric Adenocarcinoma,Stomach Adenocarcinoma,1,0,3.096684777543466,3.6747634651089354,0.8426895518434864,0.9980951955673937,1,877.0,7.8858,12.093,14.513,1,1,1
ACH-000912,NCIH2286,Lung,Lung Neuroendocrine Tumor,Small Cell Lung Cancer,1,0,1.1841972191372263,1.938675472026859,0.6108279782893029,0.96112738509264,1,155510.0,,11.294,13.672,1,1,1
ACH-000913,ESS1,Uterus,Uterine Sarcoma/Mesenchymal,Endometrial Stromal Sarcoma,1,0,,,,,-1,248.0,3.8262,13.434,14.213,1,1,1
ACH-000915,IPC298,Skin,Melanoma,Cutaneous Melanoma,1,0,2.190622908229842,3.6324158411677434,0.6030760254381018,0.8118520827250286,1,478.0,12.914,12.836,15.002,1,1,1
ACH-000916,NCIH1573,Lung,Non-Small Cell Lung Cancer,Lung Adenocarcinoma,1,1,3.1840004539611075,3.5202095635044035,0.9044917345180449,0.4129795976702183,0,155424.0,13.237,13.774,,1,1,1
ACH-000917,TE4,Esophagus/Stomach,Esophageal Squamous Cell Carcinoma,Esophageal Squamous Cell Carcinoma,1,0,5.470130399907113,2.799421346813453,1.9540218217360155,1.0,1,1191.0,,13.515,13.747,1,1,1
ACH-000919,IM95,Esophagus/Stomach,Esophagogastric Adenocarcinoma,Stomach Adenocarcinoma,0,0,,,,,-1,474.0,,13.275,11.223,1,1,1
ACH-000921,NCIH157DM,Lung,Non-Small Cell Lung Cancer,Lung Squamous Cell Carcinoma,1,1,3.1372927272404345,3.4916961624609266,0.8985010668938873,0.0,0,,,,,1,1,1
ACH-000924,NCIH2172,Lung,Non-Small Cell Lung Cancer,Non-Small Cell Lung Cancer,1,0,3.99993280654866,4.577142945578608,0.8738929183788073,0.9999328065486602,1,155500.0,13.877,15.091,15.53,1,1,1
ACH-000925,DV90,Lung,Non-Small Cell Lung Cancer,Lung Adenocarcinoma,0,1,2.0,2.0646404868079853,0.9686916500858113,0.0,0,227.0,7.0235,10.965,9.6354,1,1,1
ACH-000926,HT55,Bowel,Colorectal Adenocarcinoma,Colon Adenocarcinoma,1,0,,,,,-1,452.0,13.572,13.093,13.754,1,1,1
ACH-000927,BT474,Breast,Invasive Breast Carcinoma,Breast Invasive Ductal Carcinoma,1,0,3.288047212866567,4.409372504603048,0.7456950415130719,0.9937349399303479,1,97.0,15.677,15.532,14.364,1,1,1
ACH-000928,JHUEM1,Uterus,Endometrial Carcinoma,Endometrial Carcinoma,0,0,,,,,-1,497.0,10.487,13.639,8.9376,1,1,1
ACH-000929,NCIH2110,Lung,Non-Small Cell Lung Cancer,Non-Small Cell Lung Cancer,1,0,,,,,-1,155493.0,10.077,12.699,14.533,1,1,1
ACH-000930,HCC1569,Breast,Invasive Breast Carcinoma,Breast Invasive Ductal Carcinoma,1,0,3.9873991591413707,3.59620813920549,1.108778748279655,0.0,0,306.0,11.284,,,1,1,1
ACH-000931,HMCB,Skin,Melanoma,Melanoma,0,0,,,,,-1,377.0,13.13,15.534,15.061,0,0,0
ACH-000932,SNU1,Esophagus/Stomach,Esophagogastric Adenocarcinoma,Stomach Adenocarcinoma,0,1,,,,,-1,1075.0,7.76,11.912,13.314,1,1,1
ACH-000933,SNU324,Pancreas,Pancreatic Adenocarcinoma,Pancreatic Adenocarcinoma,0,0,2.0,2.0544790179518095,0.9734828063583137,0.0,0,1098.0,,,,1,1,1
ACH-000934,MDAMB361,Breast,Invasive Breast Carcinoma,Invasive Breast Carcinoma,1,0,,,,,-1,651.0,12.955,14.063,13.617,1,1,1
ACH-000935,MDST8,Bowel,Colorectal Adenocarcinoma,Colon Adenocarcinoma,0,0,4.0,4.074155500757737,0.9817985590525583,0.0,0,661.0,12.038,14.492,14.638,1,1,1
ACH-000936,EFO27,Ovary/Fallopian Tube,Ovarian Epithelial Tumor,Mucinous Ovarian Cancer,1,0,,,,,-1,238.0,12.898,14.095,13.96,1,1,1
ACH-000939,SKUT1,Uterus,Uterine Sarcoma/Mesenchymal,Uterine Leiomyosarcoma,1,0,,,,,-1,1063.0,11.116,13.804,13.245,1,1,1
ACH-000940,AN3CA,Uterus,Endometrial Carcinoma,Endometrial Carcinoma,1,0,,,,,-1,50.0,13.397,13.965,13.703,1,1,1
ACH-000941,HEC1B,Uterus,Endometrial Carcinoma,Endometrial Carcinoma,1,1,4.157144269272984,3.684873384891937,1.128164752232022,0.8428557307270163,1,353.0,14.163,11.765,14.667,1,1,1
ACH-000943,RKO,Bowel,Colorectal Adenocarcinoma,Colon Adenocarcinoma,0,0,5.122212075188278,4.413746979625466,1.1605133005659807,0.0,0,979.0,9.9058,13.31,15.531,1,1,1
ACH-000945,NCIH650,Lung,Non-Small Cell Lung Cancer,Lung Adenocarcinoma,1,1,5.621379910763057,4.8920741377154595,1.1490790516490772,0.589425490632665,1,155340.0,11.608,13.794,12.099,1,1,1
ACH-000946,HEC265,Uterus,Endometrial Carcinoma,Endometrial Carcinoma,0,0,2.0,2.0010210607149426,0.9994897301507772,0.0,0,355.0,13.202,13.082,15.687,1,1,1
ACH-000947,OVK18,Ovary/Fallopian Tube,Ovarian Epithelial Tumor,Endometrioid Ovarian Cancer,1,1,,,,,-1,912.0,9.3757,12.682,12.85,1,1,1
ACH-000948,2313287,Esophagus/Stomach,Esophagogastric Adenocarcinoma,Stomach Adenocarcinoma,0,0,,,,,-1,4.0,8.655,11.81,14.849,1,1,1
ACH-000949,TGBC11TKB,Esophagus/Stomach,Esophagogastric Adenocarcinoma,Stomach Adenocarcinoma,1,1,2.002396678246454,2.0926588153042704,0.956867246395972,0.0024982041347046133,0,1200.0,,,,1,1,1
ACH-000950,LOVO,Bowel,Colorectal Adenocarcinoma,Colon Adenocarcinoma,0,1,,,,,-1,622.0,8.7406,10.885,12.938,1,1,1
ACH-000951,NCIH2342,Lung,Non-Small Cell Lung Cancer,Lung Adenocarcinoma,1,0,3.998493745015774,4.7963867867736525,0.8336470603333909,1.0,1,155513.0,14.599,14.724,14.242,1,1,1
ACH-000952,MDAPCA2B,Prostate,Prostate Adenocarcinoma,Prostate Adenocarcinoma,0,0,1.999892223294167,2.0263743596845187,0.9869312714781514,0.0,0,660.0,,,,1,1,1
ACH-000954,HEC1A,Uterus,Endometrial Carcinoma,Endometrial Carcinoma,1,1,,,,,-1,352.0,13.227,12.358,13.613,1,1,1
ACH-000955,SNU407,Bowel,Colorectal Adenocarcinoma,Colon Adenocarcinoma,1,1,,,,,-1,1102.0,10.288,11.59,14.204,1,1,1
ACH-000956,22RV1,Prostate,Prostate Adenocarcinoma,Prostate Adenocarcinoma,1,0,,,,,-1,7.0,9.1752,11.254,14.573,1,1,1
ACH-000957,LS180,Bowel,Colorectal Adenocarcinoma,Colon Adenocarcinoma,0,1,2.891886431410699,2.1021347304795355,1.3756903349154062,0.0,0,630.0,10.208,11.654,13.475,1,1,1
ACH-000958,SW48,Bowel,Colorectal Adenocarcinoma,Colon Adenocarcinoma,0,0,,,,,-1,1162.0,8.3826,10.916,11.655,1,1,1
ACH-000959,SNUC4,Bowel,Colorectal Adenocarcinoma,Colon Adenocarcinoma,1,0,2.0,1.9912446378335442,1.0043969294380533,0.0,0,1133.0,12.581,13.128,14.762,1,1,1
ACH-000961,ISHIKAWAHERAKLIO02ER,Uterus,Endometrial Carcinoma,Endometrial Carcinoma,1,0,,,,,-1,479.0,13.424,14.408,15.805,1,1,1
ACH-000962,OC314,Ovary/Fallopian Tube,Ovarian Epithelial Tumor,Serous Ovarian Cancer,1,0,3.004792645839769,3.0233415919256292,0.993864753445195,0.6802507998594066,1,881.0,7.4293,11.156,14.462,1,1,1
ACH-000963,CCK81,Bowel,Colorectal Adenocarcinoma,Colon Adenocarcinoma,1,0,2.730529095514917,3.8533372096622034,0.7086141043322509,0.5329618484684228,1,132.0,,12.454,12.974,1,1,1
ACH-000965,RL952,Uterus,Endometrial Carcinoma,Uterine Adenosquamous Carcinoma,1,0,,,,,-1,981.0,12.931,11.437,14.604,1,1,1
ACH-000966,IGROV1,Ovary/Fallopian Tube,Ovarian Epithelial Tumor,Endometrioid Ovarian Cancer,1,0,,,,,-1,473.0,10.6135,13.25,13.8985,1,1,1
ACH-000967,SNUC2A,Bowel,Colorectal Adenocarcinoma,Colon Adenocarcinoma,1,1,,,,,-1,1131.0,11.412,13.267,14.916,1,1,1
ACH-000968,COLO792,Skin,Melanoma,Melanoma,0,0,3.1599080535980417,3.766038285653272,0.8390536191933352,0.0,1,169.0,,14.372,14.4,1,1,1
ACH-000969,KM12,Bowel,Colorectal Adenocarcinoma,Colon Adenocarcinoma,1,0,,,,,-1,536.0,12.287,13.341,16.656,1,1,1
ACH-000970,SNUC5,Bowel,Colorectal Adenocarcinoma,Colon Adenocarcinoma,1,0,,,,,-1,1134.0,10.789,13.709,13.694,1,1,1
ACH-000971,HCT116,Bowel,Colorectal Adenocarcinoma,Colon Adenocarcinoma,0,1,,,,,-1,343.0,13.682,13.232,15.806,1,1,1
ACH-000972,HEC151,Uterus,Endometrial Carcinoma,Endometrial Carcinoma,0,0,2.0,2.0000122903675814,0.9999938548539723,0.0,0,351.0,11.705,12.836,12.657,1,1,1
ACH-000973,639V,Bladder/Urinary Tract,Urethral Cancer,Urethral Urothelial Carcinoma,1,0,3.0,2.5061628512492224,1.1970491057692518,1.0,1,14.0,8.9666,14.127,14.769,1,1,1
ACH-000974,SNGM,Uterus,Endometrial Carcinoma,Endometrial Carcinoma,0,1,,,,,-1,1074.0,10.58,13.415,14.944,1,1,1
ACH-000975,HCC2450,Lung,Non-Small Cell Lung Cancer,Lung Squamous Cell Carcinoma,1,0,,,,,-1,,,,,1,1,1
ACH-000976,HUCCT1,Biliary Tract,Intraductal Papillary Neoplasm of the Bile Duct,Intrahepatic Cholangiocarcinoma,1,1,3.045931825025318,3.484246307258921,0.8742010628466653,1.0,1,455.0,11.407,12.78,14.231,1,1,1
ACH-000977,LNCAPCLONEFGC,Prostate,Prostate Adenocarcinoma,Prostate Adenocarcinoma,0,0,,,,,-1,618.0,9.6456,12.222,12.395,1,1,1
ACH-000978,EN,Uterus,Endometrial Carcinoma,Endometrial Carcinoma,1,0,1.9999186341768243,2.0596892996325606,0.9709807370138791,0.0,0,243.0,15.239,14.388,15.104,1,1,1
ACH-000979,DU145,Prostate,Prostate Adenocarcinoma,Prostate Adenocarcinoma,1,0,2.7965747839774564,2.765642061561421,1.011184644190207,0.10171260801127184,0,225.0,9.6649,13.870999999999999,14.3305,1,1,1
ACH-000980,NCIH1155,Lung,Non-Small Cell Lung Cancer,Large Cell Lung Carcinoma,1,1,1.9999378313629634,2.110339475619404,0.9476853626954798,1.0,1,155388.0,6.4544,13.637,12.069,1,1,1
ACH-000982,GP2D,Bowel,Colorectal Adenocarcinoma,Colon Adenocarcinoma,0,1,,,,,-1,282.0,10.181,12.823,13.685,1,1,1
ACH-000984,HEC6,Uterus,Endometrial Carcinoma,Uterine Adenosquamous Carcinoma,1,0,4.831004948969534,3.587373169239126,1.346669198062319,6.64968853659526e-05,0,358.0,11.925,13.58,14.184,1,1,1
ACH-000985,LS411N,Bowel,Colorectal Adenocarcinoma,Colon Adenocarcinoma,1,0,4.554960488614753,3.813227863546522,1.1945156837227073,0.007548376499589712,0,631.0,14.033,13.881,14.989,1,1,1
ACH-000986,HT115,Bowel,Colorectal Adenocarcinoma,Colon Adenocarcinoma,1,0,,,,,-1,447.0,11.11,12.845,14.623,1,1,1
ACH-000987,MEWO,Skin,Melanoma,Cutaneous Melanoma,1,0,2.263840592546837,2.057558176340733,1.1002559337461686,0.0,0,669.0,13.05,14.17,13.474,1,1,1
ACH-000988,MFE319,Uterus,Endometrial Carcinoma,Uterine Adenosquamous Carcinoma,1,0,2.2335040640313624,2.0741171252667416,1.0768456789749146,0.0010631989578443984,0,672.0,13.954,14.579,13.619,1,1,1
ACH-000989,SNU175,Bowel,Colorectal Adenocarcinoma,Mucinous Adenocarcinoma of the Colon and Rectum,0,1,,,,,-1,1090.0,,11.772,14.098,1,1,1
ACH-000990,HEC108,Uterus,Endometrial Carcinoma,Endometrial Carcinoma,1,0,3.998861051181401,3.7167417199688746,1.0759050137104735,0.0002847372046496811,0,350.0,13.461,14.023,15.274,1,1,1
ACH-000991,SNU81,Bowel,Colorectal Adenocarcinoma,Colon Adenocarcinoma,1,1,2.0,2.059216837167092,0.9712430298265443,0.0,0,1124.0,7.293,11.509,12.324,1,1,1
ACH-000992,BICR18,Head and Neck,Head and Neck Squamous Cell Carcinoma,Larynx Squamous Cell Carcinoma,1,0,,,,,-1,67.0,13.391,12.607,13.75,1,1,1
ACH-000993,JHUEM7,Uterus,Endometrial Carcinoma,Endometrial Carcinoma,1,0,2.0,2.0005192592977505,0.9997404377411828,0.0,0,500.0,9.3177,13.542,14.222,1,1,1
ACH-000994,HEC59,Uterus,Endometrial Carcinoma,Endometrial Carcinoma,1,0,4.0,3.871099244789497,1.033298230569522,0.0,0,357.0,13.577,13.218,14.34,1,1,1
ACH-000996,HEC251,Uterus,Endometrial Carcinoma,Endometrial Carcinoma,1,0,,,,,-1,354.0,12.765,13.839,14.784,1,1,1
ACH-000997,HCT15,Bowel,Colorectal Adenocarcinoma,Colon Adenocarcinoma,1,1,1.9732125791996753,2.000615986570826,0.9863025150478169,0.026787420800324795,0,345.0,11.709,13.668,14.952,1,1,1
ACH-000998,CW2,Bowel,Colorectal Adenocarcinoma,Colon Adenocarcinoma,0,1,2.0,2.036430396180866,0.9821106597852851,0.0,0,190.0,10.293,12.307,12.137,1,1,1
ACH-000999,SNU1040,Bowel,Colorectal Adenocarcinoma,Colon Adenocarcinoma,1,0,,,,,-1,1077.0,,,,1,1,1
ACH-001000,1321N1,CNS/Brain,Diffuse Glioma,Astrocytoma,0,0,,,,,-1,5.0,,,,0,0,0
ACH-001001,143B,Bone,Osteosarcoma,Osteosarcoma,1,1,5.08672336301006,3.839536069033451,1.3248276019687377,0.9606105234294439,1,6.0,,,,1,1,1
ACH-001002,451LU,Skin,Melanoma,Cutaneous Melanoma,1,0,5.007543378861724,4.315062917813226,1.1604798062595647,1.0,1,,,,,1,1,1
ACH-001007,A673STAG2KO16,Bone,Ewing Sarcoma,Ewing Sarcoma,0,0,,,,,-1,,,,,0,0,0
ACH-001008,A673STAG2KO45,Bone,Ewing Sarcoma,Ewing Sarcoma,0,0,,,,,-1,,,,,0,0,0
ACH-001009,A673STAG2NT14,Bone,Ewing Sarcoma,Ewing Sarcoma,0,0,,,,,-1,,,,,0,0,0
ACH-001010,A673STAG2NT23,Bone,Ewing Sarcoma,Ewing Sarcoma,0,0,,,,,-1,,,,,0,0,0
ACH-001015,AZ521,Bowel,Small Bowel Cancer,Duodenal Adenocarcinoma,0,0,,,,,-1,54.0,,,,0,0,0
ACH-001016,BECKER,CNS/Brain,Diffuse Glioma,Astrocytoma,1,0,3.131668496206852,2.87426615107068,1.0895541093298853,0.8732909946624832,1,59.0,,14.195,14.784,1,1,1
ACH-001017,BGC823,Cervix,Cervical Adenocarcinoma,Endocervical Adenocarcinoma,0,0,,,,,-1,,,,,0,0,0
ACH-001018,BJHTERT,Fibroblast,Non-Cancerous,"Fibroblast, NOS",0,0,,,,,-1,73.0,,,,0,0,0
ACH-001019,BROLI,Skin,Merkel Cell Carcinoma,Merkel Cell Carcinoma,0,0,,,,,-1,,,,,1,0,0
ACH-001020,BT16,CNS/Brain,Embryonal Tumor,Atypical Teratoid/Rhabdoid Tumor,0,0,2.0,2.0013344487741307,0.9993332205044748,0.0,0,155821.0,10.835,12.55,17.139,1,1,1
ACH-001021,C3A,Liver,Hepatoblastoma,Hepatoblastoma,0,0,2.00409498535974,2.339405274461761,0.856668576085361,1.0,1,104.0,,,,1,1,1
ACH-001022,CBAGPN,Bone,Ewing Sarcoma,Ewing Sarcoma,0,0,,,,,-1,,,,,1,1,1
ACH-001023,CGTHW1,Head and Neck,Head and Neck Squamous Cell Carcinoma,Head and Neck Squamous Cell Carcinoma,1,0,3.39263397726694,3.4663528500293457,0.978733015376152,0.007922215902574145,0,139.0,8.2632,14.082,14.691,1,1,1
ACH-001024,CHL1,Skin,Melanoma,Melanoma,1,0,3.0276952843443525,3.5838360554301683,0.8448196952974005,0.9772053595320159,1,142.0,,,,1,1,1
ACH-001028,CHLA06ATRT,CNS/Brain,Embryonal Tumor,Atypical Teratoid/Rhabdoid Tumor,1,0,,,,,-1,,,,,1,1,1
ACH-001029,CHLA10,Bone,Ewing Sarcoma,Ewing Sarcoma,1,0,1.9986523891189123,2.341845138436907,0.8534519880562799,0.9993261945594561,1,,,,,1,1,1
ACH-001030,CHLA218,Bone,Ewing Sarcoma,Ewing Sarcoma,0,0,2.0,2.291452200424393,0.8728089547884027,0.0,0,,,,,1,1,1
ACH-001031,CHLA266,CNS/Brain,Embryonal Tumor,Atypical Teratoid/Rhabdoid Tumor,0,0,,,,,-1,,,,,1,1,1
ACH-001032,CHLA32,Bone,Ewing Sarcoma,Ewing Sarcoma,1,0,1.9962336130667229,3.2707430213569966,0.6103303133361137,0.9962336130667228,1,,,,,1,1,1
ACH-001033,CHLA57,CNS/Brain,Embryonal Tumor,Primitive Neuroectodermal Tumor,0,0,,,,,-1,,,,,1,1,1
ACH-001034,CHLA9,Bone,Ewing Sarcoma,Ewing Sarcoma,0,0,,,,,-1,,,,,1,1,1
ACH-001035,CHLA99,Bone,Ewing Sarcoma,Ewing Sarcoma,1,0,4.0,4.0400588735249165,0.9900845817402741,0.0,0,,,,,1,1,1
ACH-001038,COGE352,Bone,Ewing Sarcoma,Ewing Sarcoma,1,0,2.9842888147776554,3.893596090933967,0.7664608102844602,0.9921444073888278,1,,,,,1,1,1
ACH-001039,COLO205,Bowel,Colorectal Adenocarcinoma,Colon Adenocarcinoma,1,0,3.029242723264316,3.410935346816258,0.8880973736695973,1.0,1,156.0,12.783,12.813,14.687,1,1,1
ACH-001041,CHL1DM,Skin,Melanoma,Melanoma,1,0,2.0,3.0346699507302333,0.6590502533953452,1.0,1,,,,,1,1,1
ACH-001042,COLO704,Uterus,Endometrial Carcinoma,Endometrial Carcinoma,0,0,,,,,-1,165.0,,,,0,0,0
ACH-001044,COLO818,Skin,Melanoma,Cutaneous Melanoma,0,0,,,,,-1,171.0,,,,0,0,0
ACH-001045,COLO849,Skin,Melanoma,Cutaneous Melanoma,0,0,,,,,-1,173.0,,,,0,0,0
ACH-001046,CORL26,Lung,Lung Neuroendocrine Tumor,Small Cell Lung Cancer,0,0,,,,,-1,,,,,1,0,0
ACH-001047,CORL51,Lung,Lung Neuroendocrine Tumor,Small Cell Lung Cancer,0,0,,,,,-1,181.0,,12.487,9.0842,0,0,0
ACH-001048,COV504,Ovary/Fallopian Tube,Ovarian Epithelial Tumor,Serous Ovarian Cancer,1,0,2.0,3.2388288677934143,0.6175071550978803,1.0,1,187.0,,,,1,1,1
ACH-001049,CPCN,Lung,Lung Neuroendocrine Tumor,Small Cell Lung Cancer,1,0,2.0232329732321874,2.188583605117543,0.9244485650451196,0.9758302292176697,1,189.0,,,,1,1,1
ACH-001050,CW9019,Soft Tissue,Rhabdomyosarcoma,Alveolar Rhabdomyosarcoma,0,0,4.0,3.5307583291693767,1.1329011014302455,0.0,0,,,,,1,1,1
ACH-001052,D384,CNS/Brain,Embryonal Tumor,Medulloblastoma,0,0,,,,,-1,,,,,0,0,0
ACH-001053,D425,CNS/Brain,Embryonal Tumor,Medulloblastoma,1,0,2.8769510228846844,3.6040583687874044,0.7982531714248131,0.5615244885576578,1,,,,,1,1,1
ACH-001054,D458,CNS/Brain,Embryonal Tumor,Medulloblastoma,0,0,2.4404317902715142,4.077677943442114,0.5984856636842335,0.5597234321819152,1,,,,,1,1,1
ACH-001055,D556,CNS/Brain,Embryonal Tumor,Medulloblastoma,0,0,,,,,-1,,,,,0,0,0
ACH-001059,DL,Soft Tissue,Rhabdoid Cancer,Extrarenal Rhabdoid Cancer,0,0,2.0,2.021961889736093,0.9891383265690733,0.0,0,,,,,1,1,1
ACH-001061,DLD1,Bowel,Colorectal Adenocarcinoma,Colon Adenocarcinoma,1,1,2.0,2.015331852032315,0.9923923933337063,0.0,0,212.0,13.898,14.077,15.872,1,1,1
ACH-001063,DOV13,Ovary/Fallopian Tube,Ovarian Epithelial Tumor,Serous Ovarian Cancer,0,0,3.0,3.2035960263602643,0.9364476592288766,0.0,0,223.0,11.36,13.645,13.914,0,1,0
ACH-001065,EVSAT,Breast,Invasive Breast Carcinoma,Breast Invasive Lobular Carcinoma,1,0,2.0049241588270066,3.1084206624130766,0.6449976938676562,1.0,1,249.0,,,,1,1,1
ACH-001066,EWS834,Bone,Ewing Sarcoma,Ewing Sarcoma,1,0,1.9985670425145907,2.579121600473541,0.7749022156022589,0.9992835212572954,1,,,,,1,1,1
ACH-001067,F5,CNS/Brain,Meningothelial Tumor,Meningioma,0,0,,,,,-1,254.0,,,,1,1,1
ACH-001071,GLC82,Cervix,Cervical Adenocarcinoma,Endocervical Adenocarcinoma,0,0,,,,,-1,,,,,0,0,0
ACH-001072,GRM,Pancreas,Pancreatic Adenocarcinoma,Pancreatic Adenocarcinoma,0,0,,,,,-1,284.0,,,,0,0,0
ACH-001075,NCIH292,Lung,Non-Small Cell Lung Cancer,Mucoepidermoid Carcinoma of the Lung,0,0,1.9962336130667229,2.100189728155024,0.9505015600758963,0.0,0,,,,,1,1,1
ACH-001079,HCC1897,Lung,Non-Small Cell Lung Cancer,Lung Squamous Cell Carcinoma,0,0,,,,,-1,311.0,,,,0,0,0
ACH-001081,HCC2998,Bowel,Colorectal Adenocarcinoma,Colon Adenocarcinoma,1,1,2.0,2.1348245579209815,0.9368451344534459,0.0,0,,,,,1,1,1
ACH-001084,HCT8,Bowel,Colorectal Adenocarcinoma,Colon Adenocarcinoma,0,0,,,,,-1,346.0,13.953,12.979,15.024,0,0,0
ACH-001085,HEK293,,Non-Cancerous,Transformed cell line,0,0,,,,,-1,,,,,1,0,0
ACH-001086,HELA,Cervix,Cervical Adenocarcinoma,Endocervical Adenocarcinoma,0,0,4.0,3.6951398297196207,1.0825030132360407,0.0,0,364.0,12.6215,15.3045,14.977,1,1,1
ACH-001087,HK2,Kidney,Non-Cancerous,Immortalized Embyonic Kidney Cells,0,0,,,,,-1,370.0,,,,0,0,0
ACH-001088,HLC1,Lung,Non-Small Cell Lung Cancer,Lung Adenocarcinoma,0,0,,,,,-1,372.0,,,,0,0,0
ACH-001089,HLE,Liver,Hepatocellular Carcinoma,Hepatocellular Carcinoma,1,0,2.6885555172090796,2.8467584770138625,0.9444269820983437,0.6569776710150541,1,373.0,,,,1,1,1
ACH-001090,HN,Head and Neck,Head and Neck Squamous Cell Carcinoma,Oral Cavity Squamous Cell Carcinoma,0,0,,,,,-1,379.0,,,,0,0,0
ACH-001091,HRT18,Bowel,Colorectal Adenocarcinoma,Colon Adenocarcinoma,0,0,,,,,-1,387.0,,,,0,0,0
ACH-001093,HS604T,Fibroblast,Non-Cancerous,"Fibroblast, Lymphoid",0,0,2.0,2.0003432890282404,0.9998283849426629,0.0,0,403.0,,,,1,1,1
ACH-001094,HTK,Bone,Osteosarcoma,Osteosarcoma,0,0,,,,,-1,454.0,,,,0,0,0
ACH-001096,JR,Soft Tissue,Rhabdomyosarcoma,Alveolar Rhabdomyosarcoma,0,0,,,,,-1,,,,,1,1,1
ACH-001098,KCIMOH1,Pancreas,Pancreatic Adenocarcinoma,Pancreatic Adenocarcinoma,1,1,2.0,2.7870071863673194,0.7176156594726505,1.0,1,523.0,,,,1,1,1
ACH-001099,KD,Soft Tissue,Rhabdoid Cancer,Extrarenal Rhabdoid Cancer,0,0,1.998990147629947,2.0018080890911656,0.9985923018911878,0.0,0,,,,,1,1,1
ACH-001101,KLM1,Pancreas,Pancreatic Adenocarcinoma,Pancreatic Adenocarcinoma,0,0,,,,,-1,535.0,,,,0,0,0
ACH-001107,KP1N,Pancreas,Pancreatic Adenocarcinoma,Pancreatic Adenocarcinoma,1,1,2.0231177247348735,2.628966285617733,0.769548752223537,0.9768822752651265,1,564.0,,,,1,1,1
ACH-001109,KPMRTRY,Kidney,Rhabdoid Cancer,Rhabdoid Cancer,0,0,,,,,-1,,,,,0,0,0
ACH-001113,LC1SQSF,Lung,Non-Small Cell Lung Cancer,Lung Squamous Cell Carcinoma,1,0,,,,,-1,598.0,13.324,14.686,14.509,1,1,1
ACH-001118,M059J,CNS/Brain,Diffuse Glioma,Glioblastoma,1,0,,,,,-1,,,,,1,1,1
ACH-001122,MKL1,Skin,Merkel Cell Carcinoma,Merkel Cell Carcinoma,0,0,,,,,-1,,,,,0,0,0
ACH-001123,MKL2,Skin,Merkel Cell Carcinoma,Merkel Cell Carcinoma,0,0,,,,,-1,,,,,0,0,0
ACH-001125,MOGGCCM,CNS/Brain,Diffuse Glioma,Anaplastic Astrocytoma,1,0,3.0,4.252956320282026,0.7053916791228793,1.0,1,690.0,,,,1,1,1
ACH-001126,MOGGUVW,CNS/Brain,Diffuse Glioma,Anaplastic Astrocytoma,1,0,3.989242324709931,3.704851758193968,1.0767616587862066,0.8956276400133905,1,691.0,,,,1,1,1
ACH-001128,MON,Soft Tissue,Rhabdoid Cancer,Extrarenal Rhabdoid Cancer,0,0,2.0,1.99873692853089,1.0006319348239783,0.0,0,,,,,1,1,1
ACH-001131,MSDASH1,Skin,Merkel Cell Carcinoma,Merkel Cell Carcinoma,0,0,3.9870462625780654,3.6039247270237573,1.106306752935626,0.0,0,,,,,0,1,0
ACH-001136,NCIH187,Lung,Lung Neuroendocrine Tumor,Small Cell Lung Cancer,1,0,2.0389557640590428,3.0761088726578873,0.6628360205915922,0.9768810815576877,1,,,,,1,1,1
ACH-001137,NCIH1993,Lung,Non-Small Cell Lung Cancer,Lung Adenocarcinoma,1,0,3.6683010073430755,4.4452084089750015,0.8252258769097692,0.8478242845296434,1,,,,,1,1,1
ACH-001138,NCIH2141,Lung,Lung Neuroendocrine Tumor,Small Cell Lung Cancer,1,0,2.0243467300868705,3.0032519333553367,0.6740515864165949,0.9760035418952749,1,155496.0,,,9.1255,1,1,1
ACH-001142,NHAHTDD,CNS/Brain,Non-Cancerous,"Immortalized Epithelial Cells, CNS",0,0,,,,,-1,,,,,0,0,0
ACH-001144,OC315,Ovary/Fallopian Tube,Ovarian Epithelial Tumor,Serous Ovarian Cancer,0,0,,,,,-1,882.0,,,,0,0,0
ACH-001145,OC316,Ovary/Fallopian Tube,Ovarian Epithelial Tumor,Serous Ovarian Cancer,1,0,2.985634332004541,2.958018605297179,1.0093358867513234,0.8396852657987822,1,883.0,,,,1,1,1
ACH-001150,OUMS27,Bone,Chondrosarcoma,Chondrosarcoma,0,0,,,,,-1,904.0,,,,0,0,0
ACH-001151,OVCAR5,Ovary/Fallopian Tube,Ovarian Epithelial Tumor,High-Grade Serous Ovarian Cancer,0,1,2.004044296220064,2.6116194388419753,0.7673569381566107,1.0,1,909.0,12.451,13.604,13.898,1,1,1
ACH-001163,CCLFPEDS0001T,Kidney,Renal Cell Carcinoma,Renal Medullary Carcinoma,1,0,2.0,2.020597572538417,0.9898061975237648,0.0,0,,,,,1,1,1
ACH-001164,CCLFPEDS0003T,Soft Tissue,Undifferentiated Pleomorphic Sarcoma/Malignant Fibrous Histiocytoma/High-Grade Spindle Cell Sarcoma,Undifferentiated Pleomorphic Sarcoma/Malignant Fibrous Histiocytoma/High-Grade Spindle Cell Sarcoma,0,0,1.9942772356768403,2.016120823615014,0.9891655362702882,0.0004866028682130708,0,,,,,1,1,1
ACH-001170,PETA,Skin,Merkel Cell Carcinoma,Merkel Cell Carcinoma,0,0,,,,,-1,,,,,0,0,0
ACH-001171,PL45,Pancreas,Pancreatic Adenocarcinoma,Pancreatic Adenocarcinoma,0,0,,,,,-1,948.0,,,,0,0,0
ACH-001172,U251MGDM,CNS/Brain,Diffuse Glioma,Astrocytoma,1,0,5.216549202663283,4.688335285981104,1.1126655591936068,0.9950183443194554,1,,,,,1,1,1
ACH-001175,RCC4,Kidney,Renal Cell Carcinoma,Renal Clear Cell Carcinoma,0,0,,,,,-1,957.0,,,,0,0,0
ACH-001183,RT11284,Bladder/Urinary Tract,Bladder Urothelial Carcinoma,Bladder Urothelial Carcinoma,1,0,5.509523083186997,4.160120761787039,1.3243661419146646,0.6348341570934056,1,998.0,,,,1,1,1
ACH-001184,SCMCRM2,Soft Tissue,Rhabdomyosarcoma,Alveolar Rhabdomyosarcoma,0,0,5.0,4.16719238965837,1.1998486108796875,0.0,0,,,,,1,1,1
ACH-001188,SHSY5Y,Peripheral Nervous System,Neuroblastoma,Neuroblastoma,0,0,,,,,-1,1027.0,,,,1,1,1
ACH-001189,SJRH30,Soft Tissue,Rhabdomyosarcoma,Alveolar Rhabdomyosarcoma,0,0,,,,,-1,1031.0,,,,0,0,0
ACH-001190,SKMEL2,Skin,Melanoma,Melanoma,1,0,,,,,-1,1041.0,,,14.362,1,1,1
ACH-001192,SKNEP1,Bone,Ewing Sarcoma,Ewing Sarcoma,1,0,,,,,-1,,,,,1,1,1
ACH-001193,SKPNDW,Bone,Ewing Sarcoma,Ewing Sarcoma,1,0,2.0,3.6713322417689778,0.54476137497061,1.0,1,,,,,1,1,1
ACH-001194,SKRC31,Kidney,Renal Cell Carcinoma,Renal Cell Carcinoma,1,0,1.5547689553708361,2.0381251328338044,0.7628427373392374,0.4452310446291638,1,1061.0,,,,1,1,1
ACH-001196,SMSCTR,Soft Tissue,Rhabdomyosarcoma,Embryonal Rhabdomyosarcoma,1,0,3.501916408820698,3.2469576184174063,1.0785223647383364,0.4308783142417845,0,,,,,1,1,1
ACH-001198,SNB19,CNS/Brain,Diffuse Glioma,Astrocytoma,0,0,,,,,-1,1072.0,,,,0,0,0
ACH-001199,SNUC2B,Bowel,Colorectal Adenocarcinoma,Colon Adenocarcinoma,1,1,,,,,-1,,,,,1,1,1
ACH-001200,STM9101,Kidney,Rhabdoid Cancer,Rhabdoid Cancer,0,0,4.0,4.039096829125611,0.990320403105049,0.0,0,,,,,1,1,1
ACH-001201,SUMB002,CNS/Brain,Embryonal Tumor,Medulloblastoma,1,0,1.3301407523021682,2.083298695184376,0.6384781766420913,0.8339176358994145,1,,,,,1,1,1
ACH-001205,TC32,Bone,Ewing Sarcoma,Ewing Sarcoma,0,0,1.9998844253823194,2.126960805120749,0.9402544798040058,0.0,0,1179.0,,,,1,1,1
ACH-001206,TTC466,Bone,Ewing Sarcoma,Ewing Sarcoma,1,0,2.0,3.0148125766151246,0.6633911558925154,1.0,1,,,,,1,1,1
ACH-001207,TIG3TD,Fibroblast,Non-Cancerous,"Fibroblast, Lung",0,0,,,,,-1,1202.0,,,,0,0,0
ACH-001208,TK10,Kidney,Renal Cell Carcinoma,Renal Clear Cell Carcinoma,1,0,3.9745894717484154,4.775370235911442,0.8323102242123459,0.9999280682598475,1,,,,,1,1,1
ACH-001210,TTC1240,Kidney,Rhabdoid Cancer,Rhabdoid Cancer,0,0,2.0,2.1025541861821178,0.9512239984795166,0.0,0,,,,,1,1,1
ACH-001211,TTC549,Soft Tissue,Rhabdoid Cancer,Extrarenal Rhabdoid Cancer,0,0,,,,,-1,,,,,1,1,1
ACH-001212,TTC642,Soft Tissue,Rhabdoid Cancer,Extrarenal Rhabdoid Cancer,0,0,2.0,2.0074621384244598,0.9962827999185497,0.0,0,,,,,0,1,0
ACH-001214,U138MG,CNS/Brain,Diffuse Glioma,Glioblastoma,0,0,,,,,-1,1220.0,,,,0,0,0
ACH-001224,UMRC2,Kidney,Renal Cell Carcinoma,Renal Clear Cell Carcinoma,0,0,,,,,-1,1239.0,,,,0,0,0
ACH-001225,UMRC6,Kidney,Renal Cell Carcinoma,Renal Cell Carcinoma,0,0,,,,,-1,1240.0,,,,0,0,0
ACH-001227,UPCISCC090,Head and Neck,Head and Neck Squamous Cell Carcinoma,Oral Cavity Squamous Cell Carcinoma,0,0,,,,,-1,,,,,1,0,0
ACH-001228,UPCISCC152,Head and Neck,Head and Neck Squamous Cell Carcinoma,Oral Cavity Squamous Cell Carcinoma,0,0,1.9803165579296444,3.196929647234698,0.6194432710280603,0.9901582789648222,1,,,,,1,1,1
ACH-001229,UPCISCC154,Head and Neck,Head and Neck Squamous Cell Carcinoma,Oral Cavity Squamous Cell Carcinoma,0,0,2.0,2.042595413656522,0.979146426467163,0.0,0,,,,,1,1,1
ACH-001232,UW228,CNS/Brain,Embryonal Tumor,Medulloblastoma,1,0,1.9860607482046262,2.4150922617514934,0.8223539860809618,0.7008499638525991,1,,,,,1,1,1
ACH-001233,VMRCLCD,Lung,Non-Small Cell Lung Cancer,Lung Adenocarcinoma,1,0,2.0231101643349034,2.6258117523055122,0.7704703745645797,0.9768898356650967,1,1251.0,13.945,13.237,14.479,1,1,1
ACH-001234,VMRCLCP,Lung,Non-Small Cell Lung Cancer,Lung Squamous Cell Carcinoma,0,0,,,,,-1,1252.0,,,,0,0,0
ACH-001239,WM2664,Skin,Melanoma,Melanoma,0,0,4.645171500969635,3.6857264934457246,1.2603136747205952,0.0,0,1260.0,8.7471,14.154,14.34,1,1,1
ACH-001249,YMB1,Breast,Invasive Breast Carcinoma,Breast Invasive Ductal Carcinoma,0,0,,,,,-1,1284.0,,,,0,0,0
ACH-001270,127399,Soft Tissue,Synovial Sarcoma,Synovial Sarcoma,0,0,2.0,2.792038215557963,0.7163225735433992,1.0,1,,,,,1,1,1
ACH-001272,FUJI,Soft Tissue,Synovial Sarcoma,Synovial Sarcoma,0,0,,,,,-1,,,,,0,0,0
ACH-001274,SW982,Soft Tissue,Synovial Sarcoma,Synovial Sarcoma,0,0,,,,,-1,150887.0,,12.465,14.135,1,1,1
ACH-001275,SYO1,Bone,Osteosarcoma,Osteosarcoma,0,0,,,,,-1,155827.0,8.19,11.691,13.664,1,1,1
ACH-001277,YAMATO,Soft Tissue,Synovial Sarcoma,Synovial Sarcoma,1,0,4.136112173560579,4.42096086382274,0.9355686017053189,0.7394249648539543,1,155826.0,11.482,15.24,14.77,1,1,1
ACH-001278,BIN67,Ovary/Fallopian Tube,Ovarian Epithelial Tumor,Small Cell Carcinoma of the Ovary,0,0,,,,,-1,,,,,1,1,1
ACH-001279,SCCOHT1,Ovary/Fallopian Tube,Ovarian Epithelial Tumor,Small Cell Carcinoma of the Ovary,0,0,2.0,2.0017884650260247,0.9991065664243393,0.0,0,,,,,1,1,1
ACH-001280,SCS214,Soft Tissue,Synovial Sarcoma,Synovial Sarcoma,1,0,1.9992881954659603,2.4482530549125374,0.8166182786760104,0.0007118045340397843,1,,,,,1,1,1
ACH-001282,CHLA258,Bone,Ewing Sarcoma,Ewing Sarcoma,0,0,2.0,2.0023863603333982,0.9988082418155301,0.0,0,,,,,1,1,1
ACH-001283,TC106,Bone,Ewing Sarcoma,Ewing Sarcoma,1,0,,,,,-1,,,,,1,1,1
ACH-001289,COGAR359,CNS/Brain,Embryonal Tumor,Atypical Teratoid/Rhabdoid Tumor,0,0,2.0,1.998875575115341,1.0005625287029654,0.0,0,,,,,1,1,1
ACH-001295,Y79,Eye,Retinoblastoma,Retinoblastoma,0,0,,,,,-1,,,,,1,1,1
ACH-001300,CHLA15,Peripheral Nervous System,Neuroblastoma,Neuroblastoma,0,0,2.9996345977967644,2.2044367917733774,1.3607260634511928,0.0,0,,,,,1,1,1
ACH-001301,COGN278,Peripheral Nervous System,Neuroblastoma,Neuroblastoma,0,0,,,,,-1,,,,,1,1,1
ACH-001302,COGN305,Peripheral Nervous System,Neuroblastoma,Neuroblastoma,0,0,,,,,-1,,,,,1,1,1
ACH-001303,NB1643,Peripheral Nervous System,Neuroblastoma,Neuroblastoma,0,0,3.162662132199581,4.330224015558079,0.7303691727810017,0.0,1,,,,,1,1,1
ACH-001306,8305C,Thyroid,Anaplastic Thyroid Cancer,Anaplastic Thyroid Cancer,1,0,4.775376584152449,4.242890871767018,1.1255006853767298,0.9637322528807577,1,20.0,11.028,14.339,14.623,1,1,1
ACH-001307,8505C,Thyroid,Anaplastic Thyroid Cancer,Anaplastic Thyroid Cancer,1,0,3.0,2.974961015434907,1.0084165756913062,1.0,1,21.0,9.0983,13.791,14.23,1,1,1
ACH-001310,HA1E,Kidney,Non-Cancerous,Immortalized Embyonic Kidney Cells,0,0,2.0,2.0293232930270317,0.9855502111823239,0.0,0,,,,,1,1,1
ACH-001318,PLCPRF5,Liver,Hepatocellular Carcinoma,Hepatocellular Carcinoma,1,0,3.12669152717881,2.6675558244577373,1.1721184983314852,0.996084878283392,1,950.0,14.341,13.839,14.601,1,1,1
ACH-001321,TT,Thyroid,Medullary Thyroid Cancer,Medullary Thyroid Cancer,0,0,2.0,1.9221432698213983,1.0405051649380102,0.0,0,,,,,1,1,1
ACH-001322,CME1,Soft Tissue,Synovial Sarcoma,Synovial Sarcoma,0,0,,,,,-1,,,,,1,1,1
ACH-001328,A431,Skin,Cutaneous Squamous Cell Carcinoma,Cutaneous Squamous Cell Carcinoma,1,0,2.129313785817423,3.5338195488625517,0.6025530608949163,0.929098110438651,1,,,,,1,1,1
ACH-001329,ANGMCSS,CNS/Brain,Diffuse Glioma,Glioblastoma,0,0,2.0411469037963763,1.9521869478820282,1.045569383614035,0.034394650473200915,0,,,,,1,1,1
ACH-001331,BICR10,Head and Neck,Head and Neck Squamous Cell Carcinoma,Oral Cavity Squamous Cell Carcinoma,0,0,1.4287167505014722,2.0717945646113276,0.6896034842959934,0.5712832494985279,1,,,,,1,1,1
ACH-001332,BICR78,Head and Neck,Head and Neck Squamous Cell Carcinoma,Oral Cavity Squamous Cell Carcinoma,1,0,3.9832041634810134,2.9769562353235397,1.3380123349539645,0.0,0,,,,,1,1,1
ACH-001333,C33A,Cervix,Cervical Squamous Cell Carcinoma,Cervical Squamous Cell Carcinoma,1,0,,,,,-1,,,,,1,1,1
ACH-001334,C4I,Cervix,Cervical Squamous Cell Carcinoma,Cervical Squamous Cell Carcinoma,0,0,1.0775412370437654,1.9615005259490075,0.5493453724782625,0.9504208868360934,1,,,,,1,1,1
ACH-001335,C4II,Cervix,Cervical Squamous Cell Carcinoma,Cervical Squamous Cell Carcinoma,0,0,1.0681700168539274,2.0116662954147824,0.5309876788653374,0.9519577470848931,1,,,,,1,1,1
ACH-001336,CASKI,Cervix,Cervical Squamous Cell Carcinoma,Cervical Squamous Cell Carcinoma,0,0,3.0,3.4203191664442163,0.8771111273568125,0.0,0,,,,,1,1,1
ACH-001338,CHP134,Peripheral Nervous System,Neuroblastoma,Neuroblastoma,0,0,,,,,-1,,,,,1,1,1
ACH-001339,COLO794,Skin,Melanoma,Cutaneous Melanoma,1,0,,,,,-1,,,,,1,1,1
ACH-001340,COV413A,Ovary/Fallopian Tube,Ovarian Epithelial Tumor,Serous Ovarian Cancer,1,0,1.9831156886103907,3.7362118198708956,0.5307824567288364,0.9915578443051953,1,,,,,1,1,1
ACH-001341,DOTC24510,Cervix,Mixed Cervical Carcinoma,Mixed Cervical Carcinoma,0,0,1.9202461109513778,3.206329448077522,0.5988923290782658,0.07975388904862235,1,,,,,1,1,1
ACH-001344,GIMEN,Peripheral Nervous System,Neuroblastoma,Neuroblastoma,0,0,4.0,3.529696982420307,1.1332417541568136,0.0,0,,,,,1,1,1
ACH-001345,GP5D,Bowel,Colorectal Adenocarcinoma,Colon Adenocarcinoma,0,1,2.0,2.0026437289623926,0.9986798805378316,0.0,0,,,,,1,1,1
ACH-001346,H103,Head and Neck,Head and Neck Squamous Cell Carcinoma,Oral Cavity Squamous Cell Carcinoma,1,0,4.0,3.880546532842198,1.0307826400603195,0.0,0,,,,,1,1,1
ACH-001347,H157,Head and Neck,Head and Neck Squamous Cell Carcinoma,Oral Cavity Squamous Cell Carcinoma,1,0,5.0,3.9481622212244813,1.2664119962247402,1.0,1,,,,,1,1,1
ACH-001349,HDMB03,CNS/Brain,Embryonal Tumor,Medulloblastoma,0,0,,,,,-1,,,,,1,0,0
ACH-001350,HTCC3,Thyroid,Anaplastic Thyroid Cancer,Anaplastic Thyroid Cancer,1,0,2.160579602896049,3.6455607509643055,0.5926604301751227,0.9916831989490503,1,,,,,1,1,1
ACH-001353,JOPACA1,Pancreas,Pancreatic Adenocarcinoma,Pancreatic Adenocarcinoma,1,1,3.9834185826426873,4.536642211380692,0.8780543840662198,1.0,1,,,,,1,1,1
ACH-001354,LAN2,Peripheral Nervous System,Neuroblastoma,Neuroblastoma,1,0,3.918758243679184,3.4401748256615194,1.1391160165604772,0.46326395841389406,0,,,,,1,1,1
ACH-001355,LAN6,Peripheral Nervous System,Neuroblastoma,Neuroblastoma,1,1,1.0001923835584698,2.0640611750123212,0.48457497077454564,0.9976879554079549,1,,,,,1,1,1
ACH-001356,MB1,Thyroid,Anaplastic Thyroid Cancer,Anaplastic Thyroid Cancer,1,0,2.0,2.1941173453597727,0.9115282754724575,1.0,1,,,,,1,1,1
ACH-001357,MCF10A,Breast,Non-Cancerous,Immortalized Breast Cells,0,0,,,,,-1,,,,,0,0,0
ACH-001358,MDAMB330,Breast,Invasive Breast Carcinoma,Breast Invasive Lobular Carcinoma,1,0,2.071181768153061,3.105911822032805,0.6668514390719187,0.9771006444127224,1,,,,,1,1,1
ACH-001359,ME180,Cervix,Cervical Squamous Cell Carcinoma,Cervical Squamous Cell Carcinoma,0,0,3.0074546569836547,2.74012569590412,1.097560838715951,0.0,0,,,,,1,1,1
ACH-001360,MS751,Cervix,Cervical Squamous Cell Carcinoma,Cervical Squamous Cell Carcinoma,0,0,3.9019710001511547,3.5731082546009016,1.0920382821110426,0.040760531754541356,0,,,,,1,1,1
ACH-001362,NCIH1770,Lung,Non-Small Cell Lung Cancer,Non-Small Cell Lung Cancer,1,0,2.068113164938423,2.855097261718076,0.7243582180783293,0.9318868350615773,1,,,,,1,1,1
ACH-001363,NCIH2135,Lung,Non-Small Cell Lung Cancer,Non-Small Cell Lung Cancer,1,0,3.5823319007379877,4.054974384587708,0.8834413145379767,0.9746615872859011,1,,,,,1,1,1
ACH-001364,NCIH345,Lung,Lung Neuroendocrine Tumor,Small Cell Lung Cancer,1,0,2.0228315963836745,2.811995010954427,0.7193581740022716,0.9771684036163253,1,,,,,1,1,1
ACH-001365,NCIH847,Lung,Lung Neuroendocrine Tumor,Small Cell Lung Cancer,1,0,2.000944384049939,2.3417939458800383,0.8544493795324041,0.9999308287098766,1,,,,,1,1,1
ACH-001366,NGP,Peripheral Nervous System,Neuroblastoma,Neuroblastoma,1,1,2.0,2.1660857789540104,0.9233244682331038,0.0,0,,,,,1,1,1
ACH-001367,NMB,Peripheral Nervous System,Neuroblastoma,Neuroblastoma,1,0,2.9834186360716504,3.60052609939974,0.8286063074418568,1.0,1,,,,,1,1,1
ACH-001368,OACM51,Esophagus/Stomach,Esophagogastric Adenocarcinoma,Esophageal Adenocarcinoma,1,0,,,,,-1,,,,,1,1,1
ACH-001369,OCIC5X,Ovary/Fallopian Tube,Ovarian Epithelial Tumor,Clear Cell Ovarian Cancer,1,0,2.0,2.000146589577894,0.9999267105827854,0.0,0,,,,,1,1,1
ACH-001370,OCIP5X,Ovary/Fallopian Tube,Ovarian Epithelial Tumor,Serous Ovarian Cancer,1,0,,,,,-1,,,,,1,1,1
ACH-001373,OV17R,Ovary/Fallopian Tube,Ovarian Epithelial Tumor,Serous Ovarian Cancer,1,0,3.4174085387931425,4.9554493783018225,0.689626364413443,0.9999467212260892,1,,,,,1,1,1
ACH-001374,PA1,Ovary/Fallopian Tube,Ovarian Germ Cell Tumor,Mixed Germ Cell Tumor,0,0,2.0,2.0007727125426844,0.9996137929421767,0.0,0,,,,,1,1,1
ACH-001375,PACADD119,Pancreas,Pancreatic Adenocarcinoma,Pancreatic Adenocarcinoma,1,1,2.0,3.2296877209257193,0.61925491651767,0.9124189881314159,1,,,,,1,1,1
ACH-001376,PACADD135,Pancreas,Pancreatic Adenocarcinoma,Pancreatic Adenocarcinoma,1,1,2.80766848581404,3.101982488258434,0.9051206757103156,0.9358894952713467,1,,,,,1,1,1
ACH-001377,PACADD137,Pancreas,Pancreatic Adenocarcinoma,Pancreatic Adenocarcinoma,0,0,,,,,-1,,,,,1,1,1
ACH-001378,PACADD159,Pancreas,Pancreatic Adenocarcinoma,Pancreatic Adenocarcinoma,0,1,,,,,-1,,,,,1,1,1
ACH-001379,PACADD161,Pancreas,Pancreatic Adenocarcinoma,Pancreatic Adenocarcinoma,1,1,2.0,2.58762510448015,0.7729094900715137,1.0,1,,,,,1,1,1
ACH-001380,PACADD165,Pancreas,Pancreatic Adenocarcinoma,Pancreatic Adenocarcinoma,1,0,3.9781471730813402,2.9829550633027617,1.3336262493598179,0.7355572222807972,1,,,,,1,1,1
ACH-001382,PACADD188,Pancreas,Pancreatic Adenocarcinoma,Pancreatic Adenocarcinoma,1,1,2.0456515007471947,3.61354876669337,0.5661059619845944,0.9771742496264025,1,,,,,1,1,1
ACH-001383,PWR1E,Prostate,Non-Cancerous,Immortalized Prostate Cells,0,0,3.0,2.5332036818143386,1.18427113521773,0.0,0,,,,,1,1,1
ACH-001384,RO82W1,Thyroid,Well-Differentiated Thyroid Cancer,Follicular Thyroid Cancer,1,0,4.0,3.69476742019376,1.082612122792355,1.0,1,,,,,1,1,1
ACH-001385,RPMI2650,Head and Neck,"Head and Neck Carcinoma, Other",NUT Midline Carcinoma of the Head and Neck,0,0,1.997322272028613,2.0007800068882915,0.99827180657155,0.0,0,,,,,1,1,1
ACH-001386,SCLC22H,Lung,Lung Neuroendocrine Tumor,Small Cell Lung Cancer,1,0,2.0,3.867720693238926,0.5171004213143297,1.0,1,,,,,1,1,1
ACH-001388,SUM102PT,Breast,Invasive Breast Carcinoma,Breast Invasive Ductal Carcinoma,0,0,2.0,2.300819744544958,0.8692554054883374,0.0,0,,,,,1,1,1
ACH-001389,SUM1315MO2,Breast,Invasive Breast Carcinoma,Breast Invasive Ductal Carcinoma,1,0,2.0,2.7206463656920317,0.7351194279493484,1.0,1,,,,,1,1,1
ACH-001390,SUM149PT,Breast,Invasive Breast Carcinoma,Breast Invasive Ductal Carcinoma,1,0,2.591881671000224,2.6568191551312474,0.9755581843026062,0.9999102465450012,1,,,,,1,1,1
ACH-001391,SUM159PT,Breast,Invasive Breast Carcinoma,Invasive Breast Carcinoma,1,0,1.0199088567753098,2.027152902061436,0.5031237928516159,0.9738137640436993,1,,,,,1,1,1
ACH-001392,SUM185PE,Breast,Invasive Breast Carcinoma,Invasive Breast Carcinoma,1,0,2.0167379388776463,2.5709005492500006,0.7844480563302932,1.0,1,,,,,1,1,1
ACH-001393,SUM190PT,Breast,Invasive Breast Carcinoma,Invasive Breast Carcinoma,1,0,,,,,-1,,,,,1,1,1
ACH-001394,SUM229PE,Breast,Invasive Breast Carcinoma,Invasive Breast Carcinoma,1,1,2.13403956942682,3.197779876105413,0.6673503655998593,0.93298021528659,1,,,,,1,1,1
ACH-001395,SUM44PE,Breast,Invasive Breast Carcinoma,Breast Invasive Lobular Carcinoma,1,0,,,,,-1,,,,,1,1,1
ACH-001396,SUM52PE,Breast,Invasive Breast Carcinoma,Invasive Breast Carcinoma,1,0,4.134228427846334,4.478091825100156,0.9232120709704,1.0,1,,,,,1,1,1
ACH-001397,SUM225CWN,Breast,Invasive Breast Carcinoma,"Breast Invasive Cancer, NOS",0,0,,,,,-1,,,,,0,0,0
ACH-001398,SW156,Kidney,Renal Cell Carcinoma,Renal Cell Carcinoma,0,0,3.90197398583992,2.962589410381714,1.3170822700460443,0.0048029273935632525,0,,,,,1,1,1
ACH-001399,SW626,Bowel,Colorectal Adenocarcinoma,Colon Adenocarcinoma,1,1,4.121828742994223,4.192514601971642,0.9831399850237428,0.9128186200991779,1,,,,,1,1,1
ACH-001400,SW954,Vulva/Vagina,Squamous Cell Carcinoma of the Vulva/Vagina,Squamous Cell Carcinoma of the Vulva/Vagina,1,0,,,,,-1,,,,,1,1,1
ACH-001401,SW13,Adrenal Gland,Adrenocortical Carcinoma,Adrenocortical Carcinoma,1,0,2.0,3.0658581565789382,0.6523459005134522,1.0,1,,,,,1,1,1
ACH-001402,SW756,Cervix,Cervical Squamous Cell Carcinoma,Cervical Squamous Cell Carcinoma,0,1,3.991012419333238,3.4839213151000856,1.1455518246165053,0.0,0,,,,,1,1,1
ACH-001403,TO14,Ovary/Fallopian Tube,Ovarian Epithelial Tumor,Serous Ovarian Cancer,1,0,2.041203346819387,2.9125228353477612,0.7008368559540111,0.9951852987653997,1,,,,,1,1,1
ACH-001407,UMUC13,Bladder/Urinary Tract,Bladder Urothelial Carcinoma,Bladder Urothelial Carcinoma,1,0,,,,,-1,,,,,1,1,1
ACH-001408,UMUC14,Bladder/Urinary Tract,Urethral Cancer,Urethral Urothelial Carcinoma,1,0,,,,,-1,,,,,1,1,1
ACH-001409,UMUC16,Bladder/Urinary Tract,Bladder Urothelial Carcinoma,Bladder Urothelial Carcinoma,1,0,2.0001035021434572,3.2711896469407784,0.6114300049873161,0.9999482489282714,1,,,,,1,1,1
ACH-001410,UMUC4,Bladder/Urinary Tract,Bladder Urothelial Carcinoma,Bladder Urothelial Carcinoma,1,0,1.9912131794123347,2.3902986512716478,0.8330394941874739,0.995156036395592,1,,,,,1,1,1
ACH-001411,UMUC5,Bladder/Urinary Tract,Bladder Squamous Cell Carcinoma,Bladder Squamous Cell Carcinoma,1,0,2.0640509395621502,2.7641835349302477,0.7467126959839283,0.9546113990752794,1,,,,,1,1,1
ACH-001412,UMUC10,Bladder/Urinary Tract,Bladder Urothelial Carcinoma,Bladder Urothelial Carcinoma,1,0,3.974384237210997,3.5281518317183416,1.1264776650145818,0.8278150864060713,1,,,,,1,1,1
ACH-001413,UMUC11,Bladder/Urinary Tract,Bladder Urothelial Carcinoma,Bladder Urothelial Carcinoma,0,0,3.060013185830385,2.9724805142289137,1.0294476855886734,0.9962064657715975,1,,,,,1,1,1
ACH-001414,UMUC6,Bladder/Urinary Tract,Bladder Urothelial Carcinoma,Bladder Urothelial Carcinoma,0,0,,,,,-1,,,,,1,1,1
ACH-001415,UMUC7,Bladder/Urinary Tract,Bladder Urothelial Carcinoma,Bladder Urothelial Carcinoma,1,0,3.022903237708378,4.04122784741785,0.7480160366706045,0.9425636819380074,1,,,,,1,1,1
ACH-001416,UMUC9,Bladder/Urinary Tract,Bladder Urothelial Carcinoma,Bladder Urothelial Carcinoma,1,0,3.1644814782576676,3.9890404640988955,0.7932939028164279,0.0,1,,,,,1,1,1
ACH-001417,UMC11,Lung,Lung Neuroendocrine Tumor,Lung Carcinoid,1,0,2.908998238152017,5.0035592585934,0.5813857871585985,1.0,1,,,,,1,1,1
ACH-001418,UWB1289,Ovary/Fallopian Tube,Ovarian Epithelial Tumor,Serous Ovarian Cancer,1,0,,,,,-1,,,,,1,1,1
ACH-001419,VP229,Breast,Invasive Breast Carcinoma,Breast Invasive Ductal Carcinoma,1,0,3.0,2.9514375481584567,1.0164538300571,1.0,1,,,,,1,1,1
ACH-001421,WERIRB1,Eye,Retinoblastoma,Retinoblastoma,1,0,2.0,2.2234917997801045,0.8994861146768308,0.0,0,,,,,1,1,1
ACH-001422,WPE1NA22,Prostate,Non-Cancerous,"Immortalized Epithelial Cells, Prostate",0,0,2.9709392272360815,2.1675566517372444,1.370639713086597,0.004798826658244351,0,,,,,1,1,1
ACH-001423,CCLFPEDS0002T,Kidney,Wilms' Tumor,Wilms' Tumor,0,0,,,,,-1,,,,,1,0,0
ACH-001427,CCLFPEDS0007T,Bone,Ewing Sarcoma,Ewing Sarcoma,0,0,,,,,-1,,,,,1,0,0
ACH-001428,CCLFPEDS0010T,Bone,Ewing Sarcoma,Ewing Sarcoma,1,0,,,,,-1,,,,,1,0,0
ACH-001430,TC138,Bone,Ewing Sarcoma,Ewing Sarcoma,0,0,2.0,2.3745565193874616,0.8422625377289054,0.0,1,,,,,1,1,1
ACH-001431,TC205,Bone,Ewing Sarcoma,Ewing Sarcoma,0,0,,,,,-1,,,,,1,1,1
ACH-001433,CCLFPEDS0008T,Soft Tissue,Epithelioid Sarcoma,Epithelioid Sarcoma,1,0,2.0,3.787415451050775,0.5280645933482483,1.0,1,,,,,1,1,1
ACH-001435,1156QE8,Testis,Non-Seminomatous Germ Cell Tumor,Embryonal Carcinoma,0,0,,,,,-1,,,,,1,0,0
ACH-001436,1411H,Testis,Non-Seminomatous Germ Cell Tumor,Yolk Sac Tumor,0,0,,,,,-1,,,,,1,0,0
ACH-001437,1618K,Testis,Non-Seminomatous Germ Cell Tumor,Embryonal Carcinoma,0,0,3.0,3.6195879514242733,0.828823623092106,0.0,1,,,,,1,1,1
ACH-001438,1777NRPMET,Testis,Non-Seminomatous Germ Cell Tumor,Embryonal Carcinoma,0,0,,,,,-1,,,,,1,1,1
ACH-001440,833KE,Testis,Non-Seminomatous Germ Cell Tumor,Embryonal Carcinoma,0,0,,,,,-1,,,,,1,0,0
ACH-001441,921,Eye,Ocular Melanoma,Uveal Melanoma,0,0,4.299006506623628,3.9922803159122093,1.0768298231687004,0.006511925557843719,0,,,,,1,1,1
ACH-001442,A388,Skin,Cutaneous Squamous Cell Carcinoma,Cutaneous Squamous Cell Carcinoma,1,0,2.0,2.1156657560281706,0.9453289085487138,0.0,0,,,,,1,1,1
ACH-001443,ASH3,Thyroid,Anaplastic Thyroid Cancer,Anaplastic Thyroid Cancer,1,0,,,,,-1,,,,,1,1,1
ACH-001445,BICR3,Head and Neck,Head and Neck Squamous Cell Carcinoma,Oral Cavity Squamous Cell Carcinoma,1,0,,,,,-1,,,,,1,0,0
ACH-001451,BOKU,Cervix,Cervical Squamous Cell Carcinoma,Cervical Squamous Cell Carcinoma,0,0,2.0,1.947348757831913,1.0270373973620968,0.0,0,,,,,1,1,1
ACH-001453,BPH1,Prostate,Non-Cancerous,"Hyperplasia, Prostate",0,0,3.0,3.2501723783909897,0.9230279661305723,0.0,0,,,,,1,1,1
ACH-001454,C10,Bowel,Colorectal Adenocarcinoma,Colon Adenocarcinoma,0,0,4.532950651089273,4.588569747711736,0.9878787727591589,0.0,0,,,,,1,1,1
ACH-001456,C125PM,Bowel,Colorectal Adenocarcinoma,Colorectal Adenocarcinoma,1,1,1.9996038331854293,2.995304153948233,0.6675795613442694,0.9998019165927147,1,,,,,1,1,1
ACH-001458,C75,Bowel,Colorectal Adenocarcinoma,Colon Adenocarcinoma,1,0,2.1092952815664816,3.0314740624260588,0.695798558104249,0.8907047184335183,1,,,,,1,1,1
ACH-001459,C80,Bowel,Colorectal Adenocarcinoma,Rectal Adenocarcinoma,1,1,2.0,3.549061406956238,0.5635292745512817,1.0,1,,,,,1,1,1
ACH-001460,C84,Bowel,Colorectal Adenocarcinoma,Colon Adenocarcinoma,1,1,2.1440011482994588,2.8472256878617013,0.7530141208825732,0.8559988517005412,1,,,,,1,1,1
ACH-001461,C99,Bowel,Colorectal Adenocarcinoma,Rectal Adenocarcinoma,0,0,1.2840982848726898,2.439663767472531,0.5263423189675861,0.8466695436331657,1,,,,,1,1,1
ACH-001465,CHLA136,Peripheral Nervous System,Neuroblastoma,Neuroblastoma,0,0,,,,,-1,,,,,1,0,0
ACH-001481,CHLA90,Peripheral Nervous System,Neuroblastoma,Neuroblastoma,1,0,2.888882109065524,4.067703878978275,0.710199708487913,0.9975247594774674,1,,,,,1,1,1
ACH-001489,CORL32,Lung,Non-Small Cell Lung Cancer,Lung Squamous Cell Carcinoma,0,0,2.0406457975494177,2.8333262482770802,0.7202297295591412,0.9935125702699352,1,,,,,1,1,1
ACH-001490,CORL321,Lung,Non-Small Cell Lung Cancer,Lung Adenocarcinoma,1,0,1.365760500576548,1.9186956968235238,0.7118171489296704,0.6342394994234518,1,,,,,1,1,1
ACH-001494,EGI1,Biliary Tract,Intraductal Papillary Neoplasm of the Bile Duct,Extrahepatic Cholangiocarcinoma,1,1,2.0,3.115282041968158,0.6419964462467898,1.0,1,,,,,1,1,1
ACH-001495,EMTOKA,Uterus,Endometrial Carcinoma,Uterine Carcinosarcoma/Uterine Malignant Mixed Mullerian Tumor,1,0,2.2379990257443265,2.4883707273113034,0.8993832796620684,0.7620009742556735,1,,,,,1,1,1
ACH-001496,ESO26,Esophagus/Stomach,Esophagogastric Adenocarcinoma,Adenocarcinoma of the Gastroesophageal Junction,1,0,2.0002635600750573,3.7307145632713024,0.5361609756392386,0.9999472879849886,1,,,,,1,1,1
ACH-001497,ESO51,Esophagus/Stomach,Esophagogastric Adenocarcinoma,Esophageal Adenocarcinoma,1,0,3.0,2.9386294296525177,1.0208840794038938,1.0,1,,,,,1,1,1
ACH-001500,FLO1,Esophagus/Stomach,Esophagogastric Adenocarcinoma,Esophageal Adenocarcinoma,1,0,2.26017692828451,2.0744385505361067,1.0895366978696006,0.9977960834458551,1,,,,,1,1,1
ACH-001502,GCT27,Testis,Non-Seminomatous Germ Cell Tumor,Teratoma,0,0,3.038222774327635,2.6566628249690925,1.1436237770831839,0.4562010735821114,0,,,,,1,1,1
ACH-001508,H314,Head and Neck,Head and Neck Squamous Cell Carcinoma,Oral Cavity Squamous Cell Carcinoma,1,0,2.1078397530508197,3.305954732817927,0.6375888127343295,0.9956494345556813,1,,,,,1,1,1
ACH-001509,H357,Head and Neck,Head and Neck Squamous Cell Carcinoma,Oral Cavity Squamous Cell Carcinoma,1,0,4.019188258950972,3.7196023237924942,1.0805424637042977,0.9657376694639883,1,,,,,1,1,1
ACH-001510,H376,Head and Neck,Head and Neck Squamous Cell Carcinoma,Oral Cavity Squamous Cell Carcinoma,1,0,4.0,3.1803938330270287,1.2577058722922023,0.0,0,,,,,1,1,1
ACH-001511,H413,Head and Neck,Head and Neck Squamous Cell Carcinoma,Oral Cavity Squamous Cell Carcinoma,1,0,4.0,3.8216540820245677,1.0466672059133493,1.0,1,,,,,1,1,1
ACH-001513,HCA1,Cervix,Cervical Adenocarcinoma,Endocervical Adenocarcinoma,1,0,2.925845421360672,2.5782974505212395,1.13479746906982,0.9307911592821964,1,,,,,1,1,1
ACH-001514,HCC1008,Breast,Invasive Breast Carcinoma,Breast Invasive Ductal Carcinoma,0,0,,,,,-1,,,,,0,0,0
ACH-001515,HCS2,Cervix,Cervical Squamous Cell Carcinoma,Cervical Squamous Cell Carcinoma,0,0,4.169550897489555,4.887843697093702,0.8530450554236745,0.0,0,,,,,1,1,1
ACH-001516,HCSC1,Cervix,Cervical Adenocarcinoma,Endocervical Adenocarcinoma,0,0,1.9964268663373808,2.2926721653473834,0.8707860183904157,0.0,0,,,,,1,1,1
ACH-001517,HEC1,Uterus,Endometrial Carcinoma,Endometrial Carcinoma,1,1,3.6284517366097497,3.4670929939713133,1.046540067693313,0.8698001316221686,1,,,,,1,1,1
ACH-001518,HEC116,Uterus,Endometrial Carcinoma,Endometrial Carcinoma,1,0,,,,,-1,,,,,1,1,1
ACH-001519,HEMCSS,Bone,Chondrosarcoma,Extraskeletal Myxoid Chondrosarcoma,0,0,2.070979600431446,2.050675261141592,1.0099012943075885,0.004116325067781397,0,,,,,1,1,1
ACH-001521,HKA1,Skin,Cutaneous Squamous Cell Carcinoma,Cutaneous Squamous Cell Carcinoma,1,1,3.9734513815872425,3.3794995475158447,1.1757514169540255,0.46722656968756704,0,,,,,1,1,1
ACH-001522,HMY1,Skin,Melanoma,Melanoma,0,0,2.992457670240174,3.031688211902891,0.9870598363285868,0.0944052865432274,0,,,,,1,1,1
ACH-001523,HSC1,Skin,Cutaneous Squamous Cell Carcinoma,Cutaneous Squamous Cell Carcinoma,1,0,3.8298987214283096,3.5766496402741774,1.0708062311450552,0.06751564853830462,0,,,,,1,1,1
ACH-001524,HSC5,Skin,Cutaneous Squamous Cell Carcinoma,Cutaneous Squamous Cell Carcinoma,1,0,2.8946314371830777,3.157948528533823,0.9166176747431033,0.831918176694763,1,,,,,1,1,1
ACH-001525,HT3,Cervix,Cervical Adenocarcinoma,Cervical Adenocarcinoma,1,0,2.6585410506949607,3.029174826724579,0.8776453003769409,0.34161417384069487,0,,,,,1,1,1
ACH-001526,HUO9,Bone,Osteosarcoma,Osteosarcoma,0,0,,,,,-1,,,,,1,1,1
ACH-001528,IHH4,Thyroid,Well-Differentiated Thyroid Cancer,Papillary Thyroid Cancer,0,0,2.0006628016277825,2.056665229132044,0.9727702755358509,0.0,0,,,,,1,1,1
ACH-001529,JAR,Uterus,Gestational Trophoblastic Disease,Choriocarcinoma,0,0,2.9831675421070756,3.106517541138825,0.9602931586903158,0.0,0,,,,,1,1,1
ACH-001530,JEG3,Uterus,Gestational Trophoblastic Disease,Choriocarcinoma,0,0,3.0687191313709423,3.2679173422697407,0.9390442933417512,0.0,0,,,,,1,1,1
ACH-001532,JMURTK2,Kidney,Rhabdoid Cancer,Rhabdoid Cancer,0,0,2.0,1.9952526556729233,1.0023793198889268,0.0,0,,,,,1,1,1
ACH-001536,KKU100,Biliary Tract,Intraductal Papillary Neoplasm of the Bile Duct,Extrahepatic Cholangiocarcinoma,0,1,3.0201060736969123,3.4035896801698464,0.887329660003612,0.9682580767197568,1,,,,,1,1,1
ACH-001537,KKU055,Biliary Tract,Intraductal Papillary Neoplasm of the Bile Duct,Intrahepatic Cholangiocarcinoma,0,0,,,,,-1,,,,,1,1,1
ACH-001538,KKU213,Biliary Tract,Intraductal Papillary Neoplasm of the Bile Duct,Intrahepatic Cholangiocarcinoma,0,1,,,,,-1,,,,,1,1,1
ACH-001540,KMLS1,Soft Tissue,Liposarcoma,Liposarcoma,0,0,4.0,3.5022305492222414,1.1421292641309124,0.0,0,,,,,1,1,1
ACH-001542,KON,Head and Neck,Head and Neck Squamous Cell Carcinoma,Oral Cavity Squamous Cell Carcinoma,1,0,3.0,2.9210544692386096,1.027026380915782,0.8337647341377996,1,,,,,1,1,1
ACH-001543,KOSC2,Head and Neck,Head and Neck Squamous Cell Carcinoma,Oral Cavity Squamous Cell Carcinoma,1,0,3.421505973778397,3.123322669773146,1.0954699003375492,0.9605970473866744,1,,,,,1,1,1
ACH-001544,KYAE1,Esophagus/Stomach,Esophagogastric Adenocarcinoma,Esophageal Adenocarcinoma,1,0,2.5804452791652897,3.5268334287472993,0.7316606614114581,0.9767319855729626,1,,,,,1,1,1
ACH-001547,LO68,Pleura,Pleural Mesothelioma,"Pleural Mesothelioma, Epithelioid Type",0,0,5.9027170242420715,3.9850417187037603,1.4812183763441467,0.038955400278226915,0,,,,,1,1,1
ACH-001548,LS,Peripheral Nervous System,Neuroblastoma,Neuroblastoma,0,0,2.0,2.2548007706864652,0.8869963262391062,0.0,0,,,,,1,1,1
ACH-001549,LU135,Lung,Lung Neuroendocrine Tumor,Small Cell Lung Cancer,1,0,5.309246358620642,4.862061567525156,1.091974316837602,0.9993260968677137,1,,,,,1,1,1
ACH-001550,MCC13,Skin,Merkel Cell Carcinoma,Merkel Cell Carcinoma,1,0,2.028199001813709,1.979134040604325,1.024791125918082,0.0,0,,,,,1,1,1
ACH-001551,MCC142,Skin,Merkel Cell Carcinoma,Merkel Cell Carcinoma,1,0,3.9832041634810134,3.71656876748837,1.0717423550251792,1.0,1,,,,,1,1,1
ACH-001552,MCC26,Skin,Merkel Cell Carcinoma,Merkel Cell Carcinoma,1,0,4.1426049886864105,4.927518402456198,0.8407081720123997,1.0,1,,,,,1,1,1
ACH-001554,MEL202,Eye,Ocular Melanoma,Uveal Melanoma,0,0,2.0,2.3198628419174474,0.8621199339297708,0.0,0,,,,,1,1,1
ACH-001555,MERO14,Pleura,Pleural Mesothelioma,"Pleural Mesothelioma, Epithelioid Type",0,0,3.9834186360716504,3.1409800593024038,1.2682088268195972,0.0,0,,,,,1,1,1
ACH-001556,MERO25,Pleura,Pleural Mesothelioma,"Pleural Mesothelioma, Biphasic Type",0,0,1.9939612714377928,2.821299819258864,0.706752702363123,0.9966301915591494,1,,,,,1,1,1
ACH-001557,MERO41,Pleura,Pleural Mesothelioma,"Pleural Mesothelioma, Epithelioid Type",0,0,1.9999482621081708,2.9271930053928754,0.6832307464603777,0.9999482621081707,1,,,,,1,1,1
ACH-001558,MERO48A,Pleura,Pleural Mesothelioma,"Pleural Mesothelioma, Biphasic Type",0,0,3.9761330074473777,3.2122718767267386,1.2377946699514748,0.016581833822263792,0,,,,,1,1,1
ACH-001559,MERO82,Pleura,Pleural Mesothelioma,"Pleural Mesothelioma, Epithelioid Type",1,0,3.9834186360716504,4.319984563465371,0.9220909421204652,1.0,1,,,,,1,1,1
ACH-001560,MERO83,Pleura,Pleural Mesothelioma,"Pleural Mesothelioma, Biphasic Type",0,0,5.3989513179661435,4.8731900595541875,1.1078885190166488,0.5452222825671126,1,,,,,1,1,1
ACH-001561,MERO84,Pleura,Pleural Mesothelioma,"Pleural Mesothelioma, Biphasic Type",0,0,4.0,3.475689294931766,1.1508508559245445,0.0,0,,,,,1,1,1
ACH-001562,MERO95,Pleura,Pleural Mesothelioma,"Pleural Mesothelioma, Epithelioid Type",0,0,2.0,2.221695737737168,0.9002132767455507,0.0,0,,,,,1,1,1
ACH-001563,MM127,Skin,Melanoma,Melanoma,0,0,3.9436161758958876,4.2018172502237725,0.9385501417716028,0.019845071490322566,0,,,,,1,1,1
ACH-001566,MM370,Skin,Melanoma,Melanoma,0,0,2.0,3.141328468117943,0.6366733120393027,0.0,1,,,,,1,1,1
ACH-001567,MM383,Skin,Melanoma,Melanoma,0,0,3.0,2.664464021216715,1.1259300092294224,0.0,0,,,,,1,1,1
ACH-001568,MM386,Skin,Melanoma,Melanoma,0,0,2.2747538086620733,2.9901212289748376,0.7607563822561041,1.0,1,,,,,1,1,1
ACH-001569,MM415,Skin,Melanoma,Melanoma,1,0,1.0,2.18718760272098,0.45720815112336305,1.0,1,,,,,1,1,1
ACH-001570,MM426,Skin,Melanoma,Melanoma,0,0,1.9963745809096607,2.1462302711997228,0.9301772543696841,0.020249807935367153,0,,,,,1,1,1
ACH-001578,NCCIT,Testis,Non-Seminomatous Germ Cell Tumor,Embryonal Carcinoma,1,0,3.1052394486519583,2.637304676084729,1.1774291672898076,0.9593595933629083,1,,,,,1,1,1
ACH-001591,NCIH1417,Lung,Lung Neuroendocrine Tumor,Small Cell Lung Cancer,1,0,2.0258617562769468,3.320864771711467,0.6100404248718875,0.9767770450699188,1,,,,,1,1,1
ACH-001598,NCIH295R,Adrenal Gland,Adrenocortical Carcinoma,Adrenocortical Carcinoma,0,0,2.7202089134812106,2.392886289816135,1.136789878005539,0.9998228466195932,1,,,,,1,1,1
ACH-001599,NCIH64,Lung,Lung Neuroendocrine Tumor,Small Cell Lung Cancer,1,0,5.007384179873102,3.830385555371533,1.3072794128651117,1.0,1,,,,,1,1,1
ACH-001603,NH12,Peripheral Nervous System,Neuroblastoma,Neuroblastoma,0,0,1.0,2.0594909362862035,0.4855568831991363,1.0,1,,,,,1,1,1
ACH-001605,NO10,CNS/Brain,Diffuse Glioma,Glioblastoma,1,0,2.0,2.7833335210983,0.7185628257769132,0.9997724052319324,1,,,,,1,1,1
ACH-001606,NO11,CNS/Brain,Diffuse Glioma,Glioblastoma,1,0,3.0241299689276286,3.395053754448298,0.8907458283879381,1.0,1,,,,,1,1,1
ACH-001607,NOZ,Biliary Tract,Intracholecystic Papillary Neoplasm,"Gallbladder Adenocarcinoma, NOS",1,1,2.9834186360716504,3.0287967026434313,0.9850177905528699,1.0,1,,,,,1,1,1
ACH-001608,NP2,CNS/Brain,Diffuse Glioma,Glioblastoma,1,0,4.0,4.796947764228771,0.8338635725467608,1.0,1,,,,,1,1,1
ACH-001609,NP3,CNS/Brain,Diffuse Glioma,Glioblastoma,1,0,2.0,2.1351356180348526,0.9367086489057639,1.0,1,,,,,1,1,1
ACH-001610,NP5,CNS/Brain,Diffuse Glioma,Glioblastoma,1,0,5.138926028481363,3.900267702695228,1.3175828994840986,0.016604698259621607,0,,,,,1,1,1
ACH-001611,NP8,CNS/Brain,Diffuse Glioma,Glioblastoma,0,0,,,,,-1,,,,,1,1,1
ACH-001619,OCUG1,Biliary Tract,Intracholecystic Papillary Neoplasm,"Gallbladder Adenocarcinoma, NOS",1,0,3.171193094492302,3.4348719532681797,0.9232347341143256,0.00172752127120476,0,,,,,1,1,1
ACH-001622,ONDA7,CNS/Brain,Diffuse Glioma,Glioblastoma,0,0,,,,,-1,,,,,1,1,1
ACH-001623,ONDA8,CNS/Brain,Diffuse Glioma,Glioblastoma,1,0,,,,,-1,,,,,1,1,1
ACH-001624,ONDA9,CNS/Brain,Diffuse Glioma,Glioblastoma,0,0,,,,,-1,,,,,1,1,1
ACH-001625,OSC19,Head and Neck,Head and Neck Squamous Cell Carcinoma,Oral Cavity Squamous Cell Carcinoma,1,0,,,,,-1,,,,,1,1,1
ACH-001626,OSC20,Head and Neck,Head and Neck Squamous Cell Carcinoma,Oral Cavity Squamous Cell Carcinoma,1,0,3.001567475994589,2.941603843867429,1.0203846728893051,0.0043051303227476054,0,,,,,1,1,1
ACH-001627,P4E6,Prostate,Non-Cancerous,"Immortalized Epithelial Cells, Prostate",0,0,2.0,2.0158279512757926,0.992148163604054,0.0,0,,,,,1,1,1
ACH-001628,PEA1,Ovary/Fallopian Tube,Ovarian Epithelial Tumor,High-Grade Serous Ovarian Cancer,1,0,4.295976008683304,4.248468722820451,1.0111822138662971,0.9962194027253078,1,,,,,1,1,1
ACH-001630,PEO1,Ovary/Fallopian Tube,Ovarian Epithelial Tumor,Serous Ovarian Cancer,1,0,,,,,-1,,,,,1,1,1
ACH-001632,PEO4,Ovary/Fallopian Tube,Ovarian Epithelial Tumor,Serous Ovarian Cancer,1,0,1.0,1.9070475038264307,0.5243707867756474,1.0,1,,,,,1,1,1
ACH-001641,SAT,Head and Neck,Head and Neck Squamous Cell Carcinoma,Head and Neck Squamous Cell Carcinoma,1,0,4.101196284822941,3.4777714167622946,1.1792598746012575,0.0010664663759358188,0,,,,,1,1,1
ACH-001643,SCCH196,Bone,Ewing Sarcoma,Ewing Sarcoma,0,0,,,,,-1,,,,,1,0,0
ACH-001645,SEKI,Skin,Melanoma,Melanoma,0,0,3.0,2.954098160273001,1.015538359674127,0.0,0,,,,,1,1,1
ACH-001648,SHMAC4,Prostate,Non-Cancerous,"Immortalized Epithelial Cells, Prostate",0,0,2.0,1.9813333062514926,1.0094212789385866,0.0,0,,,,,1,1,1
ACH-001649,SHMAC5,Prostate,Non-Cancerous,"Immortalized Epithelial Cells, Prostate",0,0,,,,,-1,,,,,1,1,1
ACH-001650,SISO,Cervix,Cervical Adenocarcinoma,Cervical Adenocarcinoma,0,1,1.9842558726099355,2.6348353148478854,0.7530853489886865,0.9900499089692458,1,,,,,1,1,1
ACH-001651,SKGI,Cervix,Cervical Squamous Cell Carcinoma,Cervical Squamous Cell Carcinoma,0,0,3.0,3.713012595867954,0.8079692493740975,0.0,1,,,,,1,1,1
ACH-001652,SKGII,Cervix,Cervical Squamous Cell Carcinoma,Cervical Squamous Cell Carcinoma,0,0,3.9925543439072873,3.4751334878518336,1.1488923685562649,0.0,0,,,,,1,1,1
ACH-001653,SKGT2,Esophagus/Stomach,Esophagogastric Adenocarcinoma,Stomach Adenocarcinoma,1,0,1.8268010443383045,2.5746451413520686,0.7095350792222047,0.9947980413248362,1,,,,,1,1,1
ACH-001654,SKGT4,Esophagus/Stomach,Esophagogastric Adenocarcinoma,Esophageal Adenocarcinoma,1,1,3.1066173666287855,2.6149948813752206,1.1880013183792626,0.8691801592373829,1,,,,,1,1,1
ACH-001655,SKN,Uterus,Uterine Sarcoma/Mesenchymal,Uterine Leiomyosarcoma,1,0,,,,,-1,,,,,1,1,1
ACH-001662,SNU2372,Breast,Invasive Breast Carcinoma,"Breast Invasive Cancer, NOS",1,0,4.52012872351264,3.0166640656795933,1.498386504131459,0.9980978254257806,1,,,,,1,1,1
ACH-001664,SNU638,Esophagus/Stomach,Esophagogastric Adenocarcinoma,Stomach Adenocarcinoma,1,0,2.0,2.1065883563410726,0.9494023803842695,0.0,0,,,,,1,1,1
ACH-001667,SUCCS1,Soft Tissue,Clear Cell Sarcoma,Clear Cell Sarcoma,0,0,,,,,-1,,,,,1,0,0
ACH-001668,SUSA,Testis,Non-Seminomatous Germ Cell Tumor,Teratoma,0,0,5.101575575963459,2.2853212863768726,2.2323231338957377,0.0,0,,,,,1,1,1
ACH-001670,TASK1,CNS/Brain,Embryonal Tumor,Primitive Neuroectodermal Tumor,1,0,7.423562748233612,4.4051133270597616,1.6852149302566402,0.9641012562473811,1,,,,,1,1,1
ACH-001671,TERA1,Testis,Non-Seminomatous Germ Cell Tumor,Embryonal Carcinoma,0,0,,,,,-1,,,,,1,0,0
ACH-001672,TERA2,Testis,Non-Seminomatous Germ Cell Tumor,Embryonal Carcinoma,0,0,2.0,2.648742274712708,0.7550753499477132,1.0,1,,,,,1,1,1
ACH-001673,TFK1,Biliary Tract,Intraductal Papillary Neoplasm of the Bile Duct,Extrahepatic Cholangiocarcinoma,1,0,1.9963805880358028,3.0399834066644473,0.6567077253313978,0.9981902940179014,1,,,,,1,1,1
ACH-001674,TGW,Peripheral Nervous System,Neuroblastoma,Neuroblastoma,1,0,2.994640299506071,3.255526199086178,0.919863676829467,0.9982134331686904,1,,,,,1,1,1
ACH-001675,TR146,Head and Neck,Head and Neck Squamous Cell Carcinoma,Oral Cavity Squamous Cell Carcinoma,1,0,,,,,-1,,,,,1,1,1
ACH-001676,TY82,Head and Neck,"Head and Neck Carcinoma, Other",NUT Midline Carcinoma of the Head and Neck,1,0,,,,,-1,,,,,1,0,0
ACH-001683,UACC3133,Breast,Invasive Breast Carcinoma,Breast Invasive Lobular Carcinoma,1,0,,,,,-1,,,,,1,1,1
ACH-001687,UMRC3,Kidney,Renal Cell Carcinoma,Renal Clear Cell Carcinoma,0,0,4.0,4.83496415234734,0.8273070645328422,1.0,1,,,,,1,1,1
ACH-001688,UMRC7,Kidney,Renal Cell Carcinoma,Renal Cell Carcinoma,0,0,,,,,-1,,,,,1,1,1
ACH-001690,UPCISCC026,Head and Neck,Head and Neck Squamous Cell Carcinoma,Oral Cavity Squamous Cell Carcinoma,1,0,4.0,3.4796732592814528,1.1495332181924443,1.0,1,,,,,1,1,1
ACH-001691,UPCISCC029A,Head and Neck,Head and Neck Squamous Cell Carcinoma,Oral Cavity Squamous Cell Carcinoma,1,0,,,,,-1,,,,,1,1,1
ACH-001692,UPCISCC040,Head and Neck,Head and Neck Squamous Cell Carcinoma,Oral Cavity Squamous Cell Carcinoma,0,0,3.9969094359786865,3.573500771606298,1.1184856787318014,0.001545282010656761,0,,,,,1,1,1
ACH-001693,UPCISCC072,Head and Neck,Head and Neck Squamous Cell Carcinoma,Oral Cavity Squamous Cell Carcinoma,1,0,2.993702548085857,2.8639585501296954,1.045302330911977,0.7334070303317071,1,,,,,1,1,1
ACH-001694,UPCISCC074,Head and Neck,Head and Neck Squamous Cell Carcinoma,Oral Cavity Squamous Cell Carcinoma,1,0,2.0740224966923906,2.2945734639542037,0.9038814966151744,0.004031337738899667,0,,,,,1,1,1
ACH-001695,UPCISCC099,Head and Neck,Head and Neck Squamous Cell Carcinoma,Oral Cavity Squamous Cell Carcinoma,1,0,4.008480536271075,3.652636824899437,1.0974210490749885,0.9967321281801037,1,,,,,1,1,1
ACH-001696,UPCISCC111,Head and Neck,Head and Neck Squamous Cell Carcinoma,Oral Cavity Squamous Cell Carcinoma,1,0,2.622121521074841,3.0308622071253097,0.8651404590121079,0.960114197256152,1,,,,,1,1,1
ACH-001697,UPCISCC114,Head and Neck,Head and Neck Squamous Cell Carcinoma,Oral Cavity Squamous Cell Carcinoma,1,0,,,,,-1,,,,,1,0,0
ACH-001698,UPCISCC116,Head and Neck,Head and Neck Squamous Cell Carcinoma,Oral Cavity Squamous Cell Carcinoma,1,0,3.0,3.209261570971826,0.9347944795573464,0.0,0,,,,,1,1,1
ACH-001699,UPCISCC131,Head and Neck,Head and Neck Squamous Cell Carcinoma,Oral Cavity Squamous Cell Carcinoma,1,0,3.326227722291544,3.5998077730852995,0.9240014834016326,0.5530448342491823,1,,,,,1,1,1
ACH-001700,UPCISCC172,Head and Neck,Head and Neck Squamous Cell Carcinoma,Oropharynx Squamous Cell Carcinoma,1,0,,,,,-1,,,,,1,0,0
ACH-001701,UPCISCC200,Head and Neck,Head and Neck Squamous Cell Carcinoma,Oral Cavity Squamous Cell Carcinoma,1,0,4.054945130036184,3.7973321356033356,1.0678405220384857,0.9633849285761076,1,,,,,1,1,1
ACH-001702,VAESBJ,Soft Tissue,Epithelioid Sarcoma,Epithelioid Sarcoma,0,0,4.0,2.8551772039403454,1.400963833165843,0.0,0,,,,,1,1,1
ACH-001704,VMRCMELG,Skin,Melanoma,Melanoma,0,0,5.2906487390510195,4.776871550688064,1.1075551609272287,0.7856612351248864,1,,,,,1,1,1
ACH-001705,VP267,Breast,Invasive Breast Carcinoma,Breast Invasive Ductal Carcinoma,1,0,2.0788935386596985,3.0867645929528367,0.6734862591743686,0.9926844229904199,1,,,,,1,1,1
ACH-001711,PFSK1,CNS/Brain,Embryonal Tumor,Primitive Neuroectodermal Tumor,1,0,3.9834186360716504,3.659253450888448,1.0885877924374154,1.0,1,,,,,1,1,1
ACH-001712,HS860T,Bone,Osteosarcoma,Osteosarcoma,1,0,,,,,-1,,,,,1,0,0
ACH-001715,CAL72,Bone,Osteosarcoma,Osteosarcoma,0,0,3.725714023484335,3.7747556231137103,0.9870080067358316,0.9964091882896275,1,,,,,1,1,1
ACH-001716,GOTO,Peripheral Nervous System,Neuroblastoma,Neuroblastoma,0,0,2.0,2.1591910062880135,0.9262728467169342,0.0,0,,,,,1,1,1
ACH-001719,OCIC4P,Ovary/Fallopian Tube,Ovarian Epithelial Tumor,Clear Cell Ovarian Cancer,1,0,,,,,-1,,,,,1,1,1
ACH-001740,RH28,Soft Tissue,Rhabdomyosarcoma,Alveolar Rhabdomyosarcoma,1,0,3.7712823075057806,3.796682261928388,0.993309960468036,0.7421629117410455,1,,,,,1,1,1
ACH-001743,RC2,Soft Tissue,Rhabdomyosarcoma,Alveolar Rhabdomyosarcoma,0,0,,,,,-1,,,,,0,0,0
ACH-001745,RHJT,Soft Tissue,Rhabdomyosarcoma,Alveolar Rhabdomyosarcoma,1,0,3.9834186360716504,3.7179749119588394,1.0713947055583977,0.0,0,,,,,1,1,1
ACH-001750,TTC442,Soft Tissue,Rhabdomyosarcoma,Embryonal Rhabdomyosarcoma,1,0,3.5997810256564766,3.2657495148654117,1.1022832612454145,0.625716681360791,1,,,,,1,1,1
ACH-001751,RH36,Soft Tissue,Rhabdomyosarcoma,Embryonal Rhabdomyosarcoma,0,0,4.0,3.6854253962295296,1.0853563890052704,0.016019018457840175,0,,,,,1,1,1
ACH-001765,RH4,Soft Tissue,Rhabdomyosarcoma,Alveolar Rhabdomyosarcoma,1,0,5.644753163109139,4.972945213200729,1.1350925701182248,0.927342231942325,1,,,,,1,1,1
ACH-001767,CCLFPEDS0018T,Fibroblast,Non-Cancerous,"Fibroblast, Soft Tissue",0,0,2.0,2.000203117935329,0.999898451345512,0.0,0,,,,,1,1,1
ACH-001786,SNU1544,Bowel,Colorectal Adenocarcinoma,Colon Adenocarcinoma,0,1,4.0,3.7490949602345363,1.066924162344975,0.0,0,,,,,1,1,1
ACH-001791,LPS6,Soft Tissue,Liposarcoma,Liposarcoma,0,0,3.9899554299514715,3.8528330003924105,1.0355900267530658,0.0,0,,,,,1,1,1
ACH-001793,LPS27,Soft Tissue,Liposarcoma,Liposarcoma,0,0,4.819316232802725,4.850063775846859,0.9936603837670639,0.0,0,,,,,1,1,1
ACH-001794,93T449,Soft Tissue,Liposarcoma,Well-Differentiated Liposarcoma,0,0,4.0,4.007896719451049,0.9980297098443869,0.0,0,,,,,1,1,1
ACH-001795,94T778,Soft Tissue,Liposarcoma,Well-Differentiated Liposarcoma,0,0,3.9330129193373593,3.7551607799087243,1.0473620571401894,0.0,0,,,,,1,1,1
ACH-001796,95T1000,Soft Tissue,Liposarcoma,Well-Differentiated Liposarcoma,0,0,4.983412932599822,4.489573409724861,1.1099969814070207,0.0,0,,,,,1,1,1
ACH-001799,LPS141,Soft Tissue,Liposarcoma,Dedifferentiated Liposarcoma,0,0,4.0,3.9594055216301136,1.0102526700405199,0.0,0,,,,,1,1,1
ACH-001802,LPS853,Soft Tissue,Liposarcoma,Dedifferentiated Liposarcoma,0,0,4.455544477173579,3.9602518127436572,1.125065952330638,0.02106989731718068,0,,,,,1,1,1
ACH-001804,LPS510,Soft Tissue,Liposarcoma,Dedifferentiated Liposarcoma,1,0,,,,,-1,,,,,1,1,1
ACH-001807,LPS067,Soft Tissue,Liposarcoma,Dedifferentiated Liposarcoma,0,0,3.67474015350016,3.9044668015519184,0.941163119133079,0.0,0,,,,,1,1,1
ACH-001813,C242,Bone,Osteosarcoma,Osteosarcoma,0,0,,,,,-1,,,,,1,0,0
ACH-001814,OS252,Bone,Osteosarcoma,Osteosarcoma,0,0,3.2445128745533096,3.4315688236327673,0.9454896699750773,0.9132125368095896,1,,,,,1,1,1
ACH-001817,C393,Bone,Osteosarcoma,Osteosarcoma,0,0,,,,,-1,,,,,1,0,0
ACH-001818,C396,Bone,Osteosarcoma,Osteosarcoma,0,0,1.9937399483242557,1.9985987489618044,0.9975688963879955,0.0,0,,,,,1,1,1
ACH-001819,MFM223,Breast,Invasive Breast Carcinoma,Breast Invasive Ductal Carcinoma,1,0,4.508650123209109,2.7338247409519414,1.649209642326654,0.9250952184282029,1,,,,,1,1,1
ACH-001820,COLO824,Breast,"Breast Neoplasm, NOS","Breast Neoplasm, NOS",1,0,,,,,-1,,,,,1,1,1
ACH-001825,SW527,Bowel,Colorectal Adenocarcinoma,Colon Adenocarcinoma,0,0,,,,,-1,,,,,0,0,0
ACH-001834,MGHICC10,Biliary Tract,Intraductal Papillary Neoplasm of the Bile Duct,Intrahepatic Cholangiocarcinoma,1,0,3.1108529749559457,4.9595564496153095,0.6272441914028906,0.9722867562610136,1,,,,,1,1,1
ACH-001835,MGHICC106,Biliary Tract,Intraductal Papillary Neoplasm of the Bile Duct,Intrahepatic Cholangiocarcinoma,1,0,2.0,3.072062791800687,0.6510283596214196,0.9982134331686904,1,,,,,1,1,1
ACH-001836,MGHICC108,Biliary Tract,Intraductal Papillary Neoplasm of the Bile Duct,Intrahepatic Cholangiocarcinoma,1,0,,,,,-1,,,,,1,1,1
ACH-001838,MGHICC12,Biliary Tract,Intraductal Papillary Neoplasm of the Bile Duct,Intrahepatic Cholangiocarcinoma,1,0,2.9714340582396037,3.39309603266767,0.875729431065777,0.9955895640273819,1,,,,,1,1,1
ACH-001839,MGHICC137,Biliary Tract,Intraductal Papillary Neoplasm of the Bile Duct,Intrahepatic Cholangiocarcinoma,0,0,4.0,3.5596376131766783,1.1237098926006501,0.0,0,,,,,1,1,1
ACH-001841,MGHECC3,Biliary Tract,Intraductal Papillary Neoplasm of the Bile Duct,Extrahepatic Cholangiocarcinoma,1,0,,,,,-1,,,,,1,1,1
ACH-001842,MGHICC2,Biliary Tract,Intraductal Papillary Neoplasm of the Bile Duct,Intrahepatic Cholangiocarcinoma,1,0,2.332085366436596,2.956809172492313,0.7887169006821182,0.667914633563404,1,,,,,1,1,1
ACH-001843,MGHECC4,Biliary Tract,Intraductal Papillary Neoplasm of the Bile Duct,Extrahepatic Cholangiocarcinoma,0,1,,,,,-1,,,,,1,1,1
ACH-001844,MGHICC4,Biliary Tract,Intraductal Papillary Neoplasm of the Bile Duct,Intrahepatic Cholangiocarcinoma,1,0,4.751446533817398,4.185051369667484,1.1353376850413466,0.6560232012309598,1,,,,,1,1,1
ACH-001845,MGHICC5,Biliary Tract,Intraductal Papillary Neoplasm of the Bile Duct,Intrahepatic Cholangiocarcinoma,0,0,3.9903466999173154,3.5573294891406833,1.1217253594581234,0.0,0,,,,,1,1,1
ACH-001846,MGHICC6,Biliary Tract,Intraductal Papillary Neoplasm of the Bile Duct,Intrahepatic Cholangiocarcinoma,1,0,2.0,2.0048989932295056,0.9975564887577631,0.0,0,,,,,1,1,1
ACH-001847,MGHICC7,Biliary Tract,Intraductal Papillary Neoplasm of the Bile Duct,Intrahepatic Cholangiocarcinoma,0,0,3.7690610811992356,3.0114577210441547,1.251573633214548,0.0,0,,,,,1,1,1
ACH-001848,MGHICC8,Biliary Tract,Intraductal Papillary Neoplasm of the Bile Duct,Intrahepatic Cholangiocarcinoma,0,0,2.914656205685433,3.1983198774005586,0.9113085361725376,0.08534379431456714,0,,,,,1,1,1
ACH-001849,MGHICC9,Biliary Tract,Intraductal Papillary Neoplasm of the Bile Duct,Intrahepatic Cholangiocarcinoma,1,1,1.0,2.1657953688094262,0.4617241381163894,1.0,1,,,,,1,1,1
ACH-001850,G415,Biliary Tract,Intracholecystic Papillary Neoplasm,"Gallbladder Adenocarcinoma, NOS",1,1,4.515290602230527,3.785654059584433,1.1927372472925297,0.8803213257985056,1,,,,,1,1,1
ACH-001852,HKGZCC,Biliary Tract,Intraductal Papillary Neoplasm of the Bile Duct,Intrahepatic Cholangiocarcinoma,1,1,,,,,-1,,,,,1,1,1
ACH-001853,KMCH1,Liver,Hepatocellular Carcinoma plus Intrahepatic Cholangiocarcinoma,Hepatocellular Carcinoma plus Intrahepatic Cholangiocarcinoma,0,0,2.0039639601770713,3.381147008319297,0.5926876161392353,0.9996648719285336,1,,,,,1,1,1
ACH-001854,MMNK1,Biliary Tract,Non-Cancerous,"Immortalized Cholangiocyte, Highly Differentiated",0,0,,,,,-1,,,,,1,1,1
ACH-001855,OZ,Biliary Tract,Intraductal Papillary Neoplasm of the Bile Duct,Intrahepatic Cholangiocarcinoma,0,1,1.9964268663373808,2.2712525095120646,0.8789981994411864,0.0,0,,,,,1,1,1
ACH-001856,RBE,Biliary Tract,Intraductal Papillary Neoplasm of the Bile Duct,Intrahepatic Cholangiocarcinoma,0,1,,,,,-1,,,,,1,1,1
ACH-001857,SG231,Biliary Tract,Intraductal Papillary Neoplasm of the Bile Duct,Intrahepatic Cholangiocarcinoma,1,1,,,,,-1,,,,,1,1,1
ACH-001858,SSP25,Biliary Tract,Intraductal Papillary Neoplasm of the Bile Duct,Intrahepatic Cholangiocarcinoma,1,0,,,,,-1,,,,,1,1,1
ACH-001861,TGBC1TKB,Biliary Tract,Intracholecystic Papillary Neoplasm,Gallbladder Cancer,1,0,3.0,2.8048944703135468,1.069558955515586,0.83557514475249,1,,,,,1,1,1
ACH-001862,TGBC52TKB,Ampulla of Vater,Ampullary Carcinoma,Ampullary Carcinoma,0,1,1.998041906656624,2.8812451653252396,0.6934647320895658,0.9982119852457598,1,,,,,1,1,1
ACH-001863,TKKK,Biliary Tract,Intraductal Papillary Neoplasm of the Bile Duct,Intrahepatic Cholangiocarcinoma,1,0,1.996651311128588,3.2797862024474234,0.608774837103302,0.9963649759408926,1,,,,,1,1,1
ACH-001864,YSCCC,Biliary Tract,Intraductal Papillary Neoplasm of the Bile Duct,Intrahepatic Cholangiocarcinoma,1,0,2.1127844325448795,3.0651038639171664,0.6893027206734736,0.9422530704550435,1,,,,,1,1,1
ACH-001949,MAMEL46,Skin,Melanoma,Melanoma,0,0,,,,,-1,,,,,1,0,0
ACH-001953,MAMEL27,Skin,Melanoma,Melanoma,0,0,,,,,-1,,,,,1,0,0
ACH-001958,MS1,Lung,Lung Neuroendocrine Tumor,Small Cell Lung Cancer,1,0,2.022965912512659,2.193337321478266,0.9223232070611099,0.977034087487341,1,,,,,1,1,1
ACH-001959,CCLP1,Biliary Tract,Intraductal Papillary Neoplasm of the Bile Duct,Intrahepatic Cholangiocarcinoma,1,0,2.2996490361931787,2.0336871907711904,1.130778148492509,0.7003509638068214,1,,,,,1,1,1
ACH-001960,CCSW1,Biliary Tract,Intraductal Papillary Neoplasm of the Bile Duct,Intrahepatic Cholangiocarcinoma,1,0,4.0,3.247314348462461,1.2317871233790227,1.0,1,,,,,1,1,1
ACH-001961,MGHGB2,Biliary Tract,Intracholecystic Papillary Neoplasm,Gallbladder Cancer,1,0,,,,,-1,,,,,1,1,1
ACH-001970,MM253,Skin,Melanoma,Melanoma,0,0,,,,,-1,,,,,1,1,1
ACH-001971,MM466,Skin,Melanoma,Melanoma,0,0,2.8544812174980843,3.4993376996978918,0.8157204198224481,0.10092738501189596,1,,,,,1,1,1
ACH-001972,MM473,Skin,Melanoma,Melanoma,0,0,2.027139442616781,2.70678616701489,0.748910079163128,0.9820638046917632,1,,,,,1,1,1
ACH-001973,MM485,Skin,Melanoma,Melanoma,1,0,1.0,2.125153447514033,0.47055425629136677,1.0,1,,,,,1,1,1
ACH-001974,MM537,Skin,Melanoma,Melanoma,0,0,,,,,-1,,,,,1,0,0
ACH-001975,MM576,Skin,Melanoma,Melanoma,1,0,1.1705055184310447,1.8741207190862152,0.6245624983014757,0.9937931528310474,1,,,,,1,1,1
ACH-001976,MM603,Skin,Melanoma,Melanoma,0,0,,,,,-1,,,,,1,0,0
ACH-001977,NO36,Pleura,Pleural Mesothelioma,"Pleural Mesothelioma, Epithelioid Type",0,0,4.0,2.8684320295920487,1.3944900763672214,0.0,0,,,,,1,1,1
ACH-001978,NZM1,Skin,Melanoma,Melanoma,0,0,,,,,-1,,,,,1,0,0
ACH-001979,NZM11,Skin,Melanoma,Melanoma,0,0,,,,,-1,,,,,1,0,0
ACH-001980,NZM12,Skin,Melanoma,Melanoma,0,0,,,,,-1,,,,,1,0,0
ACH-001981,NZM2,Skin,Melanoma,Melanoma,0,0,,,,,-1,,,,,1,0,0
ACH-001982,NZM3,Skin,Melanoma,Melanoma,0,0,2.9893444957426625,3.536318807915472,0.8453266399656907,0.0,1,,,,,1,1,1
ACH-001983,NZM30,Skin,Melanoma,Melanoma,0,0,,,,,-1,,,,,1,0,0
ACH-001984,NZM4,Skin,Melanoma,Melanoma,0,0,,,,,-1,,,,,1,0,0
ACH-001985,NZM40,Skin,Melanoma,Melanoma,1,0,,,,,-1,,,,,1,0,0
ACH-001986,NZM42,Skin,Melanoma,Melanoma,0,0,3.3587321937865937,3.3312440966896655,1.0082516009932276,0.0030966622326253864,0,,,,,1,1,1
ACH-001987,NZM43,Skin,Melanoma,Melanoma,0,0,,,,,-1,,,,,1,0,0
ACH-001988,NZM5,Skin,Melanoma,Melanoma,0,0,,,,,-1,,,,,1,0,0
ACH-001989,NZM6,Skin,Melanoma,Melanoma,0,0,,,,,-1,,,,,1,0,0
ACH-001990,NZM7,Skin,Melanoma,Melanoma,1,0,2.0,2.4763499018581765,0.8076403090287289,1.0,1,,,,,1,1,1
ACH-001991,NZOV9,Ovary/Fallopian Tube,Ovarian Epithelial Tumor,Endometrioid Ovarian Cancer,0,1,2.0,2.0369329826659532,0.9818683368671192,0.0,0,,,,,1,1,1
ACH-001992,ONE58,Pleura,Pleural Mesothelioma,"Pleural Mesothelioma, Epithelioid Type",1,0,2.2993956325552496,2.8647949510625557,0.8026388177284385,0.6906559498296503,1,,,,,1,1,1
ACH-001994,MGHICC16,Biliary Tract,Intraductal Papillary Neoplasm of the Bile Duct,Intrahepatic Cholangiocarcinoma,1,0,,,,,-1,,,,,1,0,0
ACH-001996,MGHICC18,Biliary Tract,Intraductal Papillary Neoplasm of the Bile Duct,Intrahepatic Cholangiocarcinoma,1,0,,,,,-1,,,,,1,0,0
ACH-001997,MGHAOVC1,Ampulla of Vater,Ampullary Carcinoma,Ampullary Carcinoma,1,0,4.0,3.202431029658632,1.2490510999159243,0.0,0,,,,,1,1,1
ACH-001999,9505BIK,Pancreas,Pancreatic Adenocarcinoma,Pancreatic Adenocarcinoma,1,1,2.234135947877666,3.1554320741411503,0.708028534724759,0.765864052122334,1,,,,,1,1,1
ACH-002001,A375SKINCJ1,Skin,Melanoma,Melanoma,0,0,3.87531109445886,2.8733908246832733,1.3486891727950114,0.004798650749098534,0,,,,,1,1,1
ACH-002002,A375SKINCJ2,Skin,Melanoma,Melanoma,0,0,3.788698223696223,2.8490842846277213,1.3297950657824351,0.004798650749098534,0,,,,,1,1,1
ACH-002003,A375SKINCJ3,Skin,Melanoma,Melanoma,0,0,3.849784396787471,2.8456814262828845,1.3528515037665956,0.004798650749098534,0,,,,,1,1,1
ACH-002004,UACC62SKINCJ1,Skin,Melanoma,Melanoma,0,0,3.59614548258081,3.3480465922317406,1.0741025799714727,0.007021842217948048,0,,,,,1,1,1
ACH-002005,SKMEL19,Skin,Melanoma,Cutaneous Melanoma,1,0,6.4824321140103836,4.600539338986911,1.4090591637974963,0.7591769298373227,1,,,,,1,1,1
ACH-002010,MP41,Eye,Ocular Melanoma,Uveal Melanoma,0,0,4.916316189715692,3.934741398333974,1.2494636094248357,0.0047840997731474055,0,,,,,1,1,1
ACH-002011,MP46,Eye,Ocular Melanoma,Uveal Melanoma,0,0,2.1885901320895242,2.3700817702739982,0.9234238917573327,0.022615912319225703,0,,,,,1,1,1
ACH-002013,MM28,Eye,Ocular Melanoma,Uveal Melanoma,0,0,,,,,-1,,,,,1,0,0
ACH-002014,MEL270,Eye,Ocular Melanoma,Uveal Melanoma,0,0,,,,,-1,,,,,1,1,1
ACH-002015,MEL285,Eye,Ocular Melanoma,Uveal Melanoma,0,0,3.3880971145755807,2.245807762107732,1.5086318480775882,0.008744114720764255,0,,,,,1,1,1
ACH-002016,MEL290,Eye,Ocular Melanoma,Uveal Melanoma,0,0,2.4218433828229973,2.2082009583618243,1.0967495388733395,0.004780094158104317,0,,,,,1,1,1
ACH-002017,OMM1,Eye,Ocular Melanoma,Uveal Melanoma,0,0,4.50587309214534,4.33221640830148,1.0400849513221675,0.9662164810309671,1,,,,,1,1,1
ACH-002018,OMM25,Eye,Ocular Melanoma,Uveal Melanoma,0,0,4.0,3.406385372117359,1.1742652586350377,0.0,0,,,,,1,1,1
ACH-002019,HOKUG,Cervix,Glassy Cell Carcinoma of the Cervix,Glassy Cell Carcinoma of the Cervix,0,0,2.1978560837355,2.1266112991782995,1.033501554602258,0.007353141488151134,0,,,,,1,1,1
ACH-002020,SKGIIIA,Cervix,Cervical Squamous Cell Carcinoma,Cervical Squamous Cell Carcinoma,1,0,2.155759189562522,2.0494436104924136,1.0518753375432293,0.037545125135242725,0,,,,,1,1,1
ACH-002021,T3M3,Uterus,Gestational Trophoblastic Disease,Choriocarcinoma,0,0,4.007826919521344,3.713248966315843,1.0793315923272904,0.013451516657981548,0,,,,,1,1,1
ACH-002023,TGBC18TKB,Ampulla of Vater,Ampullary Carcinoma,Ampullary Carcinoma,1,0,2.0808609555655666,2.9744964365706923,0.699567472995395,0.9976026850637667,1,,,,,1,1,1
ACH-002024,ECC4,Bowel,Colorectal Adenocarcinoma,Rectal Adenocarcinoma,1,1,2.1077147689449487,2.8664882198209884,0.7352951093155286,0.9628134916475328,1,,,,,1,1,1
ACH-002025,TT1TKB,Bowel,Colorectal Adenocarcinoma,Rectal Adenocarcinoma,1,1,,,,,-1,,,,,1,1,1
ACH-002026,HHUA,Uterus,Endometrial Carcinoma,Endometrial Carcinoma,0,1,2.0762035058925026,2.0394887669346944,1.0180019324220106,0.0010631461124420434,0,,,,,1,1,1
ACH-002027,HOUAI,Uterus,Endometrial Carcinoma,Endometrial Carcinoma,0,1,2.4389496711408323,2.06358837707284,1.1818973678270253,0.0,0,,,,,1,1,1
ACH-002029,SAS,Head and Neck,Head and Neck Squamous Cell Carcinoma,Oral Cavity Squamous Cell Carcinoma,1,0,4.156089875747491,4.28939819162639,0.9689214407421679,0.9406676284202264,1,,,,,1,1,1
ACH-002030,SA3,Head and Neck,Head and Neck Squamous Cell Carcinoma,Oral Cavity Squamous Cell Carcinoma,1,0,4.390120649371904,3.08136924287982,1.4247304699091945,0.9598892238290448,1,,,,,1,1,1
ACH-002033,HMMME,Pleura,Pleural Mesothelioma,"Pleural Mesothelioma, Epithelioid Type",1,0,1.0066686211602083,1.9336866716698213,0.5205955214506943,0.9942146367768379,1,,,,,1,1,1
ACH-002034,T3M11,Lung,Non-Small Cell Lung Cancer,NUT Carcinoma of the Lung,0,0,,,,,-1,,,,,1,0,0
ACH-002035,LCAM1,Lung,Non-Small Cell Lung Cancer,Poorly Differentiated Non-Small Cell Lung Cancer,0,0,2.320692083393344,2.6279951895110205,0.8830655751029532,0.9877422338708971,1,,,,,1,1,1
ACH-002036,WAHT,Lung,Lung Neuroendocrine Tumor,Small Cell Lung Cancer,0,0,,,,,-1,,,,,1,0,0
ACH-002038,HSKTC,Ovary/Fallopian Tube,"Ovarian Cancer, Other","Ovarian Cancer, Other",1,0,4.144445658875199,4.3518415628380245,0.9523429562018398,0.9949053804470527,1,,,,,1,1,1
ACH-002039,PK8,Pancreas,Pancreatic Adenocarcinoma,Pancreatic Adenocarcinoma,1,1,3.310274028040924,4.003072293636359,0.8269333614841857,0.9633288748025205,1,,,,,1,1,1
ACH-002040,HMVII,Vulva/Vagina,Mucosal Melanoma of the Vulva/Vagina,Mucosal Melanoma of the Vulva/Vagina,1,0,3.115220699413729,2.935346911765454,1.0612785449403972,0.019033732066682945,0,,,,,1,1,1
ACH-002041,HOTHC,Thyroid,Anaplastic Thyroid Cancer,Anaplastic Thyroid Cancer,1,0,2.598136075008278,3.771970818404637,0.6888006827441908,0.5566794254697971,1,,,,,1,1,1
ACH-002042,T3M5,Head and Neck,Head and Neck Squamous Cell Carcinoma,Head and Neck Squamous Cell Carcinoma,1,0,3.6885958543976205,3.4930351045912467,1.055985910233003,0.3493069046664668,0,,,,,1,1,1
ACH-002043,CA922,Head and Neck,Head and Neck Squamous Cell Carcinoma,Oral Cavity Squamous Cell Carcinoma,1,0,1.9947055383216177,2.6744759973876038,0.7458304132360964,0.9963314070313999,1,,,,,1,1,1
ACH-002044,HSQ89,Head and Neck,Head and Neck Squamous Cell Carcinoma,Sinonasal Squamous Cell Carcinoma,1,0,1.9933316360092097,2.813040308167924,0.7086040076359326,0.9963347073120591,1,,,,,1,1,1
ACH-002045,HO1U1,Head and Neck,Head and Neck Squamous Cell Carcinoma,Oral Cavity Squamous Cell Carcinoma,1,0,1.993114531542445,2.8183940078535286,0.7071809427598055,0.9955838763612576,1,,,,,1,1,1
ACH-002046,HTMMT,Uterus,Endometrial Carcinoma,Uterine Carcinosarcoma/Uterine Malignant Mixed Mullerian Tumor,1,0,6.516706158129921,4.865915170750726,1.3392560144291432,0.02272063210758786,0,,,,,1,1,1
ACH-002047,HIRSBM,Uterus,Endometrial Carcinoma,Uterine Carcinosarcoma/Uterine Malignant Mixed Mullerian Tumor,0,0,,,,,-1,,,,,1,0,0
ACH-002048,RMSYM,Soft Tissue,Rhabdomyosarcoma,Embryonal Rhabdomyosarcoma,0,0,1.9887826915719569,2.5405225767814086,0.7828242542491192,0.011217308428043046,1,,,,,1,1,1
ACH-002050,HTST,Other,Extra Gonadal Germ Cell Tumor,Extra Gonadal Germ Cell Tumor,0,0,2.365775338221837,2.0400699173638275,1.1596540481705084,0.0,0,,,,,1,1,1
ACH-002051,LU134A,Lung,Lung Neuroendocrine Tumor,Small Cell Lung Cancer,1,0,3.169003867894025,2.8024411960724036,1.130801200159117,0.9984052652516251,1,,,,,1,1,1
ACH-002052,LU139,Lung,Lung Neuroendocrine Tumor,Small Cell Lung Cancer,1,0,2.989835764207345,3.0395952953631267,0.9836295538318245,0.9963315391494841,1,,,,,1,1,1
ACH-002065,HSPSS,Peripheral Nervous System,Nerve Sheath Tumor,Malignant Peripheral Nerve Sheath Tumor,0,0,2.0,1.9179871356119924,1.0427598615575902,0.0,0,,,,,1,1,1
ACH-002066,HSSCH2,Peripheral Nervous System,Nerve Sheath Tumor,Malignant Peripheral Nerve Sheath Tumor,1,0,,,,,-1,,,,,1,1,1
ACH-002067,NOS1,Bone,Osteosarcoma,Osteosarcoma,1,0,4.499378494526568,2.969538205771006,1.5151778434042262,1.0,1,,,,,1,1,1
ACH-002069,HSOS1,Bone,Osteosarcoma,Osteosarcoma,0,0,,,,,-1,,,,,1,1,1
ACH-002070,HKBMM,CNS/Brain,Meningothelial Tumor,Meningioma,1,1,2.0854635341255823,2.1188859221642873,0.9842264334813426,0.03231787648473712,0,,,,,1,1,1
ACH-002074,LU143,Lung,Lung Neuroendocrine Tumor,Small Cell Lung Cancer,1,0,,,,,-1,,,,,1,0,0
ACH-002075,LU138,Lung,Lung Neuroendocrine Tumor,Small Cell Lung Cancer,1,0,,,,,-1,,,,,1,0,0
ACH-002077,LU165,Lung,Lung Neuroendocrine Tumor,Small Cell Lung Cancer,1,0,0.9988499737668467,1.8967606947302056,0.5266083257323733,0.9962987769753469,1,,,,,1,1,1
ACH-002080,TN2,Peripheral Nervous System,Neuroblastoma,Neuroblastoma,0,0,,,,,-1,,,,,1,1,1
ACH-002083,NB69,Peripheral Nervous System,Neuroblastoma,Neuroblastoma,0,0,2.0024620794135033,3.0177718701016363,0.6635564799489174,0.002462079413503299,1,,,,,1,1,1
ACH-002084,MMAC,Skin,Melanoma,Melanoma,0,0,3.3681285676904955,3.5231724853437014,0.9559930947751822,0.12698187502155814,0,,,,,1,1,1
ACH-002085,HSSYII,Soft Tissue,Synovial Sarcoma,Synovial Sarcoma,0,0,,,,,-1,,,,,0,0,0
ACH-002089,201T,Lung,Non-Small Cell Lung Cancer,Lung Adenocarcinoma,1,0,2.0332843987419666,3.4306097323790725,0.5926889262719828,0.9117548768720991,1,,,,,1,1,1
ACH-002090,BB65RCC,Kidney,Renal Cell Carcinoma,Renal Cell Carcinoma,1,0,3.0,3.1879807765127697,0.9410345326114558,0.0,0,,,,,1,1,1
ACH-002091,CAL39,Vulva/Vagina,Squamous Cell Carcinoma of the Vulva/Vagina,Squamous Cell Carcinoma of the Vulva/Vagina,1,0,2.4286859190579246,2.8409701892168604,0.8548790579627357,0.5738432864047568,1,,,,,1,1,1
ACH-002092,CHSA0011,Bone,Chondrosarcoma,Chondrosarcoma,0,0,2.0024502983781063,2.05341505894441,0.9751804875763875,0.0,0,,,,,1,1,1
ACH-002093,CHSA0108,Bone,Chondrosarcoma,Chondrosarcoma,1,0,3.0237236853635574,2.8832732909019634,1.0487121338462013,0.975877407692401,1,,,,,1,1,1
ACH-002094,CHSA8926,Bone,Chondrosarcoma,Chondrosarcoma,0,0,2.0,2.2038221843745966,0.9075142333080572,0.0,0,,,,,1,1,1
ACH-002095,CORL303,Lung,Lung Neuroendocrine Tumor,Small Cell Lung Cancer,1,0,3.0,3.3847095688123776,0.8863389720768969,1.0,1,,,,,1,1,1
ACH-002096,CP50MELB,Skin,Melanoma,Melanoma,0,0,3.0049241588270066,2.8524260740658822,1.0534625896697656,0.0,0,,,,,1,1,1
ACH-002097,CP66MEL,Skin,Melanoma,Melanoma,0,0,2.6947016334362077,4.156622529884791,0.6482911580404913,0.7702023420767343,1,,,,,1,1,1
ACH-002098,CP67MEL,Skin,Melanoma,Melanoma,0,0,2.0049141289293257,2.1202621325846325,0.9455972910695265,0.0,0,,,,,1,1,1
ACH-002099,CS1,Bone,Chondrosarcoma,Chondrosarcoma,1,0,2.9473764587214633,2.952018588023372,0.9984274728754275,0.9752916547758481,1,,,,,1,1,1
ACH-002100,DJM1,Skin,Cutaneous Squamous Cell Carcinoma,Cutaneous Squamous Cell Carcinoma,1,0,2.0,2.098236036083451,0.9531816085540036,0.0,0,,,,,1,1,1
ACH-002101,EMCBAC1,Lung,Non-Small Cell Lung Cancer,Non-Small Cell Lung Cancer,1,0,2.0228315963836745,2.1084237504141026,0.9594046718485231,0.9771684036163253,1,,,,,1,1,1
ACH-002102,EMCBAC2,Lung,Non-Small Cell Lung Cancer,Non-Small Cell Lung Cancer,0,1,2.158601221550389,4.199747894020583,0.5139835237785846,0.9676455625059273,1,,,,,1,1,1
ACH-002103,ES1,Bone,Ewing Sarcoma,Ewing Sarcoma,1,0,2.0,1.9965782417875664,1.0017138112300423,0.0,0,,,,,1,1,1
ACH-002104,ES3,Bone,Ewing Sarcoma,Ewing Sarcoma,1,0,,,,,-1,,,,,1,1,1
ACH-002105,ES4,Bone,Ewing Sarcoma,Ewing Sarcoma,0,0,2.0,2.337524063762104,0.8556061650895351,0.0,0,,,,,1,1,1
ACH-002106,ES5,Bone,Ewing Sarcoma,Ewing Sarcoma,1,0,3.9997146142279085,3.501306597248138,1.1423491497064255,0.9999286535569771,1,,,,,1,1,1
ACH-002107,ES6,Bone,Ewing Sarcoma,Ewing Sarcoma,1,0,4.0,3.3420894117053432,1.1968560703344409,1.0,1,,,,,1,1,1
ACH-002108,ES7,Bone,Ewing Sarcoma,Ewing Sarcoma,1,0,5.0,3.283854938075168,1.5226007525566128,1.0,1,,,,,1,1,1
ACH-002109,ES8,Bone,Ewing Sarcoma,Ewing Sarcoma,1,0,1.9989649612330935,2.1961332597801158,0.9102202483984222,0.9928016849358358,1,,,,,1,1,1
ACH-002110,EW1,Bone,Ewing Sarcoma,Ewing Sarcoma,1,0,1.61636395173637,2.263724532040908,0.7140285528818753,0.9999281464894909,1,,,,,1,1,1
ACH-002111,EW11,Bone,Ewing Sarcoma,Ewing Sarcoma,1,0,3.738261110208029,3.6099761451457284,1.035536236225495,0.13086944489598562,0,,,,,1,1,1
ACH-002112,EW12,Bone,Ewing Sarcoma,Ewing Sarcoma,1,0,2.5830274267322824,2.421168054495886,1.066851770960648,0.9999284667073588,1,,,,,1,1,1
ACH-002113,EW13,Bone,Ewing Sarcoma,Ewing Sarcoma,1,0,1.9333906068345341,1.933764247961722,0.9998067804141163,0.06660939316546595,0,,,,,1,1,1
ACH-002114,EW16,Bone,Ewing Sarcoma,Ewing Sarcoma,1,0,1.9679967317745688,2.0389225342168724,0.9652140769195308,0.03695754920740117,0,,,,,1,1,1
ACH-002115,EW18,Bone,Ewing Sarcoma,Ewing Sarcoma,1,0,4.0,4.778638873277787,0.8370584398766883,1.0,1,,,,,1,1,1
ACH-002116,EW22,Bone,Ewing Sarcoma,Ewing Sarcoma,1,0,,,,,-1,,,,,1,1,1
ACH-002117,EW24,Bone,Ewing Sarcoma,Ewing Sarcoma,1,0,4.08763222640596,4.535302612452251,0.9012920582593198,0.905257163158963,1,,,,,1,1,1
ACH-002118,EW3,Bone,Ewing Sarcoma,Ewing Sarcoma,0,0,3.9363513177542337,4.200102782844092,0.9372035688823644,0.03182434112288308,0,,,,,1,1,1
ACH-002119,EW7,Bone,Ewing Sarcoma,Ewing Sarcoma,0,0,2.0,2.5259577988915045,0.7917788653783857,0.0,1,,,,,1,1,1
ACH-002120,GAK,Vulva/Vagina,Mucosal Melanoma of the Vulva/Vagina,Mucosal Melanoma of the Vulva/Vagina,0,0,,,,,-1,,,,,1,1,1
ACH-002121,GMEL,Skin,Melanoma,Cutaneous Melanoma,0,0,2.0048672740827014,2.93827118327218,0.6823288760739907,0.9999275360676874,1,,,,,1,1,1
ACH-002122,GT3TKB,Lung,Non-Small Cell Lung Cancer,Lung Squamous Cell Carcinoma,1,0,3.0049664608502735,2.3481964703262825,1.2796912433961425,1.0,1,,,,,1,1,1
ACH-002123,H2369,Pleura,Pleural Mesothelioma,Pleural Mesothelioma,0,0,2.0,3.5508045692019468,0.5632526265588043,1.0,1,,,,,1,1,1
ACH-002124,H2373,Pleura,Pleural Mesothelioma,"Pleural Mesothelioma, Sarcomatoid Type",0,0,4.00738623824051,3.93496486649174,1.0184045790003047,0.002462079413503299,0,,,,,1,1,1
ACH-002125,H2461,Pleura,Pleural Mesothelioma,"Pleural Mesothelioma, Epithelioid Type",0,0,,,,,-1,,,,,1,1,1
ACH-002126,H2591,Pleura,Pleural Mesothelioma,"Pleural Mesothelioma, Epithelioid Type",0,0,1.0228315963836747,1.8397778515799266,0.555953859051683,0.9771684036163253,1,,,,,1,1,1
ACH-002127,H2595,Pleura,Pleural Mesothelioma,"Pleural Mesothelioma, Epithelioid Type",1,0,4.0049227865820685,3.2992498704907067,1.2138888971105437,0.44703317539763965,0,,,,,1,1,1
ACH-002128,H2722,Pleura,Pleural Mesothelioma,Pleural Mesothelioma,0,0,,,,,-1,,,,,1,1,1
ACH-002129,H2731,Pleura,Pleural Mesothelioma,"Pleural Mesothelioma, Sarcomatoid Type",1,0,2.0228315963836745,2.7861923929670325,0.7260200700747551,0.9771684036163253,1,,,,,1,1,1
ACH-002130,H2795,Pleura,Pleural Mesothelioma,"Pleural Mesothelioma, Epithelioid Type",0,0,2.0048993626177305,2.013851373525317,0.9955547807423762,0.0024496813088651665,0,,,,,1,1,1
ACH-002131,H2803,Pleura,Pleural Mesothelioma,Pleural Mesothelioma,0,0,2.0040514141332175,1.7922181059720088,1.1181961656649602,0.002025707066608715,0,,,,,1,1,1
ACH-002132,H2804,Pleura,Pleural Mesothelioma,Pleural Mesothelioma,1,0,2.5862669409013495,3.411059896760459,0.7582003890806991,0.7087432217235363,1,,,,,1,1,1
ACH-002133,H2810,Pleura,Pleural Mesothelioma,"Pleural Mesothelioma, Epithelioid Type",1,0,3.891616773006614,3.3428756496668983,1.1641524187100394,0.5566667520059811,1,,,,,1,1,1
ACH-002134,H2818,Pleura,Pleural Mesothelioma,"Pleural Mesothelioma, Epithelioid Type",1,0,4.006116205378959,3.5127628201828314,1.1404459710065051,0.0,0,,,,,1,1,1
ACH-002135,H2869,Pleura,Pleural Mesothelioma,"Pleural Mesothelioma, Biphasic Type",0,0,2.0,1.7790707439619635,1.1241823894793697,0.0,0,,,,,1,1,1
ACH-002136,H290,Pleura,Pleural Mesothelioma,Pleural Mesothelioma,0,0,4.647526437796179,3.289629498616655,1.4127811170682116,0.0,0,,,,,1,1,1
ACH-002138,H513,Lung,Non-Small Cell Lung Cancer,Lung Adenosquamous Carcinoma,0,0,,,,,-1,,,,,0,0,0
ACH-002139,HA7RCC,Kidney,Renal Cell Carcinoma,Renal Cell Carcinoma,0,0,4.0,3.7627443587637743,1.0630538826491456,0.0,0,,,,,1,1,1
ACH-002140,HEY,Ovary/Fallopian Tube,Ovarian Epithelial Tumor,High-Grade Serous Ovarian Cancer,0,1,5.007543378861724,4.0299653941801585,1.2425772653267264,0.0,0,,,,,1,1,1
ACH-002141,HSC39,Esophagus/Stomach,Esophagogastric Adenocarcinoma,Signet Ring Cell Carcinoma of the Stomach,1,0,2.046114891461314,3.222490406501147,0.6349483267144632,0.9767060399231712,1,,,,,1,1,1
ACH-002142,HUO3N1,Bone,Osteosarcoma,Osteosarcoma,1,0,4.172399492617781,3.5767481437394464,1.166534328093783,0.36506700551849136,0,,,,,1,1,1
ACH-002143,ISTMEL1,Skin,Melanoma,Melanoma,1,0,3.0049141289293257,3.700729233960963,0.8119789206283291,1.0,1,,,,,1,1,1
ACH-002144,ISTSL1,Lung,Lung Neuroendocrine Tumor,Small Cell Lung Cancer,0,0,2.640394827533693,3.425407590382314,0.7708264660086758,0.6803742965019408,1,,,,,1,1,1
ACH-002145,ISTSL2,Lung,Lung Neuroendocrine Tumor,Small Cell Lung Cancer,1,0,,,,,-1,,,,,1,1,1
ACH-002146,JHOS3,Ovary/Fallopian Tube,Ovarian Epithelial Tumor,Serous Ovarian Cancer,1,0,2.00971321477647,3.9156132691943104,0.5132563091936797,1.0,1,,,,,1,1,1
ACH-002147,K2,Skin,Melanoma,Melanoma,0,0,2.7068087280826094,2.79405713595997,0.968773577764585,0.645916958733415,1,,,,,1,1,1
ACH-002148,K5,Thyroid,Well-Differentiated Thyroid Cancer,Papillary Thyroid Cancer,0,0,3.0049241588270066,4.139034899108923,0.7259963329794406,0.0,1,,,,,1,1,1
ACH-002149,KGN,Ovary/Fallopian Tube,Sex Cord Stromal Tumor,Granulosa Cell Tumor,0,0,2.0,2.0066978920708864,0.9966622319695695,0.0,0,,,,,1,1,1
ACH-002150,LB1047RCC,Kidney,Renal Cell Carcinoma,Renal Cell Carcinoma,0,0,2.045747584032418,2.6864546679558683,0.7615045987688427,0.9770865910242109,1,,,,,1,1,1
ACH-002151,LB2241RCC,Kidney,Renal Cell Carcinoma,Renal Cell Carcinoma,0,0,3.0049757837691735,2.7360344951628957,1.0982960153030767,0.0,0,,,,,1,1,1
ACH-002152,LB2518MEL,Skin,Melanoma,Melanoma,0,0,2.0256585973019363,3.410786505219879,0.5938977987047449,0.976260138076773,1,,,,,1,1,1
ACH-002153,LB373MELD,Skin,Melanoma,Melanoma,0,0,4.007371193393989,3.376583550610329,1.186812389899146,0.0,0,,,,,1,1,1
ACH-002154,LB647SCLC,Lung,Lung Neuroendocrine Tumor,Small Cell Lung Cancer,1,0,,,,,-1,,,,,1,1,1
ACH-002155,LB996RCC,Kidney,Renal Cell Carcinoma,Renal Cell Carcinoma,0,0,2.0,2.1209144023637836,0.9429894944232435,0.0,0,,,,,1,1,1
ACH-002156,LC1SQ,Lung,Non-Small Cell Lung Cancer,Lung Squamous Cell Carcinoma,1,0,4.593187830250768,3.8545977774821667,1.1916127428608259,0.45597221088505974,0,,,,,1,1,1
ACH-002157,LC2AD,Lung,Non-Small Cell Lung Cancer,Lung Adenocarcinoma,1,0,3.1016935050683725,4.841765599375576,0.6406120745433,0.9758719540880579,1,,,,,1,1,1
ACH-002158,LU99A,Lung,Non-Small Cell Lung Cancer,Giant Cell Carcinoma of the Lung,0,0,,,,,-1,,,,,0,0,0
ACH-002159,M14,Skin,Melanoma,Melanoma,1,0,3.665549451503805,3.14127145352801,1.166899933906371,0.6696755795747511,1,,,,,1,1,1
ACH-002160,MCIXC,Bone,Ewing Sarcoma,Ewing Sarcoma,0,0,1.0228114174351997,1.9341421886411774,0.5288191444465472,0.9771073701617176,1,,,,,1,1,1
ACH-002161,MKN28,Esophagus/Stomach,Esophagogastric Adenocarcinoma,Tubular Stomach Adenocarcinoma,1,0,2.0,2.337508668866237,0.8556118001350818,1.0,1,,,,,1,1,1
ACH-002162,MMACSF,Skin,Melanoma,Melanoma,0,0,4.02463082441575,3.36977921954172,1.1943307149253202,0.09964534870050121,0,,,,,1,1,1
ACH-002163,MRKNU1,Breast,Invasive Breast Carcinoma,Breast Invasive Lobular Carcinoma,0,0,4.00544444779225,4.001012206264203,1.0011077800565336,0.0,0,,,,,1,1,1
ACH-002164,MZ1PC,Pancreas,Pancreatic Adenocarcinoma,Pancreatic Adenocarcinoma,1,1,4.2205958650391,4.389125064671902,0.9616030080825687,0.8731147345679664,1,,,,,1,1,1
ACH-002165,MZ2MEL,Skin,Melanoma,Melanoma,0,0,2.0024502983781063,1.9940328907197067,1.0042212983033403,0.0,0,,,,,1,1,1
ACH-002166,MZ7MEL,Skin,Melanoma,Melanoma,0,0,2.002399324113163,2.324938875875631,0.8612696638568653,3.588836367896336e-05,0,,,,,1,1,1
ACH-002167,NCC010,Kidney,Renal Cell Carcinoma,Renal Cell Carcinoma,0,0,,,,,-1,,,,,1,1,1
ACH-002168,NCC021,Kidney,Renal Cell Carcinoma,Renal Cell Carcinoma,1,0,3.3883498353539907,3.874480466720984,0.8745301117033606,0.305806766354921,0,,,,,1,1,1
ACH-002169,NCIH1304,Lung,Lung Neuroendocrine Tumor,Small Cell Lung Cancer,1,0,2.045931825025318,2.7908064239254027,0.7330970028898016,0.977034087487341,1,,,,,1,1,1
ACH-002170,NCIH1688,Lung,Lung Neuroendocrine Tumor,Small Cell Lung Cancer,1,0,6.451323282052497,4.191897699428925,1.5389982639441273,0.6264438262370382,1,,,,,1,1,1
ACH-002171,NCIH250,Lung,Lung Neuroendocrine Tumor,Small Cell Lung Cancer,1,0,3.051992865148719,2.7441924469573538,1.1121642975632564,0.9110928758988148,1,,,,,1,1,1
ACH-002172,NCIH322M,Lung,Non-Small Cell Lung Cancer,Lung Adenocarcinoma,0,0,,,,,-1,,,,,0,0,0
ACH-002173,NCIH378,Lung,Lung Neuroendocrine Tumor,Small Cell Lung Cancer,1,0,,,,,-1,,,,,1,1,1
ACH-002174,NCIH720,Lung,Lung Neuroendocrine Tumor,Lung Carcinoid,1,0,1.0231177247348735,2.169359244065778,0.4716220826650006,0.9768822752651265,1,,,,,1,1,1
ACH-002175,NCIH740,Lung,Lung Neuroendocrine Tumor,Small Cell Lung Cancer,1,0,2.0233122679745295,3.492384514497764,0.5793497994207834,0.9766877320254705,1,,,,,1,1,1
ACH-002177,NCIH835,Lung,Lung Neuroendocrine Tumor,Lung Carcinoid,1,0,3.938286373519737,3.457869649891039,1.1389343070360782,0.9769822908070372,1,,,,,1,1,1
ACH-002178,NY,Bone,Osteosarcoma,Osteosarcoma,0,0,4.64491630701184,3.9515482485101674,1.1754674408348904,0.3568046657202623,0,,,,,1,1,1
ACH-002179,OCUBM,Breast,Invasive Breast Carcinoma,Invasive Breast Carcinoma,1,0,2.0721729806920504,3.6040698933679365,0.5749536057847211,0.9756080768771552,1,,,,,1,1,1
ACH-002180,OMC1,Cervix,Cervical Squamous Cell Carcinoma,Cervical Squamous Cell Carcinoma,0,0,4.007394407723987,4.198204364898253,0.9545496263188962,0.319258389488192,0,,,,,1,1,1
ACH-002181,OVCA420,Ovary/Fallopian Tube,Ovarian Epithelial Tumor,Serous Ovarian Cancer,1,0,2.0690481875656084,2.793841432593334,0.7405746666320467,0.9761891755338057,1,,,,,1,1,1
ACH-002182,OVCA433,Ovary/Fallopian Tube,Ovarian Epithelial Tumor,Serous Ovarian Cancer,0,0,2.0035726966738503,2.8357408807580375,0.7065429391906444,0.9992715816999932,1,,,,,1,1,1
ACH-002183,OVMIU,Ovary/Fallopian Tube,Ovarian Epithelial Tumor,High-Grade Serous Ovarian Cancer,0,0,2.0676761131327193,2.2220022486217625,0.930546363945056,3.608964488684956e-05,0,,,,,1,1,1
ACH-002184,PC3JPC3,Lung,Non-Small Cell Lung Cancer,Lung Adenocarcinoma,0,0,,,,,-1,,,,,0,0,0
ACH-002186,PL4,Pancreas,Pancreatic Adenocarcinoma,Pancreatic Adenocarcinoma,1,1,,,,,-1,,,,,1,1,1
ACH-002187,RCCAB,Kidney,Renal Cell Carcinoma,Renal Clear Cell Carcinoma,0,0,3.9997146142279085,3.6851313435322894,1.0853655518270031,0.0,0,,,,,1,1,1
ACH-002188,RCCER,Kidney,Renal Cell Carcinoma,Renal Clear Cell Carcinoma,1,0,1.0255521335457078,2.163087909204453,0.47411486568887923,0.9758069356449109,1,,,,,1,1,1
ACH-002189,RCCFG2,Kidney,Renal Cell Carcinoma,Renal Clear Cell Carcinoma,1,0,2.0,2.159092433931725,0.9263151352709729,0.0,0,,,,,1,1,1
ACH-002190,RCCJF,Kidney,Renal Cell Carcinoma,Renal Clear Cell Carcinoma,0,0,2.0,1.9987044398672271,1.000648199957398,0.0,0,,,,,1,1,1
ACH-002191,RCCJW,Kidney,Renal Cell Carcinoma,Renal Clear Cell Carcinoma,0,0,4.0,3.356734115497147,1.1916344465690822,0.0,0,,,,,1,1,1
ACH-002192,RCCMF,Kidney,Renal Cell Carcinoma,Renal Clear Cell Carcinoma,0,0,1.0742128215194826,1.8207645233274476,0.5899789938549321,0.9257871784805173,1,,,,,1,1,1
ACH-002193,RERFLCFM,Lung,Lung Neuroendocrine Tumor,Small Cell Lung Cancer,1,0,2.048256706557447,3.6656891453861102,0.5587644301851193,0.9771023445171345,1,,,,,1,1,1
ACH-002195,RXF393,Kidney,Renal Cell Carcinoma,Renal Cell Carcinoma,1,1,2.3477685407602715,3.097690328122474,0.7579093750740623,1.0,1,,,,,1,1,1
ACH-002196,SBC1,Lung,Lung Neuroendocrine Tumor,Small Cell Lung Cancer,1,0,1.0253590510745816,1.8334636383603418,0.5592470063881689,0.9771023445171345,1,,,,,1,1,1
ACH-002197,SBC3,Lung,Lung Neuroendocrine Tumor,Small Cell Lung Cancer,0,0,2.0024302071489744,2.239051639699947,0.8943206899048196,0.0,0,,,,,1,1,1
ACH-002198,SCH,Other,Extra Gonadal Germ Cell Tumor,Extra Gonadal Germ Cell Tumor,1,0,2.044998795876879,2.8357320606986303,0.7211537451719113,0.977087142659706,1,,,,,1,1,1
ACH-002199,SN12C,Kidney,Renal Cell Carcinoma,Renal Cell Carcinoma,1,0,5.613414040621401,2.9958650256817707,1.8737206090731517,0.9001050244165318,1,,,,,1,1,1
ACH-002200,SW962,Vulva/Vagina,Mucosal Melanoma of the Vulva/Vagina,Mucosal Melanoma of the Vulva/Vagina,1,0,3.5136953022290855,3.6744526778619413,0.9562499806838183,0.0,0,,,,,1,1,1
ACH-002201,TCYIK,Cervix,Small Cell Carcinoma of the Cervix,Small Cell Carcinoma of the Cervix,0,0,2.0,2.260110090145872,0.8849126459458955,0.0,0,,,,,1,1,1
ACH-002202,TMK1,Esophagus/Stomach,Esophagogastric Adenocarcinoma,Stomach Adenocarcinoma,1,0,2.0024949705814543,2.86332342895498,0.6993603832286247,1.0,1,,,,,1,1,1
ACH-002204,UCH2,Bone,Chordoma,Chordoma,0,0,2.048139699973365,3.7589268757033523,0.5448735151545419,0.9744953811719169,1,,,,,1,1,1
ACH-002205,WM1552C,Skin,Melanoma,Cutaneous Melanoma,1,0,2.004044296220064,2.1572552067843493,0.9289787735440608,0.0,0,,,,,1,1,1
ACH-002206,WM278,Skin,Melanoma,Melanoma,0,0,2.0724619736706216,3.4153479405290774,0.6068084452179044,1.0,1,,,,,1,1,1
ACH-002207,WM35,Skin,Melanoma,Melanoma,0,0,2.003527955241796,3.0655691747656095,0.6535582272075083,0.9992807037948286,1,,,,,1,1,1
ACH-002208,YMB1E,Breast,Invasive Breast Carcinoma,Breast Invasive Ductal Carcinoma,0,0,2.0281967536714784,3.438067523647061,0.5899234787337718,0.005075531617543059,1,,,,,1,1,1
ACH-002212,BB30HNC,Head and Neck,Head and Neck Squamous Cell Carcinoma,Head and Neck Squamous Cell Carcinoma,1,0,2.0049241588270066,2.1269845200352666,0.9426134228723789,0.0,0,,,,,1,1,1
ACH-002213,BB49HNC,Head and Neck,Head and Neck Squamous Cell Carcinoma,Oral Cavity Squamous Cell Carcinoma,0,0,2.025338412714099,2.266254142681929,0.8936943013448944,0.0,0,,,,,1,1,1
ACH-002217,BE2M17,Peripheral Nervous System,Neuroblastoma,Neuroblastoma,0,0,,,,,-1,,,,,0,0,0
ACH-002219,COLO320HSR,Bowel,Colorectal Adenocarcinoma,Colon Adenocarcinoma,0,0,,,,,-1,,,,,0,0,0
ACH-002223,D245MG,CNS/Brain,Diffuse Glioma,Glioblastoma,0,0,3.9992410944060555,3.8594329837987256,1.0362250390651222,0.0,0,,,,,1,1,1
ACH-002224,D247MG,CNS/Brain,Diffuse Glioma,Gliosarcoma,0,0,2.0,2.199829067976967,0.9091615476466378,1.0,1,,,,,1,1,1
ACH-002225,D263MG,CNS/Brain,Diffuse Glioma,Glioblastoma,1,0,4.4187058251908145,3.307764040309866,1.335858837372474,0.8981949886397969,1,,,,,1,1,1
ACH-002226,D336MG,CNS/Brain,Diffuse Glioma,Gliosarcoma,1,0,4.002713886401966,3.347904644733032,1.1955877813602274,0.4440038901296692,0,,,,,1,1,1
ACH-002227,D392MG,CNS/Brain,Diffuse Glioma,Glioblastoma,0,0,2.002667246312833,2.0947692083212557,0.956032406031864,0.0,0,,,,,1,1,1
ACH-002228,D423MG,CNS/Brain,Diffuse Glioma,Glioblastoma,1,0,5.0,4.39388442816221,1.1379452695553272,1.0,1,,,,,1,1,1
ACH-002229,D502MG,CNS/Brain,Diffuse Glioma,Glioblastoma,0,0,4.0037170757499245,3.915207309769556,1.0226066614044962,0.0,0,,,,,1,1,1
ACH-002230,D542MG,CNS/Brain,Diffuse Glioma,Glioblastoma,1,0,,,,,-1,,,,,1,1,1
ACH-002231,D566MG,CNS/Brain,Diffuse Glioma,Glioblastoma,1,0,2.9978445719940945,3.5534142933405013,0.8436518583302806,0.9992815239980314,1,,,,,1,1,1
ACH-002233,DIFI,Bowel,Colorectal Adenocarcinoma,Colorectal Adenocarcinoma,1,0,3.0049850504826505,3.8737267691731816,0.7757349006636424,1.0,1,,,,,1,1,1
ACH-002234,DOK,Head and Neck,"Head and Neck Carcinoma, Other","Head and Neck Carcinoma, Other",1,0,4.0,3.8130170730243003,1.0490380513369677,1.0,1,,,,,1,1,1
ACH-002235,DSH1,Bladder/Urinary Tract,Bladder Urothelial Carcinoma,Bladder Urothelial Carcinoma,1,0,2.046235449469747,3.613705903898971,0.5662429383813392,0.9768822752651265,1,,,,,1,1,1
ACH-002237,ETK1,Biliary Tract,Intraductal Papillary Neoplasm of the Bile Duct,Intrahepatic Cholangiocarcinoma,1,0,4.005039416805516,3.072465988815292,1.3035260378422655,1.0,1,,,,,1,1,1
ACH-002239,H3118,Head and Neck,Salivary Carcinoma,Mucoepidermoid Carcinoma,1,0,2.0,2.1699162027648335,0.9216945785517745,1.0,1,,,,,1,1,1
ACH-002243,HCE4,Esophagus/Stomach,Esophageal Squamous Cell Carcinoma,Esophageal Squamous Cell Carcinoma,1,0,3.0051799744418375,2.7193331744037677,1.105116505299408,0.436599471921326,0,,,,,1,1,1
ACH-002244,HO1N1,Head and Neck,Head and Neck Squamous Cell Carcinoma,Oral Cavity Squamous Cell Carcinoma,1,0,4.0,3.7268588386321917,1.0732899133545006,0.0,0,,,,,1,1,1
ACH-002246,HS633T,Soft Tissue,Fibrosarcoma,Fibrosarcoma,1,1,2.0024502983781063,2.0669158048760488,0.9688107728694791,0.0,0,,,,,1,1,1
ACH-002248,IMR5,Peripheral Nervous System,Neuroblastoma,Neuroblastoma,0,0,2.0,2.310644991947389,0.8655591867076126,0.0,0,,,,,1,1,1
ACH-002249,JHU011,Head and Neck,Head and Neck Squamous Cell Carcinoma,Larynx Squamous Cell Carcinoma,1,0,,,,,-1,,,,,1,1,1
ACH-002250,JHU022,Head and Neck,Head and Neck Squamous Cell Carcinoma,Larynx Squamous Cell Carcinoma,1,0,2.0,3.4045836262630407,0.5874433468374668,1.0,1,,,,,1,1,1
ACH-002251,JHU029,Head and Neck,Head and Neck Squamous Cell Carcinoma,Larynx Squamous Cell Carcinoma,1,0,2.0542813849034722,2.3810424680900524,0.8627655375467995,1.0,1,,,,,1,1,1
ACH-002257,KINGS1,CNS/Brain,Diffuse Glioma,Anaplastic Astrocytoma,1,0,2.0,1.9384125048477863,1.031772130544035,0.0,0,,,,,1,1,1
ACH-002259,KNS81FD,CNS/Brain,Diffuse Glioma,Glioblastoma,0,0,4.151010118626426,3.6619312136954094,1.133557643874328,0.0,0,,,,,1,1,1
ACH-002261,KPNYS,Peripheral Nervous System,Neuroblastoma,Neuroblastoma,1,0,,,,,-1,,,,,1,1,1
ACH-002263,KYSE220,Esophagus/Stomach,Esophageal Squamous Cell Carcinoma,Esophageal Squamous Cell Carcinoma,1,1,3.0049757837691735,3.2081203642928444,0.9366780053564326,1.0,1,,,,,1,1,1
ACH-002264,KYSE50,Esophagus/Stomach,Esophageal Squamous Cell Carcinoma,Esophageal Squamous Cell Carcinoma,1,0,4.0490773032978495,4.263394709032416,0.9497308083437562,0.9990309441570863,1,,,,,1,1,1
ACH-002265,LB771HNC,Head and Neck,Head and Neck Squamous Cell Carcinoma,Head and Neck Squamous Cell Carcinoma,1,0,3.0732654734064475,3.157132344753312,0.973435744153634,0.0,0,,,,,1,1,1
ACH-002266,LB831BLC,Bladder/Urinary Tract,Bladder Urothelial Carcinoma,Bladder Urothelial Carcinoma,1,0,2.9360864003662273,3.3843330193045515,0.8675524493655076,0.9137711002173663,1,,,,,1,1,1
ACH-002268,LN405,CNS/Brain,Diffuse Glioma,Glioblastoma,1,0,5.007477575723976,4.300052620992709,1.1645154180852677,0.4375466700561404,0,,,,,1,1,1
ACH-002269,LNZTA3WT4,CNS/Brain,Diffuse Glioma,Astrocytoma,1,0,4.3048099150187475,3.5566370493563446,1.2103596333502182,0.035938833850678184,0,,,,,1,1,1
ACH-002271,MFHINO,Soft Tissue,Undifferentiated Pleomorphic Sarcoma/Malignant Fibrous Histiocytoma/High-Grade Spindle Cell Sarcoma,Undifferentiated Pleomorphic Sarcoma/Malignant Fibrous Histiocytoma/High-Grade Spindle Cell Sarcoma,0,0,3.0,2.9509759772808652,1.0166128166059512,0.0,0,,,,,1,1,1
ACH-002277,NBTU110,Peripheral Nervous System,Neuroblastoma,Neuroblastoma,1,0,2.4228925023313193,2.067283722689257,1.1720174041613713,0.57705284799144,1,,,,,1,1,1
ACH-002278,NB10,Peripheral Nervous System,Neuroblastoma,Neuroblastoma,0,0,3.0048942411310353,3.565595766278361,0.8427467492388894,0.9999260333679714,1,,,,,1,1,1
ACH-002279,NB12,Peripheral Nervous System,Neuroblastoma,Neuroblastoma,0,0,2.250886333987183,3.765221643501474,0.5978097830899453,0.7540674795399886,1,,,,,1,1,1
ACH-002280,NB13,Peripheral Nervous System,Neuroblastoma,Neuroblastoma,1,0,3.5807877587690524,3.0471875271685414,1.17511237061814,0.9978770579165652,1,,,,,1,1,1
ACH-002281,NB14,Peripheral Nervous System,Neuroblastoma,Neuroblastoma,1,0,1.0406337355619455,2.1280435530882267,0.48900960417458234,0.9992706174538811,1,,,,,1,1,1
ACH-002282,NB17,Peripheral Nervous System,Neuroblastoma,Neuroblastoma,0,0,3.55640061322335,3.2580290522049724,1.0915803868650114,0.44359938677664995,0,,,,,1,1,1
ACH-002283,NB5,Peripheral Nervous System,Neuroblastoma,Neuroblastoma,1,0,,,,,-1,,,,,1,1,1
ACH-002284,NB6,Peripheral Nervous System,Neuroblastoma,Neuroblastoma,1,0,1.8936880504310991,2.094184281388327,0.9042604642107664,0.4632272048589436,0,,,,,1,1,1
ACH-002285,NB7,Peripheral Nervous System,Neuroblastoma,Neuroblastoma,1,0,2.9688856227548253,3.2203932700647115,0.9219015734358331,0.03665498749453757,0,,,,,1,1,1
ACH-002286,NCIH128,Lung,Lung Neuroendocrine Tumor,Small Cell Lung Cancer,0,0,2.008958450098959,2.9690289828616776,0.676638207877189,1.0,1,,,,,1,1,1
ACH-002287,NCIH630,Bowel,Colorectal Adenocarcinoma,Colorectal Adenocarcinoma,1,0,2.9978445719940945,2.9203696245563666,1.0265291580854246,1.0,1,,,,,1,1,1
ACH-002288,NEC8,Testis,Non-Seminomatous Germ Cell Tumor,Embryonal Carcinoma,0,0,3.5658273052963056,3.202976693643022,1.113285436129909,0.0,0,,,,,1,1,1
ACH-002291,NTERA2CLD1,Testis,Non-Seminomatous Germ Cell Tumor,Embryonal Carcinoma,0,0,2.008920798380497,2.7271859371391027,0.7366277344800015,1.0,1,,,,,1,1,1
ACH-002292,OACP4C,Esophagus/Stomach,Esophagogastric Adenocarcinoma,Esophageal Adenocarcinoma,1,0,2.117696164987995,2.5997729330531163,0.8145696641671775,0.9770907404668664,1,,,,,1,1,1
ACH-002294,PCI15A,Head and Neck,Head and Neck Squamous Cell Carcinoma,Hypopharynx Squamous Cell Carcinoma,1,0,6.020892604225583,4.495378546884681,1.3393516344464673,0.5620378300863534,1,,,,,1,1,1
ACH-002295,PCI30,Head and Neck,Head and Neck Squamous Cell Carcinoma,Oral Cavity Squamous Cell Carcinoma,1,0,2.0025175831959343,2.6478613214246964,0.7562773650541746,0.4394476504497015,1,,,,,1,1,1
ACH-002296,PCI38,Head and Neck,Head and Neck Squamous Cell Carcinoma,Oral Cavity Squamous Cell Carcinoma,1,0,2.951991733875472,3.0366302963693066,0.9721274721539098,0.8224172382207725,1,,,,,1,1,1
ACH-002297,PCI4B,Head and Neck,Head and Neck Squamous Cell Carcinoma,Larynx Squamous Cell Carcinoma,1,0,,,,,-1,,,,,1,1,1
ACH-002298,PCI6A,Head and Neck,Head and Neck Squamous Cell Carcinoma,Oral Cavity Squamous Cell Carcinoma,1,0,3.0,3.3555504314691365,0.8940411003408856,0.0,0,,,,,1,1,1
ACH-002304,SKMG1,CNS/Brain,Diffuse Glioma,Astrocytoma,1,0,2.002320369748528,2.8081782218891327,0.7130317991005273,0.9999287883146925,1,,,,,1,1,1
ACH-002305,SKN3,Head and Neck,Head and Neck Squamous Cell Carcinoma,Oral Cavity Squamous Cell Carcinoma,1,0,4.723961078928978,3.1555801548632116,1.4970182492904391,0.0,0,,,,,1,1,1
ACH-002306,STS0421,Esophagus/Stomach,Esophagogastric Adenocarcinoma,Stomach Adenocarcinoma,0,0,3.0048056415271325,3.8937348870557025,0.7717026784530918,0.0,1,,,,,1,1,1
ACH-002309,SW684,Soft Tissue,Fibrosarcoma,Fibrosarcoma,1,0,2.046653965090511,3.369501559596593,0.6074055550624357,0.9766730174547443,1,,,,,1,1,1
ACH-002310,SW872,Soft Tissue,Liposarcoma,Liposarcoma,1,0,4.00746367565376,3.734646996461955,1.0730501917450994,1.0,1,,,,,1,1,1
ACH-002311,TE12,Esophagus/Stomach,Esophageal Squamous Cell Carcinoma,Esophageal Squamous Cell Carcinoma,1,0,3.062751431234652,3.1546354164106685,0.9708733425428407,0.9999288183258934,1,,,,,1,1,1
ACH-002312,TGBC24TKB,Biliary Tract,Intracholecystic Papillary Neoplasm,"Gallbladder Adenocarcinoma, NOS",1,0,2.0457562794142903,2.6696547317059376,0.7662999469998992,0.9771218602928547,1,,,,,1,1,1
ACH-002320,600MPE,Breast,Invasive Breast Carcinoma,"Breast Invasive Carcinoma, NOS",0,0,,,,,-1,,,,,0,0,0
ACH-002321,HBL100,Breast,Non-Cancerous,Immortalized Breast Cells,0,0,,,,,-1,,,,,0,0,0
ACH-002322,HCC2185,Breast,Invasive Breast Carcinoma,Breast Invasive Lobular Carcinoma,0,0,,,,,-1,,,,,0,0,0
ACH-002323,HCC2688,Breast,Breast Ductal Carcinoma In Situ,Breast Ductal Carcinoma In Situ,0,0,,,,,-1,,,,,0,0,0
ACH-002324,HCC3153,Breast,Invasive Breast Carcinoma,Breast Invasive Ductal Carcinoma,0,0,,,,,-1,,,,,0,0,0
ACH-002326,MACLS2,Breast,Invasive Breast Carcinoma,Breast Invasive Ductal Carcinoma,0,0,,,,,-1,,,,,0,0,0
ACH-002327,MCF12A,Breast,Non-Cancerous,Immortalized Breast Cells,0,0,,,,,-1,,,,,0,0,0
ACH-002328,MX1,Breast,"Breast Neoplasm, NOS","Breast Neoplasm, NOS",0,0,,,,,-1,,,,,0,0,0
ACH-002329,SKBR5,Breast,"Breast Neoplasm, NOS","Breast Neoplasm, NOS",0,0,,,,,-1,,,,,0,0,0
ACH-002330,SKBR7,Breast,"Breast Neoplasm, NOS","Breast Neoplasm, NOS",0,0,,,,,-1,,,,,0,0,0
ACH-002331,ZR75B,Breast,Invasive Breast Carcinoma,"Breast Invasive Carcinoma, NOS",0,0,,,,,-1,,,,,0,0,0
ACH-002332,GISTT1,Soft Tissue,Gastrointestinal Stromal Tumor,Gastrointestinal Stromal Tumor,0,0,,,,,-1,,,,,0,0,0
ACH-002333,HCC827GR,Lung,Non-Small Cell Lung Cancer,Lung Adenocarcinoma,0,0,,,,,-1,,,,,0,0,0
ACH-002334,SS1A,Soft Tissue,Synovial Sarcoma,Synovial Sarcoma,0,0,,,,,-1,,,,,0,0,0
ACH-002336,HCET,Eye,Non-Cancerous,"Immortalized Epithelial Cells, Corneal",0,0,3.0049005967562126,3.1541433926707527,0.9526835728961043,0.0,0,,,,,1,1,1
ACH-002337,JHU028,Lung,Non-Small Cell Lung Cancer,Lung Adenocarcinoma,0,1,2.980067176917571,2.5471688006183038,1.16995276331674,0.0,0,,,,,1,1,1
ACH-002338,M980513,Skin,Melanoma,Melanoma,0,0,4.0,3.257557641792816,1.2279138053251994,0.0,0,,,,,0,1,0
ACH-002340,NBSUSSR,Peripheral Nervous System,Neuroblastoma,Neuroblastoma,1,0,2.913961563765699,3.5003926939383483,0.8324670454294526,0.9548514625104669,1,,,,,1,1,1
ACH-002343,BB49EBV,Normal,Non-Cancerous,Matched Normal,0,0,2.0,2.033863813770452,0.9833500092084956,0.0,0,,,,,1,1,1
ACH-002344,BB65EBV,Normal,Non-Cancerous,Matched Normal,0,0,2.0,2.033815771730533,0.9833732375367708,0.0,0,,,,,1,1,1
ACH-002345,CAR1,Bowel,Colorectal Adenocarcinoma,Rectal Adenocarcinoma,1,0,,,,,-1,,,,,1,1,1
ACH-002346,CP50EBV,Normal,Non-Cancerous,Matched Normal,0,0,2.0049227865820685,2.0537028414078846,0.9762477541335164,0.0,0,,,,,1,1,1
ACH-002347,CP66EBV,Normal,Non-Cancerous,Matched Normal,0,0,2.0,2.0395066338140597,0.9806293183071542,0.0,0,,,,,1,1,1
ACH-002348,HSJDDIPG007,CNS/Brain,Diffuse Glioma,Diffuse Intrinsic Pontine Glioma,0,0,2.981380898970101,3.7193528355110317,0.8015859292791364,0.9992290804255182,1,,,,,1,1,1
ACH-002349,GBM001,CNS/Brain,Diffuse Glioma,Glioblastoma,1,0,1.9961846417650984,3.8684049566351133,0.5160226667431055,0.9961846417650982,1,,,,,1,1,1
ACH-002350,HA7EBV,Normal,Non-Cancerous,Matched Normal,0,0,2.0049141289293257,2.0709072352164233,0.9681332388216796,0.0,0,,,,,1,1,1
ACH-002351,L542,Normal,Non-Cancerous,Matched Normal,0,0,2.0024613978924024,2.0360933876628735,0.9834820986236414,0.0,0,,,,,1,1,1
ACH-002352,LB1047EBV,Normal,Non-Cancerous,Matched Normal,0,0,2.0,2.0332693600230702,0.9836375048593203,0.0,0,,,,,1,1,1
ACH-002353,LB2241EBV,Normal,Non-Cancerous,Matched Normal,0,0,2.0049757837691735,2.0386077167902936,0.9835024989142727,0.0,0,,,,,1,1,1
ACH-002354,LB2518EBV,Normal,Non-Cancerous,Matched Normal,0,0,2.0,2.032980615476472,0.9837772110440206,0.0,0,,,,,1,1,1
ACH-002355,LB373EBV,Normal,Non-Cancerous,Matched Normal,0,0,2.0,2.0845063825551278,0.9594597631063416,0.0,0,,,,,1,1,1
ACH-002360,MZ1B,Normal,Non-Cancerous,Matched Normal,0,0,4.0,4.102404653415377,0.9750378955595904,0.0,0,,,,,1,1,1
ACH-002361,MZ7B,Normal,Non-Cancerous,Matched Normal,0,0,2.0049241588270066,2.0612174126715566,0.9726893177311228,0.0,0,,,,,1,1,1
ACH-002379,J82EBV,Normal,Non-Cancerous,Matched Normal,0,0,2.0049005967562126,2.0431071558434932,0.9812997771663586,0.0,0,,,,,1,1,1
ACH-002386,M00921,Skin,Melanoma,Melanoma,0,0,2.0049241588270066,2.772001855019191,0.723276629558073,1.0,1,,,,,1,1,1
ACH-002387,M1203273,Skin,Melanoma,Melanoma,0,0,3.0049241588270066,3.358333198988579,0.894766534700009,0.0,0,,,,,1,1,1
ACH-002388,MET2B,Skin,Melanoma,Melanoma,0,0,4.004924158827007,4.046229868929208,0.9897915562288278,0.0,0,,,,,1,1,1
ACH-002389,ACN,Peripheral Nervous System,Neuroblastoma,Neuroblastoma,0,0,3.0391805783841623,4.0231816511781435,0.75541719014705,0.9771085526459237,1,,,,,0,1,0
ACH-002397,KMHDASH2,Thyroid,Anaplastic Thyroid Cancer,Anaplastic Thyroid Cancer,1,0,4.139399345474708,4.122425274638001,1.0041174963051809,0.6198453782608957,1,,,,,1,1,1
ACH-002399,21NT,Breast,Invasive Breast Carcinoma,Breast Invasive Ductal Carcinoma,1,0,3.1178943036731464,3.597437433832228,0.8666986878912191,0.997994345460032,1,,,,,1,1,1
ACH-002400,21MT1,Breast,Invasive Breast Carcinoma,Breast Invasive Ductal Carcinoma,1,0,,,,,-1,,,,,1,0,0
ACH-002401,21MT2,Breast,Invasive Breast Carcinoma,Breast Invasive Ductal Carcinoma,1,0,2.36703291754863,2.974484610224403,0.7957791778152972,0.9963133767051282,1,,,,,1,1,1
ACH-002403,CCLFMELM0001T,Skin,Melanoma,Melanoma,1,0,,,,,-1,,,,,1,0,0
ACH-002404,CCLFMELM0002T,Skin,Melanoma,Melanoma,1,0,,,,,-1,,,,,1,0,0
ACH-002405,CCLFMELM0003T,Skin,Melanoma,Melanoma,0,0,,,,,-1,,,,,1,0,0
ACH-002407,CCLFMELM0005T,Skin,Melanoma,Melanoma,0,0,,,,,-1,,,,,1,0,0
ACH-002409,CCLFNEURO0006T,CNS/Brain,Diffuse Glioma,Glioblastoma,1,0,,,,,-1,,,,,1,0,0
ACH-002419,CCLFOVPA0001T,Uterus,Endometrial Carcinoma,Uterine Carcinosarcoma/Uterine Malignant Mixed Mullerian Tumor,0,0,,,,,-1,,,,,1,0,0
ACH-002431,CCLFPEDS0014T1,Peripheral Nervous System,Neuroblastoma,Neuroblastoma,0,0,,,,,-1,,,,,1,0,0
ACH-002433,CCLFPEDS0019T,Bone,Osteosarcoma,Osteosarcoma,1,0,,,,,-1,,,,,1,0,0
ACH-002435,CCLFPEDS0022T,Kidney,Wilms' Tumor,Wilms' Tumor,0,0,,,,,-1,,,,,1,0,0
ACH-002438,CCLFPEDS0026T,Kidney,Wilms' Tumor,Wilms' Tumor,0,0,,,,,-1,,,,,1,0,0
ACH-002440,CCLFTHYR0008T,Thyroid,Well-Differentiated Thyroid Cancer,Papillary Thyroid Cancer,0,0,,,,,-1,,,,,1,0,0
ACH-002444,CCLFUPGI0003T,Esophagus/Stomach,Esophagogastric Adenocarcinoma,Stomach Adenocarcinoma,1,0,,,,,-1,,,,,1,0,0
ACH-002445,CCLFUPGI0004T,Esophagus/Stomach,Esophagogastric Adenocarcinoma,Stomach Adenocarcinoma,1,0,,,,,-1,,,,,1,0,0
ACH-002446,CCLFUPGI0005T,Esophagus/Stomach,Esophagogastric Adenocarcinoma,Stomach Adenocarcinoma,1,0,4.7280200924014055,4.596748563553776,1.0285574742739774,1.0,1,,,,,1,1,1
ACH-002458,HT144SKINFV1,Skin,Melanoma,Melanoma,0,0,,,,,-1,,,,,1,1,1
ACH-002459,HT144SKINFV3,Skin,Melanoma,Melanoma,0,0,2.8480722808937897,2.7709482451107608,1.027833084186654,0.45853176442094856,0,,,,,1,1,1
ACH-002460,HT144SKINFV2,Skin,Melanoma,Melanoma,0,0,2.7833146061513636,2.559896105863363,1.087276393669363,0.44759943429714943,0,,,,,1,1,1
ACH-002461,RVH421SKINFV1,Skin,Melanoma,Melanoma,1,0,3.0,3.1189163166308167,0.9618725529772228,0.0,0,,,,,1,1,1
ACH-002462,RPE1SS48,Eye,Non-Cancerous,"Immortalized Epithelial Cells, Retinal",0,1,1.9937536285176305,2.026910369623564,0.9836417329533463,0.0,0,,,,,1,1,1
ACH-002463,RPE1SS77,Eye,Non-Cancerous,"Immortalized Epithelial Cells, Retinal",1,1,2.556009517478318,2.1056213920579916,1.2138979624347974,0.007027713365261158,0,,,,,1,1,1
ACH-002464,RPE1SS6,Eye,Non-Cancerous,"Immortalized Epithelial Cells, Retinal",0,1,2.5384480007970662,2.158416009318163,1.1760698539291108,0.007027713365261158,0,,,,,1,1,1
ACH-002465,RPE1SS119,Eye,Non-Cancerous,"Immortalized Epithelial Cells, Retinal",0,1,,,,,-1,,,,,1,1,1
ACH-002466,RPE1SS111,Eye,Non-Cancerous,"Immortalized Epithelial Cells, Retinal",0,1,1.9968768142588151,2.1654169023264838,0.9221673720720512,0.0,0,,,,,1,1,1
ACH-002467,RPE1SS51,Eye,Non-Cancerous,"Immortalized Epithelial Cells, Retinal",0,1,1.9937536285176305,2.104950904842526,0.947173458502485,0.0,0,,,,,1,1,1
ACH-002470,OS186,Bone,Osteosarcoma,Osteosarcoma,1,0,,,,,-1,,,,,1,0,0
ACH-002471,OS052,Bone,Osteosarcoma,Osteosarcoma,0,0,,,,,-1,,,,,1,1,1
ACH-002486,MESOV,Ovary/Fallopian Tube,Ovarian Epithelial Tumor,Serous Ovarian Cancer,1,1,,,,,-1,,,,,1,1,1
ACH-002490,NCIH1882,Lung,Lung Neuroendocrine Tumor,Small Cell Lung Cancer,1,0,1.9934140179017035,2.5701610905735484,0.7755988623486865,0.9961104873540118,1,,,,,1,1,1
ACH-002497,NCIH920,Lung,Non-Small Cell Lung Cancer,Lung Adenocarcinoma,1,0,,,,,-1,,,,,1,1,1
ACH-002499,UACC3199,Breast,Invasive Breast Carcinoma,Breast Invasive Ductal Carcinoma,1,0,,,,,-1,,,,,1,0,0
ACH-002501,RMZ,Soft Tissue,Rhabdomyosarcoma,Alveolar Rhabdomyosarcoma,0,0,,,,,-1,,,,,1,0,0
ACH-002508,WM3211,Skin,Melanoma,Acral Melanoma,1,0,4.5773655148717065,4.402726587676758,1.0396660850309813,0.8364005431077357,1,,,,,1,1,1
ACH-002509,WM4235,Skin,Melanoma,Acral Melanoma,0,0,4.0,3.668085842698024,1.0904870200796173,0.0,0,,,,,1,1,1
ACH-002510,M040416,Skin,Melanoma,Acral Melanoma,0,0,4.97296546257583,3.498513088987201,1.421451152556778,0.004502530203997076,0,,,,,1,1,1
ACH-002511,M140325,Skin,Melanoma,Melanoma,0,0,3.937718752416857,3.6413058800879794,1.0814029038180435,0.6291671858074809,1,,,,,1,1,1
ACH-002512,MM160113,Skin,Melanoma,Acral Melanoma,0,0,3.622884627060222,3.4670253941527545,1.044954742232442,0.0047970753914905045,0,,,,,1,1,1
ACH-002522,SNU2292,Lung,Non-Small Cell Lung Cancer,Lung Adenocarcinoma,1,0,1.1061618020432282,2.019696764469226,0.5476870694170402,0.9954637903761215,1,,,,,1,1,1
ACH-002523,SNU739,Liver,Hepatocellular Carcinoma,Hepatocellular Carcinoma,1,0,2.03243309190621,3.2663197545927676,0.6222394758040478,0.9630521109785237,1,,,,,1,1,1
ACH-002524,SNU251,Ovary/Fallopian Tube,Ovarian Epithelial Tumor,Endometrioid Ovarian Cancer,1,0,3.0530828658263736,3.395786086754664,0.899079855982386,0.9935189443217098,1,,,,,1,1,1
ACH-002526,SNU1327,Lung,Non-Small Cell Lung Cancer,Lung Adenocarcinoma,1,0,2.4894523659785865,3.0470403233289565,0.8170067021820069,0.8104506342979606,1,,,,,1,1,1
ACH-002528,SNU267,Kidney,Renal Cell Carcinoma,Renal Clear Cell Carcinoma,0,0,,,,,-1,,,,,1,0,0
ACH-002530,SNU977,Bowel,Colorectal Adenocarcinoma,Rectal Adenocarcinoma,1,0,,,,,-1,,,,,1,0,0
ACH-002531,SNU2535,Lung,Non-Small Cell Lung Cancer,Lung Adenocarcinoma,0,0,,,,,-1,,,,,1,1,1
ACH-002532,SNU1411,Bowel,Colorectal Adenocarcinoma,Rectal Adenocarcinoma,1,1,,,,,-1,,,,,1,0,0
ACH-002533,SNU482,Kidney,Renal Cell Carcinoma,Renal Cell Carcinoma,0,0,2.990746642583609,3.18003874295713,0.9404749074857189,0.0,0,,,,,1,1,1
ACH-002535,SNU254,Bowel,Colorectal Adenocarcinoma,Rectal Adenocarcinoma,1,1,1.0689042799503974,1.9535243327877794,0.5471671184279625,0.9947165261662382,1,,,,,1,1,1
ACH-002538,SNU1235,Bowel,Colorectal Adenocarcinoma,Colon Adenocarcinoma,1,0,,,,,-1,,,,,1,0,0
ACH-002539,SNU1460,Bowel,Colorectal Adenocarcinoma,Colon Adenocarcinoma,1,0,2.7217642706084586,3.4343731670254987,0.792506852994595,0.9929404501779495,1,,,,,1,1,1
ACH-002543,SNU1406,Bowel,Colorectal Adenocarcinoma,Colon Adenocarcinoma,1,0,2.1641478274064756,3.71533189703231,0.5824911171825937,0.9944459734796278,1,,,,,1,1,1
ACH-002544,SNU1750,Esophagus/Stomach,Esophagogastric Adenocarcinoma,Tubular Stomach Adenocarcinoma,1,0,,,,,-1,,,,,1,0,0
ACH-002647,CCC5,Biliary Tract,Intraductal Papillary Neoplasm of the Bile Duct,Cholangiocarcinoma,0,1,4.207015531654362,3.642749247588456,1.1549012149105395,0.004788368554918174,0,,,,,1,1,1
ACH-002648,CX03,Uterus,Endometrial Carcinoma,Uterine Carcinosarcoma/Uterine Malignant Mixed Mullerian Tumor,1,1,,,,,-1,,,,,1,0,0
ACH-002650,ETCC016,Lung,Non-Small Cell Lung Cancer,Lung Adenocarcinoma,1,0,3.081352587026512,3.581240121649512,0.8604149630735309,0.9950495627188141,1,,,,,1,1,1
ACH-002654,JVE015,Bowel,Colorectal Adenocarcinoma,Colon Adenocarcinoma,1,1,2.2099780169932486,3.885578577054928,0.5687642067113464,0.9924399439402208,1,,,,,1,1,1
ACH-002659,JVE127,Bowel,Colorectal Adenocarcinoma,Mucinous Adenocarcinoma of the Colon and Rectum,1,0,2.0148933039428596,2.8954678339377145,0.6958783241610699,0.9963314949479654,1,,,,,1,1,1
ACH-002660,JVE187,Bowel,Colorectal Adenocarcinoma,Colon Adenocarcinoma,1,1,3.4839257960006136,3.886885289131485,0.8963284318532303,0.9936600033882955,1,,,,,1,1,1
ACH-002662,JVE207,Bowel,Colorectal Adenocarcinoma,Colon Adenocarcinoma,1,0,2.242533995597922,3.5946244844070345,0.623857653372616,0.991309869435434,1,,,,,1,1,1
ACH-002664,JVE253,Bowel,Colorectal Adenocarcinoma,Mucinous Adenocarcinoma of the Colon and Rectum,1,1,3.835514805521208,4.257596598236553,0.9008638364446818,0.8809054821804649,1,,,,,1,1,1
ACH-002665,JVE367,Bowel,Gastrointestinal Neuroendocrine Tumors,High-Grade Neuroendocrine Carcinoma of the Colon and Rectum,1,0,,,,,-1,,,,,1,0,0
ACH-002667,JVE528,Bowel,Colorectal Adenocarcinoma,Colon Adenocarcinoma,1,1,,,,,-1,,,,,1,0,0
ACH-002669,KP363T,Bowel,Colorectal Adenocarcinoma,Colon Adenocarcinoma,1,0,2.9417331282765784,3.2361551807336593,0.9090210339077951,0.9618272731738521,1,,,,,1,1,1
ACH-002672,MAPACHS77,Pancreas,Pancreatic Adenocarcinoma,Pancreatic Adenocarcinoma,1,1,,,,,-1,,,,,1,1,1
ACH-002680,170MGBA,CNS/Brain,Diffuse Glioma,Glioblastoma,1,1,4.820431901964041,3.2261727317250704,1.494164231989681,0.46298984369168394,0,,,,,1,1,1
ACH-002681,538MGBA,CNS/Brain,Diffuse Glioma,Glioblastoma,1,0,,,,,-1,,,,,1,0,0
ACH-002687,WM3772F,Eye,Ocular Melanoma,Uveal Melanoma,0,0,2.700325434957581,3.1350583591425676,0.8613317921444099,0.09033906739653805,0,,,,,1,1,1
ACH-002688,OS457,Bone,Osteosarcoma,Osteosarcoma,0,0,,,,,-1,,,,,1,0,0
ACH-002689,OS525,Bone,Osteosarcoma,Osteosarcoma,0,0,,,,,-1,,,,,1,0,0
ACH-002690,OS526,Bone,Osteosarcoma,Osteosarcoma,0,0,,,,,-1,,,,,1,0,0
ACH-002693,S462,Peripheral Nervous System,Nerve Sheath Tumor,Malignant Peripheral Nerve Sheath Tumor,1,0,,,,,-1,,,,,1,1,1
ACH-002695,STS26T,Peripheral Nervous System,Nerve Sheath Tumor,Malignant Peripheral Nerve Sheath Tumor,1,0,,,,,-1,,,,,1,0,0
ACH-002703,OANC1,Esophagus/Stomach,Esophagogastric Adenocarcinoma,Esophageal Adenocarcinoma,1,0,,,,,-1,,,,,1,0,0
ACH-002705,IS076P,Esophagus/Stomach,Esophagogastric Adenocarcinoma,Esophageal Adenocarcinoma,1,0,3.190844385675954,4.1354842413516995,0.7715769664335642,0.9975961645473846,1,,,,,1,1,1
ACH-002706,IS076A,Esophagus/Stomach,Esophagogastric Adenocarcinoma,Esophageal Adenocarcinoma,1,0,,,,,-1,,,,,1,1,1
ACH-002708,DL221,Soft Tissue,Liposarcoma,Myxoid/Round-Cell Liposarcoma,1,0,,,,,-1,,,,,1,0,0
ACH-002710,MPNST724,Peripheral Nervous System,Nerve Sheath Tumor,Malignant Peripheral Nerve Sheath Tumor,1,0,3.739341554096678,3.1044336642305668,1.2045164943227973,0.3430135019379084,0,,,,,1,1,1
ACH-002711,UMHACC2A,Head and Neck,Salivary Carcinoma,Adenoid Cystic Carcinoma,0,0,,,,,-1,,,,,1,1,1
ACH-002722,OSUDES23,Soft Tissue,Desmoid/Aggressive Fibromatosis,Desmoid/Aggressive Fibromatosis,0,0,,,,,-1,,,,,1,0,0
ACH-002730,CCLFUPGI0009T,Esophagus/Stomach,Esophagogastric Adenocarcinoma,Stomach Adenocarcinoma,0,0,,,,,-1,,,,,0,0,0
ACH-002733,HCMBROD0477C16,Esophagus/Stomach,Esophagogastric Adenocarcinoma,Stomach Adenocarcinoma,0,0,,,,,-1,,,,,0,0,0
ACH-002736,CCLFUPGI0052T,Esophagus/Stomach,Esophagogastric Adenocarcinoma,Diffuse Type Stomach Adenocarcinoma,0,0,,,,,-1,,,,,0,0,0
ACH-002738,PANFR0420,Pancreas,Pancreatic Adenocarcinoma,Pancreatic Adenocarcinoma,0,0,,,,,-1,,,,,0,0,0
ACH-002742,PANFR0233,Pancreas,Pancreatic Adenocarcinoma,Pancreatic Adenocarcinoma,0,0,,,,,-1,,,,,0,0,0
ACH-002743,PANFR0368,Pancreas,Pancreatic Adenocarcinoma,Pancreatic Adenocarcinoma,0,0,,,,,-1,,,,,0,0,0
ACH-002744,PANFR0402,Pancreas,Pancreatic Adenocarcinoma,Pancreatic Adenocarcinoma,0,0,,,,,-1,,,,,0,0,0
ACH-002745,PANFR0069,Pancreas,Pancreatic Adenocarcinoma,Pancreatic Adenocarcinoma,0,0,,,,,-1,,,,,0,0,0
ACH-002757,CCLFUPGI0068T,Esophagus/Stomach,Esophagogastric Adenocarcinoma,Stomach Adenocarcinoma,0,0,,,,,-1,,,,,0,0,0
ACH-002778,NCCOS1X2C1,Bone,Osteosarcoma,Osteosarcoma,0,0,,,,,-1,,,,,1,0,0
ACH-002780,NCCES1C1,Bone,Ewing Sarcoma,Ewing Sarcoma,1,0,1.992574278432402,2.552300216251717,0.7806974531227666,0.9962429598040282,1,,,,,1,1,1
ACH-002781,NCCDCS1C1,Bone,Chondrosarcoma,Dedifferentiated Chondrosarcoma,0,0,2.109913126869748,2.4956828996457943,0.8454251648593668,0.9977408624804689,1,,,,,1,1,1
ACH-002782,NCCUPS1C1,Soft Tissue,Undifferentiated Pleomorphic Sarcoma/Malignant Fibrous Histiocytoma/High-Grade Spindle Cell Sarcoma,Undifferentiated Pleomorphic Sarcoma/Malignant Fibrous Histiocytoma/High-Grade Spindle Cell Sarcoma,0,0,,,,,-1,,,,,1,0,0
ACH-002784,NCCUPS2C1,Soft Tissue,Undifferentiated Pleomorphic Sarcoma/Malignant Fibrous Histiocytoma/High-Grade Spindle Cell Sarcoma,Undifferentiated Pleomorphic Sarcoma/Malignant Fibrous Histiocytoma/High-Grade Spindle Cell Sarcoma,1,0,4.322829555564391,4.4113414100493955,0.9799353878429434,0.9945633023127115,1,,,,,1,1,1
ACH-002785,NCCLMS1C1,Soft Tissue,Leiomyosarcoma,Leiomyosarcoma,0,0,4.156902965933924,2.8829658738820423,1.4418842080626046,0.3634284757010325,0,,,,,1,1,1
ACH-002787,NCCPRMS1C1,Soft Tissue,Rhabdomyosarcoma,Pleomorphic Rhabdomyosarcoma,0,0,3.954561843013386,3.269600613616532,1.209493852718364,0.8506649388707739,1,,,,,1,1,1
ACH-002790,NCCSS2C1,Soft Tissue,Synovial Sarcoma,Synovial Sarcoma,0,0,,,,,-1,,,,,1,0,0
ACH-002792,NCCCCS1BC1,Soft Tissue,Clear Cell Sarcoma,Clear Cell Sarcoma,1,0,,,,,-1,,,,,1,0,0
ACH-002794,NCCMFS1C1,Soft Tissue,Myxofibrosarcoma,Myxofibrosarcoma,1,0,2.9486245645186417,2.825656466182996,1.0435184176871137,0.9963092770099883,1,,,,,1,1,1
ACH-002795,NCCCDS1X1C1,Soft Tissue,CIC-DUX4 Sarcoma,CIC-DUX4 Sarcoma,0,0,,,,,-1,,,,,1,0,0
ACH-002796,NCCCDS1X3C1,Soft Tissue,CIC-DUX4 Sarcoma,CIC-DUX4 Sarcoma,0,0,,,,,-1,,,,,1,0,0
ACH-002798,NCCDFSP2C1,Skin,Dermatofibrosarcoma Protuberans,Dermatofibrosarcoma Protuberans,0,0,,,,,-1,,,,,1,0,0
ACH-002799,NCCMPNST1C1,Peripheral Nervous System,Nerve Sheath Tumor,Malignant Peripheral Nerve Sheath Tumor,0,0,,,,,-1,,,,,1,1,1
ACH-002800,NCCMPNST2C1,Peripheral Nervous System,Nerve Sheath Tumor,Malignant Peripheral Nerve Sheath Tumor,0,0,3.499679540301429,3.8974410578455703,0.8979429036538101,0.6686750071407563,1,,,,,1,1,1
ACH-002801,NCCMPNST3C1,Peripheral Nervous System,Nerve Sheath Tumor,Malignant Peripheral Nerve Sheath Tumor,1,0,,,,,-1,,,,,1,1,1
ACH-002802,NCCMPNST3X2C1,Peripheral Nervous System,Nerve Sheath Tumor,Malignant Peripheral Nerve Sheath Tumor,0,0,,,,,-1,,,,,1,0,0
ACH-002806,TB096,CNS/Brain,Diffuse Glioma,Anaplastic Astrocytoma,1,0,3.0,3.1392141357887153,0.955653189057223,0.963384930194549,1,,,,,1,1,1
ACH-002834,OS384,Bone,Osteosarcoma,Osteosarcoma,0,0,,,,,-1,,,,,1,1,1
ACH-002835,CCLFUPGI0011T,Esophagus/Stomach,Esophagogastric Adenocarcinoma,Esophageal Adenocarcinoma,0,0,,,,,-1,,,,,0,0,0
ACH-002837,HCMBROD0100C15,Esophagus/Stomach,Esophagogastric Adenocarcinoma,Esophageal Adenocarcinoma,0,0,,,,,-1,,,,,0,0,0
ACH-002839,CCLFCORE0002T,Bowel,Colorectal Adenocarcinoma,Colon Adenocarcinoma,0,0,,,,,-1,,,,,0,0,0
ACH-002843,CCLFRARE0020T,Soft Tissue,Desmoid/Aggressive Fibromatosis,Desmoid/Aggressive Fibromatosis,0,0,,,,,-1,,,,,1,0,0
ACH-002844,CCLFRARE0025T,Soft Tissue,Desmoid/Aggressive Fibromatosis,Desmoid/Aggressive Fibromatosis,0,0,,,,,-1,,,,,0,0,0
ACH-002846,YUSEEPM163517,Skin,Melanoma,Acral Melanoma,0,0,,,,,-1,,,,,1,0,0
ACH-002847,YUHOIN,Skin,Melanoma,Melanoma,0,0,3.7010352107969373,3.977311976991132,0.9305368128543942,0.003103556473807582,0,,,,,1,1,1
ACH-002871,HCMBROD0489C15,Esophagus/Stomach,Esophagogastric Adenocarcinoma,Esophageal Adenocarcinoma,0,0,,,,,-1,,,,,0,0,0
ACH-002883,IPMBO053L,Breast,Invasive Breast Carcinoma,Breast Invasive Lobular Carcinoma,0,0,,,,,-1,,,,,0,0,0
ACH-002884,IPMBO053R,Breast,Invasive Breast Carcinoma,Breast Invasive Lobular Carcinoma,0,0,,,,,-1,,,,,0,0,0
ACH-002885,IPMBO056,Breast,Invasive Breast Carcinoma,Breast Invasive Ductal Carcinoma,0,0,,,,,-1,,,,,0,0,0
ACH-002886,VACO432,Bowel,Colorectal Adenocarcinoma,Colon Adenocarcinoma,0,0,,,,,-1,,,,,1,0,0
ACH-002921,BCK4,Breast,Invasive Breast Carcinoma,Breast Invasive Lobular Carcinoma,0,0,3.112823684503237,2.22754793245124,1.397421639801852,0.001064047605345324,0,,,,,1,1,1
ACH-002922,SKNMM,Peripheral Nervous System,Neuroblastoma,Neuroblastoma,1,0,3.0328281396209142,3.8079519746984842,0.7964460055620989,1.0,1,,,,,1,1,1
ACH-002924,UPMM2,Eye,Ocular Melanoma,Uveal Melanoma,0,0,,,,,-1,,,,,1,0,0
ACH-002925,UPMM3,Eye,Ocular Melanoma,Uveal Melanoma,0,0,2.082158844038651,3.7759115426352095,0.551432103355237,0.0,1,,,,,1,1,1
ACH-002926,UPMD1,Eye,Ocular Melanoma,Uveal Melanoma,0,0,3.1091140925971232,3.1911210810432746,0.9743015114865711,0.0010640847820047252,0,,,,,1,1,1
ACH-002927,UPMD2,Eye,Ocular Melanoma,Uveal Melanoma,0,0,,,,,-1,,,,,1,0,0
ACH-002928,MM100511,Skin,Melanoma,Acral Melanoma,0,0,,,,,-1,,,,,1,1,1
ACH-002932,CCLFNEURO0001T,Bowel,Colorectal Adenocarcinoma,Colorectal Adenocarcinoma,1,0,,,,,-1,,,,,1,0,0
ACH-002936,CCLFPEDS0043T,Soft Tissue,Rhabdomyosarcoma,Alveolar Rhabdomyosarcoma,0,0,,,,,-1,,,,,1,0,0
ACH-002937,CCLFPEDS0020T,Kidney,Wilms' Tumor,Wilms' Tumor,0,0,,,,,-1,,,,,1,0,0
ACH-002942,CCLFRARE0004T,Soft Tissue,Leiomyosarcoma,Leiomyosarcoma,0,0,,,,,-1,,,,,0,0,0
ACH-002950,NH93T,Breast,Invasive Breast Carcinoma,Invasive Breast Carcinoma,0,0,,,,,-1,,,,,0,0,0
ACH-002951,NH84T,Breast,Invasive Breast Carcinoma,Invasive Breast Carcinoma,0,0,,,,,-1,,,,,0,0,0
ACH-002954,CCLFUPGI0012T,Esophagus/Stomach,Esophagogastric Adenocarcinoma,Esophageal Adenocarcinoma,0,0,,,,,-1,,,,,0,0,0
ACH-002967,CCLFUPGI0036T,Esophagus/Stomach,Esophagogastric Adenocarcinoma,Stomach Adenocarcinoma,0,0,,,,,-1,,,,,0,0,0
ACH-002968,CCLFUPGI0041T,Esophagus/Stomach,Esophagogastric Adenocarcinoma,Stomach Adenocarcinoma,0,0,,,,,-1,,,,,0,0,0
ACH-002972,CCLFUPGI0085T,Esophagus/Stomach,Esophagogastric Adenocarcinoma,Stomach Adenocarcinoma,0,0,,,,,-1,,,,,0,0,0
ACH-002979,CCLFUPGI0101T,Esophagus/Stomach,Esophagogastric Adenocarcinoma,Diffuse Type Stomach Adenocarcinoma,0,0,,,,,-1,,,,,0,0,0
ACH-002981,HCMBROD0098C15,Esophagus/Stomach,Esophagogastric Adenocarcinoma,Esophageal Adenocarcinoma,0,0,,,,,-1,,,,,0,0,0
ACH-002996,CI34601,Lung,Non-Small Cell Lung Cancer,Non-Small Cell Lung Cancer,1,0,5.8475385062522784,4.34422197551513,1.3460496584221822,0.8440099353663224,1,,,,,1,1,1
ACH-003012,A549CRAFKD,Lung,Non-Small Cell Lung Cancer,Lung Adenocarcinoma,0,1,4.017841529786773,2.8094343970245315,1.4301247019834542,0.0044603824466932646,0,,,,,1,1,1
ACH-003019,LASCPC01,Prostate,Prostate Neuroendocrine Carcinoma,Prostate Neuroendocrine Carcinoma,0,0,,,,,-1,,,,,0,0,0
ACH-003061,NCIH774,Lung,Lung Neuroendocrine Tumor,Small Cell Lung Cancer,1,0,,,,,-1,,,,,1,0,0
ACH-003065,CHLA02ATRT,CNS/Brain,Embryonal Tumor,Atypical Teratoid/Rhabdoid Tumor,0,0,,,,,-1,,,,,1,0,0
ACH-003067,CHLA01RMED,CNS/Brain,Embryonal Tumor,Medulloblastoma,0,0,,,,,-1,,,,,1,0,0
ACH-003071,NCIH748,Lung,Lung Neuroendocrine Tumor,Small Cell Lung Cancer,1,0,4.1192477832505086,2.901933204050618,1.419484010693534,0.9972477493118375,1,,,,,1,1,1
ACH-003099,UCSFOT1109,Head and Neck,Head and Neck Squamous Cell Carcinoma,Oral Cavity Squamous Cell Carcinoma,1,0,4.309467020420526,3.7525753028995004,1.1484025429391738,0.9612072207439051,1,,,,,1,1,1
ACH-003105,VMM917,Skin,Melanoma,Melanoma,0,0,3.4752633096753196,3.5275100530284575,0.9851887754910059,0.0,0,,,,,1,1,1
ACH-003111,HS856T,Soft Tissue,Undifferentiated Pleomorphic Sarcoma/Malignant Fibrous Histiocytoma/High-Grade Spindle Cell Sarcoma,Undifferentiated Pleomorphic Sarcoma/Malignant Fibrous Histiocytoma/High-Grade Spindle Cell Sarcoma,0,0,2.668984775528882,2.071433748309119,1.2884721887473038,0.00598015857283123,0,,,,,1,1,1
ACH-003119,NCIH1450,Lung,Lung Neuroendocrine Tumor,Small Cell Lung Cancer,1,0,3.3189901278492044,3.1506072300081946,1.0534445856142378,0.9598946857702781,1,,,,,1,1,1
ACH-003120,NCIH1607,Lung,Lung Neuroendocrine Tumor,Small Cell Lung Cancer,1,0,4.970993157237438,3.86574358899762,1.2859086596911118,1.0,1,,,,,1,1,1
ACH-003121,NCIH2679,Lung,Lung Neuroendocrine Tumor,Small Cell Lung Cancer,1,0,3.6130415146310044,3.0889340979009954,1.1696725796403855,0.9973541602438941,1,,,,,1,1,1
ACH-003125,ASPSKY,Soft Tissue,Alveolar Soft Part Sarcoma,Alveolar Soft Part Sarcoma,1,0,1.0681751476364516,2.022059755284998,0.5282609205017773,0.9974887935252805,1,,,,,1,1,1
ACH-003132,ABMT0009,,Non-Cancerous,Immortalized Human Intervertebral Disc Cartilage Endplate-derived Stem Cells,0,0,,,,,-1,,,,,0,0,0
ACH-003133,ABMT0021,,Non-Cancerous,Immortalized Human Chondrocytes,0,0,,,,,-1,,,,,0,0,0
ACH-003134,ABMT0168,,Non-Cancerous,Immortalized Human Pancreatic Mesenchymal Stem Cells,0,0,,,,,-1,,,,,0,0,0
ACH-003135,ABMT0280,CNS/Brain,Non-Cancerous,Immortalized Astrocytes,0,0,,,,,-1,,,,,0,0,0
ACH-003136,ABMT0023,,Non-Cancerous,Immortalized Human Chondrocytes,0,0,,,,,-1,,,,,0,0,0
ACH-003137,ABMT0281,CNS/Brain,Non-Cancerous,Immortalized Astrocytes,0,0,,,,,-1,,,,,0,0,0
ACH-003138,ABMT0292,CNS/Brain,Non-Cancerous,"Immortalized Endothelial Cells, Endoneurial",0,0,,,,,-1,,,,,0,0,0
ACH-003139,ABMT0457,Muscle,Non-Cancerous,Immortalized Cardiomyocytes,0,0,,,,,-1,,,,,0,0,0
ACH-003141,ABMT0557,Muscle,Non-Cancerous,"immortalized Smooth Muscle Cells, Coronary artery",0,0,,,,,-1,,,,,0,0,0
ACH-003142,ABMT0558,Muscle,Non-Cancerous,"Immortalized Smooth Muscle Cells, Pulmonary artery",0,0,,,,,-1,,,,,0,0,0
ACH-003143,ABMT0616,Kidney,Non-Cancerous,"Immortalized Epithelial Cells, Renal",0,0,,,,,-1,,,,,0,0,0
ACH-003145,ABMT0725,Embryonal,Non-Cancerous,"Immortalized Endothelial Cells, Umbilical Vein",0,0,,,,,-1,,,,,0,0,0
ACH-003147,ABMT0732,,Non-Cancerous,Immortalized Submandibular Gland Cells,0,0,,,,,-1,,,,,0,0,0
ACH-003148,ABMT0781,CNS/Brain,Non-Cancerous,Immortalized Neuronal Progenitor Cells,0,0,,,,,-1,,,,,0,0,0
ACH-003149,ABMT0782,Muscle,Non-Cancerous,Immortalized Skeletal Muscle Cells,0,0,,,,,-1,,,,,0,0,0
ACH-003150,ABMT0783,CNS/Brain,Non-Cancerous,Immortalized Astrocytes,0,0,,,,,-1,,,,,0,0,0
ACH-003152,ABMT0796,Lung,Non-Cancerous,"Immortalized Epithelial Cells, Lung",0,0,,,,,-1,,,,,0,0,0
ACH-003153,ABMT0794,Lung,Non-Cancerous,"Immortalized Epithelial Cells, Lung",0,0,,,,,-1,,,,,0,0,0
ACH-003154,ABMT0795,Lung,Non-Cancerous,"Immortalized Epithelial Cells, Lung",0,0,,,,,-1,,,,,0,0,0
ACH-003155,ABMT0789,Liver,Non-Cancerous,Immortalized Liver Cells,0,0,,,,,-1,,,,,0,0,0
ACH-003156,ABMT0797,Lung,Non-Cancerous,"Immortalized Epithelial Cells, Lung",0,0,,,,,-1,,,,,0,0,0
ACH-003157,ABMT0822,Lung,Non-Cancerous,Immortalized MPLC Cells,0,0,,,,,-1,,,,,0,0,0
ACH-003158,ABMT9220,Muscle,Non-Cancerous,"Immortalized Smooth Muscle Cells, Intestinal",0,0,,,,,-1,,,,,0,0,0
ACH-003159,ABMT9233,Hair,Non-Cancerous,Immortalized Hair Follicle Inner Root Sheath Cells,0,0,,,,,-1,,,,,0,0,0
ACH-003160,ABMT9249,Hair,Non-Cancerous,Immortalized Hair Germinal Matrix Cells,0,0,,,,,-1,,,,,0,0,0
ACH-003161,ABMT9430,Pancreas,Non-Cancerous,Immortalized Pancreatic Stromal Cells,0,0,,,,,-1,,,,,0,0,0
ACH-003176,NRHGCT1,Bone,Osteosarcoma,Osteosarcoma,0,0,,,,,-1,,,,,1,0,0
ACH-003177,NRHUPS1,Soft Tissue,Undifferentiated Pleomorphic Sarcoma/Malignant Fibrous Histiocytoma/High-Grade Spindle Cell Sarcoma,Undifferentiated Pleomorphic Sarcoma/Malignant Fibrous Histiocytoma/High-Grade Spindle Cell Sarcoma,1,0,,,,,-1,,,,,1,0,0
ACH-003180,NRHUPS2,Soft Tissue,Undifferentiated Pleomorphic Sarcoma/Malignant Fibrous Histiocytoma/High-Grade Spindle Cell Sarcoma,Undifferentiated Pleomorphic Sarcoma/Malignant Fibrous Histiocytoma/High-Grade Spindle Cell Sarcoma,0,0,,,,,-1,,,,,1,0,0
ACH-003181,NRHLMS1,Soft Tissue,Leiomyosarcoma,Leiomyosarcoma,0,0,2.6358212525109765,1.9403445502689363,1.3584294872504192,0.008751458756941733,0,,,,,1,1,1
ACH-003183,NRHMFS3,Soft Tissue,Myxofibrosarcoma,Myxofibrosarcoma,1,0,,,,,-1,,,,,1,1,1
ACH-003184,NRHLMS2,Soft Tissue,Leiomyosarcoma,Leiomyosarcoma,0,0,5.377159629205502,3.826564689786684,1.4052185354549063,0.009974777505174061,0,,,,,1,1,1
ACH-003191,NRHGCT2,Bone,Giant Cell Tumor of Bone,Giant Cell Tumor of Bone,0,0,,,,,-1,,,,,1,1,1
ACH-003265,CCLFRARE0010T,Soft Tissue,Leiomyosarcoma,Leiomyosarcoma,0,0,,,,,-1,,,,,0,0,0
ACH-003266,CCLFRARE0021T,Soft Tissue,Leiomyosarcoma,Leiomyosarcoma,0,0,,,,,-1,,,,,0,0,0
ACH-003267,CCLFRARE0009T,Soft Tissue,Leiomyosarcoma,Leiomyosarcoma,0,0,,,,,-1,,,,,0,0,0
ACH-003268,CCLFRARE0022T,Soft Tissue,Leiomyosarcoma,Leiomyosarcoma,0,0,,,,,-1,,,,,0,0,0
ACH-003269,CCLFRARE0019T,Soft Tissue,Leiomyosarcoma,Leiomyosarcoma,0,0,,,,,-1,,,,,0,0,0
ACH-003305,HBEC3KT,,Non-Cancerous,Transformed cell line,0,0,,,,,-1,,,,,1,0,0
ACH-003307,Het1A,,Non-Cancerous,Transformed cell line,0,0,,,,,-1,,,,,1,0,0
ACH-003308,THLE3,,Non-Cancerous,Transformed cell line,0,0,,,,,-1,,,,,1,0,0
ACH-003313,HuLaPC,,Non-Cancerous,Transformed cell line,0,0,,,,,-1,,,,,1,0,0
ACH-003426,CCLFNEURO0046T,Esophagus/Stomach,Esophagogastric Adenocarcinoma,Esophageal Adenocarcinoma,0,0,,,,,-1,,,,,1,0,0
ACH-003429,CCLFPANC0074T,Pancreas,Pancreatic Adenocarcinoma,Pancreatic Adenocarcinoma,1,1,,,,,-1,,,,,1,0,0
ACH-003430,CCLFPANC0002T,Pancreas,Pancreatic Adenocarcinoma,Pancreatic Adenocarcinoma,1,1,,,,,-1,,,,,1,0,0
ACH-003433,CCLFPANC0019T,Pancreas,Pancreatic Adenocarcinoma,Pancreatic Adenocarcinoma,1,0,,,,,-1,,,,,1,0,0
ACH-003437,CCLFUPGI0078T,Esophagus/Stomach,Esophagogastric Adenocarcinoma,Stomach Adenocarcinoma,1,0,,,,,-1,,,,,1,0,0
ACH-003438,CCLFNEURO0005T,CNS/Brain,Diffuse Glioma,Glioblastoma,1,0,,,,,-1,,,,,1,0,0
ACH-003451,CCLFPEDS0048T,Kidney,Wilms' Tumor,Wilms' Tumor,0,0,,,,,-1,,,,,1,0,0
ACH-003455,CCLFMELM0004T,Skin,Melanoma,Melanoma,0,0,,,,,-1,,,,,1,0,0
ACH-003456,CCLFMELM0006T,Skin,Melanoma,Melanoma,0,0,,,,,-1,,,,,1,0,0
ACH-003457,CCLFMELM0038T,Skin,Melanoma,Melanoma,0,0,,,,,-1,,,,,0,0,0
ACH-003458,CCLFMELM0010T,Skin,Melanoma,Melanoma,1,0,,,,,-1,,,,,1,0,0
ACH-003459,CCLFMELM0011T,Skin,Melanoma,Melanoma,1,1,,,,,-1,,,,,1,0,0
ACH-003464,CCLFNPDX0008T,Soft Tissue,Liposarcoma,Liposarcoma,0,0,,,,,-1,,,,,0,0,0
ACH-003465,CCLFHNSC0004T,Head and Neck,Head and Neck Squamous Cell Carcinoma,Head and Neck Squamous Cell Carcinoma,1,0,,,,,-1,,,,,1,0,0
ACH-003468,CCLFTHYR0003T,Thyroid,Anaplastic Thyroid Cancer,Anaplastic Thyroid Cancer,1,0,,,,,-1,,,,,1,0,0
ACH-003469,CCLFTHYR0004T,Thyroid,Anaplastic Thyroid Cancer,Anaplastic Thyroid Cancer,0,0,,,,,-1,,,,,1,0,0
ACH-003470,CCLFTHYR0005T,Thyroid,Anaplastic Thyroid Cancer,Anaplastic Thyroid Cancer,1,0,,,,,-1,,,,,1,0,0
ACH-003471,CCLFTHYR0006T,Thyroid,Well-Differentiated Thyroid Cancer,Papillary Thyroid Cancer,0,0,,,,,-1,,,,,1,0,0
ACH-003472,CCLFTHYR0009T,Thyroid,Medullary Thyroid Cancer,Medullary Thyroid Cancer,0,0,,,,,-1,,,,,1,0,0
ACH-003473,CCLFPEDS0013T,Soft Tissue,Rhabdomyosarcoma,Embryonal Rhabdomyosarcoma,1,0,,,,,-1,,,,,1,0,0
ACH-003474,CCLFHNSC0001T,Head and Neck,Head and Neck Squamous Cell Carcinoma,Head and Neck Squamous Cell Carcinoma,1,0,,,,,-1,,,,,1,0,0
ACH-003475,CCLFHNSC0003T,Head and Neck,Head and Neck Squamous Cell Carcinoma,Head and Neck Squamous Cell Carcinoma,1,0,,,,,-1,,,,,1,0,0
ACH-003476,CCLFHNSC0002T,Esophagus/Stomach,Esophageal Squamous Cell Carcinoma,Esophageal Squamous Cell Carcinoma,1,0,,,,,-1,,,,,1,0,0
ACH-003480,CCLFTHYR0001T,Thyroid,Anaplastic Thyroid Cancer,Anaplastic Thyroid Cancer,1,0,,,,,-1,,,,,1,0,0
